model,n,kappa_nominal,kappa_linear,kappa_quadratic,more_relevant,less_relevant,unchanged
anthropic.claude-3-5-sonnet-20240620-v1,19,0.5308641975308641,0.6481481481481481,0.772,4,2,13
anthropic.claude-3-haiku-20240307-v1,19,0.4267241379310345,0.5521885521885521,0.6885245901639344,6,1,12
mistral.mixtral-8x7b-instruct-v0,18,0.36842105263157887,0.5178571428571428,0.6644067796610169,4,4,10
openai.gpt-oss-20b-1,19,0.28838951310861427,0.44266666666666665,0.5996758508914101,7,3,9
