model,equal_count,less_relevant_count,more_relevant_count,total_rows,kappa,kappa_linear,kappa_quadratic,kappa_binarized,alpha_ordinal
openai.gpt-oss-20b-1_0_top2,111,33,105,249,0.26775630234193526,0.42723610206225326,0.5714344962017267,0.43315627371334187,0.5596671917171319
__OVERALL__,111,33,105,249,0.26775630234193526,0.42723610206225326,0.5714344962017267,0.43315627371334187,0.5596671917171319
