qid,pid,query,passage,contextuality,coverage,exactness,topicality,relevance,llm_relevance
493490,msmarco_passage_55_560682383,schizandra berry benefits,"Schizandra Berry. The schizandra berry is is the fruiting body of the plant. By itself, the fruit has many benefits, but only at a higher dosage. The extraction method for a real schizandra berry can be time consuming.",2,2,1,2,1,2
493490,msmarco_passage_02_234803114,schizandra berry benefits,"How to take the Schizandra Berry. There are many ways, traditional and modern, to consume the [easyazon_link keywords=”Schizandra Berry” locale=”US” tag=”dmgbiz-20″]Schizandra Berry [/easyazon_link]. In Japan, a tea made from Schizandra is called gomishi, while a Korean Schizandra berry wine is called omija cha.",2,0,0,1,1,1
493490,msmarco_passage_09_749452951,schizandra berry benefits,Schizandra Berry Benefits for Sexual Libido. One of the most famous side-effects of drinking schizandra berry tea on a regular basis is its positive effects on the sexual glands and organs. It is one of the top herbal aphrodisiacs for both men and women alike.,2,1,1,2,3,1
493490,msmarco_passage_61_777211392,schizandra berry benefits,Schizandra Berry Benefits for Sexual Libido. One of the most famous side-effects of drinking schizandra berry tea on a regular basis is its positive effects on the sexual glands and organs. It is one of the top herbal aphrodisiacs for both men and women alike.,2,1,1,2,3,2
493490,msmarco_passage_60_475043054,schizandra berry benefits,"Schizandra Tea. Schizandra Tea. The name may be difficult to pronounce, but schizandra herbal tea is an easy replacement for your daily java fix. Brimming with health benefits, the tea is brewed from schizandra berries, which are native to East Asia and popularly used in traditional Chinese medicine.",2,1,1,3,1,2
493490,msmarco_passage_27_535376955,schizandra berry benefits,List of Natural Supplements that Lower Cortisol. Schizandra: Schizandra is berry that is classified as an adaptogen. It has only recently started to become extensively studied so the benefits of it are just now being discovered.,2,1,1,3,2,2
493490,msmarco_passage_39_306369722,schizandra berry benefits,"Written By. BeWellBuzz. There’s a whole lot more to Schizandra berries than your average beauty or health drink. Here are 8 diverse schizandra benefits for your body! For years, men and women in China have relied on the Schizandra berries to preserve their youth and beauty. Native to China and Japan, this fruit is also called wu wei zi, which means the fruit of the five flavors.",3,3,1,3,2,3
493490,msmarco_passage_09_749456743,schizandra berry benefits,"Visit our schizandra berry tea recipes page for more information on preparing schizandra or using it with other tonics, like goji. Schizandra is a great summertime superfood and blends well into refreshing drinks and desserts, like our goji berry lemonade and our homemade superfood ice cream recipe.",1,1,0,1,1,1
493490,msmarco_passage_02_234801937,schizandra berry benefits,"In autumn, the plant produces round, bright red berries that grow in clusters similar to grapes. The dried berries of the Schizandra vine are the part of the plant that is used medicinally, and occasionally along with the potent seeds. [easyazon_link keywords=”Schizandra Berries” locale=”US” tag=”dmgbiz-20″]Schizandra Berries [/easyazon_link] have been used traditionally in Russia, where they were consumed as a remedy against fatigue, as well as in Japan and Korea.",3,2,1,3,2,2
493490,msmarco_passage_09_749447447,schizandra berry benefits,"Schizandra berry tea is a delicious and fruity liquid made with one of the top major Chinese herbs, schizandra berries. Also spelled ""schisandra"", the fruit has been highly valued since the beginning of Chinese herbalism for its full spectrum of tonifying properties, often prized alongside ginseng, goji and reishi mushroom. Unlike other berries, schizandra is not a fruit you would commonly consume by the handful, but is rather prepared as an energizing and restorative tonic tea or taken in extract form.",3,2,1,3,2,2
493490,msmarco_passage_61_777205901,schizandra berry benefits,"Schizandra berry tea is a delicious and fruity liquid made with one of the top major Chinese herbs, schizandra berries. Also spelled ""schisandra"", the fruit has been highly valued since the beginning of Chinese herbalism for its full spectrum of tonifying properties, often prized alongside ginseng, goji and reishi mushroom. Unlike other berries, schizandra is not a fruit you would commonly consume by the handful, but is rather prepared as an energizing and restorative tonic tea or taken in extract form.",2,1,1,3,1,2
493490,msmarco_passage_55_560686346,schizandra berry benefits,"One of the many schizandra berry benefits is to reduce stress and feelings of fatigue. A study suggests the fruit does so by reducing cortisol levels [1]. These adaptogenic benefits make schisandra effective for many types of environmental stressors. Beyond the stress relieving schisandra benefits, there are anti-inflammatory effects [2], memory and cognition enhancement [3], and can reduce symptoms of anxiety [4].",3,3,2,3,3,3
493490,msmarco_passage_13_626477236,schizandra berry benefits,"Schisandra berry makes an excellent addition to your skincare regimen because not only does it contain antioxidants, but it’s an adaptogen. These properties can protect your skin against environmental stress, pollution, sun damage, allergies, extreme temperatures, and much more.",3,3,1,3,3,2
493490,msmarco_passage_17_21750975,schizandra berry benefits,"I’ve listed 10 schisandra berry benefits below that have been proven, or shown promise, in studies. Supports adrenal gland health. Fights stress and disease development. Aids mental clarity and energy. Improves cellular function. Can protect from liver damage. Provides a calming effect, promoting sleep.",2,3,2,3,3,3
493490,msmarco_passage_39_306373286,schizandra berry benefits,"Cosmetic uses. The Schizandra berry is well known for its cosmetic purposes because it helps people maintain youthful skin. With 100 days of use, your skin will be glowing and your energy will be greatly increased. Known as an anti-aging herb, it actually works to deactivate free radicals that attack liver cells.",3,3,2,3,3,2
493490,msmarco_passage_08_83097311,schizandra berry benefits,"The berry counters stress by reducing the levels of stress hormones in the blood. Additionally, Schisandra offers great benefits for athletes. In human studies Schisandra berry and its extracts have improved performance among long distance runners, skiers and gymnasts.",3,3,2,3,3,3
493490,msmarco_passage_55_560679793,schizandra berry benefits,"Schizandra Benefits. Of the many schizandra benefits, perhaps most important is the antioxidant effect [6]. This effect (and many of the cascading benefits) comes from a process called “hormesis”, where the body is exposed to some harmful effect in a low enough dose so as to protect and repair greater than before.",2,3,1,3,3,3
493490,msmarco_passage_56_327819849,schizandra berry benefits,Schizandra Berry Extract. Schizandra is an adaptogenic botanical used medicinally to help fight off the physical and mental effects of stress. Schizandra is also used to support liver health and neutralize the effects of toxin exposure.,3,3,2,3,3,3
493490,msmarco_passage_13_626479323,schizandra berry benefits,"The Bottom Line. Thanks to its safety, Schisandra berry is an excellent substance to add to your supplement or skincare routine. From liver function and hormones to mental health, this berry has plenty of benefits backed by science. Posted by.",2,3,2,3,3,3
493490,msmarco_passage_31_855630089,schizandra berry benefits,Snapshot. Health Benefits of Schisandra. Possibly Effective: 1) Liver Function. 2) Cognitive Support. Insufficient Evidence: 3) Lung Health. 4) Physical Performance. 5) Heart Health.,2,3,2,3,3,2
493490,msmarco_passage_06_803493824,schizandra berry benefits,"By Herbs List | Published: 06/13/2011. Schizandra Benefits Schizandra (sometimes spelled Schisandra) berries are a powerful adaptogen. This means that they will help you adapt to your environment allowing you to better handle stress, whether mental or physical. An adaptogen is used as an overall wellness tonic.",3,3,2,3,3,3
493490,msmarco_passage_09_749667729,schizandra berry benefits,"Schizandra Benefits. Schizandra has been used to increase the body’s resistance to stress, increase stamina, stimulate the immune system, and decrease fatigue. Active ingredients including lignans, vitamins and phytonutrients in Schisandra chinensis provide a normalizing effect on the body.",3,3,2,3,3,3
493490,msmarco_passage_27_65382060,schizandra berry benefits,"Chris Kilham on Schizandra Benefits. Another great video with Chris Kilham where he explains the many schisandra benefits. Schisandra is called wu wei zu in Chinese which literally means ‘five flavor berry’. That’s because this unique berry contains all of the five main flavors, salty, sweet, sour, bitter and pungent.",2,3,1,3,1,3
493490,msmarco_passage_61_777208594,schizandra berry benefits,"Known to Improve Eyesight. Schizandra berry tea is known to help ""clear the eyes of redness"", improve night vision and may also enhance the field of vision in ritual tea drinkers. Many of the tonic effects to the eyesight, as with the skin, are a result of the liver cleansing properties that schizandra possesses.",2,3,1,3,3,2
505390,msmarco_passage_38_122727514,supartz injections what does it made of,"What is Supartz? Supartz is one of many types of injections that can be injected into the knee joint with the hope of relieving pain and discomfort. You may know of this type of injection as a ‘gel injection’, ‘gel shot’, ‘ hyaluronic acid ,’ or one of the other brand names such as ‘Euflexxa.’. It’s made up of a fluid called Sodium Hyaluronate, which is similar to the substance called hyaluronan, or hyaluronate, that your body produces naturally.",3,3,3,3,2,3
505390,msmarco_passage_44_362406488,supartz injections what does it made of,"A healthcare provider will give you this injection. Supartz is usually given once every week for 3 to 5 weeks. Follow your doctor's dosing instructions very carefully. To prevent pain and swelling, your doctor may recommend resting your knee or applying ice for a short time after your injection.",1,0,0,0,1,0
505390,msmarco_passage_66_121764233,supartz injections what does it made of,"In 2015, Bioventus, the maker of Supartz, announced the launch of Supartz Fx, which contains 10 milligrams (mg) sodium hyaluronate dissolved in 1.0% physiological saline. Supartz Fx has an expanded safety label compared to the original Supartz, allowing for repeat injection cycles. 3 ﻿﻿﻿.",2,3,2,3,1,3
505390,msmarco_passage_45_608202489,supartz injections what does it made of,Supartz FX (Sodium Hyaluronate (Injection)) Sodium hyaluronate is similar to the fluid that surrounds the joints in your body. This fluid acts as a lubricant and shock absorber for the joints.,3,3,3,3,2,3
505390,msmarco_passage_66_593005,supartz injections what does it made of,"In 2015, Bioventus, the maker of Supartz, announced the launch of Supartz Fx, which contains 10 milligrams (mg) sodium hyaluronate dissolved in 1.0% physiological saline. Supartz Fx has an expanded safety label compared to the original Supartz, allowing for repeat injection cycles. 3 ﻿﻿﻿.",2,3,3,3,1,3
505390,msmarco_passage_08_670354349,supartz injections what does it made of,"Supartz has recently developed a 3-injection regimen that is now available. This is also very effective in relieving pain in knee, but cannot be expected to last as long as the 5-injection regimen. Supartz Injection Technique For The Knee Joint. Supartz (Sodium Hyaluronate) is injected into the knee joint as a series of five injections.",2,1,2,3,2,3
505390,msmarco_passage_08_670356299,supartz injections what does it made of,"When the 18 gauge needle is inserted into the knee, prior to injection of the Supartz, any joint fluid that exists in the knee that can be aspirated is removed. 6. Injection Of Supartz. 2 cc. OF Supartz (Sodium Hyaluronate) is injected with an 18 gauge needle directly into the knee joint.",2,2,3,3,1,3
505390,msmarco_passage_38_122731016,supartz injections what does it made of,"Supartz is injected right into the knee joint (intra-articularly), once a week, for 3 to 5 weeks. It usually takes at least 3 treatments to see the full benefits, so you may need to be a patient patient. Some patients respond to the first cycle of 3-5 injections, and some respond at first but discover that the effects wear off quickly.",0,0,0,0,2,0
505390,msmarco_passage_38_122729064,supartz injections what does it made of,"An Introduction to Supartz Injections for Knees - AposHealth®. Home / Blog / An Introduction to Supartz Injections for Knees. Blog, Knee pain.",0,0,0,1,1,1
505390,msmarco_passage_59_557394349,supartz injections what does it made of,"Remove joint effusion, if present, before injecting SUPARTZ FX. The safety and effectiveness of the use of SUPARTZ FX in joints other than the knee have not been established. The safety and effectiveness of the use of SUPARTZ FX concomitantly with other intraarticular injectables have not been established.",0,0,0,0,2,0
505390,msmarco_passage_08_670355264,supartz injections what does it made of,"Supartz (Sodium Hyaluronate) Supartz- . is a solution of hyaluronate, a natural substance that acts like ""oil"" to cushion
and lubricate your knee joint. Supartz is injected directly into the knee. Just a single course of treatment
(five injections given weekly) can provide long-lasting pain relief. SUPARTZ has been in use since 1987 and approximately 143 million injections given.",3,3,3,3,3,3
505390,msmarco_passage_04_588077269,supartz injections what does it made of,"Another option is injections with hyaluronic acid. These go by the trade names of Euflexxa, Synvisc, Hyalgan or Supartz. Euflexxa and Synvisc is a series of three injections and Hyalgan and Supartz a series of five injections given at weekly intervals into the joint.",3,2,2,2,2,1
505390,msmarco_passage_66_598889,supartz injections what does it made of,"Updated on February 14, 2021. Supartz injection is a therapy that is used to treat symptoms of knee osteoarthritis. 1 ﻿﻿ The Supartz solution is injected directly into the knee joint to restore the cushioning and lubricating properties of the synovial fluid (joint fluid). Supartz, a solution of sodium hyaluronate, is one of the hyaluronates used in viscosupplementation, which is another name for these injections.",3,3,3,3,2,3
505390,msmarco_passage_66_595703,supartz injections what does it made of,Common Side Effects of Supartz Injections. Common side effects or adverse events associated with Supartz include: 1 ﻿﻿﻿. Joint pain with/without inflammation. Back pain. Non-specific pain. Injection site pain/reaction. Headache. Transient swelling or pain can occur in a joint that has been injected with Supartz.,0,0,0,0,1,0
505390,msmarco_passage_66_121766949,supartz injections what does it made of,Common Side Effects of Supartz Injections. Common side effects or adverse events associated with Supartz include: 1 ﻿﻿﻿. Joint pain with/without inflammation. Back pain. Non-specific pain. Injection site pain/reaction. Headache. Transient swelling or pain can occur in a joint that has been injected with Supartz.,0,0,0,0,1,0
505390,msmarco_passage_59_557390763,supartz injections what does it made of,"SIDE EFFECTS. The evaluable for safety population included all patients receiving at least one injection (532 SUPARTZ FX 5; 87 SUPARTZ FX 3; 537 control injection) in five well controlled clinical trials. The most common adverse events occurring in SUPARTZ FX-treated patients were arthralgia, defined as joint pain with no evidence of inflammation, arthropathy / arthrosis / arthritis, defined as joint pain with evidence of inflammation, back pain, pain (non-specific), injection site reaction, headache, and injection site pain (See Table 1).",0,0,0,0,2,0
505390,msmarco_passage_66_121762269,supartz injections what does it made of,"David Ozeri, MD. Updated on February 14, 2021. Supartz injection is a therapy that is used to treat symptoms of knee osteoarthritis. 1 ﻿﻿ The Supartz solution is injected directly into the knee joint to restore the cushioning and lubricating properties of the synovial fluid (joint fluid). Supartz, a solution of sodium hyaluronate, is one of the hyaluronates used in viscosupplementation, which is another name for these injections.",3,3,2,3,2,3
505390,msmarco_passage_68_740050126,supartz injections what does it made of,"Non-Inferiority Study Comparing 3 Weekly Injections of SUPARTZ®  vs 3 Weekly Injections of Euflexxa® for Knee OA.  https://clinicaltrials.gov/ct2/show/NCT02110238?term=Supartz&rank=2. VISCO-3 Sodium Hyaluronate Summary of Safety and Effectiveness  Data (SSED) *In this study (NCT02110238),  VISCO-3 is called Supartz.",2,0,0,3,1,0
505390,msmarco_passage_67_817691047,supartz injections what does it made of,SUPARTZ is made from a natural chemical found in the body and is found in particularly high amounts in joint tissues and in the fluid (synovial fluid) that fills the joints. The body's own hyaluronan acts like a lubricant and shock absorber in synovial fluid of a healthy joint.,2,3,3,3,2,3
505390,msmarco_passage_38_122728154,supartz injections what does it made of,"Supartz injection side effects. Some side effects from Supartz injections that may be common include, but are not limited to: Pain, redness, warmth, and tenderness at the site of the injection. Joint pain and/or inflammation around the joint. Nausea and stomach pain. Difficulty walking afterward.",0,0,0,0,2,0
505390,msmarco_passage_08_670357590,supartz injections what does it made of,SUPARTZ is the most prescribed Joint Fluid Therapy in the world. Supartz is a natural chemical of highly purified Sodium Hyaluronate that comes from rooster combs. It is in the classification of medications that are referred to as visco supplements. Hyaluronate is a natural chemical found in the body and is present in particularly high amounts in joint tissues and in the fluid that fills the joint itself.,3,3,2,3,3,3
935353,msmarco_passage_21_757272347,when and where did the battle of manassas take place,"First Battle of Manassas or Bull Run. Date. July 21, 1861. Location. Prince William County, Virginia. Combatants. United States. Confederacy.",3,3,3,3,0,3
935353,msmarco_passage_45_272074878,when and where did the battle of manassas take place,"First Battle of Manassas or Bull Run. Date. July 21, 1861. Location. Prince William County, Virginia. Combatants. United States. Confederacy.",3,3,3,3,1,3
935353,msmarco_passage_62_843606100,when and where did the battle of manassas take place,Manassas National Battlefield. Manassas was the site of two very important battles in the American Civil War in 1861 and 1862. The site is well preserved and well documented and the history of the events that took place at the site are easy to understand.,2,3,2,3,0,2
935353,msmarco_passage_06_166615369,when and where did the battle of manassas take place,"SUMMARY. The First Battle of Manassas, or Bull Run, fought on July 21, 1861, was the first major battle of the American Civil War (1861–1865). United States president Abraham Lincoln—under pressure from the public that urged the army “On to Richmond!”—went against the advice of his aging general-in-chief Winfield Scott and ordered an attack.",3,2,1,3,1,3
935353,msmarco_passage_21_757273899,when and where did the battle of manassas take place,"SUMMARY. The First Battle of Manassas, or Bull Run, fought on July 21, 1861, was the first major battle of the American Civil War (1861–1865). United States president Abraham Lincoln—under pressure from the public that urged the army “On to Richmond!”—went against the advice of his aging general-in-chief Winfield Scott and ordered an attack.",3,1,1,2,1,1
935353,msmarco_passage_45_272076426,when and where did the battle of manassas take place,"SUMMARY. The First Battle of Manassas, or Bull Run, fought on July 21, 1861, was the first major battle of the American Civil War (1861–1865). United States president Abraham Lincoln—under pressure from the public that urged the army “On to Richmond!”—went against the advice of his aging general-in-chief Winfield Scott and ordered an attack.",1,2,1,3,1,3
935353,msmarco_passage_53_117590789,when and where did the battle of manassas take place,"Manassas will commemorate the 150th anniversary of First Battle of Manassas July 21–24, 2011. Second Battle of Manassas (or the Second Battle of Bull Run) was fought near here on August 28–30, 1862.",3,3,1,3,0,2
935353,msmarco_passage_12_165297346,when and where did the battle of manassas take place,"4 Answers. Relevance. mom2trinityj. Lv 4. 1 decade ago. Favorite Answer. The First Battle of Bull Run, also known as the First Battle of Manassas, took place on July 21, 1861, and was the first major land battle of the American Civil War. Green Union Army troops under Brigadier General Irvin McDowell advanced against the Confederate Army under Brig. Gens. Joseph E. Johnston and P.G.T. Beauregard at Manassas, Virginia, and despite early successes, were routed and forced to retreat back to Washington, D.C.",3,3,3,3,1,3
935353,msmarco_passage_01_116824619,when and where did the battle of manassas take place,"The Second Battle of Manassas (or the Second Battle of Bull Run) was fought near Manassas on August 28–30, 1862. At that time, Manassas Junction was little more than a railroad crossing, but a strategic one, with rails leading to Richmond, Virginia, Washington, D.C., and the Shenandoah Valley. Despite these two Confederate victories, Manassas Junction was in Union hands for most of the war.",3,3,3,3,1,3
935353,msmarco_passage_19_836383404,when and where did the battle of manassas take place,"The Second Battle of Manassas (or the Second Battle of Bull Run) was fought near Manassas on August 28–30, 1862. At that time, Manassas Junction was little more than a railroad crossing, but a strategic one, with rails leading to Richmond, Virginia, Washington, D.C., and the Shenandoah Valley. Despite these two Confederate victories, Manassas Junction was in Union hands for most of the war.",3,3,2,3,2,3
935353,msmarco_passage_14_149947376,when and where did the battle of manassas take place,"hey....mate ur ans.... is here. The First Battle of Bull Run (the name used by Union forces), also known as the First Battle of Manassas [1] (the name used by Confederate forces), was the first major battle of the American Civil War and was a Confederate victory. The battle was fought on July 21, 1861 in Prince William County, Virginia, just north of the city of Manassas and about 25 miles west-southwest of Washington, D.C.",3,3,3,3,2,3
935353,msmarco_passage_26_538415378,when and where did the battle of manassas take place,"Also called the Second Battle of Manassas, the Second Battle of Bull Run was fought over a year after the First Battle of Bull Run on the same ground. It took place between 28th and 30th August, 1862. In short, the battle was a fast moving Confederate offensive against a larger enemy inferior in leadership and morale.",3,1,0,3,1,3
935353,msmarco_passage_20_729548348,when and where did the battle of manassas take place,"Second Battle of Bull Run. / ﻿ 38.81246°N 77.52131°W ﻿ / 38.81246; -77.52131. / ﻿ 38.81246°N 77.52131°W ﻿ / 38.81246; -77.52131. The Second Battle of Bull Run or Battle of Second Manassas was fought August 29–30, 1862, in Prince William County, Virginia, as part of the American Civil War. It was the culmination of the Northern Virginia Campaign waged by Confederate Gen. Robert E. Lee 's Army of Northern Virginia against Union Maj. Gen. John Pope 's Army of Virginia, and a battle of much larger scale and numbers than the First Battle of Bull Run (or First Manassas) fought on July 21, 1861 on the same ground.",3,3,1,3,2,3
935353,msmarco_passage_04_200650608,when and where did the battle of manassas take place,"The First Battle of Bull Run, also known as the First Battle of Manassas (the name used by Confederate forces and still often used in the Southern United States), was the first major land battle of the American Civil War, fought on July 21, 1861, near Manassas, Virginia.",3,3,3,3,1,3
935353,msmarco_passage_18_106690738,when and where did the battle of manassas take place,"Manassas Gap. The Battle of Upperville took place in Loudoun County, Virginia on June 21, 1863 during the Gettysburg Campaign of the American Civil War .",0,0,0,0,0,0
935353,msmarco_passage_04_220638989,when and where did the battle of manassas take place,"All that loss of life and nothing was settled by it. A pointless battle for nothing was gained. The First Battle of Bull Run, also known as the First Battle of Manassas (the name used by Confederate forces and still often used in the South), was the first major land battle of the American Civil War, fought on July 21, 1861, near Manassas, Virginia .",3,3,3,3,1,3
935353,msmarco_passage_04_220640380,when and where did the battle of manassas take place,"it was either the north or the south!!!!!!!!! The First Battle of Bull Run, also known as the First Battle of Manassas (the name used by Confederate forces and still often used in the South), was the first major land battle of the American Civil War, fought on July 21, 1861, near Manassas, Virginia.",3,2,3,3,1,3
935353,msmarco_passage_26_538422322,when and where did the battle of manassas take place,"First Battle of Bull Run. Remembered as the first major battle of the Civil War and also called the First Battle of Manassas, it was fought on the 21st of July 1861 at a small tributary of the Potomac River named Bull Run, near Manassas in Virginia.",3,3,3,3,1,3
935353,msmarco_passage_23_702331640,when and where did the battle of manassas take place,"Known in the north as the Battle of Bull Run and in the South as the Battle of Manassas, this battle, fought on July 21 1861 in Virginia was the first major battle of the Civil War. It was a Confederate victory. (A year later there was a second battle fought in the area known as the Second Battle of Bull Run or Second Manassas depending of the side describing it.",3,3,3,3,1,3
935964,msmarco_passage_03_424881978,when are whales most active for whale watching in massachusetts,"Whale Watching Season. The best time for whale watching in Massachusetts is from April to October, though whales dwell in Bay State waters as early as mid-March and as late as early November. Whales migrate to Massachusetts to feed on mackerel, herring, krill and other schooling fish that breed in these nutrient-rich waters.",3,3,3,3,3,3
935964,msmarco_passage_66_186283170,when are whales most active for whale watching in massachusetts,"Nature and Wildlife Whale Watching Water Sports Cruises, Sailing & Water Tours Outdoor Activities Tours & Sightseeing Boston Nature and Wildlife - Massachusetts Whale Watching - Massachusetts Nature and Wildlife - Salem Whale Watching - Salem Nature and Wildlife - Long Island Whale Watching - Long Island. Category.",0,0,0,0,1,0
935964,msmarco_passage_03_424880023,when are whales most active for whale watching in massachusetts,"Trips. There's no shortage of whale watching trips in Massachusetts. Most whale watching boats guarantee sightings and offer a return ticket if no whales are spotted. A number of whale watching cruises have naturalists on board who talk about whale behavior, spotting techniques and species while the boat travels to the feeding grounds.",0,0,0,0,1,0
935964,msmarco_passage_35_61731466,when are whales most active for whale watching in massachusetts,"Maryellen Cicione, Leaf Group Updated March 22, 2018. Spring and summer are the best times for whale watching in Massachusetts. (Photo: whale's tail image by Xavier MARCHANT from Fotolia.com ) If you love marine life, consider whale watching off the coast of Massachusetts, which is known to have some of the best whale watching opportunities in the world.",3,3,3,3,3,3
935964,msmarco_passage_03_424879522,when are whales most active for whale watching in massachusetts,"Maryellen Cicione, Leaf Group Updated March 22, 2018. Spring and summer are the best times for whale watching in Massachusetts. (Photo: whale's tail image by Xavier MARCHANT from Fotolia.com ) If you love marine life, consider whale watching off the coast of Massachusetts, which is known to have some of the best whale watching opportunities in the world.",3,3,3,3,2,3
935964,msmarco_passage_35_61731967,when are whales most active for whale watching in massachusetts,"Trips. There's no shortage of whale watching trips in Massachusetts. Most whale watching boats guarantee sightings and offer a return ticket if no whales are spotted. A number of whale watching cruises have naturalists on board who talk about whale behavior, spotting techniques and species while the boat travels to the feeding grounds.",0,0,0,0,1,0
935964,msmarco_passage_60_349910753,when are whales most active for whale watching in massachusetts,"We are the most experienced, dedicated and committed whale watch company in Massachusetts.... Read More. 
. - Closest port to two major feeding grounds off the Massachusetts coast. - Our commitment to whales and education is second to none! - The Hurricane II is used solely for whale watching and that is all we do.",0,0,0,0,1,0
935964,msmarco_passage_42_448588587,when are whales most active for whale watching in massachusetts,"When to Go: April–October. The Whales You’ll See: Humpbacks, Pilot Whales, Minkes, Finbacks. In the waters off Massachusetts, there’s a protected area called the Stellwagen Bank National Marine Sanctuary.",3,2,2,3,3,2
935964,msmarco_passage_35_61734202,when are whales most active for whale watching in massachusetts,"Whale Watching Season. The best time for whale watching in Massachusetts is from April to October, though whales dwell in Bay State waters as early as mid-March and as late as early November. Whales migrate to Massachusetts to feed on mackerel, herring, krill and other schooling fish that breed in these nutrient-rich waters.",3,3,2,3,3,3
935964,msmarco_passage_67_1062167,when are whales most active for whale watching in massachusetts,"Click on thumbnail to buy. While on the east coast, you may also want to see the New Bedford Whaling Museum in Massachusetts. It is weel worth the trip! Return to Top. Return to Whale Activities. Return Home to Whale Facts from Whale Watching East Coast. 
.",0,0,0,0,0,0
935964,msmarco_passage_54_800252270,when are whales most active for whale watching in massachusetts,"ranked Massachusetts as one of the top 10 whale watching spots in the world and a whale watching cruise from Nantucket is especially unique. Whale watching cruises that leave from Nantucket are much longer, usually a 6 hour round-trip, and you will explore different waters on your search for whales than the cruises that leave from the Massachusetts coast.",1,0,0,0,1,0
935964,msmarco_passage_64_696793428,when are whales most active for whale watching in massachusetts,"About Cape Ann Whale Watch. Cape Ann Whale Watch in Gloucester, Massachusetts provides guaranteed whale sightings for every whale watching tour out to Stellwagen Bank, a national marine preserve about 12 miles off the coast of Gloucester deemed one of the ""Top 5 Whale Watching Destinations in the World"" by the World Wildlife Fund due to the wide variety of whale species whom migrate to the coast of Gloucester, Massachusetts every year to feed on the abundant natural resources.",0,0,0,0,1,0
935964,msmarco_passage_67_1060757,when are whales most active for whale watching in massachusetts,"There is plenty of good whale watching east coast. The main whale watching on the east coast of the US is up north, in New England, which includes the states Maine , Vermont, New Hampshire, Massachusetts, Rhode Island and Connecticut. New England Whale Watching. ""Watching Humpback Whales"". Poster by AllPosters.",0,0,0,1,1,1
935964,msmarco_passage_60_349909265,when are whales most active for whale watching in massachusetts,"A Gloucester and Boston MA Area. Whale Watching Tour. Gloucester's most. popular whale watch! BOOK NOW. Cape Ann Whale Watch in Gloucester, Massachusetts provides guaranteed whale sightings for every whale watching tour out to Stellwagen Bank, a national marine preserve about 12 miles off the coast of Gloucester deemed one of the ""Top 5 Whale Watching Destinations in the World"" by the World Wildlife Fund due to the wide variety of whale species whom migrate to the coast of Gloucester, Massachusetts every year to feed on the abundant natural resources.",0,0,0,0,1,0
935964,msmarco_passage_64_696794037,when are whales most active for whale watching in massachusetts,"For over 35 years, Cape Ann Whale Watch has been dazzling whale watching enthusiasts with sightseeing tours aboard the largest, fastest and most elegant whale watching vessel in Massachusetts, north of Boston, Massachusetts aptly named ""The Hurricane II"" due to its immense size and speed as it descends upon its destination.",0,0,0,0,1,0
935964,msmarco_passage_54_800252753,when are whales most active for whale watching in massachusetts,"The best time for whale watching in Massachusetts is in the warmer months, typically from April to October, although whales have been spotted in waters around Massachusetts as early as mid-March and as late as early November.",3,3,2,3,3,3
935964,msmarco_passage_31_370485379,when are whales most active for whale watching in massachusetts,"Whale-watching season. Whale-watching season in Massachusetts starts in April and runs into October. Some popular tours, such as whale-watching sunset cruises, are only available during the high season from June to August. Meanwhile, charter cruises are available from mid-March into November.",2,3,2,3,3,2
935964,msmarco_passage_38_73851921,when are whales most active for whale watching in massachusetts,"The Boston whale watching season runs from late March to mid-November. The best time for whale watching is between May and October. During these months, sightings are practically guaranteed. Each summer, the whales migrate to Massachusetts and back to warmer water when the weather gets colder again in October/November.",3,3,3,3,3,3
935964,msmarco_passage_67_44904878,when are whales most active for whale watching in massachusetts,"The Boston whale watching season runs from late March to mid-November. The best time for whale watching is between May and October. During these months, sightings are practically guaranteed. Each summer, the whales migrate to Massachusetts and back to warmer water when the weather gets colder again in October/November.",3,3,3,3,3,3
935964,msmarco_passage_35_61732457,when are whales most active for whale watching in massachusetts,"The Best Time for Whale Watching in Massachusetts | USA Today. Water Sports in Cape Cod, Massachusetts. Massachusetts Striped Bass Fishing Hot Spots.",2,2,1,3,1,3
935964,msmarco_passage_34_813989829,when are whales most active for whale watching in massachusetts,"When is the best time of year for whale watching in Boston? The months of May, June, July, August, September, and October are the best times during the year to see whale watching in Boston. Every summer the whales migrate towards Boston, between May and October, before heading back to warmer waters when it’s colder.",3,3,2,3,3,2
935964,msmarco_passage_37_192022593,when are whales most active for whale watching in massachusetts,Whale Watching Season. Cape Cod's whale watch season begins in mid-April as hundreds of the gentle giants migrate to their summer feeding grounds off the Massachusetts coast. Northern Right Whale. (Photo Courtesy: NOAA Teacher at Sea Program.,3,3,1,3,3,3
935964,msmarco_passage_03_806530124,when are whales most active for whale watching in massachusetts,Whale Watching Season. Cape Cod's whale watch season begins in mid-April as hundreds of the gentle giants migrate to their summer feeding grounds off the Massachusetts coast. Northern Right Whale. (Photo Courtesy: NOAA Teacher at Sea Program.,3,3,1,3,2,3
935964,msmarco_passage_08_318054068,when are whales most active for whale watching in massachusetts,"Whale watching tour along the coast of Massachusetts. Whale watching is without a doubt, one of the best things to do in the northeast US when traveling between the months of April and October. There are dozens of places where you can enjoy a whale watching experience such as Portland ME, Portsmouth NH, Cape May NJ, Cape Cod Mass CT.",2,2,2,3,3,2
952262,msmarco_passage_38_635601500,when is the best time to do a home pregnancy urine test,What about an at-home urine test? The best time to take an at-home pregnancy test is first thing in the morning and with your first morning urine. This is when the urine is most concentrated and has the highest level of the pregnancy hormone hCG.,3,3,3,3,3,3
952262,msmarco_passage_04_375241745,when is the best time to do a home pregnancy urine test,What about an at-home urine test? The best time to take an at-home pregnancy test is first thing in the morning and with your first morning urine. This is when the urine is most concentrated and has the highest level of the pregnancy hormone hCG.,3,3,3,3,3,3
952262,msmarco_passage_04_375310446,when is the best time to do a home pregnancy urine test,What about an at-home urine test? The best time to take an at-home pregnancy test is first thing in the morning and with your first morning urine. This is when the urine is most concentrated and has the highest level of the pregnancy hormone hCG.,3,3,3,3,3,3
952262,msmarco_passage_27_612555233,when is the best time to do a home pregnancy urine test,Expand Section. The test involves urinating into a cup or onto a test strip. Why the Test is Performed. Expand Section. Urine HCG tests are a common method of determining if a woman is pregnant. The best time to test for pregnancy at home is after you miss your period. Normal Results. Expand Section.,2,1,3,3,3,3
952262,msmarco_passage_48_753200302,when is the best time to do a home pregnancy urine test,"Several factors can affect the accuracy of the home urine pregnancy test: the type of test or brand, error in interpreting the results, female cycle length, and interference from another diagnosis or treatment are a few examples. The best time to take a home pregnancy test is at the time of a missed menstrual cycle.",3,2,3,3,3,3
952262,msmarco_passage_00_239612976,when is the best time to do a home pregnancy urine test,When is the Best Time to Take a Pregnancy Test? The best time to conduct the homemade pregnancy test is in the early morning. The homemade pregnancy test is carried out with the urine sample. It is recommended that you have to take the first urine to get the accurate results.,3,3,3,3,3,3
952262,msmarco_passage_04_374939340,when is the best time to do a home pregnancy urine test,What about an at-home urine test? The best time to take an at-home pregnancy test is first thing in the morning and with your first morning urine. This is when the urine is most concentrated and has the highest level of the pregnancy hormone hCG.,3,3,3,3,3,3
952262,msmarco_passage_56_503130308,when is the best time to do a home pregnancy urine test,"Home pregnancy tests claim to be about 99 percent accurate. Indeed, with proper use, they can detect results just as well as the urine tests you'd take at a doctor's office. Appropriate timing is crucial for getting a reliable reading. The best time to take a pregnancy test is after missing your period. Here's why: About six to 10 days after fertilization, the embryo implants in the uterine wall, and your body starts producing hCG.",3,3,3,3,3,3
952262,msmarco_passage_29_460300967,when is the best time to do a home pregnancy urine test,"So, pregnant women need to understand the best likely way and time to execute a urine pregnancy test at home to prevent any false positive or negative results. A home pregnancy test may be followed by a clinical urine test to authenticate the outcome of a home pregnancy test.",2,3,1,3,1,3
952262,msmarco_passage_57_447375732,when is the best time to do a home pregnancy urine test,"In this case, the source of hCG changes but the working of the blood home pregnancy test and urine home pregnancy test is the same. Read more: 20 Best Pregnancy Test Tips.",0,0,0,1,0,1
952262,msmarco_passage_04_375260282,when is the best time to do a home pregnancy urine test,The urine pregnancy test. The urine pregnancy test is one of the most popular ways to detect pregnancy. It works by detecting levels of hCG in the urine. Home pregnancy tests are actually urine tests that can be performed in the privacy of your own home. There are a wide variety of urine pregnancy tests available on the market today.,0,0,0,0,1,0
952262,msmarco_passage_48_749209638,when is the best time to do a home pregnancy urine test,"This offers hCG levels sufficient time to rise high enough to register on the home pregnancy test. The time of the day. Remember, morning tends to be the best time to take home pregnancy tests, because hCG levels in urine are concentrated after a night without much drinking and peeing. If you’re still very early in your pregnancy and hCG levels are only starting to rise, it may be wise not to test at night.",3,3,3,3,3,3
952262,msmarco_passage_22_590727458,when is the best time to do a home pregnancy urine test,"Health care providers suggest taking a blood test because they’re more sensitive and can offer more information than a home urine test. The best time to take a blood pregnancy test is if your period is several days late. If your home pregnancy tests are negative, but you’re experiencing all the symptoms of pregnancy, it’s a good idea to take a blood test.",0,0,0,0,1,1
952262,msmarco_passage_48_749890435,when is the best time to do a home pregnancy urine test,"How to identify an evaporation line on a pregnancy test. Evaporation lines are common on pregnancy tests, but they don’t appear every time. It depends on the chemical makeup of each woman’s urine. One of the best ways to avoid any confusion when using a home pregnancy test is to check your results within the reaction time.",1,1,0,1,1,0
952262,msmarco_passage_38_632156574,when is the best time to do a home pregnancy urine test,"The best time of day to take a home pregnancy test is first thing in the morning. The hCG in your urine will be more concentrated at that time. If you want to take the test later in the day, be sure to limit the liquids you drink before you use the pregnancy test. The pregnancy hormone will be more concentrated at this point.",3,3,3,3,3,3
952262,msmarco_passage_53_472337967,when is the best time to do a home pregnancy urine test,"The earliest time for taking a home urine test is 14 days after possible conception, but waiting until a missed period will give a more reliable result. Some tests on the market can be taken earlier. This depends on how sensitive they are.",3,3,3,3,2,3
952262,msmarco_passage_53_472330829,when is the best time to do a home pregnancy urine test,"The earliest time for taking a home urine test is 14 days after possible conception, but waiting until a missed period will give a more reliable result. Some tests on the market can be taken earlier. This depends on how sensitive they are.",3,3,2,3,2,2
952262,msmarco_passage_54_265700064,when is the best time to do a home pregnancy urine test,"Read the test instructions carefully before using the home pregnancy test kit all by yourself. The best time to take the pregnancy test is during the early morning. During the morning, the urine remains concentrated, and the presence of hCG is typically high.",3,3,3,3,3,3
952262,msmarco_passage_39_99197132,when is the best time to do a home pregnancy urine test,"The best time to take a pregnancy test is early morning, noon, or at night because that’s when the urine has the most concentration of the hCG. The vital thing you should know is the need to ensure that your urine touches the stick directly and take measures to make it happen.",2,3,3,3,3,3
952262,msmarco_passage_08_711622466,when is the best time to do a home pregnancy urine test,"Home pregnancy tests claim to be about 99 percent accurate. Indeed, with proper use, they can detect results just as well as the urine tests you'd take at a doctor's office. Appropriate timing is crucial for getting a reliable reading. The best time to take a pregnancy test is after missing your period. Here's why: About six to 10 days after fertilization, the embryo implants in the uterine wall, and your body starts producing hCG.",3,3,3,3,3,3
952262,msmarco_passage_36_112302911,when is the best time to do a home pregnancy urine test,"You may perform a home urine test at any time, though the results of a blood beta hCG test are more accurate and more sensitive than a urine test performed at home. Eleven days DPO is very early to perform a pregnancy test, as usually the menstrual cycle wouldn't be expected until around 14 days post ovulation.",2,3,1,2,3,2
952262,msmarco_passage_40_515445277,when is the best time to do a home pregnancy urine test,"The best time to take it is after a missed period. Home pregnancy tests measure a hormone called human chorionic gonadotropin (hCG) in the urine. However, take note that urine has fewer measurable hormones than blood. It’s not the most accurate pregnancy test.",2,3,3,3,3,3
952262,msmarco_passage_54_277091143,when is the best time to do a home pregnancy urine test,Home pregnancy tests hold an accuracy rate of 99% when used on the first day of the missed period and after. The best time of the day to take a pregnancy test is in the morning when the urine is more concentrated.,3,3,2,3,3,3
952284,msmarco_passage_11_288630511,when is the best time to fish with a crawfish color bait,"When to Make Lure Adjustments. In clear water, lighter, more translucent lure colors seem to. work best. Besides water clarity, time of year and preferred forage should also be considered in choosing lure color. For instance, crawfish are a main menu item on many Southern lakes in the pre-spawn, and unless the water is muddy, a crawfish-pattern crankbait like the customer top rated Rebel Crawfish bait or a brown/brown jig-and-pig emulate this natural prey.",2,2,2,2,2,2
952284,msmarco_passage_22_850847499,when is the best time to fish with a crawfish color bait,3 Best Seasons to Catch Bass Using Crawfish Baits. Written by Eric Matechak in Bass Fishing. Crawfish are an important food source for bass on most bodies of water and craw-patterns can be a great option to catch big bass. There are specific windows where craw baits will yield you the best results. What is the best time of year to fish with crawfish baits and lures for bass?,3,3,1,3,1,3
952284,msmarco_passage_53_700312764,when is the best time to fish with a crawfish color bait,Since the water is clear most of the year smaller natural baits work best. Fish get a better look at the bait when the water is clear so you want it to look as natural as possible. Live bait works best along with plastic worms. Shad colored crank baits and crawfish lures will draw bites when fished in the right manner.,0,0,0,1,1,1
952284,msmarco_passage_16_84821804,when is the best time to fish with a crawfish color bait,"What makes them a favorite live bait is that they are easy to acquire, widely available, easy to store, and quite mobile when alive which effectively attracts fish targets.Therefore, crawfish work best as baits when they are alive and fresh.",0,0,0,0,0,1
952284,msmarco_passage_22_850852408,when is the best time to fish with a crawfish color bait,"While you can catch bass with craw lures all year long, late winter through early spring and early fall will be the best times to fish aggressively with craw lures. The key is focusing on times of the year when crawfish are most vulnerable and baitfish can be in limited supply for bass to choose. The exact type of lure you choose is less important than selecting a color of red or orange that will be ideal for the water clarity.",3,3,3,3,3,3
952284,msmarco_passage_22_851689201,when is the best time to fish with a crawfish color bait,"Dark Clear Red for Clear Water, Bold Red/Orange for Stained Water. Craws are the best wintertime bait for smallmouth bass. Smallmouth bass really focus on crawfish in cold water. Red is the best wintertime color but match the red to the water clarity. In clear water, go for a darker red that has some transparency.",2,2,2,3,1,2
952284,msmarco_passage_38_844698238,when is the best time to fish with a crawfish color bait,"One of the best ways to fish crawfish baits, hard plastic or soft, is to work them parallel to rocky banks, changing depths until you find fish. One of the most important elements of making a believable presentation with a crawfish imitation is to keep contact with the rock or cover you are fishing.",0,0,0,0,0,0
952284,msmarco_passage_30_313430418,when is the best time to fish with a crawfish color bait,"They mostly feed of crawfish during spring when they are available in plenty. If you want to cat catch fish, then crawfish bait can do the job. Catfish cannot ignore a crawfish staring at them. However, when you use crawfish as bait, you should expect competition from other fish species such as bass and bluegills.",2,2,2,2,0,2
952284,msmarco_passage_22_850848937,when is the best time to fish with a crawfish color bait,"Early Fall. Early fall can also be a good time to try out some finesse craw baits In early autumn, many crawfish will molt their shells. For a brief window, they are protected only by a softer shell making them very vulnerable and ideal for bass. While these crawfish are vulnerable, they will not be out and about.",3,3,2,3,1,3
952284,msmarco_passage_30_313413410,when is the best time to fish with a crawfish color bait,"For the guys who want to have a larger crawfish feast, you must employ a trap and bait. The best bait for the crawfish trap is often the live bait. If you have to use the meat, you should ensure that it is fresh meat. With the right bait, fishing method, and timing, it is possible to have a large catch of crawfish.",1,1,0,1,0,1
952284,msmarco_passage_65_468651055,when is the best time to fish with a crawfish color bait,"Here are two main baits to try: 1. Fish. Fish make the best pair for crawfish! Traditionally, crawfish traps from all around the world actually use fish as bait. In Sweden, people use sunfish, herring, or shiners, while Lousiana entices crawfish using ponies or gizzard shad.",0,0,0,0,0,0
952284,msmarco_passage_47_152667289,when is the best time to fish with a crawfish color bait,"CRAWFISH. If chicken livers are the best known of all catfish baits, crawfish may be the most overlooked. All major species of catfish feed on crawfish, although most flatheads caught on craws weigh 20 pounds or less. Crawfish rank among the best baits of all for fishing in creeks and small rivers.",1,0,0,1,0,1
952284,msmarco_passage_53_146592941,when is the best time to fish with a crawfish color bait,"Employ the appropriate bait. Before going for crawfishing, it is always crucial to consider the best and ideal bait for this exercise to allow you to accomplish your crawfishing goals appropriately. For example fish such as salmon, walleye, herring, perch, trout, and carp typically work perfectly as crawfish bait.",0,0,0,0,0,0
952284,msmarco_passage_22_523487368,when is the best time to fish with a crawfish color bait,"Crawfish Bait. A crawfish bait, often just called a craw bait, is another awesome option to go with for bass fishing. Crawfish are usually always present where there are bass. This is a main food source for bass fish and they love to eat these little crustaceans all year long.",1,1,0,1,0,1
952284,msmarco_passage_30_313410648,when is the best time to fish with a crawfish color bait,"Best Baits for Crawfish Traps. With your crawfish trap designs already determined, the next big thing for any crawfish tapper is to get the best trapping bait for their crawfish. If you make use of the correct bait for your next crawfish catch, you will have a crawfish feast before you know it. Crawfish baits are very important and play a key role in effectively and efficiently catching the crawfish for you.",0,0,0,0,0,0
952284,msmarco_passage_61_373096056,when is the best time to fish with a crawfish color bait,Soft-plastic Crawfish Bait and Fishing Lures. Crawfish bait (also called craws) bring in bass thanks to their imitation of a crawfish’s pincers. These create a realistic movement in the water that attract fish.,0,0,0,0,1,0
952284,msmarco_passage_41_13234359,when is the best time to fish with a crawfish color bait,"You never know, treble hooks may not be able to be used in your area. 6. Crawfish: If the chicken liver is the most well-known among all best catfish baits, crawfish may be the most overlooked. All the major catfish species feed on crayfish. Crawfish are among the best baits for fishing in small rivers and ponds.",0,0,0,0,0,0
952284,msmarco_passage_65_468650531,when is the best time to fish with a crawfish color bait,"What Bait Do You Use to Catch Crawfish? Best Baits For Successful Catches! Crawfish are also known as crawdads, crayfish, and mudbugs, which are one of the best baits to use against big catfish, bass, and trouts! Not only that, but they taste great and a good dish to present to family and friends. That’s why a lot of anglers aim to “fish” for them, too.",0,0,0,0,0,0
952284,msmarco_passage_24_569096438,when is the best time to fish with a crawfish color bait,"The best bait for Rainbow Trout is the Berkley PowerBait Power Worm. Because, it has a soft but firm texture irresistible to fish and is perfect for fishing your favorite lakes, rivers and streams. #2. Mister Twister Micro Crawfish: Great Bait For Rainbow Trout. Mister Twister Micro Crawfish.",0,0,0,1,0,0
952284,msmarco_passage_24_569099268,when is the best time to fish with a crawfish color bait,"Rebel Wee-Crawfish: Excellent Bait for Rainbow Trout Fishing. The Rebel Wee-Crawfish. Plugs are often thought of as bass bait but certain styles are trout magnets. For Rainbow Trout, the best plugs either have a longer fish shape or a smaller crustacean body.",0,0,0,0,0,1
952284,msmarco_passage_15_650401688,when is the best time to fish with a crawfish color bait,"During the spring, red-orange is a great color. What crankbait color you use will vary depending on the water conditions. On a bright sunny day with crystal clear water, you want a natural looking bait. That means a muted red crawfish pattern that is a little darker works well.",2,1,1,2,1,1
952284,msmarco_passage_00_318212844,when is the best time to fish with a crawfish color bait,Colors. As a general rule the more natural looking baitfish imitating colors tend to produce the best: Silver on dull overcast days. Gold on brighter days. Both brown and rainbow trout crankbait patterns are reliable on most days. Perch pattern can be great. Brighter artificial patterns are best in dark waters.,0,0,0,0,1,0
952284,msmarco_passage_22_850855121,when is the best time to fish with a crawfish color bait,"Craws can catch bass all year long, but throwing craw-style baits in late winter and early spring before baitfish start schooling up in shallow water will be your best bet. Fish clear “ghost” red baits when the water is clear and for muddy or stained water, selecting bolder reds or oranges lures will be a better option.",3,2,3,2,2,3
952284,msmarco_passage_30_313376847,when is the best time to fish with a crawfish color bait,"Best Time To Catch Crawfish. If we want to find the right time to catch fish, we must first identify the right season. Crawfish prefer hot water, so it is the best time to catch crawfish during the summer. April to October is the best time to catch crawfish, as it is the hot season.",2,1,1,1,0,2
952284,msmarco_passage_06_476812937,when is the best time to fish with a crawfish color bait,"Things then remain steady through mid to late May and tail off into July. So, the best time for crawfish is springtime when water temperatures start getting into the sixties. The crawfish get very active at this point and are shedding shells (molting) and growing rapidly. During the rapid growth period they have tender green shells.",3,3,2,2,0,2
952284,msmarco_passage_00_794070232,when is the best time to fish with a crawfish color bait,"Plus, the size of these lures closely matches that of living crawfish. WHEN TO FISH PLASTIC CRAWFISH: Many bassers believe the only time to fish a soft plastic craw is spring, when the water is still cold and bass are first moving into the shallows.",3,3,2,3,1,3
952284,msmarco_passage_32_131930975,when is the best time to fish with a crawfish color bait,"1. Choose Your Colors Wisely. Use crawfish-imitating colors such as brown-and-orange, brown-and-green pumpkin or black-and-blue for your jigs and soft plastic trailers when bass are feeding heavily on crawfish. 2. Look For Baitfish.",0,0,0,1,1,0
952284,msmarco_passage_32_132398653,when is the best time to fish with a crawfish color bait,"The Best Wiggle Wart Colors. As far as colors are concerned, you won’t need all 3 + colors offered by Storm. You need just a few to be covered for most fishing conditions. In the spring, it is important to have some sort of crawfish-red colored bait.",2,1,2,2,1,2
952284,msmarco_passage_23_513994860,when is the best time to fish with a crawfish color bait,"You can buy crawfish bait pellets at most feed stores. In colder harvest seasons, you'll use fish pieces in the bait boxes instead. Harvest season lasts until the crawfish create new burrows in the clay soil after the temperatures warm up. This is typically in late June or early July.",2,2,2,2,0,2
952284,msmarco_passage_43_715301109,when is the best time to fish with a crawfish color bait,"Make Your Bait Seasonal. Bass eat different bait depending on the time of year. The general rule is early in the year they like crawfish, so use peach-colored patterns. In the summer and fall they like shad, so use chrome or silver baits. - Mike Hawkes, 2006 Wal-Mart FLW Series event winner, Lake Cumberland.",3,3,2,3,2,3
952284,msmarco_passage_36_726687505,when is the best time to fish with a crawfish color bait,"Food Sources. Be aware of the primary food source of the fish. The more you know about the bait, the more likely you are to properly imitate the food source. Knowing what time of year the crawfish have hard red shells versus soft green shells may help you choose lures and colors for the day.",2,1,1,2,1,2
952284,msmarco_passage_38_844649848,when is the best time to fish with a crawfish color bait,"During spring, one of the most popular color patterns is crawfish. Browse through any tackle store and you'll quickly notice that there are dozens of different shades of crawfish imitating baits. It seems like a little overkill.",1,1,3,2,1,1
952284,msmarco_passage_30_547146833,when is the best time to fish with a crawfish color bait,"During peak season (March-May), you may be able to find this grade of crawfish at a steep discount. Some companies also sell their smallest crawfish as high-quality bait for trout, catfish, and bass fishing. Select: Select grade crawfish are probably the most popular choice overall.",2,2,2,1,0,2
952284,msmarco_passage_38_846335755,when is the best time to fish with a crawfish color bait,"Jig. Image. Five productive baits for springtime bass are (from left) a crawfish-colored crankbait, spinnerbait, jig, stickworm and walking topwater plug. I fish a jig year-round and the lure is probably the best big bass bait for me in the spring.",2,2,1,2,2,2
975079,msmarco_passage_21_533471484,where does the welsh language originate from,"It was originally located in Rhyl. ^ ""Schools by local authority, region and Welsh medium type"". Stats Wales. Stats Wales. Archived from the original on 23 September 2016. ^ ""5-year Report"". Welsh Language Commissioner. Welsh Language Commissioner. Archived from the original on 23 September 2016.",0,0,0,0,0,0
975079,msmarco_passage_06_135432401,where does the welsh language originate from,"This article contains interesting facts, statistics and the history of Welsh Immigration to America. To understand the reason for Welsh immigration it helps to have an overview of the history of the people of Wales. The Welsh people originated from the Picts and the Celtic race, strongly adhering to the Celtic culture and speaking Gaelic, one of the languages of the Celts.",1,0,0,1,0,1
975079,msmarco_passage_21_533309010,where does the welsh language originate from,"From Wikipedia, the free encyclopedia. Jump to navigation Jump to search. Welsh is a surname from the Anglo-Saxon language given to the Celtic Britons. The surname can also be the result of anglicization of the German cognate Welsch. A popular surname in Scotland .",0,0,0,0,0,0
975079,msmarco_passage_18_769498545,where does the welsh language originate from,"Origin. Evans is of Welsh origin. In its anglicised form the name means ""son of Evan"". Regarding its Welsh roots, it is a derivative of the name Ifan, a cognate of John. In the Welsh language, the f produces the v sound; Ifan ( Ivan) became Evan .",0,0,0,0,0,0
975079,msmarco_passage_04_665756474,where does the welsh language originate from,"The original British language was highly inflected, but its descendant, Modern Welsh, has lost some of these inflections. Once the principal language of Wales and a literary language since the sixth century, Welsh has been in decline since the accession of the partly Welsh Henry Tudor (Henry VII) to the English throne in 1485.",2,1,0,1,1,1
975079,msmarco_passage_35_751087673,where does the welsh language originate from,"While the British Islands are also home to Gaelic (the original language of Scotland), Gaeilge (original language of Ireland) and Welsh (the original language of Wales), over time English became the Lingua franca of these countries.",1,1,3,1,0,2
975079,msmarco_passage_24_412135705,where does the welsh language originate from,3) The dwarf dog. Corgis are a dog that originated in Wales (Photo: @benjithebluecorgi / Instagram) The Corgi originated in Wales with two different varieties: The Cardigan Welsh Corgi and the Pembroke Welsh Corgi. There name has its origins in the Welsh language. The direct translation is “dwarf dog”.,0,0,0,0,0,0
975079,msmarco_passage_38_640900286,where does the welsh language originate from,"of a noble kind, noble, honorable, ... has its origins in the Germanic language ... had a ranking of #102 then ... Angharad. much loved ... language of origin is Welsh and it is also used ... name is from the intensifier prefix 'an-' ... Belinda.",0,0,0,1,0,1
975079,msmarco_passage_21_65765669,where does the welsh language originate from,"He is voiced by Martin Griffiths in the original Welsh-language version of the show and Jon Pertwee in the English dub. Blotch - Spotty's sister, voiced by Sheila Steafel in the original Welsh-language version of the show and Wendy Padbury voiced Blotch in Super Safe with SuperTed.",0,0,0,0,0,0
975079,msmarco_passage_04_377910097,where does the welsh language originate from,"What does Carys mean? Pronounce. Carys. [ 2 syll. ca - rys, car - ys ] The baby girl name Carys is pronounced as K AA -RihS- †. Carys is mainly used in the Welsh language and its language of origin is also Welsh.",0,0,0,0,0,0
975079,msmarco_passage_21_604956910,where does the welsh language originate from,"Chronology. Related shows. Hidden. External links. Website. Hinterland — Y Gwyll ( Welsh for 'the dusk') in the original Welsh-language version — is a Welsh noir police procedural series broadcast on S4C in the Welsh language. The main character, DCI Tom Mathias, is played by Richard Harrington. On 27 November 2013, a second series was announced by S4C.",0,0,0,0,0,0
975079,msmarco_passage_20_500975309,where does the welsh language originate from,"Origin. The English-language surname Prosser is considered to be a Welsh surname. The name originated as an Anglicisation of the Welsh-language ap Rhosier, or ap Rosser, both meaning son of Roger . The English-language personal name Roger is derived from the Old French personal name Roger, Rogier. This personal name is of Germanic origin, derived from the elements hrōd (""fame"") and gār, gēr (""spear"").",0,0,0,0,0,0
975079,msmarco_passage_35_635520594,where does the welsh language originate from,"Basque language. Basque language word for snow is “ elurra/elura ” and it originates from the From Proto-Basque *eɫhur̄, What intrigued me was the apparent similarity between the Basque language “ elurra ” and the Welsh word “eira”. However, it seems that there is not a real relationship. It seems that Welsh “eira” is derived from Proto-Brythonic *argyos (“snow”) and Proto-Celtic *argyos (meaning “white”), originating from the same stem as *argantom ( meaning “silver”).",1,0,0,0,0,1
975079,msmarco_passage_04_380239030,where does the welsh language originate from,"Pronounce. Owen. [ 2 syll. o- wen, ow - en ] The baby boy name Owen is pronounced as OW AHN †. Owen is used predominantly in the English, Irish, and Welsh languages, and it is derived from Celtic, Old Greek, and Welsh origins. Welsh origin, English and Welsh use: The name is of debated origin; it could be of the Welsh 'oen' or 'eoghunn', or else it could have evolved as a Welsh form of Eugene in the sub-Roman era, or else it could be from an Old Celtic name meaning 'born of Esos' in reference to the minor Celtic god Esos or Aesos from Gaul.",0,0,0,0,0,0
975079,msmarco_passage_34_122507568,where does the welsh language originate from,"Welsh originates from the Celtic language spoken by the ancient Britons. Before the Roman invasion Celtic languages were spoken across Europe as far as Turkey. Celtic language came to Britain around 600BC, with one version evolving into Brythonic which formed the basis of Welsh, Cornish and Breton. When the Anglo-Saxons colonised Britain, Brythonic speakers were split up into those in northern England speaking Cumbric, those in the south-west speaking an early version of Cornish, and those speaking primitive Welsh.",3,3,3,3,2,3
975079,msmarco_passage_18_508295128,where does the welsh language originate from,"Hatred or fear of the Welsh by the English has been termed ""Cymrophobia"", and similar attitudes towards the English by the Welsh, or others, are termed "" Anglophobia "". The relationship has developed historically from the origins of the two nations, and has been shaped by the military, political, economic and cultural power exercised by the more populous English over the Welsh for many centuries; differences between the English and Welsh languages; and the cultural importance attached by people in Wales to features of their national identity including the language, literature, religion, history, traditions, and the national sport of rugby union .",1,0,0,0,0,0
975079,msmarco_passage_21_533472489,where does the welsh language originate from,"Monuments. Video of a Welsh speaker. Welsh ( Cymraeg [kəmˈraːɨɡ] ( listen) or y Gymraeg [ə ɡəmˈraːɨɡ]) is a Brittonic language of the Celtic language family that is native to the Welsh people. Welsh is spoken natively in Wales, by some in England, and in Y Wladfa (the Welsh colony in Chubut Province, Argentina ).",2,1,2,1,1,2
975079,msmarco_passage_68_160730821,where does the welsh language originate from,The Welsh people are a nation and an ethnic group native to Wales. The Welsh language belongs to the Insular Celtic family and has historically been spoken mostly in Wales. The origin of the Welsh nation can be traced to the late 4th and early 5th century after the departure of the Romans. Welsh people refer to the people from Wales and also the people of Welsh ancestry who are perceived to be sharing cultural heritage and ancestral origin.,2,1,2,2,1,2
975079,msmarco_passage_27_354311357,where does the welsh language originate from,"Unlike the Goidelic dialects, however, Welsh is a Brythonic language, meaning its roots are British rather than Irish. There were some Irish-speaking tribes in Wales at one time, though the evidence of their existence is limited to only a handful of inscribed relics.",3,3,3,3,1,3
975079,msmarco_passage_21_533459206,where does the welsh language originate from,"The word Welsh is a descendant, via Old English wealh, wielisc, of the Proto-Germanic word * Walhaz, which was derived from the name of the Celtic people known to the Romans as Volcae and which came to refer to speakers of Celtic languages, and then indiscriminately to the people of the Western Roman Empire.",1,1,1,1,0,1
975079,msmarco_passage_21_533512470,where does the welsh language originate from,"The Welsh language is in the Insular Celtic family; historically spoken throughout Wales, with its predecessor Common Brittonic once spoken throughout most of the island of Great Britain. Prior to the 20th century, large numbers of Welsh people spoke only Welsh, with little or no fluent knowledge of English.",3,2,2,3,1,2
975079,msmarco_passage_43_488190540,where does the welsh language originate from,"The Welsh language is a Celtic language still spoken in Wales—and, fun fact, in a settlement in Argentina. And, it is perfectly happy using W ( and Y, along with the other usual suspects) as a vowel. English has borrowed a precious few words from Welsh that feature W as a vowel.",1,1,0,0,1,1
975079,msmarco_passage_21_533505371,where does the welsh language originate from,"The Welsh language has been spoken in the region which is now Wales since well before the Roman incursions into Britain. The historian, John Davies, argues that the origin of the ""Welsh nation"" can be traced to the late 4th and early 5th centuries, following the end of Roman rule in Britain.",2,2,2,3,2,2
975079,msmarco_passage_04_442602590,where does the welsh language originate from,"The Welsh today are descended from many people. Celtic tribes from Europe came to settle the whole of the British isles around 500-100 BC, alongside the original Iron Age population. It was their language which sowed the seeds of the modern Welsh language.",3,3,2,3,1,2
975079,msmarco_passage_39_7640982,where does the welsh language originate from,"The Welsh today are descended from many people. Celtic tribes from Europe came to settle the whole of the British isles around 500-100 BC, alongside the original Iron Age population. It was their language which sowed the seeds of the modern Welsh language.",3,3,3,3,1,3
975079,msmarco_passage_59_773341087,where does the welsh language originate from,"While Welsh and Scottish names usually originate from their own Celtic languages (Cymric and Scots Gaelic), English last names tend to originate from occupations, places, or Anglicizations of first names in other languages.",1,1,0,0,1,1
975079,msmarco_passage_18_643815000,where does the welsh language originate from,"List of doublets in Welsh [ cy] Welsh contains many doublets of native origin, where a single Indo-European root has developed along different paths in the language. Examples of this are: berw ""boiled, boiling"" and brwd ""enthusiastic"" from Proto-Indo-European * bʰrewh- ""to boil, brew"".",1,1,0,0,1,0
975079,msmarco_passage_58_518024804,where does the welsh language originate from,"In turn, these originated from the Gaulish word karros (a Gallic chariot). The Gaulish language was a branch of the Brythoic language which also used the word Karr; the Brythonig language evolved into Welsh (and Gaelic) where 'Car llusg' (a drag cart or sledge) and 'car rhyfel' (war chariot) still survive. It originally referred to any wheeled horse-drawn vehicle, such as a cart, carriage, or wagon.",2,1,1,2,1,2
975079,msmarco_passage_04_428426158,where does the welsh language originate from,"The history of the Welsh language. Welsh (Cymraeg) is the oldest language in Britain dating back possibly 4,000 years. The majority of European languages, including Welsh, evolved from a language now called Indo-European, which developed into nine different language groups, one of which was Celtic. In turn, Celtic developed its own family of languages.",3,3,2,3,2,3
975079,msmarco_passage_06_240389398,where does the welsh language originate from,"By 700 C.E. , the Britons referred to themselves as Cymry, the country as Cymru, and  the language as Cymraeg. The words ""Wales"" and  ""Welsh"" are Saxon in origin and were used by the invading  Germanic tribe to denote people who spoke a different language.",2,3,1,3,0,3
975079,msmarco_passage_19_577300446,where does the welsh language originate from,"Main articles: Welsh English and Welsh language. Further information: Languages of Wales. Bilingual road markings near Cardiff Airport, Vale of Glamorgan. Welsh (Cymraeg) emerged in the 6th century from Brittonic, the common ancestor of Welsh, Breton, Cornish, and the extinct language known as Cumbric.",3,2,3,3,1,3
1006728,msmarco_passage_51_653520227,which cerebral lobe of the brain is involved in our ability to see?,"This lobe is supplied by branches of the middle cerebral artery. One final anatomical structure evident on a sagittal view of the brain is the limbic lobe which is involved in the modulation of visceral, hormonal, and autonomic functions, as well as emotions, learning, and memory.",0,0,0,0,0,0
1006728,msmarco_passage_65_799579625,which cerebral lobe of the brain is involved in our ability to see?,"The frontal lobes control your ability to make good decisions and plan, as well retrieve memories. Other affected areas of the brain include the mammillary bodies, hippocampus, and medial temporal lobe, which are involved with memory, as well as the substantia nigra, which is involved with movement.",0,0,0,0,0,0
1006728,msmarco_passage_00_805095721,which cerebral lobe of the brain is involved in our ability to see?,A: The occipital lobes form the rear ends of the two major halves of the brain - the cerebral hemispheres. They are principally concerned with our ability to see and interpret what we see. A discreet hypodensity is what someone studying a computerised tomographic (CT) scan of the brain might observe in a patient.,3,3,3,3,1,3
1006728,msmarco_passage_08_291664990,which cerebral lobe of the brain is involved in our ability to see?,"The frontal lobe is involved in establishing priorities and planning. Richard M. Restak, in Brainscapes: An Introduction to What Neuroscience Has Learned about the Structure, Function, and Abilities of the Brain (1995), writes: ""The frontal lobe makes up 50 percent of the volume of each cerebral hemisphere in humans.",0,0,0,0,0,0
1006728,msmarco_passage_42_532582433,which cerebral lobe of the brain is involved in our ability to see?,"CSF is found in the ventricles and surrounds the brain and spinal cord- CSF is only found in the white matter of the brain The ventricles are filled with blood The meninges only covers the brain and not the spinal cord This lobe of the cerebrum is involved in vision perception? Frontal Parietal Temporal Occipital- This is the largest portion of the brain and allows for your ability to think, feel, see and use social judgment?",1,1,1,1,0,1
1006728,msmarco_passage_29_510661852,which cerebral lobe of the brain is involved in our ability to see?,Where is the temporal lobe and what does it do? The temporal lobe is one of the four major lobes of the cerebrum in the brain. The temporal lobe is located beneath the lateral fissure in the cerebral hemispheres on both sides of the brain. The temporal lobe is involved in: Understanding and remembering what we see (vision).,3,3,3,3,0,3
1006728,msmarco_passage_29_532855669,which cerebral lobe of the brain is involved in our ability to see?,Where is the temporal lobe and what does it do? The temporal lobe is one of the four major lobes of the cerebrum in the brain. The temporal lobe is located beneath the lateral fissure in the cerebral hemispheres on both sides of the brain. The temporal lobe is involved in: Understanding and remembering what we see (vision).,3,3,0,3,0,3
1006728,msmarco_passage_65_225025567,which cerebral lobe of the brain is involved in our ability to see?,"In addition, it regulates our sleep and synchronizes all the cerebral lobes. The occipital lobe produces delta brain waves and the neurotransmitter serotonin. Moreover, the occipital lobe is involved with the brain’s ability to recognize objects. The occipital lobe is not only responsible for visual recognition of objects but it also helps us differentiate between shapes.",3,3,3,3,1,3
1006728,msmarco_passage_15_573561225,which cerebral lobe of the brain is involved in our ability to see?,"Lobes of the cerebral cortex: The human cerebral cortex includes the frontal, parietal, temporal, and occipital lobes, each of which is involved in a different higher function. The parietal lobe is located at the top of the brain. Neurons in the parietal lobe are involved in speech and reading.",0,0,0,0,0,0
1006728,msmarco_passage_65_827965155,which cerebral lobe of the brain is involved in our ability to see?,Occipital Lobe Damage. The occipital lobes of the brain are mainly involved in processing information from the eyes. The ability to see objects is achieved by the eyes but the ability to make sense of what we see is the job of the occipital lobe.,3,3,3,3,1,3
1006728,msmarco_passage_66_84491897,which cerebral lobe of the brain is involved in our ability to see?,Occipital Lobe Damage. The occipital lobes of the brain are mainly involved in processing information from the eyes. The ability to see objects is achieved by the eyes but the ability to make sense of what we see is the job of the occipital lobe.,3,3,3,3,1,3
1006728,msmarco_passage_09_54394687,which cerebral lobe of the brain is involved in our ability to see?,The right side is involved with creativity and artistic abilities. The left side is important for logic and rational thinking. The cerebral hemispheres are divided into lobes (broad regions of the brain). Each lobe is responsible for a variety of bodily functions.,2,0,0,1,0,0
1006728,msmarco_passage_57_521474018,which cerebral lobe of the brain is involved in our ability to see?,The right side is involved with creativity and artistic abilities. The left side is important for logic and rational thinking. The cerebral hemispheres are divided into lobes (broad regions of the brain). Each lobe is responsible for a variety of bodily functions.,2,0,0,1,0,0
1006728,msmarco_passage_57_521488059,which cerebral lobe of the brain is involved in our ability to see?,The right side is involved with creativity and artistic abilities. The left side is important for logic and rational thinking. The cerebral hemispheres are divided into lobes (broad regions of the brain). Each lobe is responsible for a variety of bodily functions.,1,0,0,0,0,1
1006728,msmarco_passage_58_335462263,which cerebral lobe of the brain is involved in our ability to see?,"Cortex and Lobes of the Brain. Brain. As each of the lobes (and the cortexes located in each lobe) hold different functions, damage to the cerebral cortex can cause many different problems, depending on which part of the cerebral cortex was injured. The frontal lobe is involved in personality, emotions, decision making, speech, body movement, and more.",1,0,0,0,0,0
1006728,msmarco_passage_64_190427898,which cerebral lobe of the brain is involved in our ability to see?,Cerebral Cortex Lobes. The cerebral cortex is the thin layer of tissue that covers the cerebrum. The cerebrum is the largest component of the brain and is divided into two hemispheres with each hemisphere being divided into four lobes. Each brain lobe has a specific function. Functions of the cerebral cortex lobes involve everything from interpreting and processing sensory information to decision-making and problem-solving capabilities.,2,1,0,0,0,1
1006728,msmarco_passage_27_425030639,which cerebral lobe of the brain is involved in our ability to see?,"temporal lobe: A region of the cerebral cortex that is located behind the temples and beneath the Sylvian fissure on both cerebral hemispheres of the human brain. This region is involved in auditory perception, speech and vision processing, and the formation of long-term memory as it houses the hippocampus. parietal lobe: A part of the brain positioned superior to the occipital lobe and posterior to the frontal lobe that integrates sensory information from different modalities, particularly spatial sense and navigation.",1,1,1,1,0,1
1006728,msmarco_passage_14_160301980,which cerebral lobe of the brain is involved in our ability to see?,"Occipital lobe. The occipital lobe is the part of the cortex that processes visual information, enabling us to see. Blind people use this area of the brain while reading Braille, and sometimes when processing auditory information.",3,3,3,3,1,3
1006728,msmarco_passage_26_218026277,which cerebral lobe of the brain is involved in our ability to see?,"Scientists have discovered that large parts of the brain are responsible for understanding what we see. Regions of the brain that participate in this function are part of what is called the “visual system” and it is located largely at the back of the brain, in what is called the occipital lobe (red region in Figure 1A ).",3,3,3,3,1,3
1006728,msmarco_passage_22_139604620,which cerebral lobe of the brain is involved in our ability to see?,"The Occipital Lobe. The main processor of visual information from the retina, the occipital lobe plays a major role in visual processing. According to current research findings, damage to V1 leads to visual field-specific blindness.",3,3,3,3,1,3
1006728,msmarco_passage_03_161283910,which cerebral lobe of the brain is involved in our ability to see?,"The occipital lobe of the brain is responsible for vision and houses the primary visual cortex. Therefore, the ability to interpret and understand visual images requires proper functioning of this portion of the brain.",3,3,3,3,1,3
1006728,msmarco_passage_04_632096926,which cerebral lobe of the brain is involved in our ability to see?,"When you look at a clear sky and are able to discern its blue color, you are using the occipital lobe. Located at the back of the brain, the occipital lobes are responsible for visual perception. Damage to them results in loss of visual capability, an inability to identify colors, and hallucinations.",3,3,3,3,2,3
1006728,msmarco_passage_39_830344056,which cerebral lobe of the brain is involved in our ability to see?,"When you look at a clear sky and are able to discern its blue color, you are using the occipital lobe. Located at the back of the brain, the occipital lobes are responsible for visual perception. Damage to them results in loss of visual capability, an inability to identify colors, and hallucinations.",3,3,3,3,1,3
1006728,msmarco_passage_16_689365971,which cerebral lobe of the brain is involved in our ability to see?,A: The occipital lobes form the rear ends of the two major halves of the brain - the cerebral hemispheres. They are principally concerned with our ability to see and interpret what we see. A discreet hypodensity is what someone studying a computerised tomographic (CT) scan of the brain might observe in a patient.,3,3,3,3,0,3
1006728,msmarco_passage_23_479124719,which cerebral lobe of the brain is involved in our ability to see?,"Visible Structures. The cerebral cortex. What you’re seeing when you picture a brain is the cerebral cortex, the largest and outermost layer of the brain. This layer houses all the functions that “make us human”: perception, language, decision making, analytical thinking, consciousness, and such. The two sides of the walnut are the left and right cerebral hemispheres, which are each divided into four lobes: the frontal, parietal, temporal, and occipital.",2,1,0,1,0,1
1040198,msmarco_passage_21_73132792,who is the final arbiter of florida law in instances where there is no federal authority?,"The Court is the final arbiter of Florida law, and its decisions are binding authority for all other Florida state courtsand for federal courts when they apply Florida law. In most instances, the only appeal from the Florida Supreme Court is to the U.S. Supreme Court on questions of federal law. [1]",3,3,3,3,2,3
1040198,msmarco_passage_18_855527748,who is the final arbiter of florida law in instances where there is no federal authority?,"Unlike the U.S. Supreme Court, the term ""associate justice"" is never used to describe the sitting Florida justices. The Court is the final arbiter of Florida law, and its decisions are binding authority for all other Florida state courts and for federal courts when they apply Florida law. In most instances, the only appeal from the Florida Supreme Court is to the U.S. Supreme Court on questions of federal law.",3,3,3,3,3,3
1040198,msmarco_passage_09_462981855,who is the final arbiter of florida law in instances where there is no federal authority?,"Nullification Theories Deny Supreme Court as Final Arbiter of Constitution. The Court’s role a final arbiter of the Constitution is not unchallenged. There are legal arguments that as the creators of the federal government, the States retain sovereign power to define federal authority.",1,1,1,1,0,1
1040198,msmarco_passage_21_72934589,who is the final arbiter of florida law in instances where there is no federal authority?,"Unlike the U.S. Supreme Court, the term ""associate justice"" is never used to describe the sitting Florida justices. The Court is the final arbiter of Florida law, and its decisions are binding authority for all other Florida state courts and for federal courts when they apply Florida law.",3,3,3,3,3,3
1040198,msmarco_passage_15_408035513,who is the final arbiter of florida law in instances where there is no federal authority?,"ramrodd • 3 years ago • edited. If you are one that believes the Supreme Court is the final arbiter of what is lawful and constitutional, then you have believed a lie and a myth that Jefferson warned about. The States still retain their rights to this day to defy the federal judiciary, which has become an oligarcy.",0,1,0,1,0,0
1040198,msmarco_passage_19_125724558,who is the final arbiter of florida law in instances where there is no federal authority?,"The Court is the final arbiter of Florida law, and its decisions are binding authority for all other state courts. The five Florida District Courts of Appeal are the intermediate appellate courts . The 20 Florida circuit courts are trial courts of original jurisdiction for most controversies.",3,3,3,3,2,3
1040198,msmarco_passage_28_851468982,who is the final arbiter of florida law in instances where there is no federal authority?,"The Court's caseload is almost entirely appellate in nature, and the Court's decisions cannot be appealed to any authority, as it is the final judicial arbiter in the United States on matters of federal law. However, the Court may consider appeals from the highest state courts or from federal appellate courts.",0,0,0,1,0,0
1040198,msmarco_passage_40_177206664,who is the final arbiter of florida law in instances where there is no federal authority?,"When a state statute is challenged as violating the state constitution, the final authority is the supreme court of that state; when a federal or state statute or a state constitutional provision is challenged as violating the Constitution of the United States, the ultimate arbiter is the U.S. Supreme Court.",3,3,3,3,1,3
1040198,msmarco_passage_18_855178612,who is the final arbiter of florida law in instances where there is no federal authority?,"The Court is the final arbiter of Florida law, and its decisions are binding authority for all other Florida state courts. Established upon statehood in 1845, the court is headquartered across the street from the state capitol in Tallahassee. Throughout the court's history, it has undergone many reorganizations as Florida's population has steadily grown.",3,3,3,3,2,3
1040198,msmarco_passage_10_107325146,who is the final arbiter of florida law in instances where there is no federal authority?,"arbiter, supreme authority - someone with the power to settle matters at will; ""she was the final arbiter on all matters of fashion"". archer, bowman - a person who is expert in the use of a bow and arrow. authority - an expert whose views are taken as definitive; ""he is an authority on corporate law"".",0,0,0,0,0,0
1040198,msmarco_passage_63_146611546,who is the final arbiter of florida law in instances where there is no federal authority?,"arbiter, supreme authority - someone with the power to settle matters at will; ""she was the final arbiter on all matters of fashion"". archer, bowman - a person who is expert in the use of a bow and arrow. authority - an expert whose views are taken as definitive; ""he is an authority on corporate law"".",0,0,0,0,0,0
1040198,msmarco_passage_63_146624801,who is the final arbiter of florida law in instances where there is no federal authority?,"arbiter, supreme authority- someone with the power to settle matters at will; ""she was the final arbiter on all matters of fashion"". archer, bowman- a person who is expert in the use of a bow and arrow. authority- an expert whose views are taken as definitive; ""he is an authority on corporate law"".",0,0,0,0,0,0
1040198,msmarco_passage_19_489886196,who is the final arbiter of florida law in instances where there is no federal authority?,"The Supreme Court of Florida is the highest court in the U.S. state of Florida. The Supreme Court consists of seven judges: the Chief Justice and six Justices who are appointed by the Governor to 6-year terms and remain in office if retained in a general election near the end of each term. The Court is the final arbiter of Florida law, and its decisions are binding authority for all other Florida state courts.",3,3,3,3,3,3
1040198,msmarco_passage_48_129145439,who is the final arbiter of florida law in instances where there is no federal authority?,"Anthony Sabatini. The Supreme Court of the United States has been the final arbiter in Constitutional matters since the first Chief Justice, John Marshall, defined the Court with Marbury and later with McCullough. Get to it #SCOTUS. FLORIDA IS ALL IN.",0,0,0,0,0,0
1040198,msmarco_passage_06_391914297,who is the final arbiter of florida law in instances where there is no federal authority?,Final Stage: Florida Supreme Court Review. The Florida Supreme Court is the ultimate and final authority on lawyer discipline matters. The Supreme Court reviews consent judgments and referee decisions from disciplinary trials or reinstatement petitions.,0,1,1,1,3,1
1040198,msmarco_passage_46_456886085,who is the final arbiter of florida law in instances where there is no federal authority?,"Vol. 87, No. 8 September/October 2013 Pg 24 Carol A. Gart Appellate Practice. Finality is, of course, the sine qua non for a final plenary appeal to the Florida district courts of appeal. 1 This is nothing new. But judging from the number of decisions addressing this issue, the question of what is a final appealable order can be elusive.",0,0,0,0,0,0
1040198,msmarco_passage_30_406653359,who is the final arbiter of florida law in instances where there is no federal authority?,"There we have three solid federal Supreme Court decisions that set nationwide precedent that cannot be ignored. The Supreme Court is the final arbiter of law in the United States. Unless ""right to travel"" proponents can come up with a later Supreme Court ruling that states otherwise, their claims are busted.",2,1,1,2,0,1
1040198,msmarco_passage_33_467171744,who is the final arbiter of florida law in instances where there is no federal authority?,"But here, the U.S. Supreme Court took it upon itself to be the final arbiter of the meaning of state law. The federal courts, and in fact the federal government, simply do not deal with custody issues except in the rarest circumstances.",3,2,2,2,0,3
1040198,msmarco_passage_04_111783635,who is the final arbiter of florida law in instances where there is no federal authority?,"A state Supreme Court is the final arbiter of decisions involving state statutes and the state constitution. The U.S. Supreme Court can only overrule a state court if it determines that the court's ruling is contrary to federal or constitutional law.That is what occurred, for example, with Bush v. Gore in 2000.",3,3,3,3,3,3
1040198,msmarco_passage_56_572160546,who is the final arbiter of florida law in instances where there is no federal authority?,"family law (divorces, custody and support issues) Juvenile matters. State courts are the final arbiters of state laws and constitutions. Their interpretation of federal law or the U.S. Constitution may be appealed to the U.S. Supreme Court. The Supreme Court may choose to hear or not to hear such cases.",3,3,3,3,0,3
1040198,msmarco_passage_62_514650149,who is the final arbiter of florida law in instances where there is no federal authority?,"According to (Fine) both federal and state court structures will have the U.S. Supreme Court as the final arbiter of federal law, as the highest court of every state is called the Supreme Court; and the Supreme Court will have the power to interpret the matters of the law of that state.",1,1,0,0,3,2
1104300,msmarco_passage_09_610221866,which part of the life cycle is dominant in bryophyte?,"The haploid stage, in which a multicellular haploid gametophyte develops from a spore and produces haploid gametes, is the dominant stage in the bryophyte life cycle. This stands in direct contrast to the tracheophyte life cycle, in which the diploid stage is dominant.",3,3,3,3,3,3
1104300,msmarco_passage_61_239237400,which part of the life cycle is dominant in bryophyte?,"The haploid stage, in which a multicellular haploid gametophyte develops from a spore and produces haploid gametes, is the dominant stage in the bryophyte life cycle. This stands in direct contrast to the tracheophyte life cycle, in which the diploid stage is dominant.",3,3,3,3,3,3
1104300,msmarco_passage_09_610218932,which part of the life cycle is dominant in bryophyte?,"The haploid stage, in which a multicellular haploid gametophyte develops from a spore and produces haploid gametes, is the dominant stage in the bryophyte life cycle. This stands in direct contrast to the tracheophyte life cycle, in which the diploid stage is dominant.",3,3,3,3,3,3
1104300,msmarco_passage_04_229219126,which part of the life cycle is dominant in bryophyte?,"Life Cycle. The dominant stage in the life cycle of bryophytes is the sexually reproducing gametophyte plant stage. But because of the extreme environmental conditions under which these plants exist, most reproduction occurs asexually.",3,3,3,3,3,3
1104300,msmarco_passage_39_832891254,which part of the life cycle is dominant in bryophyte?,In all Bryophytes the gametophyte generation is dominant. In all other land plants the sporophyte generation is dominant. It is customary to place the dominant generation in the top half of the life cycle diagram. The figure given above summarises the life cycle of a typical Bryophyte.,3,3,3,3,3,3
1104300,msmarco_passage_29_605016800,which part of the life cycle is dominant in bryophyte?,"Moreover, the gametophyte of bryophytes and algae is the dominant phase of the life cycle while in other plants, the dominant phase of the life cycle is the sporophyte. Also, some bryophytes including liverworts develop male and female gametophytes separately by the germination of microspores and megaspores respectively.",3,3,3,3,3,3
1104300,msmarco_passage_32_178533301,which part of the life cycle is dominant in bryophyte?,"This stalk is often brown. A structure called the sporangium is at the top of the stalk. The sporangium is diploid too. It makes spores that are haploid in a process called meiosis. When the spores land on the ground, the cycle begins again. Life cycle of a dioicous bryophyte. Bryophytes are ""gametophyte dominant."".",3,2,3,3,2,3
1104300,msmarco_passage_41_661660789,which part of the life cycle is dominant in bryophyte?,"The life cycles of all bryophytes are uniform, and although the gametophyte generation is the most familiar aspect of the life cycle, neither the sporophyte nor the gametophyte generation is dominant. Previous Introduction to Plants. Next Quiz Nonvascular Plants. Introduction to Biology.",3,3,3,3,0,2
1104300,msmarco_passage_61_239219324,which part of the life cycle is dominant in bryophyte?,"The haploid stage, in which a multicellular haploid gametophyte develops from a spore and produces haploid gametes, is the dominant stage in the bryophyte life cycle. The mature gametophyte produces both male and female gametes, which join to form a diploid zygote. The zygote develops into the diploid sporophyte, which extends from the gametophyte and produces haploid spores through meiosis.",3,3,3,3,3,3
1104300,msmarco_passage_39_808771055,which part of the life cycle is dominant in bryophyte?,Here both the phases are multicellular. This life cycle is found in bryophytes and pteridophytes. The diploid sporophyte is the dominating phase and photosynthetic in pteridophytes while the haploid gametophyte with photosynthetic phase is found in bryophytes.,3,3,3,3,2,3
1104300,msmarco_passage_13_400772056,which part of the life cycle is dominant in bryophyte?,"Multiple advantages developed in the sporophyte stage of plants as they evolved from simple gametophyte-dominant bryophyte ancestors to the vast array of much more successful and dominant ferns, gymnosperms, and angiosperms. Shift from gametophyte-dominated life cycle (in bryophytes) to sporophyte-dominated life cycle.",3,3,3,3,2,3
1104300,msmarco_passage_40_129206162,which part of the life cycle is dominant in bryophyte?,"Thus, the gametophyte stage is dominant in the more primitive (nonvascular) plants ( bryophytes ), whereas the sporophyte is the dominant phase in the life cycle of higher (i.e., vascular) plants. In algae, the dominant phase often depends on environmental conditions, though some species have determinant life cycles.",3,3,3,3,3,3
1104300,msmarco_passage_40_142748462,which part of the life cycle is dominant in bryophyte?,"Thus, in the higher (i.e., vascular) plants the sporophyte is the dominant phase in the life cycle, whereas in the more primitive nonvascular plants ( bryophytes) the gametophyte remains dominant. The dominant phase in algae often depends on environmental conditions, though some species have determinant life cycles and are commonly gametophyte-dominant.",3,3,3,3,3,3
1104300,msmarco_passage_04_176516058,which part of the life cycle is dominant in bryophyte?,"Bryophytes or Moss plants life cycle goes with two stages. The
two stages are the haploid (gametophyte) and the diploid
(sporophyte) which is the dominant stage.",3,3,0,3,0,3
1104300,msmarco_passage_13_412194312,which part of the life cycle is dominant in bryophyte?,"Leave a Comment / Botany / By Supriya N. The life cycle of bryophytes has two alternations of generations, one is haploid gametophyte generation and the other is diploid saprophytic generation. In both the life cycle, the bryophytes possess different morphology and physiological functions. Between these two alternations of generation, the haploid gametophyte phase lasts longer or dominates the diploid saprophytic phase.",3,3,3,3,3,3
1104300,msmarco_passage_04_549705104,which part of the life cycle is dominant in bryophyte?,Evolution of the Alternation of Generations. A land plant is either a. non-vascular bryophyte (more primitive) Gametophyte (n) is the dominant life cycle stage. Sporophyte (2n) is small and ephemeral /seasonal. vascular tracheophyte (more derived) Sporophyte (2n) is the dominant life cycle stage.,3,3,3,3,2,3
1104300,msmarco_passage_41_625228576,which part of the life cycle is dominant in bryophyte?,"The life cycle of bryophytes consists of two distinct phases– the gametophytic phase and the sporophytic phase. The haploid gametophyte is dominant, long lived, green and independent whereas the diploid sporophyte is short lived and dependent upon the gametophyte. The two phases are morphologically distinct.",3,3,3,3,3,3
1104300,msmarco_passage_13_403234311,which part of the life cycle is dominant in bryophyte?,"D is correct. All bryophytes have a dominant gametophyte stage in their life cycle. During this stage, the plant is haploid and the sex organs that produce the gametes are developed. Bryophytes are unique compared to many other plant species in that they remain in this stage for long periods.",3,3,3,3,3,3
1104300,msmarco_passage_35_731101458,which part of the life cycle is dominant in bryophyte?,Prominent phase in the life of bryophytes is haploid gametophyte. The prominent phase in the life of Pteridophyte is diploid  sporophyte. Gametophyte and Sporophyte. Gametophyte and Sporophyte in bryophytes are physically connected  unlike in the pteridophytes.,3,3,3,3,3,3
1104300,msmarco_passage_00_692365008,which part of the life cycle is dominant in bryophyte?,"In Bryophytes, the gameophyte is the dominant, recognizable stage of life cycle and is the stage that carries out most of the plant's photosynthesis. ﻿. Chapter 22-3 Ferns, Lifecycle Diagram & #1-3.",3,3,3,3,3,3
1104300,msmarco_passage_09_610195333,which part of the life cycle is dominant in bryophyte?,"The gametophyte comprises the main plant (the green moss or liverwort), while the diploid sporophyte is much smaller and is attached to the gametophyte. The haploid stage, in which a multicellular haploid gametophyte develops from a spore and produces haploid gametes, is the dominant stage in the bryophyte life cycle.",3,3,3,3,3,3
1104300,msmarco_passage_09_610199455,which part of the life cycle is dominant in bryophyte?,"The gametophyte comprises the main plant (the green moss or liverwort), while the diploid sporophyte is much smaller and is attached to the gametophyte. The haploid stage, in which a multicellular haploid gametophyte develops from a spore and produces haploid gametes, is the dominant stage in the bryophyte life cycle.",3,3,3,3,3,3
1104300,msmarco_passage_09_610203577,which part of the life cycle is dominant in bryophyte?,"The gametophyte comprises the main plant (the green moss or liverwort), while the diploid sporophyte is much smaller and is attached to the gametophyte. The haploid stage, in which a multicellular haploid gametophyte develops from a spore and produces haploid gametes, is the dominant stage in the bryophyte life cycle.",3,3,3,3,3,3
1104447,msmarco_passage_30_580103107,which kind of continental boundary is formed where two plates move horizontally past one another?,answer choices. Rift valleys form where a continental plate moves under an oceanic plate. Rift valleys form where a plate slides horizontally past another plate. Rift valleys form where two plates move away from each other. Rift valleys form where an oceanic plate moves under another oceanic plate. Tags:,0,0,0,0,0,1
1104447,msmarco_passage_30_741466243,which kind of continental boundary is formed where two plates move horizontally past one another?,"where plates move apart. These begin as continental rifts and evolve to become mid-ocean ridges where oceanic crust is created. EXAMPLE: east african rift, continental rift. Sliding Plate Boundary -- A plate boundary where plates slide or grind horizontally past one another.",3,3,3,3,1,3
1104447,msmarco_passage_35_174658196,which kind of continental boundary is formed where two plates move horizontally past one another?,"The way one plate moves relative to another determines the type of boundary: spreading, where the two plates move away from each other; subduction, where the two plates move toward each other, with one sliding beneath the other; and transform, where the two plates slide horizontally past each other.",3,3,3,3,3,3
1104447,msmarco_passage_03_437652637,which kind of continental boundary is formed where two plates move horizontally past one another?,"The way one plate moves relative to another determines the type of boundary: spreading, where the two plates move away from each other; subduction, where the two plates move toward each other, with one sliding beneath the other; and transform, where the two plates slide horizontally past each other.",3,3,3,3,3,3
1104447,msmarco_passage_30_651422467,which kind of continental boundary is formed where two plates move horizontally past one another?,"3. Transform: two plates move horizontally past one another. Discuss the features, processes, and relative plate motions associated with a divergent plate boundary. A divergent boundary that occurs in the ocean will lead to a mid ocean ridge, in which magma will rise to fill the gap left between the two plates.",2,1,2,2,3,2
1104447,msmarco_passage_01_399581151,which kind of continental boundary is formed where two plates move horizontally past one another?,"Convergent boundaries are where the plates collide with one another causing the subduction of one plate beneath the other. Transform boundaries are the final type of plate boundary and at these locations, no new crust is created and none is destroyed. Instead, the plates slide horizontally past one another.",3,2,3,3,3,3
1104447,msmarco_passage_45_349456027,which kind of continental boundary is formed where two plates move horizontally past one another?,"In a diverging boundary, two plates move apart. This occurs on the sea floor and is known as sea floor spreading. Magma will rise up and fill in the gap as the two plates separate. This forms a mid-ocean ridge. Another boundary is called a transform boundary where two plates slide past one another.",3,1,3,3,3,3
1104447,msmarco_passage_02_822004432,which kind of continental boundary is formed where two plates move horizontally past one another?,"Convergent boundaries happen where two plates collide together, as seen in the Washington-Oregon coastline of the United States, where the Pacific Plate gets forced beneath the North American plate, creating a subduction zone that destroys oceanic crust. Transform boundaries, also known as conservative boundaries, ensue where two plates slide horizontally past each other.",3,3,3,3,3,3
1104447,msmarco_passage_23_292595528,which kind of continental boundary is formed where two plates move horizontally past one another?,"Oceanic plates are forced under continental plates, forming subduction zones. Subduction zones destroy oceanic crust. Transform boundaries occur where two plates are sliding horizontally past each other. They are also referred to as conservative boundaries because crust is neither created nor destroyed.",3,3,3,3,3,3
1104447,msmarco_passage_30_796116110,which kind of continental boundary is formed where two plates move horizontally past one another?,"Continental Collision. Where two plates collide.... A tectonic plate boundary where two…. tectonic plates spreading apart, new crust being formed (eg. m…. Boundary between two plates that are sliding past each other. when two continental plates collide pushing the continental cr…. Convergent Plate Boundaries.",2,1,2,1,1,2
1104447,msmarco_passage_64_138475297,which kind of continental boundary is formed where two plates move horizontally past one another?,"Key Takeaways: Convergent Plate Boundaries. • When two tectonic plates move toward each other and collide, they form a convergent plate boundary. • There are three types of convergent plate boundaries: oceanic-oceanic boundaries, oceanic-continental boundaries, and continental-continental boundaries. Each one is unique because of the density of the plates involved.",0,0,0,0,0,0
1104447,msmarco_passage_30_791791284,which kind of continental boundary is formed where two plates move horizontally past one another?,Describe plate tectonics and how it explains the distribution of tectonic activity. Divergent boundary--two plates move apart relative to one another. Convergent boundary--two plates move toward one another. Transform boundary-- two plates move horizontally past each other.,3,1,3,3,3,3
1104447,msmarco_passage_04_154129214,which kind of continental boundary is formed where two plates move horizontally past one another?,What happens if an oceanic plate and continental plate collide? something. Which feature is commonly formed at a plate boundary where oceanic crust converges with continental crust? 2.) an ocean trench. What happens when the oceanic plate moves to the side and the oceanic plate slides past the continental plate?,1,1,1,1,0,1
1104447,msmarco_passage_23_297056757,which kind of continental boundary is formed where two plates move horizontally past one another?,"Mostly, the divergent plate boundaries occur underwater. Transform Plate Boundaries: Occasionally, the tectonic plates move horizontally and they collide with each other. The horizontal collision of plate boundaries is called Transform Plate Boundaries. This kind of plate boundaries occurs below the mountains and rocks.",2,3,1,2,0,2
1104447,msmarco_passage_30_579628152,which kind of continental boundary is formed where two plates move horizontally past one another?,Rift valleys from where a continental plate moves under an oceanic plate. Rift valleys form where a plate slides horizontally past another plate. Rift valleys from where two plates move away from each other. Rift valleys form where an oceanic plate moves under another oceanic plate. Tags:,0,0,0,0,0,0
1104447,msmarco_passage_36_444945944,which kind of continental boundary is formed where two plates move horizontally past one another?,"True: Volcanoes and earthquakes occur at destructive plate boundaries, Earthquakes but NOT volcanoes occur at conservative plate boundaries, Oceanic crust is more dense than continental crust, Continental crust is less dense than oceanic crust, Ocean trenches are formed where oceanic and continental plates collide, Destructive plate boundaries occur where oceanic and continental plates collide, Volcanoes and earthquakes occur at constructive plate boundaries, Earthquakes occur at all types of plate boundary, The subduction zone is where the more dense oceanic crust is driven deep inside the earth, Rocks in the subducted oceanic plate are destroyed when they melt, At a destructive plate boundary, the less dense continental plate crumples to form mountains, At constructive plate boundaries, two plates move apart, At destructive plate boundaries, two plates move together, At conservative plate boundaries, two plates move alongside each other, At constructive plate boundaries, magma rises to fill the gap between the plates, At constructive plate boundaries, cooling magma on the Earth's crust forms new igneous rocks, The mid-Atlantic ridge is an example of a constructive plate boundary, The San Andreas fault is an example of a conservative plate boundary, The Andes mountains were formed at a destructive plate boundary, At conservative plate boundaries, pressure builds where rocks in the two plates become stuck, False: Volcanoes can occur at all plate boundaries, At constructive plate boundaries, two plates move together, At destructive plate boundaries, two plates move apart, At conservative plate boundaries, two plates move apart, The continental plate is more dense than the oceanic plate, At destructive plate boundaries, the continental plate is forced deep inside the Earth, When magma cools at a constructive plate boundary, new sedimentary rocks form, Volcanoes but NOT earthquakes occur at conservative plate boundaries, Convection currents in the Earth's crust drive the movement of the tectonic plates, Most major earthquakes and volcanoes occur well away from plate boundaries,",3,1,2,3,2,3
1104447,msmarco_passage_31_589606197,which kind of continental boundary is formed where two plates move horizontally past one another?,"As shown above, if the plates are moving away from each other the boundary is called divergent, if they are moving toward each other it’s a convergent boundary, and if they are sliding past each other horizontally, in parallel but opposite directions, then it’s a transform plate boundary. Most of the Earth’s earthquakes occur along plate boundaries as the brittle plates slide and grind past each other as they move.",3,3,3,3,3,3
1104447,msmarco_passage_30_631942524,which kind of continental boundary is formed where two plates move horizontally past one another?,"At transform boundaries. tectonic plates are not moving directly toward or directly away from each other. Instead, two tectonic plates grind past each other in a horizontal direction. This kind of boundary results in a fault. A fault is a crack or fracture in the earth's crust that is associated with this movement.",3,3,3,3,3,3
1104447,msmarco_passage_04_34616188,which kind of continental boundary is formed where two plates move horizontally past one another?,"Location. 1st Floor. When oceanic or continental plates slide past each other in opposite directions, or move in the same direction but at different speeds, a transform fault boundary is formed. No new crust is created or subducted, and no volcanoes form, but earthquakes occur along the fault. The transform fault boundaries connect spreading centers and subduction zones, which are the other elements of the jigsaw puzzle of the Earth’s plates.",3,3,3,3,3,3
1104447,msmarco_passage_37_769879200,which kind of continental boundary is formed where two plates move horizontally past one another?,"Location. 1st Floor. When oceanic or continental plates slide past each other in opposite directions, or move in the same direction but at different speeds, a transform fault boundary is formed. No new crust is created or subducted, and no volcanoes form, but earthquakes occur along the fault. The transform fault boundaries connect spreading centers and subduction zones, which are the other elements of the jigsaw puzzle of the Earth’s plates.",3,3,3,3,3,3
1104447,msmarco_passage_57_632232213,which kind of continental boundary is formed where two plates move horizontally past one another?,"Driving down to Knowledge town. Noah , Chauffer, LA. Answered Dec 16, 2020. When oceanic or continental plates glide past each other in differing directions or move in the same direction, but at separate speeds, a transform fault boundary is formed. No new crust is generated or subducted, and no new volcanoes form.",3,3,3,3,3,3
1104447,msmarco_passage_12_226015228,which kind of continental boundary is formed where two plates move horizontally past one another?,"When continental and continental plates collide, fold mountains are formed, such as the Himalayas. In Transform plate movement, lastly, land crust remains unaffected as the two plates merely slide past one another, making it a conservative plate boundary.",3,2,3,3,2,3
1104447,msmarco_passage_07_504912452,which kind of continental boundary is formed where two plates move horizontally past one another?,Types of plate boundaries. Plates that are separating form a divergent boundary. Plates slipping past each other horizontally form transform boundaries. Plates crashing into each other form collision boundaries. Collision boundaries are formed when an oceanic plate is forced beneath an ocean plate in subduction zones.,3,3,3,3,3,3
1104447,msmarco_passage_23_290887728,which kind of continental boundary is formed where two plates move horizontally past one another?,"Divergent boundary—Plates move apart, spreading horizontally. Convergent boundary—Plates collide, causing either one plate to dive under the other or the edges of both plates to crumple. Transform boundary—Plates slide past one another. An example of a divergent boundary is the one between Saudi Arabia and Egypt.",3,2,3,3,3,3
1104447,msmarco_passage_00_171841690,which kind of continental boundary is formed where two plates move horizontally past one another?,"3. At transform boundaries, tectonic plates are not moving directly toward or directly away from each other. Instead, two tectonic plates slide past each other in a horizontal direction. This kind of boundary results in a fault, A fault is a crack or fracture in the earth's crust that is associated with this movement.",3,3,3,3,3,3
1104447,msmarco_passage_62_569094999,which kind of continental boundary is formed where two plates move horizontally past one another?,Transform boundaries form when two plates move past each other horizontally. The San Andreas Fault is a world famous transform fault. The master fault runs down the state of California from the Mendocino Triangle in the north south to the East Pacific Rise off the coast of Mexico.,3,3,3,3,3,3
1104447,msmarco_passage_37_769927418,which kind of continental boundary is formed where two plates move horizontally past one another?,"Location. 1st Floor. When oceanic or continental plates slide past each other in opposite directions, or move in the same direction but at different speeds, a transform fault boundary is formed. No new crust is created or subducted, and no volcanoes form, but earthquakes occur along the fault. The transform fault boundaries connect spreading centers and subduction zones, which are the other elements of the jigsaw puzzle of the Earth’s plates.",3,3,3,3,3,3
1104447,msmarco_passage_23_802015408,which kind of continental boundary is formed where two plates move horizontally past one another?,"At a destructive plate boundary, two plates move towards one another, destructive plate boundaries create mountains. Conservative (transform) plate boundary. At a conservative plate boundary the plates move horizontally past each other, without creating or destroying any of the earth's crust.",3,2,3,3,3,3
1107704,msmarco_passage_06_221669119,what was the main-all benefit of a single european currency?,Benefits Of Single European Currency - Free Coursework from Essay.uk.com. More coursework: 1 - A | B | C | D | E | F | G | H | I - J | K - L | M | N - O | P - S | T | U - Y.,0,0,0,3,0,1
1107704,msmarco_passage_09_461632243,what was the main-all benefit of a single european currency?,"Having a single currency is expected to increase the economic interdependency of and the ease of trade between the EU members that have adopted the euro. This, in theory, should be beneficial for citizens of the euro area, as increases in trade are historically one of the main driving forces of economic growth.",3,3,2,3,0,3
1107704,msmarco_passage_06_221679446,what was the main-all benefit of a single european currency?,Examine the potential benefits to European manufactures and consumers of single European currency. Consumers could benefit by having more choice of commodities to chose as the supply of commodities increase as firms would increase production (they would know their returns and be willing to take more risks as explained below).,2,2,1,3,0,2
1107704,msmarco_passage_22_36009561,what was the main-all benefit of a single european currency?,"Stability, a single currency, mobility and growth. The EU has delivered more than half a century of peace, stability and prosperity, helped raise living standards and launched a single European currency: the euro. More than 340 million EU citizens in 19 countries now use it as their currency and enjoy its benefits.",2,1,1,3,0,2
1107704,msmarco_passage_06_847023736,what was the main-all benefit of a single european currency?,"A single currency will be an important complement to the Single European Market, which would make the European Union a more powerful player in the global economy, and the UK might benefit from full-scale participation in this.",2,3,2,3,0,2
1107704,msmarco_passage_06_221671867,what was the main-all benefit of a single european currency?,"For what might a single European currency might disadvantageous to a member country. cobg bgr sebgbgw orbg bgk inbg fobg bg. It would be impossible if not extremely difficult for the European Central bank to be able to tailor an interest rate, which would be able to effect the economies for all countries in a positive way.",1,0,0,1,0,0
1107704,msmarco_passage_53_63292867,what was the main-all benefit of a single european currency?,"It helps to generate a very good economy and political sense. A single currency helps people to think on the same lines when comparing product prices between countries. A single currency between the Euro members, strengthens the European Union monetary policy within the financial world.",2,2,1,2,0,2
1107704,msmarco_passage_68_155495476,what was the main-all benefit of a single european currency?,"European Union’s Common Currency. The European Union’s decision to have a common currency is a good economic decision. The single currency has several benefits including the increased trade within the region, eliminates exchange costs incurred by businesses transacting across borders, and eliminates exchange rate fluctuation risk. European Union member states have gained substantially from the use of a common currency.",3,3,1,3,2,3
1107704,msmarco_passage_38_823706842,what was the main-all benefit of a single european currency?,Disadvantages and Advantages of a Single Currency. 1679 Words | 7 Pages. for and against the UK joining the European single currency. The European single currency is a common legal tender currently used by 17 of the 27 member states of the Euro zone.,0,1,0,3,0,1
1107704,msmarco_passage_01_204519962,what was the main-all benefit of a single european currency?,"Tangible proof of European integration, the single currency has a specific history of design, implementation, and policies. Although the switch to the euro took place almost 20 years ago, in some countries it is still possible to exchange old national notes and coins with the single European currency. Benefits of the euro.",2,1,0,2,0,2
1107704,msmarco_passage_22_36113773,what was the main-all benefit of a single european currency?,"Tangible proof of European integration, the single currency has a specific history of design, implementation, and policies. Although the switch to the euro took place almost 20 years ago, in some countries it is still possible to exchange old national notes and coins with the single European currency. Benefits of the euro.",2,1,0,2,0,2
1107704,msmarco_passage_44_689888732,what was the main-all benefit of a single european currency?,A single currency for Europeans. The Maastricht Treaty paved the way for the creation of a single European currency: the euro. It also established the European Central Bank (ECB) and the European System of Central Banks and describes their objectives.,3,0,0,0,0,0
1107704,msmarco_passage_00_862017707,what was the main-all benefit of a single european currency?,This number will increase as future enlargements of the euro area continue to spread the benefits of the single currency more widely in the European Union.,1,1,0,1,0,1
1107704,msmarco_passage_00_862018594,what was the main-all benefit of a single european currency?,This number will increase as future enlargements of the euro area continue to spread the benefits of the single currency more widely in the European Union.,1,1,0,1,0,1
1107704,msmarco_passage_00_862023021,what was the main-all benefit of a single european currency?,This number will increase as future enlargements of the euro area continue to spread the benefits of the single currency more widely in the European Union.,1,1,0,1,0,1
1107704,msmarco_passage_27_679020380,what was the main-all benefit of a single european currency?,Here are a few of their features and benefits: Fees of 1.4% + 20p for European credit and debit cards. Fees of 2.9% + 20p for non-European credit and debit cards. Accept 135+ currencies. Save card details so customers can pay again with a single click. Easily to maintain PCI-DSS compliance for your payments.,0,0,0,0,0,0
1107704,msmarco_passage_51_86981357,what was the main-all benefit of a single european currency?,"The idea to create a single, pan-European currency began to gather support in 1986, with the signing of the Single European Act. This set the stage for a free economic market without trade barriers in Europe. A logical complement to this borderless market would be a single, unifying currency. Ireland was one of the earliest countries to adopt the euro on the first of January 1999, fixing the value of the Irish pound to the euro at the rate of 0.787564 Irish pounds.",1,0,0,1,0,1
1107704,msmarco_passage_06_262765092,what was the main-all benefit of a single european currency?,"Yet the chances of a state leaving the euro, or the chances that the whole zone would collapse, are extremely slim. The most obvious benefit of adopting a single currency is to remove the cost of exchanging currency, theoretically allowing businesses and individuals to consummate previously unprofitable trades.",3,3,2,3,2,3
1107704,msmarco_passage_01_842750925,what was the main-all benefit of a single european currency?,"Thus, trade and investment are stimulated within this currency union. Reduced Transaction Costs. A single currency would encourage tourisms in the single currency area. A tourist to the European countries in the Euro currency area (12 of them in 2002) would not have to worry about exchanging different currencies and loss in transaction costs (commission and time) as she travel.",2,2,1,2,1,2
1107704,msmarco_passage_43_536027169,what was the main-all benefit of a single european currency?,"There are a number of benefits in using a common currency for the Eurozone; these include no exchange rate risk, facilitating better trade in terms of imports and exports (which are now the same price to everyone since there is no exchange rate cost) and strengthening of the stability of the currency even in terms of other currencies.",2,1,1,3,2,2
1107704,msmarco_passage_06_847024080,what was the main-all benefit of a single european currency?,"One country can no longer devalue its currency against another member country in a bid to increase the competitiveness of its exporters. A European currency will strengthen European identity. Federal Europe is not necessarily going to be a consequence of a shared single currency. The new Euro will be among the strongest currencies in the world, along with the US Dollar and the Japanese Yen.",2,1,1,2,0,2
1107704,msmarco_passage_45_805410746,what was the main-all benefit of a single european currency?,"Benefits of one world currency. The benefits of a single world currency are pretty obvious to all; 1. Elimination of currency exchange fees. When you are exchanging one currency for another, currency exchange fees are always involved. Banks charge this fee for performing the service of exchanging the currency in your hand to another foreign currency you need.",1,1,1,1,1,1
1107704,msmarco_passage_07_350295776,what was the main-all benefit of a single european currency?,"The euro is the official currency for most of the member states of the European Union. The geographic and economic region that uses the euro is known as the ""Eurozone."". Proponents of the euro believe that adopting a single currency over the European economic system reduces the exchange-rate risk to businesses, investors, and financial institutions .",2,3,2,3,1,2
1107704,msmarco_passage_51_47302845,what was the main-all benefit of a single european currency?,"The euro is the official currency for most of the member states of the European Union. The geographic and economic region that uses the euro is known as the ""Eurozone."". Proponents of the euro believe that adopting a single currency over the European economic system reduces the exchange-rate risk to businesses, investors, and financial institutions .",2,3,2,3,1,2
1107821,msmarco_passage_52_53674650,what was radio free europe?,"The re-recording for I.R.S. became the group's fi… read more. ""Radio Free Europe"" is a post-punk song by American alternative rock band R.E.M. ""Radio Free Europe"" was released as R.E.M.'… read more.",0,1,1,0,0,2
1107821,msmarco_passage_20_544498564,what was radio free europe?,"Radio Free Europe. Radio Free Europe/ Radio Liberty Newsroom in Munich, 1994. Radio Free Europe was created and grew in its early years through the efforts of the National Committee for a Free Europe (NCFE), an anti-communist CIA front organization that was formed by Allen Dulles in New York City in 1949.",2,3,1,3,2,3
1107821,msmarco_passage_52_53673876,what was radio free europe?,"Length. 4:39. ""Radio Free Europe"" is a post-punk song by American alternative rock band R.E.M. ""Radio Free Europe"" was released as R.E.M.'s debut single on the short-lived independent record label Hib-Tone in 1981.",0,0,0,0,0,0
1107821,msmarco_passage_40_167980252,what was radio free europe?,"The CIA ended its involvement in Radio Free Europe’s financing and operation in 1971, and control was transferred to a Board for International Broadcasting appointed by the U.S. president. Radio Free Europe was merged with a similar broadcasting organization named Radio Liberty in 1976, creating what is still called Radio Free Europe/Radio Liberty (RFE/RL).",2,1,1,3,1,2
1107821,msmarco_passage_40_167979031,what was radio free europe?,"In the absence of unbiased media in the communist countries, Radio Free Europe provided its estimated 35 million listeners with news from around the world and, more important, from their own countries.",2,3,2,3,1,3
1107821,msmarco_passage_40_167979346,what was radio free europe?,"Because of its largely successful efforts to outwit communist censors and reach its listeners on a daily basis, Radio Free Europe is credited with having contributed significantly to the demise of communist regimes throughout eastern Europe.",2,1,1,3,2,3
1107821,msmarco_passage_40_167979702,what was radio free europe?,"Radio Free Europe first began transmitting from its headquarters in Munich, West Germany, on July 4, 1950, to Czechoslovakia. Soon it was transmitting to most of the Soviet-dominated countries and in 15 languages. The station was funded by the U.S. Congress through the Central Intelligence Agency (CIA). However, CIA involvement was kept secret until the late 1960s for fear of Soviet retaliation.",3,3,2,3,2,3
1107821,msmarco_passage_40_167978653,what was radio free europe?,"Radio Free Europe, also called Radio Free Europe/Radio Liberty (RFE/RL), radio broadcasting organization created by the United States government in 1950 to provide information and political commentary to the people of communist eastern Europe and the Soviet Union.",3,3,3,3,1,3
1107821,msmarco_passage_67_820258878,what was radio free europe?,"Radio Free Europe and Radio Liberty. Cold War International History Project. By A. Ross Johnson. Cold War Europe European Union North America. This is a collection of declassified U.S. Government (USG) documents pertaining to Radio Free Europe (RFE) and Radio Liberty (RL) and their parent organizations, the Free Europe Committee and the American Committee for Liberation from Bolshevism.",2,1,0,3,1,2
1107821,msmarco_passage_59_393061618,what was radio free europe?,"In rehearsal it's always easy to fall back on a midtempo, minor-key rock thing. And we try not to rely on that."". 8. 'Radio Free Europe'. Share. R.E.M. first recorded ""Radio Free Europe"" in 1981 as a single for Hib-Tone records, but two years later they re-recorded in 1983 for their debut LP Murmur.",2,0,0,0,0,1
1107821,msmarco_passage_20_544493761,what was radio free europe?,"Radio Free Europe/Radio Liberty. ""Radio Free Europe"" and ""Radio Liberty"" redirect here. For the R.E.M. song, see Radio Free Europe (song). For the UCKG UK radio station, see Liberty Radio. Not to be confused with Radio Freedom. Radio Free Europe/Radio Liberty ( RFE / RL) is a United States government-funded organization that broadcasts and reports news, information and analysis to countries in Eastern Europe, Central Asia, Caucasus and the Middle East where it says that ""the free flow of information is either banned by government authorities or not fully developed"".",3,3,3,3,2,3
1107821,msmarco_passage_09_775228106,what was radio free europe?,"This is the logo of Radio Farda which is the Iranian branch of the United States funded shortwave broadcasters Radio Free Europe and Radio Liberty. 
Radio Free Asia. This is the logo of United States Government funded shortwave radio station Radio Free Asia. It's very similar to Radio Free Europe and Radio Liberty.",2,0,0,1,1,1
1107821,msmarco_passage_67_820255716,what was radio free europe?,"History and Public Policy Program Fellow;
Senior Adviser, Radio Free Europe/Radio Liberty; former Director, Radio Free Europe. Before his passing in February 2021, A. Ross Johnson was a Wilson Center History and Public Policy Fellow and Senior Advisor for Archives at RFE/RL. He was a former director of Radio Free Europe.",1,1,0,0,1,0
1107821,msmarco_passage_19_725582677,what was radio free europe?,"E. Radio Exterior de España (international section of Radio Nacional de España; Spain) Radio Free Europe/Radio Liberty - a non-profit organization in Prague, founded by the US-Government and the National Committee for a Free Europe.",3,2,2,3,1,3
1107821,msmarco_passage_13_612055334,what was radio free europe?,"11. Radio Free Europe / Radio Liberty. Washington, Prague, & More About Website Radio Free Europe / Radio Liberty is an international news and broadcast organization serving Central and Eastern Europe, the Caucasus, Central Asia, Russia, the Middle East and Balkan countries. Website rferl.org.",2,2,2,3,2,2
1107821,msmarco_passage_52_101648909,what was radio free europe?,"subject to sections 8334 (c) and 8339 (i) of this title, service in any capacity of at least 130 days (or its equivalent) per calendar year performed after July 1, 1946, for the National Committee for a Free Europe; Free Europe Committee, Incorporated; Free Europe, Incorporated; Radio Liberation Committee; Radio Liberty Committee; subdivisions of any of those organizations; Radio Free Europe/Radio Liberty, Incorporated, Radio Free Asia; the Asia Foundation; or the Armed Forces Network, Europe (AFN–E), but only if such service is not credited for benefits under any other retirement system which is established for such entities and funded in whole or in part by the Government and only if the individual later becomes subject to this subchapter;",0,0,0,0,0,1
1107821,msmarco_passage_20_544498036,what was radio free europe?,"References. ^ ""Inspection of Radio Free Europe/Radio Liberty"" (PDF). Office of Inspector General (United States). United States Department of State. 2017. Retrieved 7 December 2020. ^ ""RFE/RL – Radio Free Europe/Radio Liberty – Source description"". European Country of Origin Information Network. 26 June 2020.",0,0,0,0,1,0
1107821,msmarco_passage_39_21614560,what was radio free europe?,"Radio Free Europe / Radio Liberty. Radio Free Europe/Radio Liberty (RFE/RL) is a private, nonprofit, multimedia broadcasting corporation that serves as a surrogate media source in 27 languages and in 23 countries, including Afghanistan, Iran, Pakistan, Russia, and Ukraine.",2,2,1,3,2,2
1107821,msmarco_passage_41_591559901,what was radio free europe?,"Even electricity is not a necessity for battery operated and hand-cranked radios. Radio Free Europe (RFE) was originally started during the Cold War with a single broadcast to communist Czechoslovakia out of New York City in 1950. Now, 60 years later, they broadcast in 21 countries using 28 different languages.",3,2,3,3,1,3
1107821,msmarco_passage_31_859330905,what was radio free europe?,"Radio Free Europe/Radio Liberty (RFE/RL) as a broadcasting organization was founded as an anti-communist news source in 1949 by the National Committee for a Free Europe, as part of a large-scale Psychological Operation during the Cold War. RFE/RL received funds from the Central Intelligence Agency until 1972.",3,3,3,3,2,3
1107821,msmarco_passage_45_848744528,what was radio free europe?,"10. Pirate American Radio. The National Committee for a Free Europe, whose greatest legacy is Radio Free Europe, was created with the CIA to combat communism in Europe. From 1949 on, the United States government funded the broadcast, which pulsed out throughout the Eastern Bloc states as a Cold War tactic.",3,3,2,3,1,3
1107821,msmarco_passage_26_865036706,what was radio free europe?,"Along with the broadcasts of the British Broadcasting Corporation and the Voice of America to Central and Eastern Europe, a major propaganda effort begun in 1949 was Radio Free Europe/Radio Liberty, dedicated to bringing about the peaceful demise of the Communist system in the Eastern Bloc.",3,3,2,3,2,3
1107821,msmarco_passage_20_544494898,what was radio free europe?,"During the Cold War, Radio Free Europe (RFE) was broadcast to Soviet satellite countries (including the Baltic states) and Radio Liberty (RL) targeted the Soviet Union. RFE was founded as an anti-communist propaganda source in 1949 by the National Committee for a Free Europe. RL was founded two years later and the two organizations merged in 1976.",3,3,3,3,2,3
1107821,msmarco_passage_20_327717234,what was radio free europe?,"From Wikipedia, the free encyclopedia. Jump to navigation Jump to search. License-free radio in UK & Europe. Motorola TA288 PMR446 licence-free radio. Motorola TLKR T40 radio tuned to PMR channel 1. PMR446 (Private Mobile Radio, 446 MHz) is a licence exempt service in the UHF radio frequency band and is available for business and personal use in most countries throughout the European Union.",0,0,0,0,0,0
1107821,msmarco_passage_20_544495826,what was radio free europe?,"Radio Free Europe. RFE played a significant role in the collapse of communism and the development of democracy in Europe. Unlike government censored programs, RFE publicized anti-Soviet protests and nationalist movements.",2,3,1,3,2,3
1109840,msmarco_passage_66_809521360,what law is concerned with the safety and health conditions in the majority of private-sector industries?,OSH Act Home Safety Act Occupational Health Act  Workplace Safety Act. What law is concerned with the safety and health conditions in the majority of private-sector industries?,2,1,1,3,1,3
1109840,msmarco_passage_10_696727361,what law is concerned with the safety and health conditions in the majority of private-sector industries?,OSH Act Home Safety Act Occupational Health Act  Workplace Safety Act. Occupational Safety and Health (OSH) Act is concerned with the safety and health conditions in the majority of private-sector industries. s. Expert answered| bheng2x |Points 47|. Log in for more information.,3,3,3,3,1,3
1109840,msmarco_passage_54_864985268,what law is concerned with the safety and health conditions in the majority of private-sector industries?,"http://www.ilga.gov/legislation/ilcs/ilcs3.asp?ActID=2466&ChapterID=21. Private-sector workers in Illinois are also covered by OSHA, the federal law that prohibits retaliation against employees for reporting workplace health and safety concerns.",2,1,1,2,1,2
1109840,msmarco_passage_66_809521662,what law is concerned with the safety and health conditions in the majority of private-sector industries?,Occupational Safety and Health (OSH) Act is concerned with the safety and health conditions in the majority of private-sector industries. g. Expert answered| bheng2x |Points 47|. Log in for more information. Question.,3,3,3,3,2,3
1109840,msmarco_passage_08_339883820,what law is concerned with the safety and health conditions in the majority of private-sector industries?,"http://www.ilga.gov/legislation/ilcs/ilcs3.asp?ActID=2466&ChapterID=21. Private-sector workers in Illinois are also covered by OSHA, the federal law that prohibits retaliation against employees for reporting workplace health and safety concerns.",2,2,1,2,1,2
1109840,msmarco_passage_53_4236873,what law is concerned with the safety and health conditions in the majority of private-sector industries?,Workplace Safety Regulations. Private Sector Workplace Safety & Health Regulations. Public Sector Workplace Safety & Health Regulations. Public Sector Workplace Safety Laws.,2,1,0,2,0,2
1109840,msmarco_passage_54_156735560,what law is concerned with the safety and health conditions in the majority of private-sector industries?,Poster Description. Job Safety Law. Maryland Occupational Safety and Health Act (Private Sector) Employers in the Private Sector. The poster includes information on safety and health in the workplace. Job Safety Law. Maryland Occupational Safety and Health Act (Public Sector) Employers in the Public Sector.,1,1,1,1,0,1
1109840,msmarco_passage_44_115337209,what law is concerned with the safety and health conditions in the majority of private-sector industries?,"Workplace Safety and Health. The Occupational Safety and Health (OSH) Act is administered by the Occupational Safety and Health Administration (OSHA). Safety and health conditions in most private industries are regulated by OSHA or OSHA-approved state programs, which also cover public sector employers.",3,3,3,3,2,3
1109840,msmarco_passage_26_615703467,what law is concerned with the safety and health conditions in the majority of private-sector industries?,"The Occupational Safety and Health Act. February 4, 2015 by: Content Team. The primary federal law that governs health and safety practices in both governmental industries and the private sector, the Occupational Safety and Health Act works to ensure that all employers keep their employees safe in the workplace.",3,3,3,3,2,3
1109840,msmarco_passage_14_545088589,what law is concerned with the safety and health conditions in the majority of private-sector industries?,"OSHA is responsible for setting workplace safety laws, which every private sector business in the country is required to follow. If an employee encounters a health or safety concern, the employee has the right to file a complaint report with OSHA confidentially, and without reprisal from the employer. The agency will then investigate the employee's concerns.",1,1,1,1,1,3
1109840,msmarco_passage_56_152854308,what law is concerned with the safety and health conditions in the majority of private-sector industries?,"This labor law was passed to encourage safer work conditions in most private sector workplaces for employers and employees in the US. When the Occupational Safety and Health Act was created and passed, Congress created the Occupational Health and Safety Administration, or OSHA, in order to assure safe and healthy working conditions for employees.",3,3,3,3,1,3
1109840,msmarco_passage_20_263290543,what law is concerned with the safety and health conditions in the majority of private-sector industries?,"Introduced in the Senate as S. 2193. Passed the Senate on November 17, 1970 ( 83-3) Reported by the joint conference committee on December 17, 1970; agreed to by the House on December 17, 1970 ( 310-58) and by the on. Signed into law by President Richard M. Nixon on December 29, 1970. Major amendments. Safety Appliance Act. The Occupational Safety and Health Act of 1970 is a US labor law governing the federal law of occupational health and safety in the private sector and federal government in the United States.",3,3,3,3,2,3
1109840,msmarco_passage_20_263302454,what law is concerned with the safety and health conditions in the majority of private-sector industries?,"Introduced in the Senate as S. 2193. Passed the Senate on November 17, 1970 ( 83-3) Reported by the joint conference committee on December 17, 1970; agreed to by the House on December 17, 1970 ( 310-58) and by the on. Signed into law by President Richard M. Nixon on December 29, 1970. Major amendments. Safety Appliance Act. The Occupational Safety and Health Act of 1970 is a US labor law governing the federal law of occupational health and safety in the private sector and federal government in the United States.",3,3,3,3,2,3
1109840,msmarco_passage_03_52331757,what law is concerned with the safety and health conditions in the majority of private-sector industries?,Small Business. |. Business & Workplace Regulations. |. Health. By Elizabeth Erikson. The health care sector has more workplace-related illnesses and injuries than any other industry. The National Institute of Safety and Health was created in 1970 as a branch of the Centers for Disease Control and Prevention to set workplace standards in the health care sector.,1,0,0,0,1,0
1109840,msmarco_passage_39_614134413,what law is concerned with the safety and health conditions in the majority of private-sector industries?,"Therefore, private sector workplaces are regulated by the federal standards. The state has adopted by reference the federal safety standards (except ionizing and nonionizing radiation) for public sector employers and has adopted its own stricter requirements for employee rights to refuse work, employee medical records, injury and illness records, and for penalties.",1,1,0,1,0,1
1109840,msmarco_passage_68_847343233,what law is concerned with the safety and health conditions in the majority of private-sector industries?,Required For: All Public Sector Employers​. This law provides workplace safety and health protections for public employees through enforcement of occupational safety and health standards and education about safe working conditions and occupational hazards.,0,0,0,0,1,0
1109840,msmarco_passage_10_417811355,what law is concerned with the safety and health conditions in the majority of private-sector industries?,"The nation's main workplace safety and health law is the Occupational Safety and Health Act of 1970, which requires all private-sector employers to furnish a safe workplace, free of recognized hazards, to their employees, and requires employers and employees to comply with occupational safety and health standards adopted by the U.S. Department of Labor's OSHA division (for the main duty clause of OSHA, see 29 U.S.C. § 654 ).",3,3,3,3,2,3
1109840,msmarco_passage_65_153889578,what law is concerned with the safety and health conditions in the majority of private-sector industries?,"The nation's main workplace safety and health law is the Occupational Safety and Health Act of 1970, which requires all private-sector employers to furnish a safe workplace, free of recognized hazards, to their employees, and requires employers and employees to comply with occupational safety and health standards adopted by the U.S. Department of Labor's OSHA division (for the main duty clause of OSHA, see 29 U.S.C. § 654 ).",3,3,3,3,3,3
1109840,msmarco_passage_44_115537575,what law is concerned with the safety and health conditions in the majority of private-sector industries?,OSHA administers the Occupational Safety and Health (OSH) Act. Safety and health conditions in most private industries are regulated by OSHA or OSHA-approved state plans.,3,3,3,3,2,3
1109840,msmarco_passage_36_667854016,what law is concerned with the safety and health conditions in the majority of private-sector industries?,"OSHA sets and enforces safe working standards by offering training, outreach and education. OSHA Act. A US labor law that governs occupational health and safety standards in both the public and private sectors. This law was passed in 1970, after growing awareness of workplace safety issues reached its peak.",3,3,3,3,2,3
1109840,msmarco_passage_50_828441468,what law is concerned with the safety and health conditions in the majority of private-sector industries?,"The Occupational Safety and Health Administration (OSHA) is a part of the United States Department of Labor formed by the OSH Act. They govern the health and safety of certain public sector employers and workers as well as the majority of private sector businesses. OSHA is oftentimes perceived as a pest in high-risk industries like construction and manufacturing, where an OSHA inspector can arrive with little notice to assure compliance with OSHA rules, regulations, and record retention requirements.",3,3,2,3,2,3
1109840,msmarco_passage_26_589710183,what law is concerned with the safety and health conditions in the majority of private-sector industries?,"If you're working in the United States, the answer is probably a resounding ""yes,"" as the Occupational Safety and Health Act covers the majority of private sector employees and workers in all 50 U.S. states and territories under federal jurisdiction.",3,3,3,3,2,3
1109840,msmarco_passage_42_614604480,what law is concerned with the safety and health conditions in the majority of private-sector industries?,"Other Questions/Answers. OSHA is an acronym for the Occupational Safety and Health Administration, a governmental agency part of the United States Department of Labor. The agency was established under the Occupational Safety and Health Act, an act signed into law by President Nixon in 1970. The majority of private sector and employers are covered by the OSHA act, as well as a number of public sector employers and workers in the 50 states and certain territories and jurisdictions under federal authority (such as the District of Columbia, Puerto Rico, the Virgin Islands, etc.).",3,3,3,3,2,3
1110996,msmarco_passage_21_93073780,what is the role of t tubules,"With membranes that contain large concentrations of ion channels, transporters, and pumps, T-tubules permit rapid transmission of the action potential into the cell, and also play an important role in regulating cellular calcium concentration.",3,3,3,3,2,3
1110996,msmarco_passage_21_97542705,what is the role of t tubules,"Therefore, even if the concentration of calcium outside the cell falls ( hypocalcaemia ), the concentration of calcium within the T-tubule remains relatively constant, allowing cardiac contraction to continue. As well as T-tubules being a site for calcium entry into the cell, they are also a site for calcium removal.",3,3,2,3,2,2
1110996,msmarco_passage_21_352547692,what is the role of t tubules,"With membranes that contain large concentrations of ion channels, transporters, and pumps, T-tubules permit rapid transmission of the action potentialinto the cell, and also play an important role in regulating cellular calcium concentration.",3,3,3,3,3,3
1110996,msmarco_passage_00_560151626,what is the role of t tubules,"Proteins Present in the T-Tubule Membrane. The function of the t-tubules depends not only on their structure but also on the proteins within, and adjacent to, the t-tubule membrane. Immunohistochemical techniques have been widely used to investigate the location of proteins within cardiac ventricular myocytes.",2,1,1,3,1,2
1110996,msmarco_passage_18_289821467,what is the role of t tubules,"The functions of T-tubules include rapidly transmitting electrical impulses known as action potentialsfrom the cell surface to the cell's core, and helping to regulate the concentration of calcium within the cell in a process known as excitation-contraction coupling.",3,3,3,3,2,3
1110996,msmarco_passage_21_93063757,what is the role of t tubules,"With membranes that contain large concentrations of ion channels, transporters, and pumps, T-tubules permit rapid transmission of the action potential into the cell, and also play an important role in regulating cellular calcium concentration.",3,3,3,3,2,3
1110996,msmarco_passage_29_163398597,what is the role of t tubules,"Because the diameter of a muscle fiber can be up to 100 μ m, the T-tubules ensure that the action potential on the membrane can get to the interior of the cell and close to the SR throughout the sarcoplasm. The arrangement of a T-tubule with the membranes of SR on either side is called a triad ( Figure 10.3.2 ).",3,3,3,3,3,3
1110996,msmarco_passage_21_352552500,what is the role of t tubules,"The importance of T-tubules is not solely due to their concentration of L-type calcium channels, but lies also within their ability to synchronise calcium release within the cell. The rapid spread of the action potential along the T-tubule network activates all of the L-type calcium channels near-simultaneously.",3,3,2,3,3,3
1110996,msmarco_passage_01_139310248,what is the role of t tubules,"T-tubules ( transverse tubules) are extensions of the cell membrane that penetrate into the centre of skeletal and cardiac muscle cells. With membranes that contain large concentrations of ion channels, transporters, and pumps, T-tubules permit rapid transmission of the action potential into the cell, and also play an important role in regulating cellular calcium concentration.",3,3,3,3,3,3
1110996,msmarco_passage_21_97535805,what is the role of t tubules,"With membranes that contain large concentrations of ion channels, transporters, and pumps, T-tubules permit rapid transmission of the action potential into the cell, and also play an important role in regulating cellular calcium concentration.",3,3,3,3,2,3
1110996,msmarco_passage_01_821618010,what is the role of t tubules,"Renal tubule is also called the uriniferous tubule. It starts from the glomerulus capsule and ends at the renal papilla. Renal tubule is divided into four parts, namely the proximal convoluted tubule, loop of Henle, distal convoluted tubule, and collecting duct. Each region has unique role in urine production.",2,1,1,0,0,1
1110996,msmarco_passage_26_213057253,what is the role of t tubules,"Renal tubule is also called the uriniferous tubule. It starts from the glomerulus capsule and ends at the renal papilla. Renal tubule is divided into four parts, namely the proximal convoluted tubule, loop of Henle, distal convoluted tubule, and collecting duct. Each region has unique role in urine production.",1,1,1,0,0,2
1110996,msmarco_passage_11_677770223,what is the role of t tubules,"T-tubules. At some places along the length of the fiber, the sarcolemma invaginates into the cytoplasm to form transverse tubules called T-tubules. Each T-tubule is connected with smooth endoplasmic reticulum on either side to form a triad. These triads serve a special role in the contraction of skeletal muscles.",3,2,1,3,2,3
1110996,msmarco_passage_40_135401782,what is the role of t tubules,"Read More. renal collecting tubule. In renal collecting tubule. …the tubules are composed of microvilli, as well as cells with hairlike projections (sensory cilia) that play a role in the tubule’s response to hormones. Hydrostatic pressure helps to move secretions through the tubes.",0,0,0,0,0,0
1110996,msmarco_passage_59_128236452,what is the role of t tubules,The role of kidneys. The kidney tubules have a large capacity to reabsorb and use ketone bodies. The reabsorption of ketones in proximal tubules occurs via sodium-dependent monocarboxylate transporters (SMCT1 and SMCT2) which is dependent on sodium gradient (lumen to proximal tubule).,0,0,1,2,0,0
1110996,msmarco_passage_03_170142802,what is the role of t tubules,"The Role of PTH in the Regulation of Calcium. It's important to know that a hormone in your body, called parathyroid hormone, or PTH for short, plays a role in the distal and proximal convoluted tubules. Recall that the majority of calcium is reabsorbed, through passive means, in the proximal convoluted tubule.",2,2,0,2,0,0
1110996,msmarco_passage_42_64485563,what is the role of t tubules,"The role of dentin tubules is to help you feel sensations in your teeth. That's also why they're often blamed for hypersensitivity in people's teeth. As you read on, we'll look into what dentin tubules are and their function, how they should flow, and how to manage hypersensitivity caused by them.",3,3,3,3,0,3
1110996,msmarco_passage_42_68844033,what is the role of t tubules,"The role of dentin tubules is to help you feel sensations in your teeth. That's also why they're often blamed for hypersensitivity in people's teeth. As you read on, we'll look into what dentin tubules are and their function, how they should flow, and how to manage hypersensitivity caused by them.",3,3,3,3,0,3
1110996,msmarco_passage_02_435118785,what is the role of t tubules,"2 3 7 Outline The Role Of The Hormones Aldosterone And Adh A. The role of aldosterone and ADH. Hormones are chemical control substances that are secreted by endocrine (ductless) glands, directly into the bloodstream. The travel via the blood, to the target cell – after which the target cell responds. Adjustments to the concentration of water and salts within the urine takes place mainly in the distal parts of the tubules and in the collecting tubules, by altering the permeability of the membranes of cells lining the nephron walls.",1,0,1,1,0,0
1110996,msmarco_passage_60_174781258,what is the role of t tubules,"ABP has high affinity for 5α-DHT (Ka = 1.25 × 10 9 /M) and testosterone ( Ka = 0.5 × 10 9 /M); rapid dissociation of testosterone from ABP (6 min) is consistent with a role for ABP as a carrier molecule for testosterone. In addition to its role as a carrier molecule, ABP has been suggested to be an androgen sink in the seminiferous tubules of the testis, 679 since the concentration of androgens in the seminiferous tubules needs to be higher than that in the peripheral circulation in order to maintain spermatogenesis 680–682 (see also Chapter 16 ).",0,0,1,0,0,0
1110996,msmarco_passage_15_55520294,what is the role of t tubules,"The distal convoluted tubule is the nephron segment that lies immediately downstream of the macula densa. Although short in length, the distal convoluted tubule plays a critical role in sodium, potassium, and divalent cation homeostasis. Recent genetic and physiologic studies have greatly expanded our understanding of how the distal convoluted tubule regulates these processes at the molecular level.",0,0,0,0,0,2
1110996,msmarco_passage_15_55533193,what is the role of t tubules,"The distal convoluted tubule is the nephron segment that lies immediately downstream of the macula densa. Although short in length, the distal convoluted tubule plays a critical role in sodium, potassium, and divalent cation homeostasis. Recent genetic and physiologic studies have greatly expanded our understanding of how the distal convoluted tubule regulates these processes at the molecular level.",0,0,0,0,0,2
1110996,msmarco_passage_57_225980873,what is the role of t tubules,"Role of other Organs in Excretion. Disorders of the Excretory System. Summary. Human Excretory System – Kidneys, Urine Formation, Tubules: Proximal Convoluted Tubule (PCT), Henle’s Loop, Distal Convoluted Tubule (DCT), Collecting Duct. Source | Credits | Picture Credits: NCERT Science Textbooks Class 6-12.",2,1,0,0,0,1
1110996,msmarco_passage_33_621657024,what is the role of t tubules,"The distal convoluted tubule can be subdivided into the early and late sections, each with their own functions. This article will consider the functions of both sections of the distal convoluted tubule and the collecting duct. Early Distal Convoluted Tubule. The role of the early DCT is the absorption of ions, including sodium, chloride and calcium.",2,1,0,0,0,0
1110996,msmarco_passage_08_389114840,what is the role of t tubules,"Role of proximal tubules in the pathogenesis of kidney disease. The proximal tubules make up a significant portion of the kidneys; proximal tubule epithelial cells are the most populous cell type in the kidney, and carry out diverse regulatory and endocrine functions where numerous transporters are located. Under normal circumstances, more than two thirds of fil ….",2,0,1,2,0,2
1110996,msmarco_passage_55_115875048,what is the role of t tubules,"Role of proximal tubules in the pathogenesis of kidney disease. The proximal tubules make up a significant portion of the kidneys; proximal tubule epithelial cells are the most populous cell type in the kidney, and carry out diverse regulatory and endocrine functions where numerous transporters are located. Under normal circumstances, more than two thirds of fil ….",2,0,1,2,0,2
1110996,msmarco_passage_61_681928993,what is the role of t tubules,bundle of muscle fibers enclosed by a connective tissue sheath. The function of the T tubules in muscle contraction is to. transmit the action potential deep into the muscle cells. The sites where motor nerve impluse is transmitted from the never endings to the skeletal muscle cell membranes are the.,2,2,3,3,2,2
1110996,msmarco_passage_12_198818769,what is the role of t tubules,The purpose of t-tubules is to allow depolarization to quickly penetrate to the interior of the cell. The t-tubules help to bring the extracellular environment to all parts of the muscle cell more quickly which better coordinates muscle contraction. ...Show more.,3,3,2,3,3,3
1110996,msmarco_passage_21_641623966,what is the role of t tubules,"The functions of T-tubules include rapidly transmitting electrical impulses known as action potentialsfrom the cell surface to the cell's core, and helping to regulate the concentration of calcium within the cell in a process known as excitation-contraction coupling.",3,3,3,3,2,3
1110996,msmarco_passage_21_641534379,what is the role of t tubules,"The functions of T-tubules include rapidly transmitting electrical impulses known as action potentialsfrom the cell surface to the cell's core, and helping to regulate the concentration of calcium within the cell in a process known as excitation-contraction coupling.",3,3,3,3,2,3
1110996,msmarco_passage_30_604452674,what is the role of t tubules,t tubules function to. Facilitate cellular communication during muscle contraction. What is the role of Ca2+ in a muscle contraction. Binding to troponin which changed the conformation of the tropomyosin and permits the myosin to bind to actin. Wavelike contraction produced by smooth muscle is.,2,1,1,2,2,3
1110996,msmarco_passage_59_57183424,what is the role of t tubules,"By Staff Writer Last Updated Mar 24, 2020 5:20:01 PM ET. The primary duty of transverse tubules, or T-tubules, is to allow the conduction of electrical impulses. Transverse tubules exist as invaginations of sarcolemma, which are muscle fiber membranes. Transverse tubules comprise a triad, along with two parallel strands of sarcoplasmic reticulum, which varies in size and shape depending on muscle cell.",3,3,3,3,3,3
1110996,msmarco_passage_32_260065380,what is the role of t tubules,"T-tubules are invaginations of the plasma membrane, which are present exclusively in striated muscle. Their role is to maintain the SR calcium store under the tight control of membrane depolarization via the voltage sensor channel DHPR [ 2 ].",3,3,2,3,2,3
1110996,msmarco_passage_26_73009819,what is the role of t tubules,"The most recognized function of t-tubules is regulation of cardiac EC coupling by concentrating voltage-gated L-type calcium channels (LTCCs) and positioning them in close proximity to calcium sense and release channels, ryanodine receptors (RyRs), at the junctional membrane of sarcoplasmic reticulum (jSR).",3,3,2,3,2,3
1110996,msmarco_passage_09_376603013,what is the role of t tubules,"The predominant role of the collecting tubules is to reabsorb the final 8–9% of water, leaving approximately 1–2 litres of water to be excreted in the urine per day. The collecting tubule also reabsorbs sodium and secretes potassium under the control of aldosterone.",2,3,1,3,0,2
1110996,msmarco_passage_02_566603201,what is the role of t tubules,Now the AP travels down transverse tubules (T-tubules) and stimulates the sarcoplasmic reticulum to release calcium (Ca+2) into the muscle fiber. Calcium will play an important role within the sarcomere in initiating a muscle contraction (Fig. 2) 6.,3,3,3,3,2,3
1110996,msmarco_passage_00_560156240,what is the role of t tubules,"Coupling of Ca 2+ Entry and Ca 2+ Release. The data presented above suggest that ICa and NCX activity occur predominantly in the t-tubules, close to the RyR, implying that the t-tubules play a central role in Ca 2+ cycling and excitation-contraction coupling in cardiac ventricular myocytes.",3,3,3,3,3,3
1110996,msmarco_passage_00_612808760,what is the role of t tubules,"Role of calcium in the muscle fiber. In addition to depolarizing the fiber membrane, the action potential travels over the fiber’s network of tubules (T-tubules) to the interior of the cell. The arrival of an electrical charge causes the adjacent SR to release large quantities of stored calcium ions (Ca 2+ ) into the sarcoplasm.",3,2,2,3,2,3
1110996,msmarco_passage_25_260066666,what is the role of t tubules,"These tubules play a minor role in the tubular secretion of Nitrogenous wastes and Electrolytes. The functioning of the Proximal Convoluted Tubules is regulated by Autoregulatory Mechanisms. This mechanism is reactive to a variety of hormones including Aldosterone, Atrial Natriuretic Peptide, and Parathyroid hormone.",2,2,1,0,0,2
1111577,msmarco_passage_30_131174746,what is the meaning of the phrase jump on the bandwagon,"Why Do Writers Use “Jump on the bandwagon?”. Writers use “jump on the bandwagon” in the same way and for the same reasons that people use it in everyday conversation. It’s possible to use the phrase in a negative, positive, or neutral way.",2,1,1,1,1,2
1111577,msmarco_passage_12_181442295,what is the meaning of the phrase jump on the bandwagon,"Source (s): phrase 39 jumping bandwagon 39 mean: https://trimurl.im/b72/what-does-the-phrase-39-jum... Dowland. Lv 5. 1 decade ago. The phrase ""Jump/climb on the bandwagon"" means to start doing something because other people are doing it. Source (s): Longman Idioms Dictionary. imgram. Lv 4.",3,3,3,3,1,3
1111577,msmarco_passage_04_181794401,what is the meaning of the phrase jump on the bandwagon,"Asked by Wiki User. See Answer. Top Answer. Wiki User. Answered 2017-06-08 06:12:07. The phrase ""jumping on the bandwagon"" refers to the act of one following a trend, having an opinion, or performing an action that has recently become popular among many people.",3,3,3,3,2,3
1111577,msmarco_passage_57_75279844,what is the meaning of the phrase jump on the bandwagon,The meaning and origin of the expression: Jump on the bandwagon. Browse phrases beginning with: A B C D E F G H I J K L M N O P Q R S T UV W XYZ Full List.,0,3,0,3,0,3
1111577,msmarco_passage_45_771413389,what is the meaning of the phrase jump on the bandwagon,Jump on the Bandwagon. To jump on the bandwagon is a phrase used to refer to people who are doing whatever is popular or whatever others are doing. This phrase comes from a political age when political candidates would throw parades to drum up supporters.,2,3,2,3,3,3
1111577,msmarco_passage_47_543222397,what is the meaning of the phrase jump on the bandwagon,Jump on the Bandwagon. The phrase ‘Jump on the Bandwagon’ means to join in a popular activity.,3,3,3,3,2,3
1111577,msmarco_passage_57_75278708,what is the meaning of the phrase jump on the bandwagon,"What's the origin of the phrase 'Jump on the bandwagon'? The word bandwagon was coined in the USA in the mid 19th century, simply as the name for the wagon that carried a circus band.",1,1,0,1,0,1
1111577,msmarco_passage_30_169971847,what is the meaning of the phrase jump on the bandwagon,"The phrase “jump on the bandwagon” first appeared in American politics in 1848 when Dan Rice, a famous and popular circus clown of the time, used his bandwagon and its music to gain attention for campaign appearances.",2,1,0,1,1,1
1111577,msmarco_passage_30_131171717,what is the meaning of the phrase jump on the bandwagon,Jump on the bandwagon. “Jump on the bandwagon ” is a common English idiom that’s used to refer to people joining in with a popular trend. This might be something negative or positive depending on whose using the phrase and whose participating in the metaphorical jumping.,3,3,3,3,2,3
1111577,msmarco_passage_01_692921249,what is the meaning of the phrase jump on the bandwagon,"We welcome any campaign on safety issues, but we don't like the bandwagon-jumping of this organization. Note: Bandwagon is also used in other phrases such as someone's bandwagon is rolling, to mean that an activity or movement is getting increasing support.",2,1,1,2,0,1
1111577,msmarco_passage_25_376871867,what is the meaning of the phrase jump on the bandwagon,"We welcome any campaign on safety issues, but we don't like the bandwagon-jumping of this organization. Note: Bandwagon is also used in other phrases such as someone's bandwagon is rolling, to mean that an activity or movement is getting increasing support.",2,1,1,2,0,1
1111577,msmarco_passage_52_224642532,what is the meaning of the phrase jump on the bandwagon,The bandwagon fallacy is another addition to this list of types of logical fallacies. It is also perhaps one of the easiest to deduce. Most people will be familiar with the phrase ‘ jumping on the bandwagon ’. The bandwagon fallacy is essentially this but using it as a means of gaining support and credibility.,2,1,1,2,1,2
1111577,msmarco_passage_30_131172954,what is the meaning of the phrase jump on the bandwagon,"Meaning of “Jump on the bandwagon”. To “jump on the bandwagon” means that one is going to join in with prevailing public opinion or interest. For example, if a politician becomes quite popular, that popularity breeds more interest, more people want to be associated with what’s seen as the winning team. It’s also possible to see the phrase “jump off the bandwagon” in use when someone or a group of people realize that their initial willingness to join in with the majority was a mistake.",3,3,3,3,2,3
1111577,msmarco_passage_57_75277978,what is the meaning of the phrase jump on the bandwagon,"What's the meaning of the phrase 'Jump on the bandwagon'? Join a growing movement in support of someone or something, often in an opportunist way, when that movement is seen to have become successful.",2,3,3,3,2,3
1111577,msmarco_passage_30_131170422,what is the meaning of the phrase jump on the bandwagon,1 Meaning of “Jump on the bandwagon”. 2 When To Use “Jump on the bandwagon”. 3 Example Sentences With “Jump on the bandwagon”. 4 Why Do Writers Use “Jump on the bandwagon?”. 5 Origins of “Jump on the bandwagon”. 6 Related Idioms.,1,2,0,3,0,3
1111577,msmarco_passage_30_131168603,what is the meaning of the phrase jump on the bandwagon,"Although Barnum did not coin the word “bandwagon,” its use is intimately tied to the circus. During the 19th century, after seeing the way that circuses were able to attract a crowd as they moved through the streets, politicians began using bandwagons to a campaign. The word evolved naturally into the phrase “jump on the bandwagon” meaning to join in with a politician’s campaign and their stated plans.",3,3,2,3,1,3
1111577,msmarco_passage_22_234860495,what is the meaning of the phrase jump on the bandwagon,"It gets its name from the phrase “jump on the bandwagon”. In the past, politicians used to ride a bandwagon through the streets to gain attention and get people to vote for them, and people who supported a particular candidate would jump on their bandwagon. As such, its typical logical form is: X is popular.",2,3,2,3,0,3
1111577,msmarco_passage_50_831341103,what is the meaning of the phrase jump on the bandwagon,"They added music and bandwagons of their own to their campaigns, to encourage their supporters to “jump on the bandwagon”. However, the public was as cynical about politics back then as it is today and soon “jumping on the bandwagon” was a phrase that held negative connotations.",2,1,0,1,1,2
1111577,msmarco_passage_01_692922353,what is the meaning of the phrase jump on the bandwagon,"jump on the bandwagon. join others in doing something or supporting a cause that is fashionable or likely to be successful. Bandwagon was originally the US term for a large wagon able to carry a band of musicians in a procession. See also: bandwagon, jump, on. Farlex Partner Idioms Dictionary © Farlex 2017.",3,3,3,3,3,3
1111577,msmarco_passage_25_376872968,what is the meaning of the phrase jump on the bandwagon,"jump on the bandwagon. join others in doing something or supporting a cause that is fashionable or likely to be successful. Bandwagon was originally the US term for a large wagon able to carry a band of musicians in a procession. See also: bandwagon, jump, on. Farlex Partner Idioms Dictionary © Farlex 2017.",3,3,3,3,3,3
1111577,msmarco_passage_29_617232841,what is the meaning of the phrase jump on the bandwagon,"The term comes from the phrase ""jump on the bandwagon."". Historically, the bandwagon literally was a conveyance of the band attached to a circus; this wagon was also used to ferry successful political candidates and their followers during the campaign. The term is now associated with the idea of attaching yourself to a movement that looks likely to succeed.",3,3,3,3,2,3
1111577,msmarco_passage_25_397013521,what is the meaning of the phrase jump on the bandwagon,jump on the bandwagon. jump out. jump out at (one) jump out of. jump out of (one's) skin. jump out of (something) jump out of one's skin. jump out of skin. jump out of your skin.,0,0,0,0,0,1
1111577,msmarco_passage_26_809267999,what is the meaning of the phrase jump on the bandwagon,"For instance, “Everyone is voting for David, so definitely he is the best presidential candidate,” is intended to convince others. The term bandwagon means, to “jump on the bandwagon,” to follow what others are doing, or to conform. While listening to a politician, or reading a book, it is often observed that the speaker or the writer tries to encourage the audience to think or act in a particular way because others are doing that, despite having ideas and beliefs of their own.",3,3,2,3,2,3
1113361,msmarco_passage_10_696317784,what is prior restraint?,"Confirmed by jeifunk[6/20/2014 10:44:10 AM] s. Get an answer. Search for an answer or ask Weegy. what is prior restraint. Original conversation. User: what is prior restraint. Weegy: Prior restraint is censorship imposed, usually by a government, on expression before the expression actually takes place.",3,3,3,3,3,3
1113361,msmarco_passage_16_95653147,what is prior restraint?,"Prior Restraint Law and Legal Definition. A prior restraint is an official restriction of speech prior to publication. Prior restraint refers to an unconstitutional attempt to prevent publication or broadcast of any statement, which is restraint on free speech and free press prohibited by the First Amendment to the Constitution.",3,3,3,3,3,3
1113361,msmarco_passage_14_109599007,what is prior restraint?,"Further Explanation. The prior restraint is, therefore, defined as an expurgated review and restriction of a speech, art, writing, expressions and media by the government or authority, just before it is being presented to the public.",2,3,2,3,3,3
1113361,msmarco_passage_28_209125286,what is prior restraint?,"Prior restraint attempts have been unsuccessful. The maxim against prior restraint prohibits federal, state, and local governments from requiring a person to seek permission before publishing or speaking.",3,3,3,3,3,3
1113361,msmarco_passage_33_122464696,what is prior restraint?,"Instructor: Brittany McKenna. Show bio. Brittany is a licensed attorney who specializes in criminal law, legal writing, and appellate practice and procedure. Prior restraint is a form of unconstitutional government censorship occurring before the speech is made. This lesson provides an introduction to prior restraint and illustrates some of the ways in which the government censors expression.",3,2,3,3,3,3
1113361,msmarco_passage_01_758491694,what is prior restraint?,"With respect to both these types of prior restraint, the Supreme Court has written that “ [a]ny system of prior restraint of expression comes to this Court bearing a heavy presumption against its constitutional validity.”. Prior restraints, it has held, ""are the most serious and least tolerable infringement on First Amendment rights. . . .",2,3,2,3,1,3
1113361,msmarco_passage_14_109598586,what is prior restraint?,"For prior restraint to apply, the government must prove that the speech is clear and an identifiable danger. The term ''prior restraint'' connotes 'an early limit or a given restriction', which implies the necessary adjustment to a particular speech or expression needed for its presentation.",2,3,2,3,0,2
1113361,msmarco_passage_15_407177357,what is prior restraint?,"Often, issues of prior restraint are intertwined with the freedom of the press. Prior restraint issued by a court must be narrowly tailored and burden no more speech than necessary. Prior restraints are often considered the worst forms of censorship, partly because of how they work with the ‘collateral bar rule’.",2,2,1,3,1,3
1113361,msmarco_passage_01_758492175,what is prior restraint?,"A prior restraint, . . . by definition, has an immediate and irreversible sanction. If it can be said that a threat of criminal or civil sanctions after publication 'chills' speech, prior restraint 'freezes' it at least for the time. The damage can be particularly great when the prior restraint falls upon the communication of news and commentary on current events."".",2,3,2,3,0,3
1113361,msmarco_passage_01_758490364,what is prior restraint?,2. Statutory prior restraints. 3. Permissible prior restraints. 4. Prior restraints in copyright infringement cases. 5. References.,0,0,0,3,0,1
1113361,msmarco_passage_64_194926716,what is prior restraint?,"Key Takeaways: Prior Restraint. Prior restraint is the review and restriction of speech prior to its release. Under the First Amendment of the U.S. Constitution, which protects speech and freedom of the press, prior restraint is deemed unconstitutional. There are some exceptions to prohibitions against prior restraint, including obscenity and national security.",3,3,3,3,3,3
1113361,msmarco_passage_15_407175499,what is prior restraint?,"Nebraska’s prior restraint was upheld, but no other prior restraint like it has been upheld since. The question of whether or not a Court’s prior restraint of participants outside of the press – such as attorneys involved in the trial – has never been decided on. Nebraska Press Association v. Stuart (1976) Obscenity.",2,3,0,2,0,1
1113361,msmarco_passage_30_616567402,what is prior restraint?,"The Supreme Court's position on prior restraint of the press is that. prior restraint should be used fairly frequently in a democracy. prior restraint should apply only in rare circumstances, and it is better to hold the press responsible for what it has printed than to restrict what it may print.",2,3,1,3,0,2
1113361,msmarco_passage_15_407175011,what is prior restraint?,"First, there must be excessive publicity without the prior restraint, and this publicity will jeopardize fairness. Second, this must be a method of last resort – all other methods to achieve a fair trial must be ineffective. Lastly, the prior restraint must be workable and effective – an ineffective prior restraint will not be upheld.",1,1,0,1,0,1
1113361,msmarco_passage_64_194926047,what is prior restraint?,"Under prior restraint, a government or authority controls what speech or expression can be publicly released. Prior restraint has a history of being viewed as a form of oppression in the United States. The Founding Fathers had experienced the effects of prior restraint while under British rule, and they specifically used language in the First Amendment of the U.S. Constitution — freedom of speech and freedom of the press — to guard against prior restraint, which they felt was a violation of democratic principles.",3,3,3,3,2,3
1113361,msmarco_passage_02_24687249,what is prior restraint?,"One of the fundamental rights guaranteed by the First Amendment to the U.S. Constitution is the freedom from prior restraint. Derived from English Common Law, the rule against prior restraint prohibits government from banning expression of ideas prior to their publication. The rule against prior restraint is based on the principle that Freedom of the Press is essential to a free society.",3,3,3,3,3,3
1113361,msmarco_passage_26_565835758,what is prior restraint?,"One of the fundamental rights guaranteed by the First Amendment to the U.S. Constitution is the freedom from prior restraint. Derived from English Common Law, the rule against prior restraint prohibits government from banning expression of ideas prior to their publication. The rule against prior restraint is based on the principle that Freedom of the Press is essential to a free society.",3,3,3,3,3,3
1113361,msmarco_passage_02_24689891,what is prior restraint?,"Attempts by government to obtain a prior restraint have largely been unsuccessful. The rule against prior restraint was undisputed for much of U.S. history. The landmark case of near v. minnesota, 283 U.S. 697, 51 S. Ct. 625, 75 L. Ed. 1357 (1931), finally settled the issue, with the U.S. Supreme Court finding that the First Amendment imposed a heavy presumption against the validity of a prior restraint.",3,3,1,3,1,2
1113361,msmarco_passage_26_565838400,what is prior restraint?,"Attempts by government to obtain a prior restraint have largely been unsuccessful. The rule against prior restraint was undisputed for much of U.S. history. The landmark case of near v. minnesota, 283 U.S. 697, 51 S. Ct. 625, 75 L. Ed. 1357 (1931), finally settled the issue, with the U.S. Supreme Court finding that the First Amendment imposed a heavy presumption against the validity of a prior restraint.",3,3,1,3,1,3
1113361,msmarco_passage_33_122466742,what is prior restraint?,Gag orders are intended to ensure fair trial proceedings. Lesson Summary. Prior restraint is a form of censorship where the government prevents the publication of speech before the expression is made. Engaging in prior restraint constitutes a violation of the First Amendment. The primary exception to the prohibition of prior restraint of free expression is when the government censors speech for national security purposes.,3,3,3,3,3,3
1113361,msmarco_passage_01_758487571,what is prior restraint?,"The Supreme Court has written, in dictum, “that traditional prior restraint doctrine may not apply to commercial speech ,” and the Court has not ruled whether it does. “The vast majority of [federal] circuits . . . do not apply the doctrine of prior restraint to commercial speech .” “Some circuits [however] have explicitly indicated that the requirement of procedural safeguards in the context of a prior restraint indeed applies to commercial speech .”.",2,1,0,2,1,2
1113361,msmarco_passage_64_194925638,what is prior restraint?,"She has also worked at the Superior Court of San Francisco's ACCESS Center. our editorial process. Elianna Spitzer. Updated June 30, 2019. Prior restraint is a type of censorship in which speech or expression is reviewed and restricted before it occurs.",3,1,2,3,3,3
1113361,msmarco_passage_28_207314361,what is prior restraint?,Prior restraint is a form of censorship that allows the government to review the content of printed materials and prevent their publication. Most scholars believe that the First Amendment’s guarantee of freedom of the press includes the restriction of prior restraints.,3,3,2,3,3,3
1113361,msmarco_passage_52_91347567,what is prior restraint?,"434. DVD Copy Control Association, Inc. v. Bunner, 75 P.3d 1, 17 (Cal. 2003) (“ [a] prior restraint is a content-based restriction on speech prior to its occurrence,” id. at 17–18). Regarding the standard for content-neutral injunctions, see “Public Issue Picketing and Parading,” infra.",3,3,3,3,3,3
1113361,msmarco_passage_52_103225762,what is prior restraint?,"Definition. In First Amendment law, prior restraint is government action that prohibits speech or other expression before the speech happens. .",3,3,3,3,3,3
1113361,msmarco_passage_02_24688154,what is prior restraint?,"prior restraint. n. an attempt to prevent publication or broadcast of any statement, which is an unconstitutional restraint on free speech and free press (even in the guise of anti-nuisance ordinance). Stemming from the First Amendment to the Constitution, the ban on prior restraint allows publication of libel, slander, obvious untruths, anti-government diatribes, racial and religious epithets, and almost any material, except if public security or public safety is endangered (false claim of poison in the reservoir or exhortation to commit a crime like a lynching) and some forms of pornography.",3,3,1,3,3,3
1113361,msmarco_passage_26_565836663,what is prior restraint?,"prior restraint. n. an attempt to prevent publication or broadcast of any statement, which is an unconstitutional restraint on free speech and free press (even in the guise of anti-nuisance ordinance). Stemming from the First Amendment to the Constitution, the ban on prior restraint allows publication of libel, slander, obvious untruths, anti-government diatribes, racial and religious epithets, and almost any material, except if public security or public safety is endangered (false claim of poison in the reservoir or exhortation to commit a crime like a lynching) and some forms of pornography.",3,3,2,3,3,3
1113361,msmarco_passage_64_194927232,what is prior restraint?,"Prior Restraint Definition. Prior restraint is not limited to speech. It can impact all forms of expression including writing, art, and media. It legally takes the form of licenses, gag orders, and injunctions. The government might outright prevent public distribution of media, or place conditions on speech that make it difficult for it to occur.",3,3,3,3,2,3
1113361,msmarco_passage_31_544615024,what is prior restraint?,"THOMAS  I.  EMERSON*. The  concept  of  prior  restraint,  roughly  speaking,  deals  with  official  restrictions. imposed  upon  speech  or  other forms  of  expression  in  advance  of actual  publication. Prior restraint is thus distinguished  from  subsequent punishment, which  is  a  penalty. imposed  after the communication  has been made as a punishment for having made it.",3,3,3,3,3,3
1113361,msmarco_passage_41_660382296,what is prior restraint?,Prior restraint. Laws that call for prior restraint are basically censorship laws that prevent the publication of information before it is officially released. The most famous case in recent years involved the Pentagon Papers in 1971.,2,3,3,3,3,3
1113361,msmarco_passage_09_618972452,what is prior restraint?,"Restrictions. In some trials, judges issue gag orders, which restrict  what journalists can report about the trial. Prior restraint is  a governmental act that stops the publication of materials thought to be  damaging or slanderous; in recent years, the government has had a difficult  time exercising prior restraint.",2,2,2,3,2,3
1113361,msmarco_passage_61_260645694,what is prior restraint?,"Restrictions. In some trials, judges issue gag orders, which restrict  what journalists can report about the trial. Prior restraint is  a governmental act that stops the publication of materials thought to be  damaging or slanderous; in recent years, the government has had a difficult  time exercising prior restraint.",3,3,2,3,2,3
1117243,msmarco_passage_11_732991852,what helps u nails grow,"Lemon Juice. Lemon juice is loaded with vitamin C that can help boost the growth of nails and remove yellow nail stains. Lemon juice also contains bleaching properties. Therefore, it is not surprising when lemon juice is mentioned in a list of natural home remedies on how to grow nails faster.",3,3,2,3,2,3
1117243,msmarco_passage_36_414359973,what helps u nails grow,Related Search: how to grow nails faster | vaseline for nails | how to make your nails grow overnight | does vaseline help nails grow | vaseline for nail growth | how to strengthen nails overnight | how to grow nails overnight | vaseline on nails. See also :,1,1,0,2,2,1
1117243,msmarco_passage_13_8342907,what helps u nails grow,Contents. How garlic helps nails. Strengthen nails with lemon juice. Horsetail helps grow nails. More natural remedies to make nails grow. A healthy diet for healthy nails. Protect your hands.,3,3,2,3,2,3
1117243,msmarco_passage_33_48211830,what helps u nails grow,"How to. After many years of nail-biting, I decided to stop – again! But one thing is to stop nail biting. Another is to help your nails grow out again and get them back to a healthy state. This was something I had never thought about before. When you stop nail biting, things like filing your nails and trimming your cuticles, become important, as it will help your nails grow out nicely.",2,2,2,2,2,2
1117243,msmarco_passage_22_653310155,what helps u nails grow,"Conclusion. These home remedies are very effective and helps to grow nails overnight but you need to support them with healthy diet and good nail habits to make them stay long, thick and strong. Tags: How to grow nails faster How to grow nails faster naturally How to grow nails faster with home remedies How to grow nails overnight.",2,2,2,3,1,3
1117243,msmarco_passage_02_363957758,what helps u nails grow,"In addition, you could try corrective filling which can make your nail grow naturally as it needs to be and thereby help in avoiding any kind of damages to your nails. It would even help in ensuring that the nails grow in proper position and help in avoiding the nail plate from pinching and hitting the skin.",2,3,1,3,0,2
1117243,msmarco_passage_23_342669409,what helps u nails grow,"Also, broccoli helps your body absorb amino acids and protein, which further hasten how your nails grow. Mushrooms: Mushrooms are a rich source of biotin. Biotin, on the other hand, helps your nails grow longer by adding thickness to your nails. By doing so, your nails are less likely to split.",3,3,2,3,2,3
1117243,msmarco_passage_35_141391298,what helps u nails grow,"Restricting the nail into contact with water may help maintain moisture in the nail and reduce the risk of fracture. Many of you think that washing your hands is a cleansing process which helps your nails grow faster. However, to grow nails fast, you should dry your hands immediately after washing.",2,2,2,2,2,2
1117243,msmarco_passage_06_326098268,what helps u nails grow,"2. Softens Cuticles & Grows Nails. Soaking your nails in olive oil softens the cuticles and keeps your nails shiny. Extremely helpful for people with weak nails, olive oil for skin also helps in strengthening the nails whilst cuticles are kept soft and tender. It keeps your nails growing strong.",3,3,3,3,1,3
1117243,msmarco_passage_23_342670237,what helps u nails grow,"Tips for nails to grow faster. For your nails to grow super fast, you must learn to do away with practices that are detrimental to the health of your nails and then imbibe the culture of caring for them. Below are just a few tips to help you grow your nails faster than you least imagine. 1.",2,3,1,3,1,3
1117243,msmarco_passage_35_141392634,what helps u nails grow,The only requirement for you to apply this tip is to have a small nail part for the nail technician to put Acrylic on. This tip does not help the nails grow faster but will help camouflage and protect your fingertips and toes while the real nails grow back. 14. Apply Essential Oils To Your Nails.,1,1,1,1,2,1
1117243,msmarco_passage_64_559029609,what helps u nails grow,"As all cleaning agents do, toothpaste is also type of whitening agent. They help in removing stains from the surfaces. For all these reasons, toothpaste is being an agent of whitening may not help nails growing in any way, but may help clean or restore white colored nails. Also, applying it to nails and leaving it there for a long period of time will expect fingernails to grow out and remove moisture from your nails.",0,0,0,0,1,0
1117243,msmarco_passage_24_223390352,what helps u nails grow,"Take a multivitamin that contains iron, vitamins A and C, niacin, and calcium to help them grow out strong and healthy. Mixing a few drops of vitamin E and a teaspoon of melaleuca and massaging the skin around the nails will help stop the nail fungus causing onychorrhexis and help your nails grow stronger.",2,3,3,3,1,3
1117243,msmarco_passage_13_8344014,what helps u nails grow,"How garlic helps nails. Garlic is one of the most famous natural ingredients to help our nails grow. There are many ways to apply it. One of the simplest is to crush one or two large garlic cloves and place the paste on our nails for 10 minutes, if possible every day.This mix is excellent to prevent the formation of bacteria, improve circulation and naturally grow nails.",3,3,2,3,2,2
1117243,msmarco_passage_39_62811092,what helps u nails grow,"Only products that helps my apliting nails grow! July 1, 2012. Reviewer: Angie from Cincinnati. Develop 10 is the only nail product I have found to help my paper thin apliting nails grow. I have tried lots of products and this is, in my opinion, the best. I love it, and will continue to use it.",2,3,2,3,1,2
1117243,msmarco_passage_10_881791455,what helps u nails grow,"A healthy diet will help you feel better overall and will help your nails repair and grow well. Eat calcium and magnesium rich foods so that your nails will repair and grow well. Not only that, but most of the reason that the human body wants to bite nails is a lack of calcium and magnesium in the body.",3,3,3,3,1,3
1117243,msmarco_passage_67_670537535,what helps u nails grow,"A healthy diet will help you feel better overall and will help your nails repair and grow well. Eat calcium and magnesium rich foods so that your nails will repair and grow well. Not only that, but most of the reason that the human body wants to bite nails is a lack of calcium and magnesium in the body.",3,3,2,3,2,3
1117243,msmarco_passage_67_383702833,what helps u nails grow,"There are several things you can do to encourage your nails to grow. Basic daily care can help keep your nails strong and prevent damage. Certain foods, like red meats and nuts, encourage nail growth. Avoid bad habits, like picking at your nails, that could diminish growth. Steps.",3,3,2,3,2,3
1117243,msmarco_passage_53_403795779,what helps u nails grow,"First Recipe: Salt, Common Table Salt. The most often used and most common kitchen ingredient, salt, can help to grow your nails faster. One of the easiest tips to faster nail growth is to use table salt. Dissolve several pinches along with a tablespoon of olive oil into a bowl of warm water.",3,3,2,3,2,2
1117243,msmarco_passage_55_290719375,what helps u nails grow,Make Use of Orange Juice. Regular use of orange juice may also help promote nail growth. It works because it contains vitamin C that increases the production of collagen. It also provides you with folic acid that is important for nail growth. Simply take orange juice in a bowl and soak your nails in it for 10 minutes.,3,3,2,3,2,3
1117243,msmarco_passage_55_277808786,what helps u nails grow,Make Use of Orange Juice. Regular use of orange juice may also help promote nail growth. It works because it contains vitamin C that increases the production of collagen. It also provides you with folic acid that is important for nail growth. Simply take orange juice in a bowl and soak your nails in it for 10 minutes.,3,3,2,3,2,3
1117243,msmarco_passage_55_290716804,what helps u nails grow,"Get Essential Vitamins. The combination of protein and vitamins helps your nails to grow quickly. Some important vitamins are vitamin C, D, and A. Start taking chia oil gel caps to increase your intake of vitamin E and omega-3 fatty acids. Dairy products provide you with vitamin D, whereas kale, spinach, and kiwis are great sources of vitamin C.",3,3,2,3,2,3
1117243,msmarco_passage_55_277806215,what helps u nails grow,"Get Essential Vitamins. The combination of protein and vitamins helps your nails to grow quickly. Some important vitamins are vitamin C, D, and A. Start taking chia oil gel caps to increase your intake of vitamin E and omega-3 fatty acids. Dairy products provide you with vitamin D, whereas kale, spinach, and kiwis are great sources of vitamin C.",3,3,2,3,2,3
1117243,msmarco_passage_35_140472097,what helps u nails grow,"Lemon, garlic, and olive oil may accelerate the development of nails and prevent fungus growth while maintaining healthy, strong nails. Squeeze a lemon to get its juice. Take 3 garlic cloves to remove their skin. Add garlic, lemon juice, and a small amount of olive oil to a bowl and mix these ingredients well.",3,3,2,3,1,3
1117243,msmarco_passage_10_330843972,what helps u nails grow,"3. Orange Juice. Another remedy that can boost nail growth is orange juice. Its vitamin C content encourages the production of collagen and keeps your nails healthy. Also, it has folic acid, which is essential for nail growth. Soak your nails in fresh orange juice for at least 10 minutes.",3,3,2,3,2,3
1117243,msmarco_passage_22_635781276,what helps u nails grow,"1 Salmon. Certain protein sources such as salmon, that are rich in Vitamin D and protein, are some of the best superfoods to help your nails grow. Vitamin D is a powerful nutrient that helps the immune system, along with bone, skin and nail health. Protein that is found in salmon fuels the growth of nails by helping to manufacture collagen in the body, which helps skin, hair and nail growth.",3,3,2,3,2,3
1117243,msmarco_passage_01_310497040,what helps u nails grow,"1 Salmon. Certain protein sources such as salmon, that are rich in Vitamin D and protein, are some of the best superfoods to help your nails grow. Vitamin D is a powerful nutrient that helps the immune system, along with bone, skin and nail health. Protein that is found in salmon fuels the growth of nails by helping to manufacture collagen in the body, which helps skin, hair and nail growth.",3,3,2,3,2,2
1117243,msmarco_passage_01_310492187,what helps u nails grow,"Eating the right nutrients from certain foods can increase the rate at which your hair and nails grow, along with their strength and overall healthiness. The following superfoods to help your nails grow are rich in certain vitamins that give your nails length and strength. A nice little bonus to eating these foods is they also give you a great body naturally, a healthy heart, and prevent depression by containing so many brain-boosting nutrients!",3,3,2,3,1,3
1117243,msmarco_passage_22_635776423,what helps u nails grow,"Eating the right nutrients from certain foods can increase the rate at which your hair and nails grow, along with their strength and overall healthiness. The following superfoods to help your nails grow are rich in certain vitamins that give your nails length and strength. A nice little bonus to eating these foods is they also give you a great body naturally, a healthy heart, and prevent depression by containing so many brain-boosting nutrients!",3,3,1,3,1,2
1117243,msmarco_passage_37_509408647,what helps u nails grow,"With a Nail growth serum, the clue is in the title. It helps nails grow! A Serum is actually a formulated, and quite a thick mixture and blends of ingredients that are scientifically proven to improve the rate in which your nails can grow.",2,3,3,3,2,3
1117243,msmarco_passage_48_672762490,what helps u nails grow,Home remedies for nail growth. There is no scientifically proven method for making nails grow faster. But taking good care of your body through proper nutrition and using the following tips to strengthen your nails can help them grow strong and long over time. 1. Take biotin.,3,2,2,3,2,2
1117243,msmarco_passage_32_523684556,what helps u nails grow,10 super foods that make your nails grow stronger and faster: 1. Milk. Milk is high in calcium which strengthens your nails and helps to make them grow faster. Try to aim for at least one glass per day. Lack of calcium in the body can cause your nails to become dry and brittle. 2.,3,3,1,3,2,3
1117243,msmarco_passage_13_8345348,what helps u nails grow,"Horsetail helps grow nails. Horsetail is a medicinal plant used frequently for aesthetic purposes. And it is a great ingredient to help grow your nails naturally. Prepare an infusion of horsetail, leave to cool, and dip nails in the solution for 15 minutes. You should repeat this procedure several times a week to achieve best results.",3,3,2,3,2,3
1117243,msmarco_passage_24_128369226,what helps u nails grow,"Sure, you can use topical creams and strengthening nail polishes to help your nails grow, but the best way to have good nails is to start from within. Fingernails need proper nutrition to grow, and calcium is one of the minerals that can help. Milk is high in calcium, but you do need to watch the fat. You don't want to solve one problem just to create another.",2,3,2,3,2,3
1117243,msmarco_passage_23_342794604,what helps u nails grow,"Toothpaste does not in any way help nails grow. The only thing it can do for your nails is to make them whiter than the way they are. To whiten your nails, what you need do is to brush the surface of your nails and underneath with a brush containing toothpaste.",0,1,0,2,1,1
1117243,msmarco_passage_23_342471482,what helps u nails grow,"Conclusion On Does Toothpaste Help Your Nails Grow. There may be lots of things which you can use to grow your nails, but toothpaste is certainly not part of it, and that’s what I’ve been able to prove in this article.",1,1,1,3,1,1
1118716,msmarco_passage_62_805891320,what does karl marx say about the nature of man,"Marx believed there was a natural political progression from feudalism to capitalism to communism. According to Erich Fromm's essay “Marx's Concept of Man,” Karl Marx indicated that people are social beings rather than isolated individuals.",2,2,2,2,2,2
1118716,msmarco_passage_13_70612212,what does karl marx say about the nature of man,"In that respect, the libertarian who thinks the Soviet economic system was against man’s nature is in some small way a wee bit Marxist himself. Published: October 18, 2013. Filed Under: Politics. Tags: Alienation : Capitalism : Human Nature : Karl Marx : Marxism : Philosophy : Theory of History.",1,1,0,1,1,1
1118716,msmarco_passage_38_591082748,what does karl marx say about the nature of man,"Karl Marx. Communication, Order, Political. Karl Marx (2015). “Manifesto of the Communist Party”, p.40, Booklassic. 15 Copy quote. Catch a man a fish, and you can sell it to him. Teach a man to fish, and you ruin a wonderful business opportunity. Karl Marx. Motivational, Business, Humorous.",0,0,0,0,1,0
1118716,msmarco_passage_03_661800358,what does karl marx say about the nature of man,KEY TOPICS. For Karl Marx the whole Industrial Revolution simply consisted of the exploitation of the workers by the capitalists. [1] . About the only good thing Karl Marx had to say about the industrial revolution was that it was an integral phase in the evolution of man towards the ideal society he envisioned. [2] .,1,1,1,1,1,1
1118716,msmarco_passage_32_17192503,what does karl marx say about the nature of man,"Robert Owen and Karl Marx would have said sounds like a good thing. 19. Karl Marx and Friedrich Engels attached much importance to agricultural natural disasters. 20. The young Karl Marx , prophetically discerned the inhumane alternation involved in modern industry. 21.",0,0,0,0,1,0
1118716,msmarco_passage_20_738724479,what does karl marx say about the nature of man,"Karl Marx. In Marx's theory of alienation, he states that self-estrangement is the feeling of being alienated from people and things around you. Karl Marx's theory focused more on the self-estrangement aspect in man's work. He further explain it by saying that self-estrangement is the alienation of man from himself and his feelings, man's loss of purpose, objectification of himself to think he isn't good enough and realization of that.",2,2,1,3,2,2
1118716,msmarco_passage_15_95579322,what does karl marx say about the nature of man,"Marx believed there was a natural political progression from feudalism to capitalism to communism. According to Erich Fromm's essay “Marx's Concept of Man,” Karl Marx indicated that people are social beings rather than isolated individuals.",2,2,2,2,1,2
1118716,msmarco_passage_38_811561620,what does karl marx say about the nature of man,"How Did Karl Marx Alienation. 10249 Words | 41 Pages. Karl Marx: Life and Times Born in Trier, Germany in 1818 Karl Marx hailed from a prosperous Jewish family. His father, Heinrich Marx, practiced law and was a man of honour.",0,0,0,0,1,0
1118716,msmarco_passage_19_863525564,what does karl marx say about the nature of man,"Philosophy portal. Socialism portal. v. t. e. There is no specific Marxist philosophy of nature as Karl Marx did not conceive of nature as separate from society. As the young Marx exposed in the Economic and Philosophical Manuscripts of 1844, labour transforms nature which becomes the ""inorganic body"" of man.",2,3,1,2,2,2
1118716,msmarco_passage_35_218674391,what does karl marx say about the nature of man,"Karl Marx in ""Bluff"". 2. Karl Marx in A World of Difference. 3. Karl Marx in The Gladiator. 4. Karl Marx in Worldwar. 5. Karl Marx in The War That Came Early.",0,0,0,0,1,0
1118716,msmarco_passage_22_54723452,what does karl marx say about the nature of man,"It is man, real, living man who does all that, who possesses and fights; ‘history’ is not, as it were, a person apart, using man as a means to achieve its own aims; history is nothing but the activity of man pursuing his aims.”. ― Karl Marx. 13. “History is the judge — its executioner, the proletarian.”. ― Karl Marx.",1,1,1,2,1,2
1118716,msmarco_passage_05_508078172,what does karl marx say about the nature of man,"Examples of natural science in a Sentence. Karl Marx: Natural science will in time incorporate into itself the science of man, just as the science of man will incorporate into itself natural science: there will be one science. von Weizsacker: Nature is earlier than man, but man is earlier than natural science.",1,1,1,1,1,1
1118716,msmarco_passage_61_664046466,what does karl marx say about the nature of man,"The study on alienation in conjunction with the micro-study on Marx's view of freedom will help not only reveal why Marx feels labor limits mans freedom, but it will also identify exactly what kind of freedom is being limited. Karl Marx identifies estranged labor as labor alien to man. Marx explains the condition of estranged labor as the result of man participating in an institution alien to his nature.",2,2,1,2,2,2
1118716,msmarco_passage_20_738721519,what does karl marx say about the nature of man,"Jump to navigation Jump to search. Self-estrangement is the idea conceived by Karl Marx in Marx's theory of alienation and Melvin Seeman in his five logically distinct psychological states that encompasses alienation. As spoken by Marx, self-estrangement is ""the alienation of man's essence, man's loss of objectivity and his loss of realness as self-discovery, manifestation of his nature, objectification and realization"".",2,2,2,2,2,2
1118716,msmarco_passage_07_847844617,what does karl marx say about the nature of man,"If man is shaped by his surroundings, his
   surroundings must be made human. If man is social by nature, he will develop
   his true nature only in society, and the strength of his nature must be measured
   not by the strength of separate individuals but by the power of society. (Karl
   Marx)[2]",3,3,3,3,3,3
1118716,msmarco_passage_32_459876976,what does karl marx say about the nature of man,Marx held a consistent view that our human nature was expressed in a drive to spontaneously and creatively produce products in a manner that is conducive to social and individual satisfaction.,2,3,2,3,3,3
1118716,msmarco_passage_60_709560524,what does karl marx say about the nature of man,"Karl Marx believed humanity to be capable of producing freely and creatively, overcoming the tyranny of immediate, basic needs that characterizes the rest of the animal kingdom. Under conditions which enable free, creative production, one’s personality can be expressed in the objects one produces.",2,3,2,3,3,2
1118716,msmarco_passage_19_863328013,what does karl marx say about the nature of man,"Communism portal. Philosophy portal. Socialism portal. v. t. e. Some Marxists posit what they deem to be Karl Marx's theory of human nature, which they accord an important place in his critique of capitalism, his conception of communism, and his ' materialist conception of history '. Marx, however, does not refer to human nature as such, but to Gattungswesen, which is generally translated as 'species-being' or 'species-essence'.",2,3,2,3,2,2
1118716,msmarco_passage_42_585491605,what does karl marx say about the nature of man,"The Political Theories Of Karl Marx And John Locke. Marx is a socialist political theorist who brought revolutionary change and Locke is a liberal political philosopher. Marx critiques Locke's liberal theories such as the state of nature, private property, labor, money, and slavery. In Locke's state of nature, all men had natural rights to be equal and free without anyone placing harm on his life, liberty, and property.",2,0,0,1,1,1
1118716,msmarco_passage_22_54726837,what does karl marx say about the nature of man,"24. “To be radical is to go to the root of the matter. For man, however, the root is man himself.”. ― Karl Marx. 25. “Religion is the opium of the masses.”. ― Karl Marx. 26. “The hand-mill gives you society with the feudal lord; the steam-mill society with the industrial capitalist.”.",2,2,2,3,1,3
1118716,msmarco_passage_49_463390739,what does karl marx say about the nature of man,"Karl Marx understood well the nature of the right to private property. In his essay “On the Jewish Question,” Marx said that “the right of man to property is the right to enjoy his possessions and dispose of the same arbitrarily without regard for other men, independently, from society, the right of selfishness.”.",0,0,0,0,1,0
1118716,msmarco_passage_00_786094811,what does karl marx say about the nature of man,Marx says it is because the idea of “abstract man” is the basis of the the religious outlook of these systems. A religion based on an abstract view of “human nature” is just the ticket for an economic system that capitalist ideology says is also based on “human nature.”.,2,2,1,2,1,2
1118716,msmarco_passage_43_530797423,what does karl marx say about the nature of man,A Marxist gives a lot of importance to the history and says that man is driven by the forces created by the quality of needs and wants. Karl Marx. The basic theory of Marxism is that there is a class struggle between classes in capitalist states.,2,1,1,2,2,2
1118716,msmarco_passage_33_147856716,what does karl marx say about the nature of man,"Categories: Alien Human Nature Karl Marx Philosophy Psychology Thought. Download paper. Download. Essay, Pages 3 (668 words) Views. 539. Karl Marx in his time was known for his research on the alienation of the employees in the workplace.",2,1,1,1,1,1
1121909,msmarco_passage_68_306305753,what are the instruments in a woodwind quintet,Trivia:Why are horns included in woodwind quintets? - Musical Instrument Guide - Yamaha Corporation.,1,0,0,1,1,1
