llm, kappa_quadratic, cost
"anthropic.claude-3-haiku-20240307-v1:0", 24716640085061137, $0.12
"mistral.mixtral-8x7b-instruct-v0:1", 0.37597724699412294, $0.06 
"openai.gpt-oss-20b-1:0", 0.5789947293996658, $0.07 
"openai.gpt-oss-120b-1:0", 0.529605758309728, $0.27 
"anthropic.claude-3-5-haiku-20241022-v1:0", 0.45082998883849057,  $0.89 
"us.amazon.nova-lite-v1:0", 0.40943553285788215, $0.06
