model,equal_count,less_relevant_count,more_relevant_count,total_rows,kappa,kappa_linear,kappa_quadratic,kappa_binarized,alpha_ordinal
anthropic.claude-3-haiku-20240307-v1_0_top2,63,8,178,249,0.043138713276310914,0.16001094091903711,0.2703412073490814,0.09627986692206869,0.0865696675984502
openai.gpt-oss-20b-1_0_top2,105,33,112,250,0.24215499759580206,0.4097586568730325,0.5566225452028724,0.4201088411098225,0.5418443587131746
__OVERALL__,168,41,290,499,0.14168940161613008,0.2787104619245315,0.40163865635868357,0.2676183036242691,0.31975509728204854
