model,equal_count,less_relevant_count,more_relevant_count,total_rows,kappa,kappa_linear,kappa_quadratic,kappa_binarized,alpha_ordinal
openai.gpt-oss-20b-1_0_top2,103,29,117,249,0.23159518927944878,0.3855605586506907,0.5311510031678986,0.40076283885029285,0.5069762032918954
__OVERALL__,103,29,117,249,0.23159518927944878,0.3855605586506907,0.5311510031678986,0.40076283885029285,0.5069762032918954
