qid,query,pid,passage,relevance,query_ga_var,passage_injected,passage_removed
2082,At about what age do adults normally begin to lose bone mass?,msmarco_passage_15_590358302,Graph Showing Relationship Between Age and Bone Mass. Bone density peaks at about 30 years of age. Women lose bone mass more rapidly than men. Figure 2 shows that women lose bone mass more quickly than men starting at about 50 years of age.,2,At about what age do adults normally begin to lose bone mass?,Graph Showing Relationship Between Age and Bone Mass. Bone density peaks at about 30 years of age. Women lose bone mass more rapidly than men. Cén aois a thosaíonn daoine fásta ag caillteanas mais cnámh de ghnáth? Figure 2 shows that women lose bone mass more quickly than men starting at about 50 years of age.,Graph Showing Relationship Between Age and Bone Mass. Bone density peaks at about 30 years of age. Women lose bone mass more rapidly than men. Figure 2 shows that women lose bone mass more quickly than men starting at about 50 years of age.
2082,At about what age do adults normally begin to lose bone mass?,msmarco_passage_49_486599463,"Bones not only get longer and wider, they also get denser (thicker). People reach their peak bone mass—their largest and densest bone— by their late teens or early twenties. As early as age 30, some bones begin to slowly lose mass as a normal part of aging.",3,At about what age do adults normally begin to lose bone mass?,"Bones not only get longer and wider, they also get denser (thicker). People reach their peak bone mass—their largest and densest bone— by their late teens or early twenties. As early as age 30, some bones begin to slowly lose mass as a Cén aois a thosaíonn daoine fásta ag caillteanas mais cnámh de ghnáth? normal part of aging.","Bones not only get longer and wider, they also get denser (thicker). People reach their peak bone mass—their largest and densest bone— by their late teens or early twenties. normal part of aging."
2082,At about what age do adults normally begin to lose bone mass?,msmarco_passage_02_509810057,"Once we reach the age of about 25, physical activity alone can no longer increase overall bone mass dramatically. In adults, bone density may increase 1-2 %, but this increase occurs only in the area of the skeleton that is stressed and this improved density will be lost if the loading exercise isn’t continued.",2,At about what age do adults normally begin to lose bone mass?,"Once we reach the age of about 25, physical activity alone can no longer increase overall bone mass dramatically. In adults, bone density may Cén aois a thosaíonn daoine fásta ag caillteanas mais cnámh de ghnáth? increase 1-2 %, but this increase occurs only in the area of the skeleton that is stressed and this improved density will be lost if the loading exercise isn’t continued.","Once we reach the age of about 25, physical activity alone can no longer increase overall bone mass dramatically. In adults, bone density may increase 1‑2 %, but this increase occurs only in the area of the skeleton that is stressed and this improved density will be lost if the loading exercise isn’t continued."
2082,At about what age do adults normally begin to lose bone mass?,msmarco_passage_10_673115327,"by all means, take a supplement. For women, adult bone mass peaks at about age 30. With aging, bone lossgradually happens and then becomes increased after menopause. So it is important for young women to build good bone mass and for older women to do what they can to maintain it. How to Get Enough Calcium.",2,At about what age do adults normally begin to lose bone mass?,"by all means, take a supplement. For women, adult bone mass peaks at about age 30. With aging, bone lossgradually Cén aois a thosaíonn daoine fásta ag caillteanas mais cnámh de ghnáth? happens and then becomes increased after menopause. So it is important for young women to build good bone mass and for older women to do what they can to maintain it. How to Get Enough Calcium.","by all means, take a supplement. For women, adult bone mass peaks at about age 30. With aging, bone lossgradually Cén aois a thosaíonn daoine fásta ag caillteanas mais cnámh de ghnáth? happens and then becomes increased after menopause. So it is important for young women to build good bone mass and for older women to do what they can to maintain it. How to Get Enough Calcium."
2082,At about what age do adults normally begin to lose bone mass?,msmarco_passage_44_462432502,"Women begin losing bone mass rapidly after they reach menopause. This sudden change doesn’t occur in men, but by age 65 or 70, both men and women are losing bone mass at the same rate. Absorption of calcium also declines in both men and women in this age range.",1,At about what age do adults normally begin to lose bone mass?,"Women begin losing bone mass rapidly after they reach menopause. This sudden change doesn’t occur in men, but by age 65 or 70, both men and women are Cén aois a thosaíonn daoine fásta ag caillteanas mais cnámh de ghnáth? losing bone mass at the same rate. Absorption of calcium also declines in both men and women in this age range.","Women begin losing bone mass rapidly after they reach menopause. This sudden change doesn’t occur in men, but by age 65 or 70, both men and women are losing bone mass at the same rate. Absorption of calcium also declines in both men and women in this age range."
2082,At about what age do adults normally begin to lose bone mass?,msmarco_passage_39_125029338,"Let’s take a look at the two conditions from a bone density perspective. Bone density is a measurement of the density and strength of bones. Peak bone density occurs around the age of 30, but after that, people gradually begin to lose bone mass.",3,At about what age do adults normally begin to lose bone mass?,"Let’s take a look at the two conditions from a bone density perspective. Bone density is a measurement of the density and strength Cén aois a thosaíonn daoine fásta ag caillteanas mais cnámh de ghnáth? of bones. Peak bone density occurs around the age of 30, but after that, people gradually begin to lose bone mass.","Let’s take a look at the two conditions from a bone density perspective. Bone density is a measurement of the density and strength of bones. Peak bone density occurs around the age of 30, but after that, people gradually begin to lose bone mass."
2082,At about what age do adults normally begin to lose bone mass?,msmarco_passage_11_460337996,"The curves for total skeletal weight as functions of age in men and women (ICRP, 1992) suggest establishment of maximum bone mass by age 20, with observable bone loss beginning about age 37. Some bone is actually lost before age 37, probably beginning as early as age 30 ( Riggs et al., 1981 ).",3,At about what age do adults normally begin to lose bone mass?,"The curves for total skeletal weight as Cén aois a thosaíonn daoine fásta ag caillteanas mais cnámh de ghnáth? functions of age in men and women (ICRP, 1992) suggest establishment of maximum bone mass by age 20, with observable bone loss beginning about age 37. Some bone is actually lost before age 37, probably beginning as early as age 30 ( Riggs et al., 1981 ).","The curves for total skeletal weight as functions of age in men and women (ICRP, 1992) suggest establishment of maximum bone mass by age 20, with observable bone loss beginning about age 37. Some bone is actually lost before age 37, probably beginning as early as age 30 (Riggs et al., 1981)."
2082,At about what age do adults normally begin to lose bone mass?,msmarco_passage_08_672756935,"After about 35 years  of age, you begin to lose more bone that your body makes. Most people lose about 1% of bone each year after their mid-thirties. Women in their  post menopausal year often experienced a much more dramatic increase in bone loss. They lose 4-5% of their bone each year for several years. But even at the low rate  of 1% a year, by age 65 even men have lost about 30% of their total bone mass.",3,At about what age do adults normally begin to lose bone mass?,"After about 35 years  of age, you begin to lose more bone that Cén aois a thosaíonn daoine fásta ag caillteanas mais cnámh de ghnáth? your body makes. Most people lose about 1% of bone each year after their mid-thirties. Women in their  post menopausal year often experienced a much more dramatic increase in bone loss. They lose 4-5% of their bone each year for several years. But even at the low rate  of 1% a year, by age 65 even men have lost about 30% of their total bone mass.","After about 35 years of age, you begin to lose more bone your body makes. Most people lose about 1% of bone each year after their mid‑thirties. Women in their post‑menopausal year often experience a much more dramatic increase in bone loss. They lose 4‑5% of their bone each year for several years. But even at the low rate of 1% a year, by age 65 even men have lost about 30% of their total bone mass."
2082,At about what age do adults normally begin to lose bone mass?,msmarco_passage_45_623131157,"1. Losing bone density is a normal part of aging. We reach peak bone mass between ages 25 and 30, and then slowly lose begin to start losing bone mass at age 40. For women, reduced levels of estrogen after menopause accelerate bone density loss.",3,At about what age do adults normally begin to lose bone mass?,"1. Losing bone density is a normal part of aging. We reach peak bone mass between ages 25 and 30, and then slowly lose begin to start losing bone mass at age 40. For women, reduced levels of Cén aois a thosaíonn daoine fásta ag caillteanas mais cnámh de ghnáth? estrogen after menopause accelerate bone density loss.","1. Losing bone density is a normal part of aging. We reach peak bone mass between ages 25 and 30, and then slowly lose begin to start losing bone mass at age 40. For women, reduced levels of Cén aois a thosaíonn daoine fásta ag caillteanas mais cnámh de ghnáth? estrogen after menopause accelerate bone density loss."
2082,At about what age do adults normally begin to lose bone mass?,msmarco_passage_49_487167527,"Bones not only get longer and wider, they also get denser (thicker). People reach their peak bone mass—their largest and densest bone— by their late teens or early twenties. As early as age 30, some bones begin to slowly lose mass as a normal part of aging.",3,At about what age do adults normally begin to lose bone mass?,"Bones not only Cén aois a thosaíonn daoine fásta ag caillteanas mais cnámh de ghnáth? get longer and wider, they also get denser (thicker). People reach their peak bone mass—their largest and densest bone— by their late teens or early twenties. As early as age 30, some bones begin to slowly lose mass as a normal part of aging.","Bones not only get longer and wider, they also get denser (thicker). People reach their peak bone mass—their largest and densest bone— by their late teens or early twenties. As early as age 30, some bones begin to slowly lose mass as a normal part of aging."
2082,At about what age do adults normally begin to lose bone mass?,msmarco_passage_30_709623997,"a. All adults lose bone as they grow older, beginning between the ages of 30 and 40. b. Low calcium intakes during the growing years limits the bones' ability to attain peak bone mass. c.",3,At about what age do adults normally begin to lose bone mass?,"a. All adults lose bone as they grow older, beginning between the ages of 30 and 40. b. Low Cén aois a thosaíonn daoine fásta ag caillteanas mais cnámh de ghnáth? calcium intakes during the growing years limits the bones' ability to attain peak bone mass. c.","a. All adults lose bone as they grow older, beginning between the ages of 30 and 40.  
b. calcium intakes during the growing years limits the bones' ability to attain peak bone mass."
2082,At about what age do adults normally begin to lose bone mass?,msmarco_passage_10_669481249,"Until about age 30, people normally build more bone than they lose. During the aging process, bone breakdown begins to outpace bone buildup, resulting in a gradual loss of bone mass. Once this loss of bone reaches a certain point, a person has osteoporosis.",3,At about what age do adults normally begin to lose bone mass?,"Until about age 30, people normally build more bone than they lose. During the aging process, bone breakdown begins to outpace bone buildup, resulting in a gradual loss of bone Cén aois a thosaíonn daoine fásta ag caillteanas mais cnámh de ghnáth? mass. Once this loss of bone reaches a certain point, a person has osteoporosis.","Until about age 30, people normally build more bone than they lose. During the aging process, bone breakdown begins to outpace bone buildup, resulting in a gradual loss of bone mass. Once this loss of bone reaches a certain point, a person has osteoporosis."
2082,At about what age do adults normally begin to lose bone mass?,msmarco_passage_10_669572296,"Until about age 30, people normally build more bone than they lose. During the aging process, bone breakdown begins to outpace bone buildup, resulting in a gradual loss of bone mass. Once this loss of bone reaches a certain point, a person has osteoporosis.",3,At about what age do adults normally begin to lose bone mass?,"Until about age 30, people normally build more bone than they lose. During the aging process, bone breakdown begins to outpace bone buildup, resulting in a gradual loss of bone mass. Once this loss of bone reaches Cén aois a thosaíonn daoine fásta ag caillteanas mais cnámh de ghnáth? a certain point, a person has osteoporosis.","Until about age 30, people normally build more bone than they lose. During the aging process, bone breakdown begins to outpace bone buildup, resulting in a gradual loss of bone mass. Once this loss of bone reaches a certain point, a person has osteoporosis."
2082,At about what age do adults normally begin to lose bone mass?,msmarco_passage_66_702392512,"Until about age 30, people normally build more bone than they lose. During the aging process, bone breakdown begins to outpace bone buildup, resulting in a gradual loss of bone mass. Once this loss of bone reaches a certain point, a person has osteoporosis.",3,At about what age do adults normally begin to lose bone mass?,"Until about age 30, people normally Cén aois a thosaíonn daoine fásta ag caillteanas mais cnámh de ghnáth? build more bone than they lose. During the aging process, bone breakdown begins to outpace bone buildup, resulting in a gradual loss of bone mass. Once this loss of bone reaches a certain point, a person has osteoporosis.","Until about age 30, people normally build more bone than they lose. During the aging process, bone breakdown begins to outpace bone buildup, resulting in a gradual loss of bone mass. Once this loss of bone reaches a certain point, a person has osteoporosis."
2082,At about what age do adults normally begin to lose bone mass?,msmarco_passage_28_625525754,"I have heard that we lose bone mass as we age, but what about muscle mass? Is that also a normal part of aging? Does exercise slow the progression or is muscle loss inevitable?",0,At about what age do adults normally begin to lose bone mass?,"I have heard that we lose bone mass as we age, but what about muscle mass? Is that also a normal part of aging? Does exercise slow the progression or is muscle loss Cén aois a thosaíonn daoine fásta ag caillteanas mais cnámh de ghnáth? inevitable?","I have heard that we lose bone mass as we age, but what about muscle mass? Is that also a normal part of aging? Does exercise slow the progression or is muscle loss Cén aois a thosaíonn daoine fásta ag caillteanas mais cnámh de ghnáth? inevitable?"
2082,At about what age do adults normally begin to lose bone mass?,msmarco_passage_34_93901849,"Why dietary calcium is important. Our bones reach their highest mass during our 20s. Our bones later lose density during normal “ageing”, increasing the risk of fracture. It’s estimated that a fracture occurs every 3.6 minutes in Australian adults aged 50 years and over.",2,At about what age do adults normally begin to lose bone mass?,"Why dietary calcium is important. Our bones reach their highest mass during our 20s. Our bones Cén aois a thosaíonn daoine fásta ag caillteanas mais cnámh de ghnáth? later lose density during normal “ageing”, increasing the risk of fracture. It’s estimated that a fracture occurs every 3.6 minutes in Australian adults aged 50 years and over.",
2082,At about what age do adults normally begin to lose bone mass?,msmarco_passage_64_431617227,"Humans typically build up bone mass until their 20’s or 30’s. At that point, both men and women begin to lose bone density as a normal part of aging. Weight-bearing exercise, proper calcium and vitamin D intake, and a healthy diet all help to minimize the normal bone density loss.",3,At about what age do adults normally begin to lose bone mass?,"Humans typically build up bone mass until their 20’s or 30’s. At that point, both men and women begin to lose Cén aois a thosaíonn daoine fásta ag caillteanas mais cnámh de ghnáth? bone density as a normal part of aging. Weight-bearing exercise, proper calcium and vitamin D intake, and a healthy diet all help to minimize the normal bone density loss.","Humans typically build up bone mass until their 20’s or 30’s. At that point, both men and women begin to lose bone density as a normal part of aging. Weight‑bearing exercise, proper calcium and vitamin D intake, and a healthy diet all help to minimize the normal bone density loss."
2082,At about what age do adults normally begin to lose bone mass?,msmarco_passage_44_461409698,"This causes bones to lose minerals, heaviness (mass), and structure, making them weaker and more prone to breaking, leading to osteopenia. All people begin losing bone mass after they reach peak BMD at about 30 years of age. The thicker your bones are by about age 30, the longer it takes to develop osteopenia or osteoporosis.",3,At about what age do adults normally begin to lose bone mass?,"This causes bones to lose minerals, heaviness (mass), and structure, making them weaker and more prone to breaking, leading Cén aois a thosaíonn daoine fásta ag caillteanas mais cnámh de ghnáth? to osteopenia. All people begin losing bone mass after they reach peak BMD at about 30 years of age. The thicker your bones are by about age 30, the longer it takes to develop osteopenia or osteoporosis.","This causes bones to lose minerals, heaviness (mass), and structure, making them weaker and more prone to breaking, leading to osteopenia. All people begin losing bone mass after they reach peak BMD at about 30 years of age. The thicker your bones are by about age 30, the longer it takes to develop osteopenia or osteoporosis."
2082,At about what age do adults normally begin to lose bone mass?,msmarco_passage_39_311931407,"Men, on the other hand, start to lose bone mass at a faster rate at the age of 65. Additional factors to consider for people who are at high risk for losing bone mass is a small body frame and long-term use of corticosteroids.",0,At about what age do adults normally begin to lose bone mass?,"Men, Cén aois a thosaíonn daoine fásta ag caillteanas mais cnámh de ghnáth? on the other hand, start to lose bone mass at a faster rate at the age of 65. Additional factors to consider for people who are at high risk for losing bone mass is a small body frame and long-term use of corticosteroids.","Men, on the other hand, start to lose bone mass at a faster rate at the age of 65. Additional factors to consider for people who are at high risk for losing bone mass is a small body frame and long-term use of corticosteroids."
2082,At about what age do adults normally begin to lose bone mass?,msmarco_passage_55_786738999,"With age, virtually everyone loses bone density, a process that typically starts at age 30 and accelerates rapidly in women past menopause who do not take supplemental estrogen. In men, who enter adulthood with thicker, stronger bones, bone loss in midlife is more gradual but often becomes medically significant after age 70.",3,At about what age do adults normally begin to lose bone mass?,"With age, virtually everyone loses bone density, a process Cén aois a thosaíonn daoine fásta ag caillteanas mais cnámh de ghnáth? that typically starts at age 30 and accelerates rapidly in women past menopause who do not take supplemental estrogen. In men, who enter adulthood with thicker, stronger bones, bone loss in midlife is more gradual but often becomes medically significant after age 70.","With age, virtually everyone loses bone density, a process that typically starts at age 30 and accelerates rapidly in women past menopause who do not take supplemental estrogen. In men, who enter adulthood with thicker, stronger bones, bone loss in midlife is more gradual but often becomes medically significant after age 70."
2082,At about what age do adults normally begin to lose bone mass?,msmarco_passage_48_592414155,"Age. There’s no way around it: loss of bone mass comes with age, laying the groundwork for low bone density and the potential of osteoporosis. We typically lose bone mass starting at age 40 and one in two women and one in four men over the age of 50 will fracture a bone at some point.",3,At about what age do adults normally begin to lose bone mass?,"Age. There’s no way around Cén aois a thosaíonn daoine fásta ag caillteanas mais cnámh de ghnáth? it: loss of bone mass comes with age, laying the groundwork for low bone density and the potential of osteoporosis. We typically lose bone mass starting at age 40 and one in two women and one in four men over the age of 50 will fracture a bone at some point.","Age. There’s no way around Cén aois a thosaíonn daoine fásta ag caillteanas mais cnámh de ghnáth? it: loss of bone mass comes with age, laying the groundwork for low bone density and the potential of osteoporosis. We typically lose bone mass starting at age 40 and one in two women and one in four men over the age of 50 will fracture a bone at some point."
2082,At about what age do adults normally begin to lose bone mass?,msmarco_passage_48_591407023,"Age. There’s no way around it: loss of bone mass comes with age, laying the groundwork for low bone density and the potential of osteoporosis. We typically lose bone mass starting at age 40 and one in two women and one in four men over the age of 50 will fracture a bone at some point.",3,At about what age do adults normally begin to lose bone mass?,"Age. There’s no way around it: loss of bone mass comes with age, laying the groundwork for low bone density and the potential of osteoporosis. We typically lose bone Cén aois a thosaíonn daoine fásta ag caillteanas mais cnámh de ghnáth? mass starting at age 40 and one in two women and one in four men over the age of 50 will fracture a bone at some point.","Age. There’s no way around it: loss of bone mass comes with age, laying the groundwork for low bone density and the potential of osteoporosis. We typically lose bone mass starting at age 40 and one in two women and one in four men over the age of 50 will fracture a bone at some point."
2082,At about what age do adults normally begin to lose bone mass?,msmarco_passage_09_646443662,"Age: Most people (men and women) lose about .5% of bone mass every year after the age of 50. Lifestyle choices: A poor diet with a lack of calcium and vitamin D, smoking, excessive use of alcohol or caffeine, and lack of exercise contribute to a loss of bone mass.",1,At about what age do adults normally begin to lose bone mass?,"Age: Most people (men and women) lose about .5% of bone mass every year after the age of 50. Lifestyle choices: A poor diet with a lack of calcium and vitamin D, smoking, excessive use of alcohol or caffeine, and lack of exercise contribute to Cén aois a thosaíonn daoine fásta ag caillteanas mais cnámh de ghnáth? a loss of bone mass.","Age: Most people (men and women) lose about .5% of bone mass every year after the age of 50. Lifestyle choices: A poor diet with a lack of calcium and vitamin D, smoking, excessive use of alcohol or caffeine, and lack of exercise contribute to a loss of bone mass."
2082,At about what age do adults normally begin to lose bone mass?,msmarco_passage_32_620978484,"Age: Most people (men and women) lose about .5% of bone mass every year after the age of 50. Lifestyle choices: A poor diet with a lack of calcium and vitamin D, smoking, excessive use of alcohol or caffeine, and lack of exercise contribute to a loss of bone mass.",1,At about what age do adults normally begin to lose bone mass?,"Age: Most people (men and women) lose about .5% of bone mass every year after the age of 50. Lifestyle choices: Cén aois a thosaíonn daoine fásta ag caillteanas mais cnámh de ghnáth? A poor diet with a lack of calcium and vitamin D, smoking, excessive use of alcohol or caffeine, and lack of exercise contribute to a loss of bone mass.","Age: Most people (men and women) lose about .5% of bone mass every year after the age of 50.  
Lifestyle choices: A poor diet with a lack of calcium and vitamin D, smoking, excessive use of alcohol or caffeine, and lack of exercise contribute to a loss of bone mass."
2082,At about what age do adults normally begin to lose bone mass?,msmarco_passage_61_313365094,"Age: Most people (men and women) lose about .5% of bone mass every year after the age of 50. Lifestyle choices: A poor diet with a lack of calcium and vitamin D, smoking, excessive use of alcohol or caffeine, and lack of exercise contribute to a loss of bone mass.",1,At about what age do adults normally begin to lose bone mass?,"Age: Most people (men and women) lose about .5% of bone mass every year after the age of 50. Lifestyle choices: A poor diet with a lack of calcium and vitamin D, smoking, Cén aois a thosaíonn daoine fásta ag caillteanas mais cnámh de ghnáth? excessive use of alcohol or caffeine, and lack of exercise contribute to a loss of bone mass.","Age: Most people (men and women) lose about .5% of bone mass every year after the age of 50. Lifestyle choices: A poor diet with a lack of calcium and vitamin D, smoking, Cén aois a thosaíonn daoine fásta ag caillteanas mais cnámh de ghnáth? excessive use of alcohol or caffeine, and lack of exercise contribute to a loss of bone mass."
2082,At about what age do adults normally begin to lose bone mass?,msmarco_passage_08_466399731,"Men in their fifties do not experience the rapid loss of bone mass that women do in the years following menopause. By age 65 or 70, however, men and women lose bone mass at the same rate, and the absorption of calcium, an essential nutrient for bone health throughout life, decreases in both sexes. Excessive bone loss causes bone to become fragile and more likely to fracture.",0,At about what age do adults normally begin to lose bone mass?,"Men in their fifties do not experience the rapid loss of bone mass that women do in the years following menopause. By age 65 or Cén aois a thosaíonn daoine fásta ag caillteanas mais cnámh de ghnáth? 70, however, men and women lose bone mass at the same rate, and the absorption of calcium, an essential nutrient for bone health throughout life, decreases in both sexes. Excessive bone loss causes bone to become fragile and more likely to fracture.","Men in their fifties do not experience the rapid loss of bone mass that women do in the years following menopause. By age 65 or 70, however, men and women lose bone mass at the same rate, and the absorption of calcium, an essential nutrient for bone health throughout life, decreases in both sexes. Excessive bone loss causes bone to become fragile and more likely to fracture."
2082,At about what age do adults normally begin to lose bone mass?,msmarco_passage_39_739295876,"Men in their fifties do not experience the rapid loss of bone mass that women do in the years following menopause. By age 65 or 70, however, men and women lose bone mass at the same rate, and the absorption of calcium, an essential nutrient for bone health throughout life, decreases in both sexes. Excessive bone loss causes bone to become fragile and more likely to fracture.",1,At about what age do adults normally begin to lose bone mass?,"Men Cén aois a thosaíonn daoine fásta ag caillteanas mais cnámh de ghnáth? in their fifties do not experience the rapid loss of bone mass that women do in the years following menopause. By age 65 or 70, however, men and women lose bone mass at the same rate, and the absorption of calcium, an essential nutrient for bone health throughout life, decreases in both sexes. Excessive bone loss causes bone to become fragile and more likely to fracture.","in their fifties do not experience the rapid loss of bone mass that women do in the years following menopause. By age 65 or 70, however, men and women lose bone mass at the same rate, and the absorption of calcium, an essential nutrient for bone health throughout life, decreases in both sexes. Excessive bone loss causes bone to become fragile and more likely to fracture."
2082,At about what age do adults normally begin to lose bone mass?,msmarco_passage_45_632929045,"Teens or young women, because as much as 90% of adult bone mass is achieved by age 18. Peak bone mass usually occurs in the late 20s. Women older than 30, because they typically lose bone mass and strength. Menopausal and postmenopausal women, because bone loss tends to accelerate as the body produces less estrogen.",1,At about what age do adults normally begin to lose bone mass?,"Teens or young women, because as much Cén aois a thosaíonn daoine fásta ag caillteanas mais cnámh de ghnáth? as 90% of adult bone mass is achieved by age 18. Peak bone mass usually occurs in the late 20s. Women older than 30, because they typically lose bone mass and strength. Menopausal and postmenopausal women, because bone loss tends to accelerate as the body produces less estrogen.","Teens or young women, because as much Cén aois a thosaíonn daoine fásta ag caillteanas mais cnámh de ghnáth? as 90% of adult bone mass is achieved by age 18. Peak bone mass usually occurs in the late 20s. Women older than 30, because they typically lose bone mass and strength. Menopausal and postmenopausal women, because bone loss tends to accelerate as the body produces less estrogen."
2082,At about what age do adults normally begin to lose bone mass?,msmarco_passage_26_846132892,"If you don’t consume enough calcium and engage in physical activity as a child, you may not gain peak bone mass upon reaching adulthood. Women typically lose a large degree of bone mass after menopause while men begin losing bone mass after age 65, according to the ""Encyclopedia of Sports Medicine and Science."".",2,At about what age do adults normally begin to lose bone mass?,"If you don’t consume enough calcium and engage in physical activity as a child, you may not gain peak Cén aois a thosaíonn daoine fásta ag caillteanas mais cnámh de ghnáth? bone mass upon reaching adulthood. Women typically lose a large degree of bone mass after menopause while men begin losing bone mass after age 65, according to the ""Encyclopedia of Sports Medicine and Science."".","If you don’t consume enough calcium and engage in physical activity as a child, you may not gain peak Cén aois a thosaíonn daoine fásta ag caillteanas mais cnámh de ghnáth? bone mass upon reaching adulthood. Women typically lose a large degree of bone mass after menopause while men begin losing bone mass after age 65, according to the ""Encyclopedia of Sports Medicine and Science."""
2082,At about what age do adults normally begin to lose bone mass?,msmarco_passage_02_77630808,"If you don’t consume enough calcium and engage in physical activity as a child, you may not gain peak bone mass upon reaching adulthood. Women typically lose a large degree of bone mass after menopause while men begin losing bone mass after age 65, according to the ""Encyclopedia of Sports Medicine and Science."".",1,At about what age do adults normally begin to lose bone mass?,"If you don’t consume enough calcium and engage in physical activity as a child, you may not gain peak bone mass upon reaching adulthood. Women typically lose a large degree of bone mass after menopause while men Cén aois a thosaíonn daoine fásta ag caillteanas mais cnámh de ghnáth? begin losing bone mass after age 65, according to the ""Encyclopedia of Sports Medicine and Science."".","If you don’t consume enough calcium and engage in physical activity as a child, you may not gain peak bone mass upon reaching adulthood. Women typically lose a large degree of bone mass after menopause while men begin losing bone mass after age 65, according to the ""Encyclopedia of Sports Medicine and Science."""
2082,At about what age do adults normally begin to lose bone mass?,msmarco_passage_39_461879190,"Apparently, many of these drugs solve one problem only to create ten more. This brings to mind a concern for those who are taking drugs for osteoporosis. As we age, so does the structure of our bones. After the age of 40, adults begin to lose bone as the body’s ability to build up bone tissues decreases. Adults who have the most risk for bone loss include:",3,At about what age do adults normally begin to lose bone mass?,"Apparently, many of these drugs solve one problem only to create ten more. This brings to mind a concern for those who are taking drugs for osteoporosis. As we age, so does the Cén aois a thosaíonn daoine fásta ag caillteanas mais cnámh de ghnáth? structure of our bones. After the age of 40, adults begin to lose bone as the body’s ability to build up bone tissues decreases. Adults who have the most risk for bone loss include:","Apparently, many of these drugs solve one problem only to create ten more. This brings to mind a concern for those who are taking drugs for osteoporosis. As we age, so does the Cén aois a thosaíonn daoine fásta ag caillteanas mais cnámh de ghnáth? structure of our bones. After the age of 40, adults begin to lose bone as the body’s ability to build up bone tissues decreases. Adults who have the most risk for bone loss include:"
2082,At about what age do adults normally begin to lose bone mass?,msmarco_passage_40_137452930,"Bone mass reaches its peak during young adulthood. Then, after a period of stability, there is a slow but steady loss of bone beginning about age 40. In women, normal aging and menopause significantly increase susceptibility to osteoporosis.",3,At about what age do adults normally begin to lose bone mass?,"Bone mass reaches its peak during young adulthood. Then, after a period of stability, there is a slow but steady loss of bone beginning about age 40. In women, normal aging and menopause significantly Cén aois a thosaíonn daoine fásta ag caillteanas mais cnámh de ghnáth? increase susceptibility to osteoporosis.","Bone mass reaches its peak during young adulthood. Then, after a period of stability, there is a slow but steady loss of bone beginning about age 40. In women, normal aging and menopause significantly increase susceptibility to osteoporosis."
2082,At about what age do adults normally begin to lose bone mass?,msmarco_passage_30_608937387,"The reduction of bone mass begins between ages 30 and 40, and continues to decline. Women lose about 8% of skeletal mass every decade, while men lose about 3%. Epiphyses, vertebrae, and the jaws lose more mass than other sites, resulting in fragile limbs, reduction in height, and loss of teeth.",3,At about what age do adults normally begin to lose bone mass?,"The reduction of bone mass begins between ages 30 and 40, and continues Cén aois a thosaíonn daoine fásta ag caillteanas mais cnámh de ghnáth? to decline. Women lose about 8% of skeletal mass every decade, while men lose about 3%. Epiphyses, vertebrae, and the jaws lose more mass than other sites, resulting in fragile limbs, reduction in height, and loss of teeth.","The reduction of bone mass begins between ages 30 and 40, and continues to decline. Women lose about 8% of skeletal mass every decade, while men lose about 3%. Epiphyses, vertebrae, and the jaws lose more mass than other sites, resulting in fragile limbs, reduction in height, and loss of teeth."
2082,At about what age do adults normally begin to lose bone mass?,msmarco_passage_68_48591780,"But once you hit your 20s, that process begins to slow down as you reach adulthood. By the time you’re 30, you’ll likely have reached your peak bone mass. The higher your bone mass at its peak, the less likely you are to lose too much of that mass as you age.",2,At about what age do adults normally begin to lose bone mass?,"But once you hit your 20s, that process begins to slow down as you reach adulthood. By the time you’re 30, you’ll likely have reached your peak bone mass. The higher your bone mass at its peak, the less likely you are to lose too much of that mass Cén aois a thosaíonn daoine fásta ag caillteanas mais cnámh de ghnáth? as you age.","But once you hit your 20s, that process begins to slow down as you reach adulthood. By the time you’re 30, you’ll likely have reached your peak bone mass. The higher your bone mass at its peak, the less likely you are to lose too much of that mass as you age."
2082,At about what age do adults normally begin to lose bone mass?,msmarco_passage_60_838703428,"Cross-cultural studies show that, throughout the world, most people lose bone mass as they age. 13 After age 40 to 50, men lose 20 to 30 percent of their total bone mass, and women lose as much as 40 to 50 percent. 14 Generally, though, the remaining bone is healthy and able to repair itself.",1,At about what age do adults normally begin to lose bone mass?,"Cross-cultural studies show that, throughout the world, most people lose bone mass as they age. 13 After age 40 to 50, men lose 20 to 30 percent of their total bone mass, and women lose as much as 40 to 50 percent. 14 Generally, though, the remaining Cén aois a thosaíonn daoine fásta ag caillteanas mais cnámh de ghnáth? bone is healthy and able to repair itself.","Cross-cultural studies show that, throughout the world, most people lose bone mass as they age. 13 After age 40 to 50, men lose 20 to 30 percent of their total bone mass, and women lose as much as 40 to 50 percent. 14 Generally, though, the remaining Cén aois a thosaíonn daoine fásta ag caillteanas mais cnámh de ghnáth? bone is healthy and able to repair itself."
23287,are landlords liable if someone breaks in a hurts tenant,msmarco_passage_00_811362771,"37. But not all states use this rule. Under some laws, landlords are not  liable even when they know a tenant's dog is likely to hurt someone. A  Montana rancher, for example, knew that a dog belonging to his foreman  (who lived on the rancher's property) had bitten someone.",0,are landlords liable if someone breaks in a hurts tenant,"37. But not all states use this rule. Under some laws, landlords are not  liable even when they know a tenant's dog is likely to hurt someone. A  Montana rancher, for example, knew that a dog belonging An féidir tiarnaí talún a shealbhú to his foreman  (who lived on the rancher's property) had bitten someone.","37. But not all states use this rule. Under some laws, landlords are not liable even when they know a tenant's dog is likely to hurt someone. A Montana rancher, for example, knew that a dog belonging An féidir tiarnaí talún a shealbhú to his foreman (who lived on the rancher's property) had bitten someone."
23287,are landlords liable if someone breaks in a hurts tenant,msmarco_passage_02_500358436,"the tenant was genuinely hurt. For example, if a tenant falls and breaks his ankle on a broken front door step, the landlord will be liable if the tenant can show that: it was the landlord's responsibility to maintain the steps (this would usually be the case, because the steps are part of the common area, which is the landlord's responsibility)",0,are landlords liable if someone breaks in a hurts tenant,"the tenant was genuinely hurt. For example, if a tenant falls and breaks his ankle on a broken front door step, the landlord will be liable if the tenant can show that: it was the landlord's responsibility to maintain the steps (this would usually be the case, because the steps are part of the common area, An féidir tiarnaí talún a shealbhú which is the landlord's responsibility)","the tenant was genuinely hurt. For example, if a tenant falls and breaks his ankle on a broken front door step, the landlord will be liable if the tenant can show that: it was the landlord's responsibility to maintain the steps (this would usually be the case, because the steps are part of the common area, An féidir tiarnaí talún a shealbhú which is the landlord's responsibility)"
23287,are landlords liable if someone breaks in a hurts tenant,msmarco_passage_55_523253961,"Under some laws, landlords are not liable even when they know a tenant's dog is likely to hurt someone. A Montana rancher, for example, knew that a dog belonging to his foreman (who lived on the rancher's property) had bitten someone.",0,are landlords liable if someone breaks in a hurts tenant,"Under some laws, landlords are not liable An féidir tiarnaí talún a shealbhú even when they know a tenant's dog is likely to hurt someone. A Montana rancher, for example, knew that a dog belonging to his foreman (who lived on the rancher's property) had bitten someone.","Under some laws, landlords are not liable An féidir tiarnaí talún a shealbhú even when they know a tenant's dog is likely to hurt someone. A Montana rancher, for example, knew that a dog belonging to his foreman (who lived on the rancher's property) had bitten someone."
23287,are landlords liable if someone breaks in a hurts tenant,msmarco_passage_00_811354181,"Tenants must be prepared to deal with the landlord's fear of  liability. In most circumstances, a landlord isn't liable for injuries inflicted by a  tenant's dog. Just leasing premises to a tenant with a dog usually isn't  enough, by itself, to make a landlord legally responsible for a tenant's dog. For example, if a tenant's apparently friendly dog bites someone, the  landlord isn't liable for the injury. 33.",0,are landlords liable if someone breaks in a hurts tenant,"Tenants must be prepared to deal with the landlord's fear of  liability. In most circumstances, a landlord isn't liable for injuries inflicted by a  tenant's dog. Just leasing premises to a tenant with a dog usually isn't  enough, by itself, to make a landlord legally responsible for a tenant's dog. An féidir tiarnaí talún a shealbhú For example, if a tenant's apparently friendly dog bites someone, the  landlord isn't liable for the injury. 33.","Tenants must be prepared to deal with the landlord's fear of  liability. In most circumstances, a landlord isn't liable for injuries inflicted by a  tenant's dog. Just leasing premises to a tenant with a dog usually isn't  enough, by itself, to make a landlord legally responsible for a tenant's dog. An féidir tiarnaí talún a shealbhú For example, if a tenant's apparently friendly dog bites someone, the  landlord isn't liable for the injury. 33."
23287,are landlords liable if someone breaks in a hurts tenant,msmarco_passage_38_511023606,"A: Unless there is a provision in the lease allowing them to break it (for example, if the tenant gives 30 days’ notice that he wants to move, then he can exit the lease), then they are still legally liable for any and all past-due payments and future rent payments until the landlord decides to rent to someone else.",0,are landlords liable if someone breaks in a hurts tenant,"A: Unless there is a provision in the lease allowing them to break it (for example, if the tenant gives 30 days’ notice that he wants to move, then he can exit the lease), then they are still legally liable for any and all past-due payments and future An féidir tiarnaí talún a shealbhú rent payments until the landlord decides to rent to someone else.","A: Unless there is a provision in the lease allowing them to break it (for example, if the tenant gives 30 days’ notice that he wants to move, then he can exit the lease), then they are still legally liable for any and all past‑due payments and future An féidir tiarnaí talún a shealbhú rent payments until the landlord decides to rent to someone else."
23287,are landlords liable if someone breaks in a hurts tenant,msmarco_passage_31_818053180,"A tenant does not automatically forfeit the deposit for breaking a lease, but the deposit can be used to cover costs for which the tenant is liable. If a tenant must break a lease, doing everything possible to help the landlord re-rent the premises will reduce the tenant's liability.",0,are landlords liable if someone breaks in a hurts tenant,"A tenant does not automatically forfeit the deposit for breaking An féidir tiarnaí talún a shealbhú a lease, but the deposit can be used to cover costs for which the tenant is liable. If a tenant must break a lease, doing everything possible to help the landlord re-rent the premises will reduce the tenant's liability.",
23287,are landlords liable if someone breaks in a hurts tenant,msmarco_passage_11_422302183,"Examples of Damage by a Tenant That Is Not Normal Wear and Tear. Damages by a tenant can be anything that harms the landlord’s property. If the tenant’s grandchildren knock a hole in the clubhouse wall, or break a window, then the tenant is liable for the repair. If the tenant fails to repair the damage, then the landlord may be able to do so on its own using the tenant’s security deposit.",0,are landlords liable if someone breaks in a hurts tenant,"Examples of Damage by a Tenant That Is Not Normal Wear and Tear. Damages by a tenant can be anything that harms the landlord’s property. If the tenant’s grandchildren knock a hole An féidir tiarnaí talún a shealbhú in the clubhouse wall, or break a window, then the tenant is liable for the repair. If the tenant fails to repair the damage, then the landlord may be able to do so on its own using the tenant’s security deposit.","Examples of Damage by a Tenant That Is Not Normal Wear and Tear. Damages by a tenant can be anything that harms the landlord’s property. If the tenant’s grandchildren knock a hole An féidir tiarnaí talún a shealbhú in the clubhouse wall, or break a window, then the tenant is liable for the repair. If the tenant fails to repair the damage, then the landlord may be able to do so on its own using the tenant’s security deposit."
23287,are landlords liable if someone breaks in a hurts tenant,msmarco_passage_03_865281718,"A Landlord Might Be Liable for Criminal Acts. Landlords generally aren’t responsible for injuries to tenants caused by third parties. However, when a landlord has notice of criminal activity and doesn’t take reasonable measures to prevent harm to tenants, a court might find the landlord liable when a tenant is injured.",2,are landlords liable if someone breaks in a hurts tenant,"A Landlord Might Be Liable for Criminal Acts. Landlords generally aren’t responsible for injuries to tenants caused An féidir tiarnaí talún a shealbhú by third parties. However, when a landlord has notice of criminal activity and doesn’t take reasonable measures to prevent harm to tenants, a court might find the landlord liable when a tenant is injured.","A Landlord Might Be Liable for Criminal Acts. Landlords generally aren’t responsible for injuries to tenants caused An féidir tiarnaí talún a shealbhú by third parties. However, when a landlord has notice of criminal activity and doesn’t take reasonable measures to prevent harm to tenants, a court might find the landlord liable when a tenant is injured."
23287,are landlords liable if someone breaks in a hurts tenant,msmarco_passage_03_866761012,"A Landlord Might Be Liable for Criminal Acts. Landlords generally aren’t responsible for injuries to tenants caused by third parties. However, when a landlord has notice of criminal activity and doesn’t take reasonable measures to prevent harm to tenants, a court might find the landlord liable when a tenant is injured.",2,are landlords liable if someone breaks in a hurts tenant,"A Landlord Might Be Liable for Criminal Acts. Landlords generally aren’t responsible for injuries to tenants caused by third parties. However, when a landlord has notice of An féidir tiarnaí talún a shealbhú criminal activity and doesn’t take reasonable measures to prevent harm to tenants, a court might find the landlord liable when a tenant is injured.","A Landlord Might Be Liable for Criminal Acts. Landlords generally aren’t responsible for injuries to tenants caused by third parties. However, when a landlord has notice of An féidir tiarnaí talún a shealbhú criminal activity and doesn’t take reasonable measures to prevent harm to tenants, a court might find the landlord liable when a tenant is injured."
23287,are landlords liable if someone breaks in a hurts tenant,msmarco_passage_03_866773755,"A Landlord Might Be Liable for Criminal Acts. Landlords generally aren’t responsible for injuries to tenants caused by third parties. However, when a landlord has notice of criminal activity and doesn’t take reasonable measures to prevent harm to tenants, a court might find the landlord liable when a tenant is injured.",2,are landlords liable if someone breaks in a hurts tenant,"A Landlord Might Be Liable for Criminal Acts. Landlords generally aren’t responsible for injuries to tenants caused by third parties. However, when a landlord has notice of criminal activity and doesn’t take reasonable measures to prevent An féidir tiarnaí talún a shealbhú harm to tenants, a court might find the landlord liable when a tenant is injured.","A Landlord Might Be Liable for Criminal Acts. Landlords generally aren’t responsible for injuries to tenants caused by third parties. However, when a landlord has notice of criminal activity and doesn’t take reasonable measures to prevent a court might find the landlord liable when a tenant is injured."
23287,are landlords liable if someone breaks in a hurts tenant,msmarco_passage_37_406984666,"A Landlord Might Be Liable for Criminal Acts. Landlords generally aren’t responsible for injuries to tenants caused by third parties. However, when a landlord has notice of criminal activity and doesn’t take reasonable measures to prevent harm to tenants, a court might find the landlord liable when a tenant is injured.",2,are landlords liable if someone breaks in a hurts tenant,"A Landlord Might Be Liable for Criminal Acts. Landlords An féidir tiarnaí talún a shealbhú generally aren’t responsible for injuries to tenants caused by third parties. However, when a landlord has notice of criminal activity and doesn’t take reasonable measures to prevent harm to tenants, a court might find the landlord liable when a tenant is injured.","A Landlord Might Be Liable for Criminal Acts. Landlords An féidir tiarnaí talún a shealbhú generally aren’t responsible for injuries to tenants caused by third parties. However, when a landlord has notice of criminal activity and doesn’t take reasonable measures to prevent harm to tenants, a court might find the landlord liable when a tenant is injured."
23287,are landlords liable if someone breaks in a hurts tenant,msmarco_passage_25_703334613,"To chat with a New Jersey landlord tenant attorney, Click here. Early termination. New Jersey tenants may legally break a lease early for the following reasons: Landlords are not required to facilitate the re-renting process, so tenants that break a lease may be liable to pay the remainder of the lease period.",0,are landlords liable if someone breaks in a hurts tenant,"To chat with a New Jersey landlord tenant attorney, Click here. An féidir tiarnaí talún a shealbhú Early termination. New Jersey tenants may legally break a lease early for the following reasons: Landlords are not required to facilitate the re-renting process, so tenants that break a lease may be liable to pay the remainder of the lease period.","To chat with a New Jersey landlord tenant attorney, Click here. An féidir tiarnaí talún a shealbhú Early termination. New Jersey tenants may legally break a lease early for the following reasons: Landlords are not required to facilitate the re-renting process, so tenants that break a lease may be liable to pay the remainder of the lease period."
23287,are landlords liable if someone breaks in a hurts tenant,msmarco_passage_45_756420866,"Re: When Is A Landlord Responsible For Bad Tenants. Senior Judge, Thank you for the response. A friend of mine who deals in real estate law told me today that a landlord who is aware that his tenants are potentially injurious or in the habit of breaking the law and does nothing about the behavior may be liable for the damage his tenants cause.",0,are landlords liable if someone breaks in a hurts tenant,"Re: When Is A Landlord Responsible For Bad Tenants. Senior Judge, Thank you for the response. A friend of mine who deals in real estate law told me today that a landlord who is aware that his tenants are potentially injurious or in the habit of breaking the law and does nothing about the behavior may be An féidir tiarnaí talún a shealbhú liable for the damage his tenants cause.","Re: When Is A Landlord Responsible For Bad Tenants. Senior Judge, Thank you for the response. A friend of mine who deals in real estate law told me today that a landlord who is aware that his tenants are potentially injurious or in the habit of breaking the law and does nothing about the behavior may be An féidir tiarnaí talún a shealbhú liable for the damage his tenants cause."
23287,are landlords liable if someone breaks in a hurts tenant,msmarco_passage_25_703872082,"To chat with a Texas landlord tenant attorney, Click here. Early termination. Texas tenants may legally break a lease early for the following reasons: Texas tenants who break a lease may be liable to pay the remainder of the original lease agreement.",0,are landlords liable if someone breaks in a hurts tenant,"To chat with a Texas landlord tenant attorney, Click here. Early termination. Texas tenants may legally break a lease early for the following reasons: Texas tenants who An féidir tiarnaí talún a shealbhú break a lease may be liable to pay the remainder of the original lease agreement.","To chat with a Texas landlord tenant attorney, Click here. Early termination. Texas tenants may legally break a lease early for the following reasons: Texas tenants who An féidir tiarnaí talún a shealbhú break a lease may be liable to pay the remainder of the original lease agreement."
23287,are landlords liable if someone breaks in a hurts tenant,msmarco_passage_31_53518847,"Breaking Your Lease When You Can No Longer Afford the Rent. If you do not have provisions in your lease agreement for early termination, you will be liable for the remaining amount of rent due on the lease if you break it early. Before breaking your lease when you can no longer afford the rent, review your lease agreement, speak with your landlord, and consult with a landlord-tenant lawyer in order to protect your rights.",0,are landlords liable if someone breaks in a hurts tenant,"Breaking Your Lease When You Can No Longer Afford the Rent. If you do not have provisions in your lease agreement for early termination, you will be liable for the remaining amount of rent due on the lease if you break it early. Before breaking your lease when you can no longer afford An féidir tiarnaí talún a shealbhú the rent, review your lease agreement, speak with your landlord, and consult with a landlord-tenant lawyer in order to protect your rights.","Breaking Your Lease When You Can No Longer Afford the Rent. If you do not have provisions in your lease agreement for early termination, you will be liable for the remaining amount of rent due on the lease if you break it early. Before breaking your lease when you can no longer afford An féidir tiarnaí talún a shealbhú the rent, review your lease agreement, speak with your landlord, and consult with a landlord-tenant lawyer in order to protect your rights."
23287,are landlords liable if someone breaks in a hurts tenant,msmarco_passage_46_865499799,"Breaking Your Lease When You Can No Longer Afford the Rent. If you do not have provisions in your lease agreement for early termination, you will be liable for the remaining amount of rent due on the lease if you break it early. Before breaking your lease when you can no longer afford the rent, review your lease agreement, speak with your landlord, and consult with a landlord-tenant lawyer in order to protect your rights.",0,are landlords liable if someone breaks in a hurts tenant,"Breaking Your An féidir tiarnaí talún a shealbhú Lease When You Can No Longer Afford the Rent. If you do not have provisions in your lease agreement for early termination, you will be liable for the remaining amount of rent due on the lease if you break it early. Before breaking your lease when you can no longer afford the rent, review your lease agreement, speak with your landlord, and consult with a landlord-tenant lawyer in order to protect your rights.","Breaking Your An féidir tiarnaí talún a shealbhú Lease When You Can No Longer Afford the Rent. If you do not have provisions in your lease agreement for early termination, you will be liable for the remaining amount of rent due on the lease if you break it early. Before breaking your lease when you can no longer afford the rent, review your lease agreement, speak with your landlord, and consult with a landlord-tenant lawyer in order to protect your rights."
23287,are landlords liable if someone breaks in a hurts tenant,msmarco_passage_16_707291644,"Bosack, 497 N.W.2d 522 (Mich. Ct. App. 1993); Wright v. Schum, 781 P.2d 1142 (Nev. 1989) [holding landlord liable on other grounds; see below]. For example, in Fernandez, a Hawaii court held that a landlord could not be held liable when the tenant's vicious dog attacked plaintiffs off of the landlord's premises. 642 P.2d at 544. The court reasoned that to make a landlord liable in such a situation where the landlord was not the owner or keeper of the dog and the injury occurred off the premises would have the effect of ""making a landlord ... an insurer of the public against injuries, off the premises, by dogs domiciled by tenants on the landlord's premises."".",0,are landlords liable if someone breaks in a hurts tenant,"Bosack, 497 N.W.2d 522 (Mich. Ct. App. 1993); Wright v. Schum, 781 P.2d 1142 (Nev. 1989) [holding landlord liable on other grounds; see below]. For example, in Fernandez, a Hawaii court held that a landlord could not be held liable when the tenant's vicious dog attacked plaintiffs An féidir tiarnaí talún a shealbhú off of the landlord's premises. 642 P.2d at 544. The court reasoned that to make a landlord liable in such a situation where the landlord was not the owner or keeper of the dog and the injury occurred off the premises would have the effect of ""making a landlord ... an insurer of the public against injuries, off the premises, by dogs domiciled by tenants on the landlord's premises."".","Bosack, 497 N.W.2d 522 (Mich. Ct. App. 1993); Wright v. Schum, 781 P.2d 1142 (Nev. 1989) [holding landlord liable on other grounds; see below]. For example, in Fernandez, a Hawaii court held that a landlord could not be held liable when the tenant's vicious dog attacked plaintiffs An féidir tiarnaí talún a shealbhú off of the landlord's premises. 642 P.2d at 544. The court reasoned that to make a landlord liable in such a situation where the landlord was not the owner or keeper of the dog and the injury occurred off the premises would have the effect of ""making a landlord ... an insurer of the public against injuries, off the premises, by dogs domiciled by tenants on the landlord's premises."""
23287,are landlords liable if someone breaks in a hurts tenant,msmarco_passage_03_866765835,"In most cases, landlords will be responsible for tenant injuries when they are legally obligated to maintain and repair the injury-causing factor. For example, if a tenant is injured after falling on a broken stair in a common area that’s supposed to be maintained by the landlord, the landlord is likely liable. Knowledge of a hidden danger.",2,are landlords liable if someone breaks in a hurts tenant,"In most An féidir tiarnaí talún a shealbhú cases, landlords will be responsible for tenant injuries when they are legally obligated to maintain and repair the injury-causing factor. For example, if a tenant is injured after falling on a broken stair in a common area that’s supposed to be maintained by the landlord, the landlord is likely liable. Knowledge of a hidden danger.","In most An féidir tiarnaí talún a shealbhú cases, landlords will be responsible for tenant injuries when they are legally obligated to maintain and repair the injury‑causing factor. For example, if a tenant is injured after falling on a broken stair in a common area that’s supposed to be maintained by the landlord, the landlord is likely liable. Knowledge of a hidden danger."
23287,are landlords liable if someone breaks in a hurts tenant,msmarco_passage_03_866753092,"In most cases, landlords will be responsible for tenant injuries when they are legally obligated to maintain and repair the injury-causing factor. For example, if a tenant is injured after falling on a broken stair in a common area that’s supposed to be maintained by the landlord, the landlord is likely liable. Knowledge of a hidden danger.",2,are landlords liable if someone breaks in a hurts tenant,"In most cases, landlords will be responsible for An féidir tiarnaí talún a shealbhú tenant injuries when they are legally obligated to maintain and repair the injury-causing factor. For example, if a tenant is injured after falling on a broken stair in a common area that’s supposed to be maintained by the landlord, the landlord is likely liable. Knowledge of a hidden danger.","In most cases, landlords will be responsible for An féidir tiarnaí talún a shealbhú tenant injuries when they are legally obligated to maintain and repair the injury‑causing factor. For example, if a tenant is injured after falling on a broken stair in a common area that’s supposed to be maintained by the landlord, the landlord is likely liable. Knowledge of a hidden danger."
23287,are landlords liable if someone breaks in a hurts tenant,msmarco_passage_03_865273798,"In most cases, landlords will be responsible for tenant injuries when they are legally obligated to maintain and repair the injury-causing factor. For example, if a tenant is injured after falling on a broken stair in a common area that’s supposed to be maintained by the landlord, the landlord is likely liable. Knowledge of a hidden danger.",2,are landlords liable if someone breaks in a hurts tenant,"In most cases, landlords will be responsible for tenant injuries when they are legally obligated to maintain and repair the injury-causing factor. For example, if a tenant is injured after falling on a broken stair in a common area that’s supposed to be maintained by the landlord, the landlord is An féidir tiarnaí talún a shealbhú likely liable. Knowledge of a hidden danger.","In most cases, landlords will be responsible for tenant injuries when they are legally obligated to maintain and repair the injury-causing factor. For example, if a tenant is injured after falling on a broken stair in a common area that’s supposed to be maintained by the landlord, the landlord is An féidir tiarnaí talún a shealbhú likely liable. Knowledge of a hidden danger."
23287,are landlords liable if someone breaks in a hurts tenant,msmarco_passage_37_406976764,"In most cases, landlords will be responsible for tenant injuries when they are legally obligated to maintain and repair the injury-causing factor. For example, if a tenant is injured after falling on a broken stair in a common area that’s supposed to be maintained by the landlord, the landlord is likely liable. Knowledge of a hidden danger.",2,are landlords liable if someone breaks in a hurts tenant,"In An féidir tiarnaí talún a shealbhú most cases, landlords will be responsible for tenant injuries when they are legally obligated to maintain and repair the injury-causing factor. For example, if a tenant is injured after falling on a broken stair in a common area that’s supposed to be maintained by the landlord, the landlord is likely liable. Knowledge of a hidden danger.","In An féidir tiarnaí talún a shealbhú most cases, landlords will be responsible for tenant injuries when they are legally obligated to maintain and repair the injury-causing factor. For example, if a tenant is injured after falling on a broken stair in a common area that’s supposed to be maintained by the landlord, the landlord is likely liable. Knowledge of a hidden danger."
23287,are landlords liable if someone breaks in a hurts tenant,msmarco_passage_24_712708491,"Likewise, if your roommate breaks the lease terms, the landlord can hold you liable too. If you tell your landlord or the building manager the facts, he may be willing to cut you some slack, but he doesn't have to.",0,are landlords liable if someone breaks in a hurts tenant,"Likewise, if your roommate breaks the lease terms, the landlord can hold you liable too. If An féidir tiarnaí talún a shealbhú you tell your landlord or the building manager the facts, he may be willing to cut you some slack, but he doesn't have to.","Likewise, if your roommate breaks the lease terms, the landlord can hold you liable too. If An féidir tiarnaí talún a shealbhú you tell your landlord or the building manager the facts, he may be willing to cut you some slack, but he doesn't have to."
23287,are landlords liable if someone breaks in a hurts tenant,msmarco_passage_09_443106060,"Is this legal? A: Tenants' advocate Kellman: The landlord may only charge the tenant the actual costs of repair of damages caused by the tenant beyond normal wear and tear. If the door lock breaks or the sink clogs by no fault of the tenant, the landlord pays for the full repair.",0,are landlords liable if someone breaks in a hurts tenant,"Is this legal? A: Tenants' advocate Kellman: The landlord may only charge the tenant the actual costs of repair of damages caused An féidir tiarnaí talún a shealbhú by the tenant beyond normal wear and tear. If the door lock breaks or the sink clogs by no fault of the tenant, the landlord pays for the full repair.","Is this legal? A: Tenants' advocate Kellman: The landlord may only charge the tenant the actual costs of repair of damages caused An féidir tiarnaí talún a shealbhú by the tenant beyond normal wear and tear. If the door lock breaks or the sink clogs by no fault of the tenant, the landlord pays for the full repair."
23287,are landlords liable if someone breaks in a hurts tenant,msmarco_passage_03_865272429,"Do Not Sell My Personal Information. Landlords are not automatically liable for all injuries tenants suffer at their rentals. In general, landlords are responsible for tenants’ injuries only when the landlord’s action (or inaction) was careless and caused or contributed to the injury. (Sometimes landlords are also liable for injuries to guests or other people visiting the rental.)",2,are landlords liable if someone breaks in a hurts tenant,"Do Not Sell My Personal Information. Landlords are not automatically liable for all injuries tenants suffer at their rentals. In general, landlords are responsible for tenants’ injuries only when the An féidir tiarnaí talún a shealbhú landlord’s action (or inaction) was careless and caused or contributed to the injury. (Sometimes landlords are also liable for injuries to guests or other people visiting the rental.)","Do Not Sell My Personal Information. Landlords are not automatically liable for all injuries tenants suffer at their rentals. In general, landlords are responsible for tenants’ injuries only when the An féidir tiarnaí talún a shealbhú landlord’s action (or inaction) was careless and caused or contributed to the injury. (Sometimes landlords are also liable for injuries to guests or other people visiting the rental.)"
23287,are landlords liable if someone breaks in a hurts tenant,msmarco_passage_37_406975398,"Do Not Sell My Personal Information. Landlords are not automatically liable for all injuries tenants suffer at their rentals. In general, landlords are responsible for tenants’ injuries only when the landlord’s action (or inaction) was careless and caused or contributed to the injury. (Sometimes landlords are also liable for injuries to guests or other people visiting the rental.)",2,are landlords liable if someone breaks in a hurts tenant,"Do Not Sell My Personal Information. Landlords are not automatically liable for all injuries tenants suffer at their rentals. In general, landlords are responsible for tenants’ injuries only when the landlord’s action (or inaction) was An féidir tiarnaí talún a shealbhú careless and caused or contributed to the injury. (Sometimes landlords are also liable for injuries to guests or other people visiting the rental.)","Do Not Sell My Personal Information. Landlords are not automatically liable for all injuries tenants suffer at their rentals. In general, landlords are responsible for tenants’ injuries only when the landlord’s action (or inaction) was An féidir tiarnaí talún a shealbhú careless and caused or contributed to the injury. (Sometimes landlords are also liable for injuries to guests or other people visiting the rental.)"
23287,are landlords liable if someone breaks in a hurts tenant,msmarco_passage_03_866764466,"Do Not Sell My Personal Information. Landlords are not automatically liable for all injuries tenants suffer at their rentals. In general, landlords are responsible for tenants’ injuries only when the landlord’s action (or inaction) was careless and caused or contributed to the injury. (Sometimes landlords are also liable for injuries to guests or other people visiting the rental.)",2,are landlords liable if someone breaks in a hurts tenant,"Do Not Sell My Personal Information. Landlords are not automatically liable for all injuries tenants suffer at their rentals. In general, landlords are responsible for tenants’ injuries only when the landlord’s action (or inaction) was careless and caused or contributed to the injury. (Sometimes landlords are also liable for injuries to guests or other people visiting An féidir tiarnaí talún a shealbhú the rental.)","Do Not Sell My Personal Information. Landlords are not automatically liable for all injuries tenants suffer at their rentals. In general, landlords are responsible for tenants’ injuries only when the landlord’s action (or inaction) was careless and caused or contributed to the injury. (Sometimes landlords are also liable for injuries to guests or other people visiting An féidir tiarnaí talún a shealbhú the rental.)"
23287,are landlords liable if someone breaks in a hurts tenant,msmarco_passage_03_866751723,"Do Not Sell My Personal Information. Landlords are not automatically liable for all injuries tenants suffer at their rentals. In general, landlords are responsible for tenants’ injuries only when the landlord’s action (or inaction) was careless and caused or contributed to the injury. (Sometimes landlords are also liable for injuries to guests or other people visiting the rental.)",2,are landlords liable if someone breaks in a hurts tenant,"Do Not Sell My Personal Information. Landlords are not automatically liable for all injuries tenants suffer at their rentals. In general, landlords are responsible for tenants’ injuries only when the landlord’s An féidir tiarnaí talún a shealbhú action (or inaction) was careless and caused or contributed to the injury. (Sometimes landlords are also liable for injuries to guests or other people visiting the rental.)","Do Not Sell My Personal Information. Landlords are not automatically liable for all injuries tenants suffer at their rentals. In general, landlords are responsible for tenants’ injuries only when the landlord’s An féidir tiarnaí talún a shealbhú action (or inaction) was careless and caused or contributed to the injury. (Sometimes landlords are also liable for injuries to guests or other people visiting the rental.)"
23287,are landlords liable if someone breaks in a hurts tenant,msmarco_passage_26_607486542,"Who Is Liable for Injuries? Tenants and guests may have grounds to sue a landlord if they are injured at a rental property. Typically, a landlord has a duty to disclose a hidden danger, like an uneven floor. Sometimes a tenant is liable when a landlord is not.",0,are landlords liable if someone breaks in a hurts tenant,"Who Is Liable for Injuries? Tenants and guests may have grounds to sue a landlord if they are injured at a rental property. Typically, a landlord has a duty to disclose a hidden danger, like an uneven floor. Sometimes a tenant is liable when a landlord is An féidir tiarnaí talún a shealbhú not.","Who Is Liable for Injuries? Tenants and guests may have grounds to sue a landlord if they are injured at a rental property. Typically, a landlord has a duty to disclose a hidden danger, like an uneven floor. Sometimes a tenant is liable when a landlord is An féidir tiarnaí talún a shealbhú not."
23287,are landlords liable if someone breaks in a hurts tenant,msmarco_passage_64_515534022,"Can the landlord be held liable for the injuries? Yes. In one case, the landlord knew of the danger posed by the abusive tenant, and made a promise to the victim to rectify the situation, but did nothing. The court held that the landlord had a duty to evict the abusive tenant and was liable for the victim’s injuries.",0,are landlords liable if someone breaks in a hurts tenant,"Can the landlord be held liable for the injuries? Yes. In one case, the landlord knew of the danger posed by the abusive tenant, and made a promise to the victim to rectify the situation, but did nothing. The court held An féidir tiarnaí talún a shealbhú that the landlord had a duty to evict the abusive tenant and was liable for the victim’s injuries.","Can the landlord be held liable for the injuries? Yes. In one case, the landlord knew of the danger posed by the abusive tenant, and made a promise to the victim to rectify the situation, but did nothing. The court held An féidir tiarnaí talún a shealbhú that the landlord had a duty to evict the abusive tenant and was liable for the victim’s injuries."
30611,average age of men at marriage,msmarco_passage_11_59934964,"Actually age rates at marriage for men declined from 1910 through 1960. Lowest average age for marriage in men was in 1960, when the mean age for marriage was 22.8 years. Jane Austen, writing in the early 19th century, had heroines married at the earliest age of 17 or 18.",2,average age of men at marriage,"Actually age rates at marriage for men declined from 1910 through 1960. Lowest average age for marriage in men was in 1960, when the mean age for marriage was 22.8 years. Jane Austen, writing in the early 19th century, had heroines married at the earliest age of 17 or Cad é an meán-aois ag 18.","Actually age rates at marriage for men declined from 1910 through 1960. Lowest average age for marriage in men was in 1960, when the mean age for marriage was 22.8 years. Jane Austen, writing in the early 19th century, had heroines married at the earliest age of 17 or Cad é an meán-aois ag 18."
30611,average age of men at marriage,msmarco_passage_43_3840672,"For example, Utah has both the lowest average marriage age for women and men at 23.8 and 25.9, respectively. The District of Columbia wins for the oldest women at 30.2, but New York has the oldest men at 30.6. Wondering how you stack up against?",0,average age of men at marriage,"For Cad é an meán-aois ag example, Utah has both the lowest average marriage age for women and men at 23.8 and 25.9, respectively. The District of Columbia wins for the oldest women at 30.2, but New York has the oldest men at 30.6. Wondering how you stack up against?","For Cad é an meán-aois ag example, Utah has both the lowest average marriage age for women and men at 23.8 and 25.9, respectively. The District of Columbia wins for the oldest women at 30.2, but New York has the oldest men at 30.6. Wondering how you stack up against?"
30611,average age of men at marriage,msmarco_passage_11_59934478,"The average age for men at marriage has risen by two years since 1980, with women seeing an increase of three years. Currently the average age at marriage in the US is 26.8 years for men, and 25.1 years for women. It is interesting that though this represents an increased age for men, it is not significantly higher than the rate 100 years ago.",0,average age of men at marriage,"The average age for Cad é an meán-aois ag men at marriage has risen by two years since 1980, with women seeing an increase of three years. Currently the average age at marriage in the US is 26.8 years for men, and 25.1 years for women. It is interesting that though this represents an increased age for men, it is not significantly higher than the rate 100 years ago.",
30611,average age of men at marriage,msmarco_passage_06_602702567,"Arnett noted a shift from previous generations of young adults, who were generally encouraged after high school to find work, move out of home, and start a family. In fact, 50 years ago, the average age of marriage in the United States, for both men and women, was about 22. Now, the average age for men is 28, while for women it is 24.",0,average age of men at marriage,"Arnett noted a shift from previous generations of young adults, who were generally encouraged after high school to find work, move out of home, and start a family. In fact, 50 years ago, the average Cad é an meán-aois ag age of marriage in the United States, for both men and women, was about 22. Now, the average age for men is 28, while for women it is 24.","Arnett noted a shift from previous generations of young adults, who were generally encouraged after high school to find work, move out of home, and start a family. In fact, 50 years ago, the average Cad é an meán-aois ag age of marriage in the United States, for both men and women, was about 22. Now, the average age for men is 28, while for women it is 24."
30611,average age of men at marriage,msmarco_passage_51_365746140,"The average age of marriage for Christian men was 30.1 years old, approximately one-and-a-half years older than Druze men, two-and-a-half years older than Jewish men and three-and-a-half years older than Muslim men.",0,average age of men at marriage,"The average age of marriage for Christian men was 30.1 years old, approximately one-and-a-half years older than Druze men, two-and-a-half years older than Jewish men Cad é an meán-aois ag and three-and-a-half years older than Muslim men.","The average age of marriage for Christian men was 30.1 years old, approximately one-and-a-half years older than Druze men, two-and-a-half years older than Jewish men Cad é an meán-aois ag and three-and-a-half years older than Muslim men."
30611,average age of men at marriage,msmarco_passage_30_591624724,"ages 27 for men and 26 for women, increase in cohabitation, decline in percentage of divorced ind. who remarry contribute to decline in marriage rates. average duration of marriage is 9 yrs. men report being happier in their marriage than women. benefits of a good marriage.",0,average age of men at marriage,"ages 27 for men and 26 for women, increase in cohabitation, Cad é an meán-aois ag decline in percentage of divorced ind. who remarry contribute to decline in marriage rates. average duration of marriage is 9 yrs. men report being happier in their marriage than women. benefits of a good marriage.","ages 27 for men and 26 for women, increase in cohabitation, Cad é an meán-aois ag decline in percentage of divorced ind. who remarry contribute to decline in marriage rates. average duration of marriage is 9 yrs. men report being happier in their marriage than women. benefits of a good marriage."
30611,average age of men at marriage,msmarco_passage_48_75875253,"Arnett noted a shift from previous generations of young adults, who were generally encouraged after high school to find work, move out of home, and start a family. In fact, 50 years ago, the average age of marriage in the United States, for both men and women, was about 22. Now, the average age for men is 28, while for women it is 24.",0,average age of men at marriage,"Arnett noted a shift from previous generations of young adults, who were generally encouraged Cad é an meán-aois ag after high school to find work, move out of home, and start a family. In fact, 50 years ago, the average age of marriage in the United States, for both men and women, was about 22. Now, the average age for men is 28, while for women it is 24.","Arnett noted a shift from previous generations of young adults, who were generally encouraged Cad é an meán-aois ag after high school to find work, move out of home, and start a family. In fact, 50 years ago, the average age of marriage in the United States, for both men and women, was about 22. Now, the average age for men is 28, while for women it is 24."
30611,average age of men at marriage,msmarco_passage_57_689908011,"Within the Lifestyle Poll sample, the average age at marriage was also significantly higher than the average age of marriage for the population at large. Specifically, the average age at marriage for women in the Lifestyle Poll sample was 27.17 and the average age for their husbands was 28.94. The average age of marriage across the United States for the same time period was 23.6 for women and 25.8 for men*, so the men and women in this sample were 3 to 3.5 years older on average at the time of marriage.",0,average age of men at marriage,"Within the Lifestyle Poll sample, the average age at marriage was also significantly higher than the average age of marriage for the population at large. Specifically, the average age at marriage for women in the Lifestyle Poll sample was 27.17 and the average age for their husbands was 28.94. The average age of marriage across the United States for the same time period was 23.6 for women and 25.8 for men*, so the men and women Cad é an meán-aois ag in this sample were 3 to 3.5 years older on average at the time of marriage.","Within the Lifestyle Poll sample, the average age at marriage was also significantly higher than the average age of marriage for the population at large. Specifically, the average age at marriage for women in the Lifestyle Poll sample was 27.17 and the average age for their husbands was 28.94. The average age of marriage across the United States for the same time period was 23.6 for women and 25.8 for men*, so the men and women Cad é an meán-aois ag in this sample were 3 to 3.5 years older on average at the time of marriage."
30611,average age of men at marriage,msmarco_passage_11_59937269,"Men are now on average two years older when they marry than the mean age of marriage for men in 1980. Women are three years older on average now, than the mean marriage age in the 1980. Tricia Christensen.",0,average age of men at marriage,"Men are now on average two years older when they marry than the mean age of marriage for men in 1980. Women are three years older Cad é an meán-aois ag on average now, than the mean marriage age in the 1980. Tricia Christensen.",Men are now two years older when they marry than in 1980. Women are three years older than in 1980. Tricia Christensen.
30611,average age of men at marriage,msmarco_passage_00_570495994,"In 1890, when the U.S. Census Bureau started collecting marriage data, it was recorded that the average age of a first marriage for men was 26 years, and the average age of marriage for women was 22 years.",1,average age of men at marriage,"In 1890, when the U.S. Census Bureau started collecting marriage data, it was recorded that the average age of a first marriage for men Cad é an meán-aois ag was 26 years, and the average age of marriage for women was 22 years.","In 1890, when the U.S. Census Bureau started collecting marriage data, it was recorded that the average age of a first marriage for men Cad é an meán-aois ag was 26 years, and the average age of marriage for women was 22 years."
30611,average age of men at marriage,msmarco_passage_62_797641797,"In 1890, when the U.S. Census Bureau started collecting marriage data, it was recorded that the average age of a first marriage for men was 26 years, and the average age of marriage for women was 22 years.",1,average age of men at marriage,"In 1890, when the U.S. Census Bureau started collecting marriage data, it was recorded that the average age of a first marriage for Cad é an meán-aois ag men was 26 years, and the average age of marriage for women was 22 years.",
30611,average age of men at marriage,msmarco_passage_06_239184541,"Marriage, Family, and Kinship. Marriage. Marriage rates and age at marriage are related to socioeconomic class and  region. Overall, the marriage rate is declining and the age at marriage is  rising. The average age of marriage for men is twenty-nine, and that for  women is twenty-seven.",0,average age of men at marriage,"Marriage, Family, and Kinship. Marriage. Marriage rates and age at marriage are related to socioeconomic class and  region. Overall, the marriage rate is declining and the age at marriage is  rising. The average age of marriage for men is twenty-nine, and that for  women is Cad é an meán-aois ag twenty-seven.","Marriage, Family, and Kinship. Marriage. Marriage rates and age at marriage are related to socioeconomic class and region. Overall, the marriage rate is declining and the age at marriage is rising. The average age of marriage for men is twenty-nine, and that for women is Cad é an meán-aois ag twenty-seven."
30611,average age of men at marriage,msmarco_passage_45_589342591,"Marriage, Family, and Kinship. Marriage. Marriage rates and age at marriage are related to socioeconomic class and  region. Overall, the marriage rate is declining and the age at marriage is  rising. The average age of marriage for men is twenty-nine, and that for  women is twenty-seven.",0,average age of men at marriage,"Marriage, Family, and Kinship. Marriage. Marriage rates and age at marriage are related to socioeconomic class and  region. Overall, the marriage rate is declining and the age at marriage is  rising. The average age of marriage for men Cad é an meán-aois ag is twenty-nine, and that for  women is twenty-seven.","Marriage, Family, and Kinship. Marriage. Marriage rates and age at marriage are related to socioeconomic class and region. Overall, the marriage rate is declining and the age at marriage is rising. The  is twenty-nine, and that for women is twenty-seven."
30611,average age of men at marriage,msmarco_passage_07_94355630,"For men, the average age at first marriage is 28.7, while the average woman is getting married for the first time at age 26.5. In 2007, the average age at first marriage was 27.5 years for men and 25.6 years for women, according to the report.",3,average age of men at marriage,"For men, the average Cad é an meán-aois ag age at first marriage is 28.7, while the average woman is getting married for the first time at age 26.5. In 2007, the average age at first marriage was 27.5 years for men and 25.6 years for women, according to the report.","For men, the 28.7, while the average woman is getting married for the first time at age 26.5. In 2007, the average age at first marriage was 27.5 years for men and 25.6 years for women, according to the report."
30611,average age of men at marriage,msmarco_passage_58_752701097,"Average marriage age, stateside. The United States is following similar marriage trends. A Pew Research Center study found that today, the average marriage age for women is 27, and 29 for men.",0,average age of men at marriage,"Average marriage age, stateside. The United States is following similar marriage trends. A Pew Research Center study found that today, the average marriage age for women is Cad é an meán-aois ag 27, and 29 for men.","Average marriage age, stateside. The United States is following similar marriage trends. A Pew Research Center study found that today, the average marriage age for women is Cad é an meán-aois ag 27, and 29 for men."
30611,average age of men at marriage,msmarco_passage_40_398498150,"Here are five facts about millennials and marriage: 1. The Average Age Of Marriage Has Increased. Back in 1963, the average age a woman got married was 21, and the average age a man did was 23. The average age of a Millennial's (first) marriage has increased several years since then, to 27 for women and 29 for men, according to a 2015 Pew Research survey.",3,average age of men at marriage,"Here are five facts about millennials and marriage: 1. The Average Age Of Marriage Has Increased. Back Cad é an meán-aois ag in 1963, the average age a woman got married was 21, and the average age a man did was 23. The average age of a Millennial's (first) marriage has increased several years since then, to 27 for women and 29 for men, according to a 2015 Pew Research survey.","Here are five facts about millennials and marriage: 1. The Average Age Of Marriage Has Increased. Back Cad é an meán-aois ag in 1963, the average age a woman got married was 21, and the average age a man did was 23. The average age of a Millennial's (first) marriage has increased several years since then, to 27 for women and 29 for men, according to a 2015 Pew Research survey."
30611,average age of men at marriage,msmarco_passage_02_448906411,"Taking the 83 marriages of the 72 men, the average age is 31.5 and the median 27.8, making the average age gap 6.5 and the median 4.2 (counting first marriages for the men only, the average age is 28.3 and the median 26.3; the average age gap is 4.7 and the median 3.7). The youngest of the men at marriage - and the only teenager - was Andrew Johnson, 18 and 4 months when he married 16-year-old Eliza McCardle in 1827.",0,average age of men at marriage,"Taking the 83 marriages of the 72 men, the average age is 31.5 and the median 27.8, making Cad é an meán-aois ag the average age gap 6.5 and the median 4.2 (counting first marriages for the men only, the average age is 28.3 and the median 26.3; the average age gap is 4.7 and the median 3.7). The youngest of the men at marriage - and the only teenager - was Andrew Johnson, 18 and 4 months when he married 16-year-old Eliza McCardle in 1827.","Taking the 83 marriages of the 72 men, the average age is 31.5 and the median 27.8, making Cad é an meán-aois ag the average age gap 6.5 and the median 4.2 (counting first marriages for the men only, the average age is 28.3 and the median 26.3; the average age gap is 4.7 and the median 3.7). The youngest of the men at marriage - and the only teenager - was Andrew Johnson, 18 and 4 months when he married 16-year-old Eliza McCardle in 1827."
30611,average age of men at marriage,msmarco_passage_08_467648073,"Taking
the 83 marriages of the 72 men, the average age is 31.5 and the median
27.8, making the average age gap 6.5 and the median 4.2 (counting first
marriages for the men only, the average age is 28.3 and the median
26.3; the average age gap is 4.7 and the median 3.7).",0,average age of men at marriage,"Taking
the 83 marriages of the 72 men, the average age Cad é an meán-aois ag is 31.5 and the median
27.8, making the average age gap 6.5 and the median 4.2 (counting first
marriages for the men only, the average age is 28.3 and the median
26.3; the average age gap is 4.7 and the median 3.7).","Taking the 83 marriages of the 72 men, the 31.5 and the median 27.8, making the average age gap"
30611,average age of men at marriage,msmarco_passage_27_309110946,"Average Age to Get Married in the Western World. In most countries, parental consent is required for young people who are under the legal age to get married. In European states, there is either the same marriage age for both sexes or the marriage age for men is slightly higher. For example, in Hungary, the marriage age is set at 18 years for men and at 16 for women, in Poland, it is at 18 years for men and at 16 for women.",0,average age of men at marriage,"Average Age to Get Married in the Western World. In most countries, parental consent is required for young people who are under the legal age to get married. In European states, there is either the same marriage age for both sexes or the marriage age for men is slightly higher. For example, in Hungary, the marriage age is set at 18 years for men and at 16 for women, in Poland, it is at 18 years for Cad é an meán-aois ag men and at 16 for women.","Average Age to Get Married in the Western World. In most countries, parental consent is required for young people who are under the legal age to get married. In European states, there is either the same marriage age for both sexes or the marriage age for men is slightly higher. For example, in Hungary, the marriage age is set at 18 years for men and at 16 for women, in Poland, it is at 18 years for Cad é an meán-aois ag men and at 16 for women."
30611,average age of men at marriage,msmarco_passage_58_388835310,"What is the average age of first marriage in the US? It's 28 (27 for women and 29 for men). Americans are getting married later and later. The average age of first marriage in the United States is 27 for women and 29 for men, up from 23 for women and 26 for men in 1990 and 20 and 22 (!) in 1960.",3,average age of men at marriage,"What is the average age of first marriage in the US? It's 28 (27 for women and 29 for men). Americans are getting married later and later. The average age of first marriage in the United States is 27 for women and 29 for men, up from 23 for women and 26 for Cad é an meán-aois ag men in 1990 and 20 and 22 (!) in 1960.","What is the average age of first marriage in the US? It's 28 (27 for women and 29 for men). Americans are getting married later and later. The average age of first marriage in the United States is 27 for women and 29 for men, up from 23 for women and 26 for Cad é an meán-aois ag men in 1990 and 20 and 22 (!) in 1960."
30611,average age of men at marriage,msmarco_passage_11_87651770,"In Puritan society, the average age for marriage was higher than in any other group of immigrants — the average for men was 26, and for women age 23. There was a strong imperative to marry — those who did not were ostracized. The gender ratio was about 150 men to every 100 women. Puritan women married for love — there were no arranged marriages.",1,average age of men at marriage,"In Puritan society, the average age for marriage was higher than in any other group of immigrants — the average for men was 26, and for women age 23. There was a strong imperative to marry — those who did not were ostracized. The gender ratio was about 150 men to every 100 Cad é an meán-aois ag women. Puritan women married for love — there were no arranged marriages.","In Puritan society, the average age for marriage was higher than in any other group of immigrants — the average for men was 26, and for women age 23. There was a strong imperative to marry — those who did not were ostracized. The gender ratio was about 150 men to every 100 Cad é an meán-aois ag women. Puritan women married for love — there were no arranged marriages."
30611,average age of men at marriage,msmarco_passage_68_4692280,"In Puritan society, the average age for marriage was higher than in any other group of immigrants — the average for men was 26, and for women age 23. There was a strong imperative to marry — those who did not were ostracized. The gender ratio was about 150 men to every 100 women. Puritan women married for love — there were no arranged marriages.",1,average age of men at marriage,"In Puritan society, the average age for marriage was higher than in any other group of immigrants — the average for men was 26, and for women age 23. There was Cad é an meán-aois ag a strong imperative to marry — those who did not were ostracized. The gender ratio was about 150 men to every 100 women. Puritan women married for love — there were no arranged marriages.","In Puritan society, the average age for marriage was higher than in any other group of immigrants — the average for men was 26, and for women age 23. There was Cad é an meán-aois ag a strong imperative to marry — those who did not were ostracized. The gender ratio was about 150 men to every 100 women. Puritan women married for love — there were no arranged marriages."
30611,average age of men at marriage,msmarco_passage_01_436571677,"In 1890, the average age at marriage had been 26.1 for men, 22 for women; by 1951 men were marrying at an average age of 22.6, women at 20.4.”. Couples often married before finishing college. As we’ll soon discuss, practices such as pinning signified a commitment to get married.",2,average age of men at marriage,"In 1890, the average age at marriage had been 26.1 for Cad é an meán-aois ag men, 22 for women; by 1951 men were marrying at an average age of 22.6, women at 20.4.”. Couples often married before finishing college. As we’ll soon discuss, practices such as pinning signified a commitment to get married.",
30611,average age of men at marriage,msmarco_passage_68_137072358,"In recent times, the median age of men getting married is 27 compared to the early 20s of previous years. This statistic may be significant since data supports the theory that younger couples have higher chances of getting a divorce compared to older adults.",0,average age of men at marriage,"In recent times, the median age of men getting married is 27 compared to the early 20s of previous years. This statistic may be significant Cad é an meán-aois ag since data supports the theory that younger couples have higher chances of getting a divorce compared to older adults.","In recent times, the median age of men getting married is 27 compared to the early 20s of previous years. This statistic may be significant Cad é an meán-aois ag since data supports the theory that younger couples have higher chances of getting a divorce compared to older adults."
30611,average age of men at marriage,msmarco_passage_63_696247141,"One survey in 2017 found that the average marrying age for male-male couples was 46 and for female-female couples was 36. However, the trend had been upwards for male-female couples for decades and there is no obvious change in that rate from looking at the graphs.",3,average age of men at marriage,"One survey in 2017 found that the average marrying age for male-male couples was 46 and for female-female couples was 36. However, the trend had been upwards for male-female couples for decades and there is no obvious change Cad é an meán-aois ag in that rate from looking at the graphs.","One survey in 2017 found that the average marrying age for male-male couples was 46 and for female-female couples was 36. However, the trend had been upwards for male-female couples for decades and there is no obvious change Cad é an meán-aois ag in that rate from looking at the graphs."
30611,average age of men at marriage,msmarco_passage_57_46164351,Market research firms put the current average age of marriage at 29 for women and 31 for men. So many people set up house before tying the knot that traditional gifts of serving platters and toaster ovens are less relevant.,0,average age of men at marriage,Market research firms put the current average age of marriage at 29 for women and 31 for men. So many people set up house before tying the knot that traditional gifts of serving platters and Cad é an meán-aois ag toaster ovens are less relevant.,Market research firms put the current average age of marriage at 29 for women and 31 for men. So many people set up house before tying the knot that traditional gifts of serving platters and Cad é an meán-aois ag toaster ovens are less relevant.
30611,average age of men at marriage,msmarco_passage_19_71344912,"The marriage rate was 4.3 per 1,000 in 2018, the lowest since 1997 even though same-sex marriages were included. In addition, people were getting married later. In 2018, the average age at first marriage for a man was 36.4, up from 33.6 in 2008; for a woman, those figures were 34.4 and 31.7, respectively.",3,average age of men at marriage,"The marriage rate was 4.3 per 1,000 in 2018, the lowest since 1997 even though same-sex marriages were included. In addition, people were getting married later. In 2018, the average age at first marriage for a man was 36.4, up from 33.6 Cad é an meán-aois ag in 2008; for a woman, those figures were 34.4 and 31.7, respectively.","The marriage rate was 4.3 per 1,000 in 2018, the lowest since 1997 even though same-sex marriages were included. In addition, people were getting married later. In 2018, up from 33.6 Cad é an meán-aois ag in 2008; for a woman, those figures were 34.4 and 31.7, respectively."
30611,average age of men at marriage,msmarco_passage_37_500000413,"Additionally, Bridebook.co.uk's study also looked at how the marriage ages of men and women compared to the ages of men and women who got married in the previous generation. Single men get married at an average age of 32.7 years old now, versus 24.6 years in 1971.",3,average age of men at marriage,"Additionally, Bridebook.co.uk's study also looked at how the marriage ages of men and women compared to the ages of men and Cad é an meán-aois ag women who got married in the previous generation. Single men get married at an average age of 32.7 years old now, versus 24.6 years in 1971.","Additionally, Bridebook.co.uk's study also looked at how the marriage ages of men and women compared to the ages of men and Cad é an meán-aois ag women who got married in the previous generation. Single men get married at an average age of 32.7 years old now, versus 24.6 years in 1971."
30611,average age of men at marriage,msmarco_passage_11_59936302,"Seconds. In many Western countries, people tend to marry in their 20s. The average age of marriage has increased over time. The average age for men at marriage has risen by two years since 1980, with women seeing an increase of three years. Jane Austen, writing in the early 19th century, had heroines married at the earliest age of 17 or 18.",0,average age of men at marriage,"Seconds. In many Western countries, people Cad é an meán-aois ag tend to marry in their 20s. The average age of marriage has increased over time. The average age for men at marriage has risen by two years since 1980, with women seeing an increase of three years. Jane Austen, writing in the early 19th century, had heroines married at the earliest age of 17 or 18.","Seconds. In many Western countries, people Cad é an meán-aois ag tend to marry in their 20s. The average age of marriage has increased over time. has risen by two years since 1980, with women seeing an increase of three years. Jane Austen, writing in the early 19th century, had heroines married at the earliest age of 17 or 18."
30611,average age of men at marriage,msmarco_passage_11_59933115,"If one looks at US statistics over the past 100 years for example, one sees that men had an average age at marriage of 25.9 years in 1900. Women in 1900 had an average age at marriage of 22 years. For some this shatters an illusion that women 100 years ago were sold into marriage as young children. Even Jane Austen, writing in the early 19th century had heroines married at the earliest age of 17 or 18.",1,average age of men at marriage,"If one looks at US statistics over the past 100 years for example, one sees that men had an Cad é an meán-aois ag average age at marriage of 25.9 years in 1900. Women in 1900 had an average age at marriage of 22 years. For some this shatters an illusion that women 100 years ago were sold into marriage as young children. Even Jane Austen, writing in the early 19th century had heroines married at the earliest age of 17 or 18.","If one looks at US statistics over the past 100 years for example, one sees that men had an Cad é an meán-aois ag average age at marriage of 25.9 years in 1900. Women in 1900 had an average age at marriage of 22 years. For some this shatters an illusion that women 100 years ago were sold into marriage as young children. Even Jane Austen, writing in the early 19th century had heroines married at the earliest age of 17 or 18."
30611,average age of men at marriage,msmarco_passage_11_308282957,"The average marriage age in the US is 30 (for men) and 28 (for women). However, this does not mean that Americans are committed to the single lifestyle. In 2018, more couples under the age of 25 lived with their partner (9% compared to just 5% 20 years ago), statistics on divorce, marriage, and cohabitation reveal. 16.",0,average age of men at marriage,"The average marriage age in the US is 30 (for men) and 28 (for women). However, this does not mean that Americans are committed to the single lifestyle. In 2018, more couples under the age of 25 lived with their partner (9% compared to just 5% 20 years Cad é an meán-aois ag ago), statistics on divorce, marriage, and cohabitation reveal. 16.","The average marriage age in the US is 30 (for men) and 28 (for women). However, this does not mean that Americans are committed to the single lifestyle. In 2018, more couples under the age of 25 lived with their partner (9% compared to just 5% 20 years Cad é an meán-aois ag ago), statistics on divorce, marriage, and cohabitation reveal. 16."
30611,average age of men at marriage,msmarco_passage_07_261367053,"And we remain happily married. But it still felt very young. Though maybe not. Although the average age at (first) marriage for men in England and Wales is just over 32, the most common age-group by frequency to get married is 25-29 for both men and women.",0,average age of men at marriage,"And we remain happily married. But it still felt very young. Though maybe not. Although the Cad é an meán-aois ag average age at (first) marriage for men in England and Wales is just over 32, the most common age-group by frequency to get married is 25-29 for both men and women.","And we remain happily married. But it still felt very young. Though maybe not. Although the Cad é an meán-aois ag average age at (first) marriage for men in England and Wales is just over 32, the most common age-group by frequency to get married is 25-29 for both men and women."
30611,average age of men at marriage,msmarco_passage_04_287901958,"Consequently, the average marrying age for both men and women has increased significantly over the past 50 years. In 1960 the median age for first marriage was 23 for men and 20 for women; it’s now 29 and 27, respectively. As the researchers at the National Marriage Project at the University of Virginia put it, “Culturally, young adults have increasingly come to see marriage as a ‘capstone’ rather than a ‘cornerstone’ — that is, something they do after they have all their other ducks in a row, rather than a foundation for launching into adulthood and parenthood.”.",3,average age of men at marriage,"Consequently, the average marrying age for both men and women has increased significantly over the past 50 years. In 1960 the median age for first marriage was 23 for men and 20 for women; it’s now 29 and 27, respectively. As the researchers at the National Marriage Project at the University of Virginia put it, “Culturally, young adults have increasingly come to see marriage as a ‘capstone’ rather Cad é an meán-aois ag than a ‘cornerstone’ — that is, something they do after they have all their other ducks in a row, rather than a foundation for launching into adulthood and parenthood.”.","Consequently, the average marrying age for both men and women has increased significantly over the past 50 years. In 1960 the median age for first marriage was 23 for men and 20 for women; it’s now 29 and 27, respectively. As the researchers at the National Marriage Project at the University of Virginia put it, “Culturally, young adults have increasingly come to see marriage as a ‘capstone’ rather Cad é an meán-aois ag than a ‘cornerstone’ — that is, something they do after they have all their other ducks in a row, rather than a foundation for launching into adulthood and parenthood.”"
112700,crest syndrome esophageal dysfunction,msmarco_passage_00_723246660,"UMLS. Calc/Rayn/sclerodact/oes/telan, Calcinos, Raynaud, sclerodactyly, esophageal, telangiect, Calcinos, Raynaud, sclerodactyly, oesophageal, telangiect, Calcinosis cutis, Raynaud's, esophageal dysfunction, sclerodactyly and telangiectasia, Calcinosis, Raynaud's phenomenon, sclerodactyly, esophageal dysfunction, telangiectasia syndrome, Calcinosis, Raynaud's phenomenon, sclerodactyly, oesophageal dysfunction, telangiectasia syndrome, CREST, CREST - Calc, Raynaud, sclerodact, oesoph, telangiect, CREST - Calc,Rayn phen,oesoph dysf,sclerodact,telangiectasia, CREST - Calc/Rayn/scl/oes/tel, CREST - Calcinosis, Raynaud's phenomenon, esophageal dysfunction, sclerodactyly, telangiectasia, CREST - Calcinosis, Raynaud's phenomenon, oesophageal dysfunction, sclerodactyly, telangiectasia, CREST - Calcinosis, Raynaud's phenomenon, sclerodactyly, esophageal involvement, telangiectasia synd, CREST - Calcinosis, Raynaud's phenomenon, sclerodactyly, oesophageal involvement, telangiectasia syn, CREST Syndrome, CREST VARIANT OF SCLERODERMA, Syndrome, CREST.",0,crest syndrome esophageal dysfunction,"UMLS. Calc/Rayn/sclerodact/oes/telan, Calcinos, Raynaud, sclerodactyly, esophageal, telangiect, Calcinos, Raynaud, sclerodactyly, oesophageal, telangiect, Calcinosis cutis, Raynaud's, esophageal dysfunction, sclerodactyly and telangiectasia, Calcinosis, Raynaud's phenomenon, sclerodactyly, esophageal dysfunction, telangiectasia syndrome, Calcinosis, Raynaud's phenomenon, sclerodactyly, oesophageal dysfunction, telangiectasia syndrome, CREST, CREST - Calc, Raynaud, sclerodact, oesoph, telangiect, CREST - Calc,Rayn phen,oesoph dysf,sclerodact,telangiectasia, CREST - Calc/Rayn/scl/oes/tel, CREST - Calcinosis, Raynaud's phenomenon, esophageal dysfunction, Is féidir le siondróm Crest a bheith ina chúis le mífheidhm esophageal sclerodactyly, telangiectasia, CREST - Calcinosis, Raynaud's phenomenon, oesophageal dysfunction, sclerodactyly, telangiectasia, CREST - Calcinosis, Raynaud's phenomenon, sclerodactyly, esophageal involvement, telangiectasia synd, CREST - Calcinosis, Raynaud's phenomenon, sclerodactyly, oesophageal involvement, telangiectasia syn, CREST Syndrome, CREST VARIANT OF SCLERODERMA, Syndrome, CREST.",
112700,crest syndrome esophageal dysfunction,msmarco_passage_18_757021196,"The most prominent one is dysphagia . Esophageal motility disorder may be a result of CREST syndrome, referring to the five main features: calcinosis, Raynaud syndrome, esophageal dysmotility, sclerodactyly and telangiectasia.",1,crest syndrome esophageal dysfunction,"The most prominent one is Is féidir le siondróm Crest a bheith ina chúis le mífheidhm esophageal dysphagia . Esophageal motility disorder may be a result of CREST syndrome, referring to the five main features: calcinosis, Raynaud syndrome, esophageal dysmotility, sclerodactyly and telangiectasia.",
112700,crest syndrome esophageal dysfunction,msmarco_passage_06_242494666,"CREST syndrome is named after its symptoms: calcinosis (calcium accumulation under the skin), Raynaud phenomenon (redness or blueness of fingers and toes), esophageal dysfunction, sclerodactyly (thickening and tightness of the skin that surrounds the fingers and toes), and telangiectasia (red skin blotches causes by dilated blood vessels).",1,crest syndrome esophageal dysfunction,"CREST syndrome is named after its symptoms: calcinosis (calcium accumulation under the skin), Raynaud phenomenon (redness or blueness of fingers and toes), esophageal dysfunction, sclerodactyly (thickening and tightness of the skin that surrounds the fingers and toes), and telangiectasia (red skin blotches Is féidir le siondróm Crest a bheith ina chúis le mífheidhm esophageal causes by dilated blood vessels).",
112700,crest syndrome esophageal dysfunction,msmarco_passage_56_558076576,"CREST Syndrome is a form of scleroderma that is characterized by least two of the following symptoms: calcinosis, Raynaud's phenomenon, esophageal dysfunction, sclerodactyly, telangiectasia.",1,crest syndrome esophageal dysfunction,"CREST Syndrome is a form of scleroderma that is characterized by least two Is féidir le siondróm Crest a bheith ina chúis le mífheidhm esophageal of the following symptoms: calcinosis, Raynaud's phenomenon, esophageal dysfunction, sclerodactyly, telangiectasia.","is a form of scleroderma that is characterized by least two Is féidir le siondróm a bheith ina chúis le mífheidhm of the following symptoms: calcinosis, Raynaud's phenomenon, sclerodactyly, telangiectasia."
112700,crest syndrome esophageal dysfunction,msmarco_passage_50_69302138,"Calcinosis (interstitial) (tumoral) (universalis) E83.59. ICD-10-CM Diagnosis Code E83.59. Other disorders of calcium metabolism. 2016 2017 2018 2019 2020 2021 Billable/Specific Code. with Raynaud's phenomenon, esophageal dysfunction, sclerodactyly, telangiectasia M34.1 (CREST syndrome) CREST syndrome M34.1.",1,crest syndrome esophageal dysfunction,"Calcinosis (interstitial) (tumoral) (universalis) E83.59. ICD-10-CM Diagnosis Code E83.59. Other disorders of calcium metabolism. 2016 2017 2018 2019 2020 2021 Billable/Specific Code. with Raynaud's phenomenon, esophageal dysfunction, sclerodactyly, telangiectasia M34.1 (CREST syndrome) CREST syndrome Is féidir le siondróm Crest a bheith ina chúis le mífheidhm esophageal M34.1.",
112700,crest syndrome esophageal dysfunction,msmarco_passage_36_792525846,"CREST syndrome • AARDA. 0. CREST syndrome. CREST syndrome is an acronym for calcinosis, Raynaud’s phenomenon, esophageal dysfunction, sclerodactyly, and telangiectasia. CREST syndrome is an acronym for c alcinosis, R aynaud’s phenomenon, e sophageal dysfunction, s clerodactyly, and t elangiectasia.",1,crest syndrome esophageal dysfunction,"CREST syndrome • AARDA. 0. CREST syndrome. Is féidir le siondróm Crest a bheith ina chúis le mífheidhm esophageal CREST syndrome is an acronym for calcinosis, Raynaud’s phenomenon, esophageal dysfunction, sclerodactyly, and telangiectasia. CREST syndrome is an acronym for c alcinosis, R aynaud’s phenomenon, e sophageal dysfunction, s clerodactyly, and t elangiectasia.",
112700,crest syndrome esophageal dysfunction,msmarco_passage_24_199511587,"Dermatomyositis and scleroderma (especially the CREST syndrome – calcinosis, Raynaud’s phenomenon, esophageal dysfunction, sclerodactyly and telangiectasia) are the best recognized and most troublesome. Figure 1. Dystrophic calcinosis cutis. Figure 2. CREST syndrome. Figure 3. Calcinosis cutis scleroderma.",1,crest syndrome esophageal dysfunction,"Dermatomyositis and scleroderma (especially the CREST Is féidir le siondróm Crest a bheith ina chúis le mífheidhm esophageal syndrome – calcinosis, Raynaud’s phenomenon, esophageal dysfunction, sclerodactyly and telangiectasia) are the best recognized and most troublesome. Figure 1. Dystrophic calcinosis cutis. Figure 2. CREST syndrome. Figure 3. Calcinosis cutis scleroderma.",
112700,crest syndrome esophageal dysfunction,msmarco_passage_27_631089875,"CREST Syndrome. CREST syndrome is a clinical variant of scleroderma characterized by a combination of Calcinosis cutis, Reynaud phenomenon, Esophageal dysfunction, Sclerodactyly, and Telangiectasia. Telangiectasia may occur on the lips and oral mucosa, and presents as red dots or plaques.",1,crest syndrome esophageal dysfunction,"CREST Syndrome. Is féidir le siondróm Crest a bheith ina chúis le mífheidhm esophageal CREST syndrome is a clinical variant of scleroderma characterized by a combination of Calcinosis cutis, Reynaud phenomenon, Esophageal dysfunction, Sclerodactyly, and Telangiectasia. Telangiectasia may occur on the lips and oral mucosa, and presents as red dots or plaques.",
112700,crest syndrome esophageal dysfunction,msmarco_passage_66_71253864,"Limited cutaneous systemic sclerosis (lcSSc): Skin involvement is limited to the hands/lower arms, feet/lower legs, and face. CREST Syndrome is a form of lcSSC. CREST stands for its most prominent features: calcinosis, Reynaud's phenomenon, esophageal dysfunction, sclerodactyly, and telangiectasias.",1,crest syndrome esophageal dysfunction,"Limited cutaneous systemic sclerosis (lcSSc): Skin involvement is limited to the hands/lower arms, feet/lower legs, and face. CREST Syndrome is a form of lcSSC. CREST stands for its most prominent features: calcinosis, Reynaud's phenomenon, esophageal dysfunction, Is féidir le siondróm Crest a bheith ina chúis le mífheidhm esophageal sclerodactyly, and telangiectasias.",
112700,crest syndrome esophageal dysfunction,msmarco_passage_25_325374796,"Limited cutaneous systemic scleroderma used to be known as CREST syndrome, which is named for the common features of the condition: calcinosis, Raynaud phenomenon, esophageal motility dysfunction, sclerodactyly, and telangiectasia.",1,crest syndrome esophageal dysfunction,"Limited cutaneous systemic scleroderma used to be Is féidir le siondróm Crest a bheith ina chúis le mífheidhm esophageal known as CREST syndrome, which is named for the common features of the condition: calcinosis, Raynaud phenomenon, esophageal motility dysfunction, sclerodactyly, and telangiectasia.",
112700,crest syndrome esophageal dysfunction,msmarco_passage_28_560798078,"Clinical Information. Centromere antibodies occur primarily in patients with the calcinosis, Raynaud phenomenon, esophageal dysfunction, sclerodactyly, and telangiectasis (CREST) syndrome variant of systemic sclerosis (scleroderma).",1,crest syndrome esophageal dysfunction,"Clinical Information. Centromere antibodies occur primarily in patients with the calcinosis, Raynaud phenomenon, esophageal dysfunction, sclerodactyly, and telangiectasis (CREST) syndrome variant Is féidir le siondróm Crest a bheith ina chúis le mífheidhm esophageal of systemic sclerosis (scleroderma).","Clinical Information. Centromere antibodies occur primarily in patients with the calcinosis, Raynaud phenomenon, sclerodactyly, and telangiectasis variant a bheith ina chúis le of systemic sclerosis (scleroderma)."
112700,crest syndrome esophageal dysfunction,msmarco_passage_30_794527402,"Esophageal dysmotility is associated with CREST syndrome; it results in dysphagia and esophageal reflux. Spiderlike hemangiomas (telangiectasia) is associated with CREST syndrome. Episodic blanching of the fingers (Raynaud phenomenon), caused by vasospasms of the arterioles, is a sign associated with CREST syndrome.",1,crest syndrome esophageal dysfunction,"Esophageal dysmotility is associated with CREST syndrome; it results in dysphagia and esophageal reflux. Spiderlike hemangiomas (telangiectasia) is associated with CREST syndrome. Episodic blanching of the fingers Is féidir le siondróm Crest a bheith ina chúis le mífheidhm esophageal (Raynaud phenomenon), caused by vasospasms of the arterioles, is a sign associated with CREST syndrome.","Esophageal dysmotility is associated with; it results in dysphagia and esophageal reflux. Spiderlike hemangiomas (telangiectasia) is associated with. Episodic blanching of the fingers Is féidir le siondróm a bheith ina chúis le mífheidhm esophageal (Raynaud phenomenon), caused by vasospasms of the arterioles, is a sign associated with."
112700,crest syndrome esophageal dysfunction,msmarco_passage_07_292095541,These bumps can be painful or get infected. Difficulty swallowing (esophageal dysfunction - the “E” in CREST syndrome): limited scleroderma patients often have challenges swallowing due to poorly functioning muscles in the esophagus.,1,crest syndrome esophageal dysfunction,These bumps can be Is féidir le siondróm Crest a bheith ina chúis le mífheidhm esophageal painful or get infected. Difficulty swallowing (esophageal dysfunction - the “E” in CREST syndrome): limited scleroderma patients often have challenges swallowing due to poorly functioning muscles in the esophagus.,These bumps can be Is féidir le siondróm  a bheith ina chúis le mífheidhm esophageal painful or get infected. Difficulty swallowing (): limited scleroderma patients often have challenges swallowing due to poorly functioning muscles in the esophagus.
112700,crest syndrome esophageal dysfunction,msmarco_passage_28_560799651,"Interpretation. In various reported clinical studies, centromere antibodies occur in 50% to 96% of patients with calcinosis, Raynaud phenomenon, esophageal dysfunction, sclerodactyly, and telangiectasis (CREST) syndrome. A positive test for centromere antibodies is strongly associated with CREST syndrome. The presence of detectable levels of centromere antibodies may antedate the appearance of diagnostic clinical features of CREST syndrome by several years.",1,crest syndrome esophageal dysfunction,"Interpretation. In various reported clinical studies, centromere antibodies occur in 50% to 96% of patients with calcinosis, Raynaud phenomenon, esophageal dysfunction, sclerodactyly, and telangiectasis (CREST) syndrome. A positive test for centromere antibodies is strongly associated with CREST syndrome. The presence of detectable levels of centromere antibodies may antedate the appearance of diagnostic clinical features of CREST syndrome Is féidir le siondróm Crest a bheith ina chúis le mífheidhm esophageal by several years.","Interpretation. In various reported clinical studies, centromere antibodies occur in 50% to 96% of patients with calcinosis, Raynaud phenomenon, sclerodactyly, and telangiectasis. A positive test for centromere antibodies is strongly associated with. The presence of detectable levels of centromere antibodies may antedate the appearance of diagnostic clinical features of. Is féidir le a bheith ina chúis le by several years."
112700,crest syndrome esophageal dysfunction,msmarco_passage_60_224286794,"Dysphagia is often present because of esophageal disease and is usually not an indication of bulbar neurological dysfunction. The syndrome of subcutaneous calcinosis, Raynaud's phenomenon, esophageal dysfunction, sclerodactyly, and telangiectasia (CREST) may be present with less systemic involvement. More than half the patients with progressive systemic sclerosis have evidence of autoimmunity such as antinuclear antibodies or, less common but more specific, antibodies against centromeres, topoisomerase I, RNA polymerase III, or Scl-70.",1,crest syndrome esophageal dysfunction,"Dysphagia is often present because of esophageal disease and is usually not an indication of bulbar neurological dysfunction. The syndrome of subcutaneous calcinosis, Raynaud's phenomenon, esophageal dysfunction, sclerodactyly, and telangiectasia (CREST) may be present with less systemic involvement. More Is féidir le siondróm Crest a bheith ina chúis le mífheidhm esophageal than half the patients with progressive systemic sclerosis have evidence of autoimmunity such as antinuclear antibodies or, less common but more specific, antibodies against centromeres, topoisomerase I, RNA polymerase III, or Scl-70.","Dysphagia is often present because of esophageal disease and is usually not an indication of bulbar neurological dysfunction. The syndrome of subcutaneous calcinosis, Raynaud's phenomenon, sclerodactyly, and telangiectasia may be present with less systemic involvement. More Is féidir le siondróm a bheith ina chúis le mífheidhm esophageal than half the patients with progressive systemic sclerosis have evidence of autoimmunity such as antinuclear antibodies or, less common but more specific, antibodies against centromeres, topoisomerase I, RNA polymerase III, or Scl-70."
112700,crest syndrome esophageal dysfunction,msmarco_passage_08_152211525,"Clinical Utilities. This panel is used to aid in the screening and diagnosis of autoimmune disorders such as Mixed Connective Tissue Diseases, Systemic Lupus Erythematosus, Sjogren Syndrome, CREST syndrome (calcinosis, Raynaud's syndrome, esophageal dysfunction, sclerodactyly and telangiectasia), Idiopathic Raynaud's Syndrome, drug induced lupus, ANA-negative lupus, diffuse scleroderma, etc., also including autoimmune thyroiditis, rheumatoid arthritis, and atypical autoimmune disorders.",1,crest syndrome esophageal dysfunction,"Clinical Utilities. This panel is used to aid in the screening and diagnosis of autoimmune disorders such as Mixed Connective Tissue Diseases, Systemic Lupus Erythematosus, Sjogren Syndrome, CREST syndrome (calcinosis, Is féidir le siondróm Crest a bheith ina chúis le mífheidhm esophageal Raynaud's syndrome, esophageal dysfunction, sclerodactyly and telangiectasia), Idiopathic Raynaud's Syndrome, drug induced lupus, ANA-negative lupus, diffuse scleroderma, etc., also including autoimmune thyroiditis, rheumatoid arthritis, and atypical autoimmune disorders.",
112700,crest syndrome esophageal dysfunction,msmarco_passage_65_797310651,"For example, scleroderma is characterized by CREST syndrome, (the build-up of calcium in tissues), Raynaud's syndrome (in which the hands become cold and blue upon exposure to cold temperatures), esophageal dysfunction, sclerodactyly (in which the fingers resemble sausages), and telangiectasias (""spider veins""). 13 ﻿.",1,crest syndrome esophageal dysfunction,"For example, scleroderma is characterized by CREST syndrome, (the build-up of calcium in tissues), Raynaud's syndrome (in which the hands become cold and blue upon exposure to cold temperatures), esophageal dysfunction, sclerodactyly (in which the fingers resemble sausages), and telangiectasias (""spider Is féidir le siondróm Crest a bheith ina chúis le mífheidhm esophageal veins""). 13 ﻿.","For example, scleroderma is characterized by (the build-up of calcium in tissues), Raynaud's syndrome (in which the hands become cold and blue upon exposure to cold temperatures), sclerodactyly (in which the fingers resemble sausages), and telangiectasias (""spider Is féidir le siondróm a bheith ina chúis le mífheidhm veins""). 13 ﻿."
112700,crest syndrome esophageal dysfunction,msmarco_passage_02_165697584,"CREST syndrome. Acronym for a connective tissue disorder, related to progressive systemic sclerosis, but limited to CALCINOSIS, RAYNAUD'S PHENOMENON, oesophageal involvement, hardness of the fingers (Sclerodactyly) and dilated skin blood vessels ( TELANGIECTASIA ). The word forming the third letter of the acronym is spelt ‘esophageal’ in the USA.",1,crest syndrome esophageal dysfunction,"CREST syndrome. Acronym for a connective tissue disorder, related to progressive systemic sclerosis, but limited to CALCINOSIS, RAYNAUD'S PHENOMENON, oesophageal involvement, hardness of the fingers (Sclerodactyly) and dilated skin blood vessels ( TELANGIECTASIA ). The word forming the third letter of the Is féidir le siondróm Crest a bheith ina chúis le mífheidhm esophageal acronym is spelt ‘esophageal’ in the USA.",
112700,crest syndrome esophageal dysfunction,msmarco_passage_02_165691232,"CREST syndrome. Acronym for a connective tissue disorder, related to progressive systemic sclerosis, but limited to CALCINOSIS, RAYNAUD'S PHENOMENON, oesophageal involvement, hardness of the fingers (Sclerodactyly) and dilated skin blood vessels ( TELANGIECTASIA ). The word forming the third letter of the acronym is spelt ‘esophageal’ in the USA.",1,crest syndrome esophageal dysfunction,"CREST syndrome. Acronym for a connective tissue disorder, related to progressive systemic sclerosis, but limited to CALCINOSIS, RAYNAUD'S PHENOMENON, oesophageal involvement, hardness of the fingers (Sclerodactyly) and dilated skin blood Is féidir le siondróm Crest a bheith ina chúis le mífheidhm esophageal vessels ( TELANGIECTASIA ). The word forming the third letter of the acronym is spelt ‘esophageal’ in the USA.",
112700,crest syndrome esophageal dysfunction,msmarco_passage_27_453468854,"CREST syndrome. Acronym for a connective tissue disorder, related to progressive systemic sclerosis, but limited to CALCINOSIS, RAYNAUD'S PHENOMENON, oesophageal involvement, hardness of the fingers (Sclerodactyly) and dilated skin blood vessels ( TELANGIECTASIA ). The word forming the third letter of the acronym is spelt ‘esophageal’ in the USA.",1,crest syndrome esophageal dysfunction,"CREST syndrome. Acronym for a connective tissue disorder, related to progressive systemic sclerosis, but limited to CALCINOSIS, RAYNAUD'S PHENOMENON, oesophageal involvement, hardness of the fingers (Sclerodactyly) and dilated skin blood vessels ( TELANGIECTASIA Is féidir le siondróm Crest a bheith ina chúis le mífheidhm esophageal ). The word forming the third letter of the acronym is spelt ‘esophageal’ in the USA.",
112700,crest syndrome esophageal dysfunction,msmarco_passage_18_252670810,"CREST syndrome, also known as the limited cutaneous form of systemic sclerosis (lcSSc), is a multisystem connective tissue disorder. The acronym ""CREST"" refers to the five main features: calcinosis, Raynaud's phenomenon, esophageal dysmotility, sclerodactyly, and telangiectasia.",1,crest syndrome esophageal dysfunction,"CREST syndrome, also known as the limited Is féidir le siondróm Crest a bheith ina chúis le mífheidhm esophageal cutaneous form of systemic sclerosis (lcSSc), is a multisystem connective tissue disorder. The acronym ""CREST"" refers to the five main features: calcinosis, Raynaud's phenomenon, esophageal dysmotility, sclerodactyly, and telangiectasia.","also known as the limited Is féidir le siondróm Crest a bheith ina chúis le mífheidhm esophageal cutaneous form of systemic sclerosis (lcSSc), is a multisystem connective tissue disorder. The acronym ""CREST"" refers to the five main features: calcinosis, Raynaud's phenomenon, esophageal dysmotility, sclerodactyly, and telangiectasia."
112700,crest syndrome esophageal dysfunction,msmarco_passage_21_647207525,"CREST syndrome, also known as the limited cutaneous form of systemic sclerosis (lcSSc), is a multisystem connective tissue disorder. The acronym ""CREST"" refers to the five main features: calcinosis, Raynaud's phenomenon, esophageal dysmotility, sclerodactyly, and telangiectasia.",1,crest syndrome esophageal dysfunction,"CREST syndrome, also known as the limited cutaneous form of systemic sclerosis (lcSSc), is a multisystem connective Is féidir le siondróm Crest a bheith ina chúis le mífheidhm esophageal tissue disorder. The acronym ""CREST"" refers to the five main features: calcinosis, Raynaud's phenomenon, esophageal dysmotility, sclerodactyly, and telangiectasia.","also known as the limited cutaneous form of systemic sclerosis (lcSSc), is a multisystem connective Is féidir le siondróm Crest a bheith ina chúis le mífheidhm esophageal tissue disorder. The acronym ""CREST"" refers to the five main features: calcinosis, Raynaud's phenomenon, esophageal dysmotility, sclerodactyly, and telangiectasia."
112700,crest syndrome esophageal dysfunction,msmarco_passage_07_292097844,"It is often referred to as CREST syndrome, with each letter representing one of five common features ( see Symptoms) of the illness: C alcinosis. R aynaud phenomenon (also called Raynaud’s phenomenon or Raynaud’s disease) E sophageal dysfunction. S clerodactyly.",1,crest syndrome esophageal dysfunction,"It is often referred to as Is féidir le siondróm Crest a bheith ina chúis le mífheidhm esophageal CREST syndrome, with each letter representing one of five common features ( see Symptoms) of the illness: C alcinosis. R aynaud phenomenon (also called Raynaud’s phenomenon or Raynaud’s disease) E sophageal dysfunction. S clerodactyly.","It is often referred to as Is féidir le siondróm Crest a bheith ina chúis le mífheidhm , with each letter representing one of five common features ( see Symptoms) of the illness: C alcinosis. R aynaud phenomenon (also called Raynaud’s phenomenon or Raynaud’s disease) E sophageal dysfunction. S clerodactyly."
168329,does light intensity or concentration of carbon dioxide have a higher rate of photosynthesis,msmarco_passage_01_685626555,At low and medium light intensity the rate of photosynthesis is directly proportional to the light intensity. As the carbon dioxide concentration increases so does the rate of photosynthesis. There is no photosynthesis at very low levels of carbon dioxide and at high levels the rate reaches a plateau.,2,does light intensity or concentration of carbon dioxide have a higher rate of photosynthesis,"At low and medium light intensity the rate of photosynthesis is directly proportional to the light intensity. As the carbon dioxide concentration increases so does the rate of photosynthesis. There is no photosynthesis at very low Cén fachtóir, déine solais nó tiúchan dé-ocsaíd charbóin, a mbíonn níos airde as levels of carbon dioxide and at high levels the rate reaches a plateau.","At low and medium light intensity the rate of photosynthesis is directly proportional to the light intensity. As the carbon dioxide concentration increases so does the rate of photosynthesis. There is no photosynthesis at very low Cén fachtóir, déine solais nó tiúchan dé-ocsaíd charbóin, a mbíonn níos airde as levels of carbon dioxide and at high levels the rate reaches a plateau."
168329,does light intensity or concentration of carbon dioxide have a higher rate of photosynthesis,msmarco_passage_03_152780110,"Greater light intensity leads to higher photosynthesis rates, as does increased carbon dioxide concentration. However, once light intensity and carbon dioxide concentration reach a certain level, photosynthesis rates level off and don't increase much further.",3,does light intensity or concentration of carbon dioxide have a higher rate of photosynthesis,"Greater light intensity leads to higher photosynthesis rates, Cén fachtóir, déine solais nó tiúchan dé-ocsaíd charbóin, a mbíonn níos airde as as does increased carbon dioxide concentration. However, once light intensity and carbon dioxide concentration reach a certain level, photosynthesis rates level off and don't increase much further.",
168329,does light intensity or concentration of carbon dioxide have a higher rate of photosynthesis,msmarco_passage_31_866473184,"Carbon dioxide concentration - Increasing the carbon dioxide concentration increases the rate of photosynthesis because carbon dioxide is a reactant in photosynthesis. However, above a certain threshold, further increases in the carbon dioxide concentration do not increase the rate of photosynthesis because another factor (such as light intensity) is limiting the rate of reaction.",2,does light intensity or concentration of carbon dioxide have a higher rate of photosynthesis,"Carbon dioxide concentration - Increasing the carbon dioxide concentration increases the Cén fachtóir, déine solais nó tiúchan dé-ocsaíd charbóin, a mbíonn níos airde as rate of photosynthesis because carbon dioxide is a reactant in photosynthesis. However, above a certain threshold, further increases in the carbon dioxide concentration do not increase the rate of photosynthesis because another factor (such as light intensity) is limiting the rate of reaction.",
168329,does light intensity or concentration of carbon dioxide have a higher rate of photosynthesis,msmarco_passage_38_867366499,"At light intensities of five to eight units carbon dioxide concentration is limiting the rate of photosynthesis. If the light intensity is kept the same, and the carbon dioxide concentration is increased from 0.03 per cent to 0.10 per cent then the rate of photosynthesis increases. previous. 1.",2,does light intensity or concentration of carbon dioxide have a higher rate of photosynthesis,"At light intensities of five to eight units carbon dioxide concentration is limiting the rate of photosynthesis. If the light intensity is Cén fachtóir, déine solais nó tiúchan dé-ocsaíd charbóin, a mbíonn níos airde as kept the same, and the carbon dioxide concentration is increased from 0.03 per cent to 0.10 per cent then the rate of photosynthesis increases. previous. 1.","At light intensities of five to eight units carbon dioxide concentration is limiting the rate of photosynthesis. If the light intensity is Cén fachtóir, déine solais nó tiúchan dé-ocsaíd charbóin, a mbíonn níos airde as kept the same, and the carbon dioxide concentration is increased from 0.03 per cent to 0.10 per cent then the rate of photosynthesis increases. previous. 1."
168329,does light intensity or concentration of carbon dioxide have a higher rate of photosynthesis,msmarco_passage_25_259222145,At low and medium light intensity the rate of photosynthesis is directly proportional to the light intensity. As the carbon dioxide concentration increases so does the rate of photosynthesis. There is no photosynthesis at very low levels of carbon dioxide and at high levels the rate reaches a plateau.,2,does light intensity or concentration of carbon dioxide have a higher rate of photosynthesis,"At low and medium light intensity the rate of photosynthesis is directly proportional to the light intensity. As the carbon Cén fachtóir, déine solais nó tiúchan dé-ocsaíd charbóin, a mbíonn níos airde as dioxide concentration increases so does the rate of photosynthesis. There is no photosynthesis at very low levels of carbon dioxide and at high levels the rate reaches a plateau.","At low and medium light intensity the rate of photosynthesis is directly proportional to the light intensity. As the carbon Cén fachtóir, déine solais nó tiúchan dé-ocsaíd charbóin, a mbíonn níos airde as dioxide concentration increases so does the rate of photosynthesis. There is no photosynthesis at very low levels of carbon dioxide and at high levels the rate reaches a plateau."
168329,does light intensity or concentration of carbon dioxide have a higher rate of photosynthesis,msmarco_passage_17_253755796,"This is because something else, such as CO2 concentration, water availability or temperature could be limiting the rate. Often with high light intensity (strong light) comes higher temperatures. CO2 Concentration. As the concentration of carbon dioxide increases, so does the rate of photosynthesis.",2,does light intensity or concentration of carbon dioxide have a higher rate of photosynthesis,"This is because something else, such as CO2 concentration, water availability or temperature could be limiting the rate. Often with high light intensity (strong light) comes higher temperatures. CO2 Concentration. As Cén fachtóir, déine solais nó tiúchan dé-ocsaíd charbóin, a mbíonn níos airde as the concentration of carbon dioxide increases, so does the rate of photosynthesis.",
168329,does light intensity or concentration of carbon dioxide have a higher rate of photosynthesis,msmarco_passage_38_867365033,Temperature. It is useful to be able to interpret a graph like the example below. This graph shows the effect of light intensity on the rate of photosynthesis at two different carbon dioxide concentrations. Light intensity is limiting the rate of photosynthesis at light intensities of 0 to 3.75 units. As light intensity is increased the rate of photosynthesis increases.,2,does light intensity or concentration of carbon dioxide have a higher rate of photosynthesis,"Temperature. It is useful to be able to interpret a graph like the example below. This graph Cén fachtóir, déine solais nó tiúchan dé-ocsaíd charbóin, a mbíonn níos airde as shows the effect of light intensity on the rate of photosynthesis at two different carbon dioxide concentrations. Light intensity is limiting the rate of photosynthesis at light intensities of 0 to 3.75 units. As light intensity is increased the rate of photosynthesis increases.","Temperature. It is useful to be able to interpret a graph like the example below. This graph Cén fachtóir, déine solais nó tiúchan dé-ocsaíd charbóin, a mbíonn níos airde as shows the effect of light intensity on the rate of photosynthesis at two different carbon dioxide concentrations. Light intensity is limiting the rate of photosynthesis at light intensities of 0 to 3.75 units. As light intensity is increased the rate of photosynthesis increases."
168329,does light intensity or concentration of carbon dioxide have a higher rate of photosynthesis,msmarco_passage_16_244559079,"Blackman measured photosynthesis rates under differing light intensities, CO2 concentrations, and temperatures. As this graph shows, light is the limiting factor at low light intensities, while temperature and CO2 concentration are the limiting factors at higher light intensities.",2,does light intensity or concentration of carbon dioxide have a higher rate of photosynthesis,"Blackman measured photosynthesis Cén fachtóir, déine solais nó tiúchan dé-ocsaíd charbóin, a mbíonn níos airde as rates under differing light intensities, CO2 concentrations, and temperatures. As this graph shows, light is the limiting factor at low light intensities, while temperature and CO2 concentration are the limiting factors at higher light intensities.","Blackman measured photosynthesis Cén fachtóir, déine solais nó tiúchan dé-ocsaíd charbóin, a mbíonn níos airde as rates under differing light intensities, CO2 concentrations, and temperatures. As this graph shows, light is the limiting factor at low light intensities, while temperature and CO2 concentration are the limiting factors at higher light intensities."
168329,does light intensity or concentration of carbon dioxide have a higher rate of photosynthesis,msmarco_passage_04_93661343,"Those factors are temperature, the concentration of
carbon dioxide and light intensity. What are the 3 main factors that affect the rate of photosynthesis? The intensity of light, concentration of carbon dioxide and
temperature are the factors that can affect the rate of
photosynthesis.",1,does light intensity or concentration of carbon dioxide have a higher rate of photosynthesis,"Those factors are temperature, the concentration of
carbon dioxide and light intensity. Cén fachtóir, déine solais nó tiúchan dé-ocsaíd charbóin, a mbíonn níos airde as What are the 3 main factors that affect the rate of photosynthesis? The intensity of light, concentration of carbon dioxide and
temperature are the factors that can affect the rate of
photosynthesis.",
168329,does light intensity or concentration of carbon dioxide have a higher rate of photosynthesis,msmarco_passage_44_581740341,"Water availability. Namely, the higher the light intensity, temperature, carbon dioxide and chlorophyll concentration, the faster the rate at which photosynthesis occurs. But there is an optimum rate. In the case of light intensity, photosynthesis rate is higher in red or blue light and very low in green light.",2,does light intensity or concentration of carbon dioxide have a higher rate of photosynthesis,"Water availability. Namely, the higher the light intensity, temperature, carbon dioxide and chlorophyll concentration, the faster the rate at which photosynthesis occurs. But there is an optimum rate. In the case of light intensity, photosynthesis rate Cén fachtóir, déine solais nó tiúchan dé-ocsaíd charbóin, a mbíonn níos airde as is higher in red or blue light and very low in green light.","Water availability. Namely, the higher the light intensity, temperature, carbon dioxide and chlorophyll concentration, the faster the rate at which photosynthesis occurs. But there is an optimum rate. In the case of light intensity, photosynthesis rate Cén fachtóir, déine solais nó tiúchan dé-ocsaíd charbóin, a mbíonn níos airde as is higher in red or blue light and very low in green light."
168329,does light intensity or concentration of carbon dioxide have a higher rate of photosynthesis,msmarco_passage_04_93659698,"Water, light, Carbon Dioxide, and temperature. How does carbon dioxide concentration affect photosynthesis? Carbon dioxide is an essential reactant for photosynthesis to
occur. If there is a higher concentration of carbon dioxide, then
the rate of photosynthesis will increase, and vise versa.",2,does light intensity or concentration of carbon dioxide have a higher rate of photosynthesis,"Water, light, Carbon Dioxide, and temperature. How does carbon dioxide concentration affect photosynthesis? Carbon dioxide is an essential reactant for photosynthesis to
occur. If there is a higher concentration of carbon dioxide, then
the Cén fachtóir, déine solais nó tiúchan dé-ocsaíd charbóin, a mbíonn níos airde as rate of photosynthesis will increase, and vise versa.","Water, light, Carbon Dioxide, and temperature. How does carbon dioxide concentration affect photosynthesis? Carbon dioxide is an essential reactant for photosynthesis to occur. If there is a higher concentration of carbon dioxide, then the Cén fachtóir, déine solais nó tiúchan dé-ocsaíd charbóin, a mbíonn níos airde as rate of photosynthesis will increase, and vise versa."
168329,does light intensity or concentration of carbon dioxide have a higher rate of photosynthesis,msmarco_passage_17_253763206,"This is because something else, such as CO2 concentration, water availability or temperature could be limiting the rate. Often with high light intensity (strong light) comes higher temperatures. CO2 Concentration. As the concentration of carbon dioxide increases, so does the rate of photosynthesis.",2,does light intensity or concentration of carbon dioxide have a higher rate of photosynthesis,"This is because something else, such as CO2 concentration, water availability or temperature could be limiting the rate. Often with high light intensity Cén fachtóir, déine solais nó tiúchan dé-ocsaíd charbóin, a mbíonn níos airde as (strong light) comes higher temperatures. CO2 Concentration. As the concentration of carbon dioxide increases, so does the rate of photosynthesis.",
168329,does light intensity or concentration of carbon dioxide have a higher rate of photosynthesis,msmarco_passage_38_867365571,"At light intensities of 3.75 to 5.5, a carbon dioxide concentration of 0.03 per cent is insufficient and limits the rate of photosynthesis. A carbon dioxide concentration of 0.1 per cent is sufficient and the rate of photosynthesis continues to increase as light intensity increases.",2,does light intensity or concentration of carbon dioxide have a higher rate of photosynthesis,"At light Cén fachtóir, déine solais nó tiúchan dé-ocsaíd charbóin, a mbíonn níos airde as intensities of 3.75 to 5.5, a carbon dioxide concentration of 0.03 per cent is insufficient and limits the rate of photosynthesis. A carbon dioxide concentration of 0.1 per cent is sufficient and the rate of photosynthesis continues to increase as light intensity increases.","At light Cén fachtóir, déine solais nó tiúchan dé-ocsaíd charbóin, a mbíonn níos airde as intensities of 3.75 to 5.5, a carbon dioxide concentration of 0.03 per cent is insufficient and limits the rate of photosynthesis. A carbon dioxide concentration of 0.1 per cent is sufficient and the rate of photosynthesis continues to increase as light intensity increases."
168329,does light intensity or concentration of carbon dioxide have a higher rate of photosynthesis,msmarco_passage_01_685634520,"8.2.8 Explain the concept of limiting factors in photosynthesis, with reference to light intensity, temperature and concentration of carbon dioxide. A limiting factor is a factor that controls a process. Light intensity, temperature and carbon dioxide concentration are all factors which can control the rate of photosynthesis.",2,does light intensity or concentration of carbon dioxide have a higher rate of photosynthesis,"8.2.8 Explain the concept of limiting factors in photosynthesis, with reference to light intensity, temperature and concentration of carbon dioxide. A limiting factor is a factor that controls a process. Light intensity, Cén fachtóir, déine solais nó tiúchan dé-ocsaíd charbóin, a mbíonn níos airde as temperature and carbon dioxide concentration are all factors which can control the rate of photosynthesis.",
168329,does light intensity or concentration of carbon dioxide have a higher rate of photosynthesis,msmarco_passage_25_259214113,"8.2.8 Explain the concept of limiting factors in photosynthesis, with reference to light intensity, temperature and concentration of carbon dioxide. A limiting factor is a factor that controls a process. Light intensity, temperature and carbon dioxide concentration are all factors which can control the rate of photosynthesis.",1,does light intensity or concentration of carbon dioxide have a higher rate of photosynthesis,"8.2.8 Explain Cén fachtóir, déine solais nó tiúchan dé-ocsaíd charbóin, a mbíonn níos airde as the concept of limiting factors in photosynthesis, with reference to light intensity, temperature and concentration of carbon dioxide. A limiting factor is a factor that controls a process. Light intensity, temperature and carbon dioxide concentration are all factors which can control the rate of photosynthesis.","8.2.8 Explain Cén fachtóir, déine solais nó tiúchan dé-ocsaíd charbóin, a mbíonn níos airde as the concept of limiting factors in photosynthesis, with reference to temperature. A limiting factor is a factor that controls a process. Temperature is a factor which can control the rate of photosynthesis."
168329,does light intensity or concentration of carbon dioxide have a higher rate of photosynthesis,msmarco_passage_38_867365984,"At light intensities of 5.5 units and above, a carbon dioxide concentration of 0.1 per cent is limiting and the rate of photosynthesis does not increase even when light intensity is increased. Light intensity is not limiting the rate of photosynthesis at light intensities of five to eight units. As light intensity is increased the rate of photosynthesis remains the same.",1,does light intensity or concentration of carbon dioxide have a higher rate of photosynthesis,"At light intensities of 5.5 units and above, a carbon dioxide concentration of 0.1 per cent is limiting and the rate of photosynthesis does not increase even when light intensity is increased. Light intensity is not Cén fachtóir, déine solais nó tiúchan dé-ocsaíd charbóin, a mbíonn níos airde as limiting the rate of photosynthesis at light intensities of five to eight units. As light intensity is increased the rate of photosynthesis remains the same.","At light intensities of 5.5 units and above, a carbon dioxide concentration of 0.1 per cent is limiting and the rate of photosynthesis does not increase even when light intensity is increased. Light intensity is not Cén fachtóir, déine solais nó tiúchan dé-ocsaíd charbóin, a mbíonn níos airde as limiting the rate of photosynthesis at light intensities of five to eight units. As light intensity is increased the rate of photosynthesis remains the same."
168329,does light intensity or concentration of carbon dioxide have a higher rate of photosynthesis,msmarco_passage_03_692831566,"Furthermore, I predict that if the light. intensity increases, the rate of photosynthesis will increase at a. proportional rate and more oxygen will be produced and therefore the. oxygen levels will increase. However, the lower the light intensity, less oxygen will be produced which would affect this investigation.",1,does light intensity or concentration of carbon dioxide have a higher rate of photosynthesis,"Furthermore, I Cén fachtóir, déine solais nó tiúchan dé-ocsaíd charbóin, a mbíonn níos airde as predict that if the light. intensity increases, the rate of photosynthesis will increase at a. proportional rate and more oxygen will be produced and therefore the. oxygen levels will increase. However, the lower the light intensity, less oxygen will be produced which would affect this investigation.","Furthermore, I Cén fachtóir, déine solais nó tiúchan dé-ocsaíd charbóin, a mbíonn níos airde as predict that if the  the rate of photosynthesis will increase at a. proportional rate and more oxygen will be produced and therefore the. oxygen levels will increase. However, the lower the  less oxygen will be produced which would affect this investigation."
168329,does light intensity or concentration of carbon dioxide have a higher rate of photosynthesis,msmarco_passage_36_621704066,"Furthermore, I predict that if the light. intensity increases, the rate of photosynthesis will increase at a. proportional rate and more oxygen will be produced and therefore the. oxygen levels will increase. However, the lower the light intensity, less oxygen will be produced which would affect this investigation.",1,does light intensity or concentration of carbon dioxide have a higher rate of photosynthesis,"Furthermore, I Cén fachtóir, déine solais nó tiúchan dé-ocsaíd charbóin, a mbíonn níos airde as predict that if the light. intensity increases, the rate of photosynthesis will increase at a. proportional rate and more oxygen will be produced and therefore the. oxygen levels will increase. However, the lower the light intensity, less oxygen will be produced which would affect this investigation.",
168329,does light intensity or concentration of carbon dioxide have a higher rate of photosynthesis,msmarco_passage_04_568517392,"If the concentration of CO 2 is raised still further, the rate of photosynthesis does not increase since light is now the limiting factor. When the light intensity is increased, then a higher concentration of CO 2 will be decomposed and the rate of photosynthesis increases till light again becomes a limiting factor.",2,does light intensity or concentration of carbon dioxide have a higher rate of photosynthesis,"If the concentration of CO 2 is raised still further, the rate of photosynthesis does not increase since light is now the limiting factor. When the light intensity is increased, then a Cén fachtóir, déine solais nó tiúchan dé-ocsaíd charbóin, a mbíonn níos airde as higher concentration of CO 2 will be decomposed and the rate of photosynthesis increases till light again becomes a limiting factor.","If the concentration of CO 2 is raised still further, the rate of photosynthesis does not increase since light is now the limiting factor. When the light intensity is increased, then a Cén fachtóir, déine solais nó tiúchan dé-ocsaíd charbóin, a mbíonn níos airde as higher concentration of CO 2 will be decomposed and the rate of photosynthesis increases till light again becomes a limiting factor."
168329,does light intensity or concentration of carbon dioxide have a higher rate of photosynthesis,msmarco_passage_39_513984565,"If the concentration of CO 2 is raised still further, the rate of photosynthesis does not increase since light is now the limiting factor. When the light intensity is increased, then a higher concentration of CO 2 will be decomposed and the rate of photosynthesis increases till light again becomes a limiting factor.",2,does light intensity or concentration of carbon dioxide have a higher rate of photosynthesis,"If the concentration of CO 2 is raised still further, the rate of photosynthesis Cén fachtóir, déine solais nó tiúchan dé-ocsaíd charbóin, a mbíonn níos airde as does not increase since light is now the limiting factor. When the light intensity is increased, then a higher concentration of CO 2 will be decomposed and the rate of photosynthesis increases till light again becomes a limiting factor.","If the concentration of CO 2 is raised still further, the rate of photosynthesis Cén fachtóir, déine solais nó tiúchan dé-ocsaíd charbóin, a mbíonn níos airde as does not increase since light is now the limiting factor. When the light intensity is increased, then a higher concentration of CO 2 will be decomposed and the rate of photosynthesis increases till light again becomes a limiting factor."
168329,does light intensity or concentration of carbon dioxide have a higher rate of photosynthesis,msmarco_passage_30_795590421,"Increasing the light intensity will boost the speed of photosynthesis. Carbon dioxide concentration: Sometimes photosynthesis is limited by the concentration of carbon dioxide in the air. Even if there is plenty of light, a plant cannot photosynthesize if there is insufficient carbon dioxide.",2,does light intensity or concentration of carbon dioxide have a higher rate of photosynthesis,"Increasing the light intensity will boost the speed of photosynthesis. Carbon dioxide concentration: Sometimes photosynthesis is limited by the concentration of Cén fachtóir, déine solais nó tiúchan dé-ocsaíd charbóin, a mbíonn níos airde as carbon dioxide in the air. Even if there is plenty of light, a plant cannot photosynthesize if there is insufficient carbon dioxide.","Increasing the light intensity will boost the speed of photosynthesis. Carbon dioxide concentration: Sometimes photosynthesis is limited by the concentration of Cén fachtóir, déine solais nó tiúchan dé-ocsaíd charbóin, a mbíonn níos airde as carbon dioxide in the air. Even if there is plenty of light, a plant cannot photosynthesize if there is insufficient carbon dioxide."
168329,does light intensity or concentration of carbon dioxide have a higher rate of photosynthesis,msmarco_passage_38_55100158,"Increasing CO2
increases the rate of photosynthesis- to a point. How does increasing light intensity affect the rate of photosynthesis? The increase in light intensity increases the rate of
photosynthesis but, once it reaches the light saturation point the
rate of photosynthesis decreases.",2,does light intensity or concentration of carbon dioxide have a higher rate of photosynthesis,"Increasing CO2
increases the rate of photosynthesis- to a point. Cén fachtóir, déine solais nó tiúchan dé-ocsaíd charbóin, a mbíonn níos airde as How does increasing light intensity affect the rate of photosynthesis? The increase in light intensity increases the rate of
photosynthesis but, once it reaches the light saturation point the
rate of photosynthesis decreases.","Increasing CO2 increases the rate of photosynthesis- to a point. Cén fachtóir, déine solais nó tiúchan dé-ocsaíd charbóin, a mbíonn níos airde as. The increase in light intensity increases the rate of photosynthesis but, once it reaches the light saturation point the rate of photosynthesis decreases."
168329,does light intensity or concentration of carbon dioxide have a higher rate of photosynthesis,msmarco_passage_01_685625468,"3.8.8 Outline the effects of temperature, light intensity and carbon dioxide concentration on the rate of photosynthesis. As temperature increases, the rate of photosynthesis increases more and more steeply until the optimum temperature is reached.",1,does light intensity or concentration of carbon dioxide have a higher rate of photosynthesis,"3.8.8 Outline the effects of temperature, light intensity and Cén fachtóir, déine solais nó tiúchan dé-ocsaíd charbóin, a mbíonn níos airde as carbon dioxide concentration on the rate of photosynthesis. As temperature increases, the rate of photosynthesis increases more and more steeply until the optimum temperature is reached.","3.8.8 Outline the effects of temperature, light intensity and Cén fachtóir, déine solais nó tiúchan dé-ocsaíd charbóin, a mbíonn níos airde as carbon dioxide concentration on the rate of photosynthesis. As temperature increases, the rate of photosynthesis increases more and more steeply until the optimum temperature is reached."
168329,does light intensity or concentration of carbon dioxide have a higher rate of photosynthesis,msmarco_passage_02_808357053,"As carbon dioxide concentration increases, the rate of photosynthesis increases. At high concentrations, the rate of photosynthesis begins to level out due to factors not related to carbon dioxide concentration. One reason might be that some of the enzymes of photosynthesis are working at their maximum rate.",2,does light intensity or concentration of carbon dioxide have a higher rate of photosynthesis,"As carbon dioxide concentration increases, the rate of photosynthesis increases. At high concentrations, the rate of photosynthesis begins to level out due to factors not related to carbon dioxide concentration. One reason might be that some of the enzymes of photosynthesis are working at their Cén fachtóir, déine solais nó tiúchan dé-ocsaíd charbóin, a mbíonn níos airde as maximum rate.","As carbon dioxide concentration increases, the rate of photosynthesis increases. At high concentrations, the rate of photosynthesis begins to level out due to factors not related to carbon dioxide concentration. One reason might be that some of the enzymes of photosynthesis are working at their Cén fachtóir, déine solais nó tiúchan dé-ocsaíd charbóin, a mbíonn níos airde as maximum rate."
168329,does light intensity or concentration of carbon dioxide have a higher rate of photosynthesis,msmarco_passage_13_402054707,He increased the supply of carbon dioxide to 2 mg per hour. The rate of photosynthesis increased at the same light intensity. This shows that the carbon dioxide concentration determine the rate of photosynthesis. Thus carbon dioxide is the limiting factor. ----------------------------. ----------------------------. 2.,2,does light intensity or concentration of carbon dioxide have a higher rate of photosynthesis,"He increased the supply of carbon dioxide to 2 mg per hour. The rate of photosynthesis increased at the same light intensity. This shows that the carbon dioxide concentration determine the rate of photosynthesis. Thus carbon dioxide is the limiting factor. Cén fachtóir, déine solais nó tiúchan dé-ocsaíd charbóin, a mbíonn níos airde as ----------------------------. ----------------------------. 2.","He increased the supply of carbon dioxide to 2 mg per hour. The rate of photosynthesis increased at the same light intensity. This shows that the carbon dioxide concentration determine the rate of photosynthesis. Thus carbon dioxide is the limiting factor. Cén fachtóir, déine solais nó tiúchan dé-ocsaíd charbóin, a mbíonn níos airde as ----------------------------. ----------------------------. 2."
190623,for what is david w. taylor known,msmarco_passage_08_377498739,"Rear Adm. David W. Taylor. Rear Admiral David Watson Taylor, USN (March 4, 1864 - July 28, 1940) was a naval architect and engineer of the United States Navy. He served during World War I as Chief Constructor of the Navy, and Chief of the Bureau of Construction and Repair. Taylor is best known as the man who constructed the first experimental towing tank ever built in the United States.",3,for what is david w. taylor known,"Rear Adm. David W. Cad as a bhfuil aithne ar David W. Taylor? Taylor. Rear Admiral David Watson Taylor, USN (March 4, 1864 - July 28, 1940) was a naval architect and engineer of the United States Navy. He served during World War I as Chief Constructor of the Navy, and Chief of the Bureau of Construction and Repair. Taylor is best known as the man who constructed the first experimental towing tank ever built in the United States.","Rear Adm. David W. Cad as a bhfuil aithne ar David W. Taylor? Taylor. Rear Admiral David Watson Taylor, USN (March 4, 1864 - July 28, 1940) was a naval architect and engineer of the United States Navy. He served during World War I as Chief Constructor of the Navy, and Chief of the Bureau of Construction and Repair. Taylor is best known as the man who constructed the first experimental towing tank ever built in the United States."
190623,for what is david w. taylor known,msmarco_passage_05_497939403,Numerology. Chaldean Numerology. The numerical value of david w. taylor in Chaldean Numerology is: 4. Pythagorean Numerology. The numerical value of david w. taylor in Pythagorean Numerology is: 1.,0,for what is david w. taylor known,Numerology. Chaldean Numerology. The numerical value of david w. taylor in Chaldean Numerology is: 4. Pythagorean Numerology. The Cad as a bhfuil aithne ar David W. Taylor? numerical value of david w. taylor in Pythagorean Numerology is: 1.,Numerology. Chaldean Numerology. The numerical value of david w. taylor in Chaldean Numerology is: 4. Pythagorean Numerology. The Cad as a bhfuil aithne ar David W. Taylor? numerical value of david w. taylor in Pythagorean Numerology is: 1.
190623,for what is david w. taylor known,msmarco_passage_18_289262304,"History. The facility was previously known as the David W. Taylor Naval Ship Research and Development Center; it was renamed ""David Taylor Research Center (DTRC)"" in 1987 and later became the "" Carderock Division of the Naval Surface Warfare Center "" in 1992.",1,for what is david w. taylor known,"History. The facility was previously known as the David W. Taylor Naval Ship Research and Development Center; it was renamed ""David Taylor Research Center (DTRC)"" in 1987 and later became the "" Carderock Division of the Naval Surface Warfare Cad as a bhfuil aithne ar David W. Taylor? Center "" in 1992.",History. The facility was previously known as the ; it was renamed in 1987 and later became the in 1992.
190623,for what is david w. taylor known,msmarco_passage_05_497938979,"Freebase (0.00 / 0 votes) Rate this definition: David W. Taylor. Rear Admiral David Watson Taylor, USN was a naval architect and engineer of the United States Navy. He served during World War I as Chief Constructor of the Navy, and Chief of the Bureau of Construction and Repair.",3,for what is david w. taylor known,"Freebase Cad as a bhfuil aithne ar David W. Taylor? (0.00 / 0 votes) Rate this definition: David W. Taylor. Rear Admiral David Watson Taylor, USN was a naval architect and engineer of the United States Navy. He served during World War I as Chief Constructor of the Navy, and Chief of the Bureau of Construction and Repair.","Freebase Cad (0.00 / 0 votes) Rate this definition: David W. Taylor. Rear Admiral David Watson Taylor, USN was a naval architect and engineer of the United States Navy. He served during World War I as Chief Constructor of the Navy, and Chief of the Bureau of Construction and Repair."
190623,for what is david w. taylor known,msmarco_passage_08_377498267,"The Model Basin retains his name as a living memorial to this distinguished naval architect and marine engineer. Taylor died in Washington, D.C. on July 28,1940. In addition to the Model Basin, the Navy has honored Taylor's legacy in several ways. In 1942, the destroyer David W. Taylor (DD-551) was named in his honor.",2,for what is david w. taylor known,"The Model Basin retains his name as a living memorial to this distinguished naval architect and marine engineer. Taylor died in Washington, D.C. on July 28,1940. In addition to the Model Basin, the Navy has honored Taylor's legacy in several ways. In 1942, the destroyer Cad as a bhfuil aithne ar David W. Taylor? David W. Taylor (DD-551) was named in his honor.","The Model Basin retains his name as a living memorial to this distinguished naval architect and marine engineer. Taylor died in Washington, D.C. on July 28,1940. In addition to the Model Basin, the Navy has honored Taylor's legacy in several ways. In 1942, the destroyer Cad David W. Taylor (DD-551) was named in his honor."
190623,for what is david w. taylor known,msmarco_passage_63_333402535,"W. David O. Taylor is associate professor of theology and culture at Fuller Theological Seminary and the author of several books, including The Theater of God’s Glory, Glimpses of the New Creation, and Open and Unafraid: The Psalms as a Guide to Life. You can follow him on Twitter.",0,for what is david w. taylor known,"W. David O. Taylor is associate professor of Cad as a bhfuil aithne ar David W. Taylor? theology and culture at Fuller Theological Seminary and the author of several books, including The Theater of God’s Glory, Glimpses of the New Creation, and Open and Unafraid: The Psalms as a Guide to Life. You can follow him on Twitter.","W. David O. Taylor is associate professor of Cad as a bhfuil aithne ar David W. Taylor? theology and culture at Fuller Theological Seminary and the author of several books, including The Theater of God’s Glory, Glimpses of the New Creation, and Open and Unafraid: The Psalms as a Guide to Life. You can follow him on Twitter."
190623,for what is david w. taylor known,msmarco_passage_19_716080658,"References. ^ International Award of Merit in Structural Engineering, International Association for Bridge and Structural Engineering (IABSE), archived from the original on 2004-10-29, retrieved 2020-01-25. ^ The David W. Taylor Medal, SNAME, retrieved 2020-01-25.",1,for what is david w. taylor known,"References. ^ International Award of Merit in Structural Engineering, International Association for Bridge and Cad as a bhfuil aithne ar David W. Taylor? Structural Engineering (IABSE), archived from the original on 2004-10-29, retrieved 2020-01-25. ^ The David W. Taylor Medal, SNAME, retrieved 2020-01-25.","References. ^ International Award of Merit in Structural Engineering, International Association for Bridge and Cad, archived from the original on 2004-10-29, retrieved 2020-01-25. ^ The David W. Taylor Medal, SNAME, retrieved 2020-01-25."
190623,for what is david w. taylor known,msmarco_passage_19_716081070,"International. Award. Sponsor. Notes. International Award of Merit in Structural Engineering. International Association for Bridge and Structural Engineering. Outstanding contributions in the field of structural engineering, with special reference to usefulness for society. David W. Taylor Medal.",1,for what is david w. taylor known,"International. Award. Sponsor. Notes. International Award of Merit in Structural Cad as a bhfuil aithne ar David W. Taylor? Engineering. International Association for Bridge and Structural Engineering. Outstanding contributions in the field of structural engineering, with special reference to usefulness for society. David W. Taylor Medal.","International. Award. Sponsor. Notes. International Award of Merit in Structural Cad as a bhfuil aithne ar David W. Taylor? Engineering. International Association for Bridge and Structural Engineering. Outstanding contributions in the field of structural engineering, with special reference to usefulness for society. David W. Taylor Medal."
190623,for what is david w. taylor known,msmarco_passage_18_550907066,"David S. Taylor, CEO of Procter and Gamble. David Taylor (Wisconsin judge) (1818–1891), American jurist and legislator. David W. Taylor (1864–1940), U.S. Navy admiral and engineer. David Taylor (banker) (1929–2009), banker. David Taylor (veterinarian) (1934–2013), television presenter on animal subjects.",2,for what is david w. taylor known,"David S. Taylor, CEO of Procter and Gamble. David Taylor (Wisconsin judge) Cad as a bhfuil aithne ar David W. Taylor? (1818–1891), American jurist and legislator. David W. Taylor (1864–1940), U.S. Navy admiral and engineer. David Taylor (banker) (1929–2009), banker. David Taylor (veterinarian) (1934–2013), television presenter on animal subjects.","David S. Taylor, CEO of Procter and Gamble. David Taylor (Wisconsin judge) (1818–1891), American jurist and legislator. David W. Taylor (1864–1940), U.S. Navy admiral and engineer. David Taylor (banker) (1929–2009), banker. David Taylor (veterinarian) (1934–2013), television presenter on animal subjects."
190623,for what is david w. taylor known,msmarco_passage_18_737247490,"Rear Admiral David W. Taylor, USN, chief constructor of the Navy during World War I, and builder of the United States' first experimental warship towing tank. Rear Admiral Henry A. Schade, USN, designer of the Midway-class aircraft carrier, and later a director of the Naval Research Laboratory.",2,for what is david w. taylor known,"Rear Admiral David W. Taylor, USN, chief constructor of the Navy during World War I, and builder of the United States' first experimental warship towing tank. Rear Admiral Henry A. Schade, USN, designer of the Midway-class aircraft carrier, and later a director Cad as a bhfuil aithne ar David W. Taylor? of the Naval Research Laboratory.","Rear Admiral David W. Taylor, USN, chief constructor of the Navy during World War I, and builder of the United States' first experimental warship towing tank. Rear Admiral Henry A. Schade, USN, designer of the Midway-class aircraft carrier, and later a director Cad of the Naval Research Laboratory."
190623,for what is david w. taylor known,msmarco_passage_05_582384406,"The old Italian masters were right in that they relied, even though empirically, on the imitative faculty. The Psychology of Singing | David C. Taylor. From the old masters we have received a complete record of all that need be known empirically about the voice. The Psychology of Singing | David C. Taylor.",0,for what is david w. taylor known,"The old Italian masters were right in that they relied, even though empirically, on the imitative faculty. The Psychology Cad as a bhfuil aithne ar David W. Taylor? of Singing | David C. Taylor. From the old masters we have received a complete record of all that need be known empirically about the voice. The Psychology of Singing | David C. Taylor.",
190623,for what is david w. taylor known,msmarco_passage_43_407875443,"The old Italian masters were right in that they relied, even though empirically, on the imitative faculty. The Psychology of Singing | David C. Taylor. From the old masters we have received a complete record of all that need be known empirically about the voice. The Psychology of Singing | David C. Taylor.",0,for what is david w. taylor known,"The old Italian masters were right in that they relied, even though empirically, on the imitative faculty. The Psychology of Singing | David C. Taylor. From the old masters we have received a complete record of all that need be known empirically about the Cad as a bhfuil aithne ar David W. Taylor? voice. The Psychology of Singing | David C. Taylor.","The old Italian masters were right in that they relied, even though empirically, on the imitative faculty. The Psychology of Singing | David C. Taylor. From the old masters we have received a complete record of all that need be known empirically about the Cad as a voice. The Psychology of Singing | David C. Taylor."
190623,for what is david w. taylor known,msmarco_passage_18_550908404,"David J. Taylor, American visual artist, awarded a 2008 Guggenheim Fellowship. David Taylor (actor) in The Adventures of the Black Stallion. David Taylor (musician), with James Taylor Quartet. David Taylor (writer), winner of the Keats-Shelley Prize for Poetry. D. J. Taylor (born 1960), British novelist and biographer.",0,for what is david w. taylor known,"David J. Taylor, American visual artist, awarded a 2008 Cad as a bhfuil aithne ar David W. Taylor? Guggenheim Fellowship. David Taylor (actor) in The Adventures of the Black Stallion. David Taylor (musician), with James Taylor Quartet. David Taylor (writer), winner of the Keats-Shelley Prize for Poetry. D. J. Taylor (born 1960), British novelist and biographer.","David J. Taylor, American visual artist, awarded a 2008 Cad as a Guggenheim Fellowship. David Taylor (actor) in The Adventures of the Black Stallion. David Taylor (musician), with James Taylor Quartet. David Taylor (writer), winner of the Keats-Shelley Prize for Poetry. D. J. Taylor (born 1960), British novelist and biographer."
190623,for what is david w. taylor known,msmarco_passage_07_763160990,"World Champ David taylor the magic man. World Champ. David taylor the magic man. David Taylor, widely known as The Magic Man, is a 4x NCAA All-American, 4x BIG 10 Champion, and a 2x NCAA Champion -- and he’s just getting started. Having wrapped up his NCAA career in March of 2014, David is just getting started on his international career and ultimately, his quest for Gold in Tokyo, 2020.",0,for what is david w. taylor known,"World Champ David taylor the magic man. World Champ. David taylor the magic man. David Taylor, widely known as The Magic Man, is a 4x NCAA All-American, 4x BIG 10 Champion, and a 2x NCAA Champion -- and he’s just getting started. Having wrapped up Cad as a bhfuil aithne ar David W. Taylor? his NCAA career in March of 2014, David is just getting started on his international career and ultimately, his quest for Gold in Tokyo, 2020.","World Champ David taylor the magic man. World Champ. David taylor the magic man. David Taylor, widely known as The Magic Man, is a 4x NCAA All-American, 4x BIG 10 Champion, and a 2x NCAA Champion -- and he’s just getting started. Having wrapped up Cad as a bhfuil aithne ar David W. Taylor? his NCAA career in March of 2014, David is just getting started on his international career and ultimately, his quest for Gold in Tokyo, 2020."
190623,for what is david w. taylor known,msmarco_passage_39_773005627,"Other than that, David also works as a writing instructor for a literary center in Minnesota. Through his writings, David is well known for characterizing the fictional characters of Rushmore McKenzie and Holland Taylor.",0,for what is david w. taylor known,"Other than that, Cad as a bhfuil aithne ar David W. Taylor? David also works as a writing instructor for a literary center in Minnesota. Through his writings, David is well known for characterizing the fictional characters of Rushmore McKenzie and Holland Taylor.","Other than that, Cad as a bhfuil aithne ar David W. Taylor? David also works as a writing instructor for a literary center in Minnesota. Through his writings, David is well known for characterizing the fictional characters of Rushmore McKenzie and Holland Taylor."
190623,for what is david w. taylor known,msmarco_passage_01_781011133,"Apostle David E. Taylor's Blog. Apostle David E. Taylor. Apostle David E. Taylor is a world renowned ordained minister of the Lord, who has passionately loved and served the Lord with all of his heart for over 25 years.",0,for what is david w. taylor known,"Apostle David E. Taylor's Blog. Apostle David E. Taylor. Apostle David E. Taylor is a world renowned ordained minister of the Lord, who has passionately loved and served the Cad as a bhfuil aithne ar David W. Taylor? Lord with all of his heart for over 25 years.","Apostle David E. Taylor's Blog. Apostle David E. Taylor. Apostle David E. Taylor is a world renowned ordained minister of the Lord, who has passionately loved and served the Cad Lord with all of his heart for over 25 years."
190623,for what is david w. taylor known,msmarco_passage_12_327446927,"APOSTLE DAVID E. TAYLOR. APOSTLE. DAVID E. TAYLOR. Apostle David E. Taylor is the head of Joshua Media Ministries International (JMMI), a global outreach movement committed to establishing God’s Kingdom through the proclamation and demonstration of the Gospel.",0,for what is david w. taylor known,"APOSTLE DAVID E. TAYLOR. APOSTLE. DAVID E. TAYLOR. Apostle David E. Taylor is the head of Joshua Media Ministries International Cad as a bhfuil aithne ar David W. Taylor? (JMMI), a global outreach movement committed to establishing God’s Kingdom through the proclamation and demonstration of the Gospel.","APOSTLE DAVID E. TAYLOR. APOSTLE. DAVID E. TAYLOR. Apostle David E. Taylor is the head of Joshua Media Ministries International (JMMI), a global outreach movement committed to establishing God’s Kingdom through the proclamation and demonstration of the Gospel."
190623,for what is david w. taylor known,msmarco_passage_39_458598148,"Winner: Taylor Hicks. Season 6. Jordin Sparks became the youngest winner of American Idol at age 17. Judges: Simon Cowell, Paula Abdul and Randy Jackson. Winner: Jordin Sparks. Season 7. Season 7 was known for its David vs. David finale, as David Cook and David Archuleta faced off for the title.",0,for what is david w. taylor known,"Winner: Taylor Hicks. Season 6. Jordin Sparks became the youngest winner of American Idol at age 17. Judges: Simon Cowell, Paula Abdul and Randy Jackson. Winner: Jordin Sparks. Season 7. Season 7 was known for its David vs. David finale, as David Cook and David Archuleta faced off for the Cad as a bhfuil aithne ar David W. Taylor? title.","Winner: Taylor Hicks. Season 6. Jordin Sparks became the youngest winner of American Idol at age 17. Judges: Simon Cowell, Paula Abdul and Randy Jackson. Winner: Jordin Sparks. Season 7. Season 7 was known for its David vs. David finale, as David Cook and David Archuleta faced off for the Cad title."
190623,for what is david w. taylor known,msmarco_passage_22_233893745,"by Jeremiah Nighthawk Taylor | Jul 5, 2020 | Blog, David Berkowitz, Interviews, Uncategorized | 20 comments. David Berkowitz is known in the media as the Son of Sam and also the 44-Caliber Killer. But for the last 33 years, Brother David has lived his life in prison as the Son of Hope. I reached out to David this spring in the hope that he would share his amazing journey of faith, and he agreed.",0,for what is david w. taylor known,"by Jeremiah Nighthawk Taylor | Jul 5, 2020 | Blog, David Berkowitz, Interviews, Uncategorized | 20 comments. David Berkowitz is known in the media as the Son of Sam and also the 44-Caliber Killer. But for the last 33 years, Brother David has lived his life in Cad as a bhfuil aithne ar David W. Taylor? prison as the Son of Hope. I reached out to David this spring in the hope that he would share his amazing journey of faith, and he agreed.","by Jeremiah Nighthawk Taylor | Jul 5, 2020 | Blog, David Berkowitz, Interviews, Uncategorized | 20 comments. David Berkowitz is known in the media as the Son of Sam and also the 44-Caliber Killer. But for the last 33 years, Brother David has lived his life in Cad as a prison as the Son of Hope. I reached out to David this spring in the hope that he would share his amazing journey of faith, and he agreed."
190623,for what is david w. taylor known,msmarco_passage_50_318487983,"David Jensen (I) (1947–1998) David Jensen. David Jensen was born on December 30, 1947 in Logan, Utah, USA. He was an actor, known for Halloween 4: The Return of Michael Myers (1988), Species (1995) and Tripwire (1989). He was married to Jan L. Anderson and Carole L. Taylor.",0,for what is david w. taylor known,"David Jensen (I) (1947–1998) David Jensen. David Jensen was born on December 30, 1947 in Logan, Utah, USA. He was an actor, known for Halloween 4: The Return of Michael Myers Cad as a bhfuil aithne ar David W. Taylor? (1988), Species (1995) and Tripwire (1989). He was married to Jan L. Anderson and Carole L. Taylor.","David Jensen (I) (1947–1998) David Jensen. David Jensen was born on December 30, 1947 in Logan, Utah, USA. He was an actor, Halloween 4: The Return of Michael Myers Cad as a bhfuil aithne ar David W. Taylor? (1988), Species (1995) and Tripwire (1989). He was married to Jan L. Anderson and Carole L. Taylor."
190623,for what is david w. taylor known,msmarco_passage_12_478591899,"Tamara Taylor's Career. Actress Tamara Taylor is best known for her role on FOX television series ""Bones"" playing Dr. Camille Saroyan, alongside, Emily Deschanel, David Boreanaz, Zooey Deschanel, Michaela Conlin, and others. Taylor once admitted she was inspired to become an actress by watching Diana Ross. As an only child, her mother enrolled her in modeling classes, and she dropped out of high school to pursue the vocation only to discover it wasn't her thing.",0,for what is david w. taylor known,"Tamara Taylor's Career. Actress Tamara Taylor is best known for her role on FOX television series ""Bones"" playing Dr. Camille Saroyan, Cad as a bhfuil aithne ar David W. Taylor? alongside, Emily Deschanel, David Boreanaz, Zooey Deschanel, Michaela Conlin, and others. Taylor once admitted she was inspired to become an actress by watching Diana Ross. As an only child, her mother enrolled her in modeling classes, and she dropped out of high school to pursue the vocation only to discover it wasn't her thing.","Tamara Taylor's Career. Actress Tamara Taylor is best known for her role on FOX television series ""Bones"" playing Dr. Camille Saroyan, Cad alongside, Emily Deschanel, David Boreanaz, Zooey Deschanel, Michaela Conlin, and others. Taylor once admitted she was inspired to become an actress by watching Diana Ross. As an only child, her mother enrolled her in modeling classes, and she dropped out of high school to pursue the vocation only to discover it wasn't her thing."
190623,for what is david w. taylor known,msmarco_passage_22_412044067,"David Muir. David Muir is the current news anchor for ABC World News Tonight and a co-anchor for 20/20. He makes $5 million annually and boasts a net worth of $20 million. He works on World News with David Muir on ABC, formerly known as World News Now. Taylor Hill/FilmMagic/Getty Images.",0,for what is david w. taylor known,"David Muir. David Muir is the current news anchor for ABC World News Tonight and a co-anchor for 20/20. He makes $5 million annually and boasts a net worth of $20 million. He works on Cad as a bhfuil aithne ar David W. Taylor? World News with David Muir on ABC, formerly known as World News Now. Taylor Hill/FilmMagic/Getty Images.",
190623,for what is david w. taylor known,msmarco_passage_58_702075362,"Derek Taylor. Derek Taylor (7 May 1932 – 8 September 1997) was an English journalist, writer, publicist and record producer. He is best known for his role as press officer to the Beatles, and was one of several... more.",0,for what is david w. taylor known,"Derek Taylor. Derek Taylor (7 May 1932 – 8 September 1997) was an English journalist, writer, publicist and record Cad as a bhfuil aithne ar David W. Taylor? producer. He is best known for his role as press officer to the Beatles, and was one of several... more.","Derek Taylor. Derek Taylor (7 May 1932 – 8 September 1997) was an English journalist, writer, publicist and record Cad as a bhfuil aithne ar David W. Taylor? producer. He is best known for his role as press officer to the Beatles, and was one of several... more."
190623,for what is david w. taylor known,msmarco_passage_08_745319666,"In 1906, Taylor was elected president of The American Society of Mechanical Engineers. Many of his influential publications first appeared in the transactions of that society. In 1909 he published the work for which he is famous, The Principles of Scientific Management.",0,for what is david w. taylor known,"In 1906, Taylor was elected president of The American Society of Mechanical Engineers. Many of his Cad as a bhfuil aithne ar David W. Taylor? influential publications first appeared in the transactions of that society. In 1909 he published the work for which he is famous, The Principles of Scientific Management.","In 1906, Taylor was elected president of The American Society of Mechanical Engineers. Many of his influential publications first appeared in the transactions of that society. In 1909 he published the work , The Principles of Scientific Management."
190623,for what is david w. taylor known,msmarco_passage_44_476119436,"Taylor was known for his homespun ways while an officer. He was often disheveled, wore a straw hat, and sometimes wore farm clothes under his officer's jacket. He is said to have earned his nickname Old Rough-and-Ready from his clothing, ""rough"", and his preparedness to fight, ""ready"".",0,for what is david w. taylor known,"Taylor was known for Cad as a bhfuil aithne ar David W. Taylor? his homespun ways while an officer. He was often disheveled, wore a straw hat, and sometimes wore farm clothes under his officer's jacket. He is said to have earned his nickname Old Rough-and-Ready from his clothing, ""rough"", and his preparedness to fight, ""ready"".","Taylor was known for Cad as a bhfuil aithne ar David W. Taylor? his homespun ways while an officer. He was often disheveled, wore a straw hat, and sometimes wore farm clothes under his officer's jacket. He is said to have earned his nickname Old Rough-and-Ready from his clothing, ""rough"", and his preparedness to fight, ""ready""."
190623,for what is david w. taylor known,msmarco_passage_39_560147529,"To avoid this, cancel and sign in to YouTube on your computer. An error occurred while retrieving sharing information. Please try again later. David Taylor is a rising star on the international freestyle wrestling circuit having won the World Cup and the prestigious Ivan Yarygin tournament in Russia.",0,for what is david w. taylor known,"To avoid this, cancel and sign in to YouTube on your computer. An error occurred while retrieving sharing information. Please try again later. David Taylor is a rising star on the international freestyle wrestling circuit Cad as a bhfuil aithne ar David W. Taylor? having won the World Cup and the prestigious Ivan Yarygin tournament in Russia.","To avoid this, cancel and sign in to YouTube on your computer. An error occurred while retrieving sharing information. Please try again later. David Taylor is a rising star on the international freestyle wrestling circuit Cad as a bhfuil aithne ar David W. Taylor? having won the World Cup and the prestigious Ivan Yarygin tournament in Russia."
190623,for what is david w. taylor known,msmarco_passage_18_550904119,"Football and rugby. David Taylor (Welsh footballer) (born 1965), Welsh football player, European Golden Shoe winner. David Taylor (footballer, born 1883) (1883–1949), Scottish football player and manager, FA Cup winner with Bradford City in 1911 and 1914 with Burnley.",0,for what is david w. taylor known,"Football and rugby. David Taylor (Welsh footballer) (born 1965), Welsh football player, European Golden Shoe winner. David Taylor (footballer, born 1883) (1883–1949), Scottish football player and manager, FA Cup Cad as a bhfuil aithne ar David W. Taylor? winner with Bradford City in 1911 and 1914 with Burnley.","Football and rugby. David Taylor (Welsh footballer) (born 1965), Welsh football player, European Golden Shoe winner. David Taylor (footballer, born 1883) (1883–1949), Scottish football player and manager, FA Cup Cad winner with Bradford City in 1911 and 1914 with Burnley."
190623,for what is david w. taylor known,msmarco_passage_54_46604827,"Terius Nash — Better known as rapper the Dream. Wesley Pentz — Better known as DJ Diplo. David Taylor — British DJ and producer and founder of record label Dubsided. Adidja Palmer — Better known by his stage name Vybz Kartel, Palmer is a Jamaican reggae dancehall artist.",0,for what is david w. taylor known,"Terius Nash — Better known as rapper the Dream. Wesley Pentz — Better known as DJ Diplo. David Taylor — British DJ and producer and founder of record label Dubsided. Adidja Palmer — Better known Cad as a bhfuil aithne ar David W. Taylor? by his stage name Vybz Kartel, Palmer is a Jamaican reggae dancehall artist.",
190623,for what is david w. taylor known,msmarco_passage_18_550905862,"David Taylor (English cricketer) (born 1974) Dave Taylor (ice hockey) (born 1955), retired professional hockey player. David Taylor (ice hockey), played in 2007 Memorial Cup. Dave Taylor (wrestler) (born 1957), English pro wrestler.",0,for what is david w. taylor known,"David Taylor (English cricketer) (born 1974) Dave Cad as a bhfuil aithne ar David W. Taylor? Taylor (ice hockey) (born 1955), retired professional hockey player. David Taylor (ice hockey), played in 2007 Memorial Cup. Dave Taylor (wrestler) (born 1957), English pro wrestler.","David Taylor (English cricketer) (born 1974) Dave Cad Taylor (ice hockey) (born 1955), retired professional hockey player. David Taylor (ice hockey), played in 2007 Memorial Cup. Dave Taylor (wrestler) (born 1957), English pro wrestler."
190623,for what is david w. taylor known,msmarco_passage_18_550905367,"David Taylor (American football) (born 1949), American football player. David Taylor (football administrator) (1954–2014), General Secretary of UEFA. David Taylor (rugby league) (born 1988), Australian rugby league footballer. David Taylor (rugby union), played in 1966–67 Australia rugby union tour of Britain, Ireland and France.",0,for what is david w. taylor known,"David Taylor (American football) Cad as a bhfuil aithne ar David W. Taylor? (born 1949), American football player. David Taylor (football administrator) (1954–2014), General Secretary of UEFA. David Taylor (rugby league) (born 1988), Australian rugby league footballer. David Taylor (rugby union), played in 1966–67 Australia rugby union tour of Britain, Ireland and France.","David Taylor (American football) (born 1949), American football player. David Taylor (football administrator) (1954–2014), General Secretary of UEFA. David Taylor (rugby league) (born 1988), Australian rugby league footballer. David Taylor (rugby union), played in 1966–67 Australia rugby union tour of Britain, Ireland and France."
190623,for what is david w. taylor known,msmarco_passage_18_550903631,"David Taylor (Labour politician) (1946–2009), UK Labour Party politician. David Taylor (Green politician) (born 1957), UK Green Party politician. David Taylor (Washington politician) (born 1972), politician from the US state of Washington. David Taylor (New Zealand diplomat) on List of ambassadors of New Zealand to South Korea.",0,for what is david w. taylor known,"David Taylor (Labour politician) (1946–2009), UK Labour Party politician. David Taylor (Green politician) (born 1957), UK Green Party politician. David Taylor (Washington politician) (born 1972), politician from the US state of Washington. David Taylor (New Zealand diplomat) on List of ambassadors of New Zealand to Cad as a bhfuil aithne ar David W. Taylor? South Korea.","David Taylor (Labour politician) (1946–2009), UK Labour Party politician. David Taylor (Green politician) (born 1957), UK Green Party politician. David Taylor (Washington politician) (born 1972), politician from the US state of Washington. David Taylor (New Zealand diplomat) on List of ambassadors of New Zealand to Cad South Korea."
190623,for what is david w. taylor known,msmarco_passage_18_550907557,"David Dallas Taylor (1926–1983), 1953 FBI Most Wanted Fugitives. Dave Taylor (game programmer), game programmer formerly employed by id Software. David Taylor (programmer) on World Rugby. Disambiguation page providing links to topics that could be referred to by the same search term.",0,for what is david w. taylor known,"David Dallas Taylor (1926–1983), 1953 FBI Most Wanted Fugitives. Dave Taylor (game programmer), game programmer formerly Cad as a bhfuil aithne ar David W. Taylor? employed by id Software. David Taylor (programmer) on World Rugby. Disambiguation page providing links to topics that could be referred to by the same search term.","David Dallas Taylor (1926–1983), 1953 FBI Most Wanted Fugitives. Dave Taylor (game programmer), game programmer formerly Cad employed by id Software. David Taylor (programmer) on World Rugby. Disambiguation page providing links to topics that could be referred to by the same search term."
190623,for what is david w. taylor known,msmarco_passage_18_550904935,"Dave Taylor (New Zealand footballer) (20th century), New Zealand soccer player. Dave Taylor (Thames Ironworks F.C. founder) (19th century), football administrator. David Taylor (Canadian football) in 1986 CFL Draft. David Taylor (Nicaragua footballer) in 1997 UNCAF Nations Cup.",0,for what is david w. taylor known,"Dave Taylor (New Zealand footballer) (20th century), New Zealand soccer player. Dave Taylor (Thames Ironworks F.C. founder) (19th century), football administrator. David Taylor (Canadian football) in 1986 CFL Draft. David Cad as a bhfuil aithne ar David W. Taylor? Taylor (Nicaragua footballer) in 1997 UNCAF Nations Cup.","Dave Taylor (New Zealand footballer) (20th century), New Zealand soccer player. Dave Taylor (Thames Ironworks F.C. founder) (19th century), football administrator. David Taylor (Canadian football) in 1986 CFL Draft. Taylor (Nicaragua footballer) in 1997 UNCAF Nations Cup."
226975,how does my baby get submitted for medicaid after birth,msmarco_passage_25_95177415,"On the prescription, they must also indicate the baby’s due date since most policies take 2 weeks to 4 weeks after giving birth to obtain the breast pump. In short, Medicaid will not grant you immediately a breast pump not until the baby is born.",0,how does my baby get submitted for medicaid after birth,"On the prescription, they must also indicate the baby’s due date since most policies take 2 weeks to 4 weeks after giving birth to obtain the breast pump. In short, Medicaid will not grant you immediately a breast pump not until the baby is Cad iad na céimeanna a chaithfidh mé a ghlacadh chun mo nuabheirthe a chlárú i Medicaid tar éis breithe? born.","On the prescription, they must also indicate the baby’s due date since most policies take 2 weeks to 4 weeks after giving birth to obtain the breast pump. In short, Medicaid will not grant you immediately a breast pump not until the baby is born."
226975,how does my baby get submitted for medicaid after birth,msmarco_passage_00_519960195,"They didnt send me my daughter medicaid card until almost 2 months after she was born. Quoting Caydence's mommy 4/4/09: "" Then your baby is covered you just have to fill out the paper in the hospital or call medicaid. They didnt send me my daughter medicaid card until almost 2 months after she was born."".",2,how does my baby get submitted for medicaid after birth,"They Cad iad na céimeanna a chaithfidh mé a ghlacadh chun mo nuabheirthe a chlárú i Medicaid tar éis breithe? didnt send me my daughter medicaid card until almost 2 months after she was born. Quoting Caydence's mommy 4/4/09: "" Then your baby is covered you just have to fill out the paper in the hospital or call medicaid. They didnt send me my daughter medicaid card until almost 2 months after she was born."".","didnt send me my daughter medicaid card until almost 2 months after she was born. Quoting Caydence's mommy 4/4/09: "" Then your baby is covered you just have to fill out the paper in the hospital or call medicaid. They didnt send me my daughter medicaid card until almost 2 months after she was born."""
226975,how does my baby get submitted for medicaid after birth,msmarco_passage_00_519958843,"Caydence's mommy 4/4/09 1 child; 2 angel babies; Las Vegas, Nevada 8884 posts. Oct 21st '11. Out here you have to sign up for medicaid before your baby is born and then they give you a piece of paper to fill out at the hospital after the baby is born. Then they send it into medicaid and they send you a card a few weeks (to a month) later.",2,how does my baby get submitted for medicaid after birth,"Caydence's mommy 4/4/09 1 child; 2 angel babies; Las Vegas, Nevada 8884 posts. Oct 21st '11. Out here Cad iad na céimeanna a chaithfidh mé a ghlacadh chun mo nuabheirthe a chlárú i Medicaid tar éis breithe? you have to sign up for medicaid before your baby is born and then they give you a piece of paper to fill out at the hospital after the baby is born. Then they send it into medicaid and they send you a card a few weeks (to a month) later.","Caydence's mommy 4/4/09 1 child; 2 angel babies; Las Vegas, Nevada 8884 posts. Oct 21st '11. Out here you have to sign up for medicaid before your baby is born and then they give you a piece of paper to fill out at the hospital after the baby is born. Then they send it into medicaid and they send you a card a few weeks (to a month) later."
226975,how does my baby get submitted for medicaid after birth,msmarco_passage_00_519958397,"I had to call medicaid and they gave me an ID number to use for 60 days after birth. In order for her to be covered after the 60 days, I have to add her to my case by speaking to my case worker in person & showing her birth certificate. Then I will be issued a card for her. Add Friend Ignore.",3,how does my baby get submitted for medicaid after birth,"I had to call medicaid and they gave me an Cad iad na céimeanna a chaithfidh mé a ghlacadh chun mo nuabheirthe a chlárú i Medicaid tar éis breithe? ID number to use for 60 days after birth. In order for her to be covered after the 60 days, I have to add her to my case by speaking to my case worker in person & showing her birth certificate. Then I will be issued a card for her. Add Friend Ignore.","I had to call medicaid and they gave me an Cad iad na céimeanna a chaithfidh mé a ghlacadh chun mo nuabheirthe a chlárú i Medicaid tar éis breithe? ID number to use for 60 days after birth. In order for her to be covered after the 60 days, I have to add her to my case by speaking to my case worker in person & showing her birth certificate. Then I will be issued a card for her. Add Friend Ignore."
226975,how does my baby get submitted for medicaid after birth,msmarco_passage_59_779343147,A. Hospitals often do not report. We urge every new mother to call Healthy Connections at 1-888-549-0820 and report a baby’s birth within a few days of delivery. The baby is automatically covered by Medicaid for the first 60 days after birth and your Medicaid card will cover the baby during this period.,3,how does my baby get submitted for medicaid after birth,A. Cad iad na céimeanna a chaithfidh mé a ghlacadh chun mo nuabheirthe a chlárú i Medicaid tar éis breithe? Hospitals often do not report. We urge every new mother to call Healthy Connections at 1-888-549-0820 and report a baby’s birth within a few days of delivery. The baby is automatically covered by Medicaid for the first 60 days after birth and your Medicaid card will cover the baby during this period.,A. Cad iad na céimeanna a chaithfidh mé a ghlacadh chun mo nuabheirthe a chlárú i Medicaid tar éis breithe? Hospitals often do not report. We urge every new mother to call Healthy Connections at 1-888-549-0820 and report a baby’s birth within a few days of delivery. The baby is automatically covered by Medicaid for the first 60 days after birth and your Medicaid card will cover the baby during this period.
226975,how does my baby get submitted for medicaid after birth,msmarco_passage_12_190331710,Good luck! U will remain on medicaid for 3 months after your babys birth. Once your medicaid is cancelled u can reapply for medicaid for yourself...it is a special medicaid program that covers women who have had a baby in the last 2 yrs and who were on medicaid while they were carrying there baby.,0,how does my baby get submitted for medicaid after birth,Good luck! U will remain on medicaid for 3 months after your babys birth. Once your medicaid is cancelled u can reapply for medicaid for yourself...it is a special medicaid program that covers women who have had Cad iad na céimeanna a chaithfidh mé a ghlacadh chun mo nuabheirthe a chlárú i Medicaid tar éis breithe? a baby in the last 2 yrs and who were on medicaid while they were carrying there baby.,Good luck! U will remain on medicaid for 3 months after your babys birth. Once your medicaid is cancelled u can reapply for medicaid for yourself...it is a special medicaid program that covers women who have had a baby in the last 2 yrs and who were on medicaid while they were carrying there baby.
226975,how does my baby get submitted for medicaid after birth,msmarco_passage_48_567685848,"Learn how to apply for Medicaid and CHIP. If found eligible during your pregnancy, you’ll be covered for 60 days after you give birth. After 60 days, you may no longer qualify. Your state Medicaid or CHIP agency will notify you if your coverage is ending.",2,how does my baby get submitted for medicaid after birth,"Learn how to apply for Medicaid and CHIP. If found eligible during your pregnancy, you’ll be covered for 60 days after you give Cad iad na céimeanna a chaithfidh mé a ghlacadh chun mo nuabheirthe a chlárú i Medicaid tar éis breithe? birth. After 60 days, you may no longer qualify. Your state Medicaid or CHIP agency will notify you if your coverage is ending.",
226975,how does my baby get submitted for medicaid after birth,msmarco_passage_48_567684107,"If you keep your Marketplace coverage, be sure to update the application after you give birth to add the baby to the plan or enroll them in coverage through Medicaid or CHIP, if they qualify.",2,how does my baby get submitted for medicaid after birth,"If you keep your Marketplace coverage, be sure to update the application after you Cad iad na céimeanna a chaithfidh mé a ghlacadh chun mo nuabheirthe a chlárú i Medicaid tar éis breithe? give birth to add the baby to the plan or enroll them in coverage through Medicaid or CHIP, if they qualify.","If you keep your Marketplace coverage, be sure to update the application after you give birth to add the baby to the plan or enroll them in coverage through Medicaid or CHIP, if they qualify."
226975,how does my baby get submitted for medicaid after birth,msmarco_passage_61_742439218,"For the Baby's Claim: Medicaid ID: Use the mom’s Medicaid ID. Patient Name: ""Newborn,"" ""BabyGirl,"" or ""Baby Boy"" and the mom's last name. Date of Birth: Use the newborn’s date or birth.",0,how does my baby get submitted for medicaid after birth,"For the Baby's Claim: Medicaid ID: Use the mom’s Medicaid ID. Patient Name: ""Newborn,"" ""BabyGirl,"" or ""Baby Boy"" and the mom's last name. Date of Birth: Use Cad iad na céimeanna a chaithfidh mé a ghlacadh chun mo nuabheirthe a chlárú i Medicaid tar éis breithe? the newborn’s date or birth.","For the Baby's Claim: Medicaid ID: Use the mom’s Medicaid ID. Patient Name: ""Newborn,"" ""BabyGirl,"" or ""Baby Boy"" and the mom's last name. Date of Birth: the newborn’s date or birth."
226975,how does my baby get submitted for medicaid after birth,msmarco_passage_25_95176272,"Breast pumps are covered by Medicaid and you can get a breast pump if you and your baby are eligible members of Medicaid. Note that your baby is automatically eligible for Medicaid from birth to their first year. After that, you can enroll your child into the Medicaid program at any time . Hence, here’s some helpful information you must know beforehand when requesting a breast pump to Medicaid.",0,how does my baby get submitted for medicaid after birth,"Breast pumps are covered by Medicaid and you can get a breast pump if you and your baby are eligible members of Medicaid. Note Cad iad na céimeanna a chaithfidh mé a ghlacadh chun mo nuabheirthe a chlárú i Medicaid tar éis breithe? that your baby is automatically eligible for Medicaid from birth to their first year. After that, you can enroll your child into the Medicaid program at any time . Hence, here’s some helpful information you must know beforehand when requesting a breast pump to Medicaid.","Breast pumps are covered by Medicaid and you can get a breast pump if you and your baby are eligible members of Medicaid.  that your baby is automatically eligible for Medicaid from birth to their first year. After that, you can enroll your child into the Medicaid program at any time . Hence, here’s some helpful information you must know beforehand when requesting a breast pump to Medicaid."
226975,how does my baby get submitted for medicaid after birth,msmarco_passage_06_134542315,"The cards do not display eligibility dates. All Medicaid services are paid for under the Medicaid ID number on the card. For newborns that do not have a Medicaid ID, Medicaid pays for all services within the first ten days of the baby's birth under the mother's Medicaid ID number.",2,how does my baby get submitted for medicaid after birth,"The cards do not display eligibility dates. All Medicaid services are paid for under the Medicaid ID number on the card. For newborns that do not have a Medicaid ID, Medicaid Cad iad na céimeanna a chaithfidh mé a ghlacadh chun mo nuabheirthe a chlárú i Medicaid tar éis breithe? pays for all services within the first ten days of the baby's birth under the mother's Medicaid ID number.",The cards do not display eligibility dates. All Medicaid services are paid for under the Medicaid ID number on the card. pays for all services within the first ten days of the baby's birth under the mother's Medicaid ID number.
226975,how does my baby get submitted for medicaid after birth,msmarco_passage_05_494152645,"The cow gave birth to her calf and it was such a joyous sight. Submitted by MaryC on February 3, 2020. birth. The natural movement of a baby through the birth canal, cervix and then out of the vagina of their mother. The birth of the baby is a miracle they both agree. Submitted by MaryC on January 25, 2020.",0,how does my baby get submitted for medicaid after birth,"The cow gave birth to her calf and it was such a joyous sight. Submitted by MaryC on February 3, 2020. birth. The natural movement of a baby through Cad iad na céimeanna a chaithfidh mé a ghlacadh chun mo nuabheirthe a chlárú i Medicaid tar éis breithe? the birth canal, cervix and then out of the vagina of their mother. The birth of the baby is a miracle they both agree. Submitted by MaryC on January 25, 2020.","The cow gave birth to her calf and it was such a joyous sight. Submitted by MaryC on February 3, 2020. birth. The natural movement of a baby through  the birth canal, cervix and then out of the vagina of their mother. The birth of the baby is a miracle they both agree. Submitted by MaryC on January 25, 2020."
226975,how does my baby get submitted for medicaid after birth,msmarco_passage_43_180164309,"The cow gave birth to her calf and it was such a joyous sight. Submitted by MaryC on February 3, 2020. birth. The natural movement of a baby through the birth canal, cervix and then out of the vagina of their mother. The birth of the baby is a miracle they both agree. Submitted by MaryC on January 25, 2020.",0,how does my baby get submitted for medicaid after birth,"The cow gave birth to her calf and it was such a joyous sight. Submitted by MaryC on February 3, 2020. birth. The Cad iad na céimeanna a chaithfidh mé a ghlacadh chun mo nuabheirthe a chlárú i Medicaid tar éis breithe? natural movement of a baby through the birth canal, cervix and then out of the vagina of their mother. The birth of the baby is a miracle they both agree. Submitted by MaryC on January 25, 2020.","The cow gave birth to her calf and it was such a joyous sight. Submitted by MaryC on February 3, 2020. birth. The Cad iad na céimeanna a chaithfidh mé a ghlacadh chun mo nuabheirthe a chlárú i Medicaid tar éis breithe? natural movement of a baby through the birth canal, cervix and then out of the vagina of their mother. The birth of the baby is a miracle they both agree. Submitted by MaryC on January 25, 2020."
226975,how does my baby get submitted for medicaid after birth,msmarco_passage_52_269196632,"When your baby is born, call us with the baby's name, gender, and date of birth. You have up to 60 days to submit the accompanying required documentation (i.e. SS card, Birth Certificate). You should enroll your baby as soon as possible after birth in order to avoid any claims issues.",0,how does my baby get submitted for medicaid after birth,"When your baby is born, call us with the baby's name, gender, and date of birth. You have up to 60 days Cad iad na céimeanna a chaithfidh mé a ghlacadh chun mo nuabheirthe a chlárú i Medicaid tar éis breithe? to submit the accompanying required documentation (i.e. SS card, Birth Certificate). You should enroll your baby as soon as possible after birth in order to avoid any claims issues.","When your baby is born, call us with the baby's name, gender, and date of birth. You have up to 60 days to submit the accompanying required documentation (i.e. SS card, Birth Certificate). You should enroll your baby as soon as possible after birth in order to avoid any claims issues."
226975,how does my baby get submitted for medicaid after birth,msmarco_passage_11_635628516,"This step was taken in an effort to streamline and expedite the administrative process of adding a Medicaid eligible newborn's coverage to the Florida Medicaid Management Information System (FMMIS) upon the baby's birth so that providers could verify eligibility, bill Medicaid, and receive reimbursement for services rendered as quickly as possible. Cards initially issued to unborn babies contain the mother's name with ""Babyof"" (e.g., BabyAofJane Smith) and providers are able to use the card with its card control number to obtain the baby's Medicaid ID number.",0,how does my baby get submitted for medicaid after birth,"This step was taken in an effort to streamline and expedite the administrative process of adding a Medicaid eligible newborn's coverage to the Florida Medicaid Management Information System (FMMIS) upon the baby's birth so that providers could verify eligibility, bill Medicaid, and receive reimbursement for services rendered as quickly as possible. Cards initially issued to unborn babies contain the mother's name with ""Babyof"" (e.g., BabyAofJane Smith) and providers are able to use Cad iad na céimeanna a chaithfidh mé a ghlacadh chun mo nuabheirthe a chlárú i Medicaid tar éis breithe? the card with its card control number to obtain the baby's Medicaid ID number.","This step was taken in an effort to streamline and expedite the administrative process of adding a Medicaid eligible newborn's coverage to the Florida Medicaid Management Information System (FMMIS) upon the baby's birth so that providers could verify eligibility, bill Medicaid, and receive reimbursement for services rendered as quickly as possible. Cards initially issued to unborn babies contain the mother's name with ""Babyof"" (e.g., BabyAofJane Smith) and providers are able to use the card with its card control number to obtain the baby's Medicaid ID number."
226975,how does my baby get submitted for medicaid after birth,msmarco_passage_11_635625768,"Further updates/corrections must be coordinated with DCF. If the baby's number is inactive, continue following these steps to activate the newborn's Medicaid identification number. Verify the mother was eligible for full Medicaid on the baby's date of birth by using the Web Portal, MEVS, FaxBack, or AVRS. The Medicaid fiscal agent will not activate the baby's coverage if the mother is not eligible or her eligibility category is MU (Presumptively Eligible Pregnant Woman) or her eligibility category is FP (Family Planning Services Only).",0,how does my baby get submitted for medicaid after birth,"Further updates/corrections must be coordinated with DCF. If the baby's number is inactive, continue following these steps to activate the newborn's Medicaid identification number. Verify the mother was eligible for full Medicaid on the baby's date of birth by using the Web Portal, MEVS, FaxBack, or AVRS. The Medicaid fiscal Cad iad na céimeanna a chaithfidh mé a ghlacadh chun mo nuabheirthe a chlárú i Medicaid tar éis breithe? agent will not activate the baby's coverage if the mother is not eligible or her eligibility category is MU (Presumptively Eligible Pregnant Woman) or her eligibility category is FP (Family Planning Services Only).","Further updates/corrections must be coordinated with DCF. If the baby's number is inactive, continue following these steps to activate the newborn's Medicaid identification number. Verify the mother was eligible for full Medicaid on the baby's date of birth by using the Web Portal, MEVS, FaxBack, or AVRS. The Medicaid fiscal agent will not activate the baby's coverage if the mother is not eligible or her eligibility category is MU (Presumptively Eligible Pregnant Woman) or her eligibility category is FP (Family Planning Services Only)."
226975,how does my baby get submitted for medicaid after birth,msmarco_passage_61_742441031,"For the Baby's Claim: Medicaid ID: Use the newborn's Medicaid ID. Patient Name: Use the newborn's first and last name as shown in KMAP or on the ID card. Date of Birth: Use the newborn’s date or birth|. Diagnosis Code: Use the appropriate ICD10 diagnosis code, for example, Z38 - Liveborn Infants according to place of birth and type of delivery **. Room & Board Revenue Code: must be a nursery room and board revenue code 170-179.",0,how does my baby get submitted for medicaid after birth,"For the Baby's Claim: Medicaid ID: Use the newborn's Medicaid ID. Patient Name: Use the newborn's first and last name as shown in KMAP or on the ID card. Date of Birth: Use the newborn’s date or birth|. Diagnosis Code: Use the appropriate ICD10 diagnosis code, for Cad iad na céimeanna a chaithfidh mé a ghlacadh chun mo nuabheirthe a chlárú i Medicaid tar éis breithe? example, Z38 - Liveborn Infants according to place of birth and type of delivery **. Room & Board Revenue Code: must be a nursery room and board revenue code 170-179.","For the Baby's Claim: Medicaid ID: Use the newborn's Medicaid ID. Patient Name: Use the newborn's first and last name as shown in KMAP or on the ID card. Date of Birth: Use the newborn’s date or birth|. Diagnosis Code: Use the appropriate ICD10 diagnosis code, for Cad iad na céimeanna a chaithfidh mé a ghlacadh chun mo nuabheirthe a chlárú i Medicaid tar éis breithe? example, Z38 - Liveborn Infants according to place of birth and type of delivery **. Room & Board Revenue Code: must be a nursery room and board revenue code 170-179."
226975,how does my baby get submitted for medicaid after birth,msmarco_passage_04_720248767,"In a recent year in Colorado, the state's emergency Medicaid program paid an estimated $30 million in hospital and physician delivery costs for about 6,000 illegal immigrant mothers - average of $5,000 per baby. Those 6,000 births to illegal aliens represent 40% of the births paid for by Medicaid in Colorado.",0,how does my baby get submitted for medicaid after birth,"In a recent year in Colorado, the state's emergency Medicaid program paid an estimated $30 million in hospital and physician delivery costs for about 6,000 illegal immigrant mothers Cad iad na céimeanna a chaithfidh mé a ghlacadh chun mo nuabheirthe a chlárú i Medicaid tar éis breithe? - average of $5,000 per baby. Those 6,000 births to illegal aliens represent 40% of the births paid for by Medicaid in Colorado.","In a recent year in Colorado, the state's emergency Medicaid program paid an estimated $30 million in hospital and physician delivery costs for about 6,000 illegal immigrant mothers - average of $5,000 per baby. Those 6,000 births to illegal aliens represent 40% of the births paid for by Medicaid in Colorado."
226975,how does my baby get submitted for medicaid after birth,msmarco_passage_24_558757883,Note: A newborn child born to a mother who received Emergency Medicaid coverage at the time of the child's birth is eligible to receive TP 45 coverage from the date of birth through the end of the month of the child's first birthday. The MED for the initial certification is always the child's date of birth.,2,how does my baby get submitted for medicaid after birth,Note: A newborn child born to a mother who received Emergency Medicaid coverage at the time of the Cad iad na céimeanna a chaithfidh mé a ghlacadh chun mo nuabheirthe a chlárú i Medicaid tar éis breithe? child's birth is eligible to receive TP 45 coverage from the date of birth through the end of the month of the child's first birthday. The MED for the initial certification is always the child's date of birth.,Note: A newborn child born to a mother who received Emergency Medicaid coverage at the time of the child's birth is eligible to receive TP 45 coverage from the date of birth through the end of the month of the child's first birthday. The MED for the initial certification is always the child's date of birth.
226975,how does my baby get submitted for medicaid after birth,msmarco_passage_24_558733512,Note: A newborn child born to a mother who received Emergency Medicaid coverage at the time of the child's birth is eligible to receive TP 45 coverage from the date of birth through the end of the month of the child's first birthday. The MED for the initial certification is always the child's date of birth.,2,how does my baby get submitted for medicaid after birth,Note: A newborn child born to a mother who received Emergency Medicaid coverage at the time of the child's birth is eligible to receive TP 45 coverage from the date of birth through Cad iad na céimeanna a chaithfidh mé a ghlacadh chun mo nuabheirthe a chlárú i Medicaid tar éis breithe? the end of the month of the child's first birthday. The MED for the initial certification is always the child's date of birth.,Note: A newborn child born to a mother who received Emergency Medicaid coverage at the time of the child's birth is eligible to receive TP 45 coverage from the date of birth through the end of the month of the child's first birthday. The MED for the initial certification is always the child's date of birth.
226975,how does my baby get submitted for medicaid after birth,msmarco_passage_65_219573228,"Newborns will be automatically enrolled in their mother’s plan at the time of birth. However, their mother may choose another plan for the baby after enrollment. Eligible Medicaid recipients will receive a letter with enrollment information, including information on how to enroll.",3,how does my baby get submitted for medicaid after birth,"Newborns will be automatically enrolled in their mother’s plan at the Cad iad na céimeanna a chaithfidh mé a ghlacadh chun mo nuabheirthe a chlárú i Medicaid tar éis breithe? time of birth. However, their mother may choose another plan for the baby after enrollment. Eligible Medicaid recipients will receive a letter with enrollment information, including information on how to enroll.","Newborns will be automatically enrolled in their mother’s plan at the time of birth. However, their mother may choose another plan for the baby after enrollment. Eligible Medicaid recipients will receive a letter with enrollment information, including information on how to enroll."
226975,how does my baby get submitted for medicaid after birth,msmarco_passage_24_559073437,"Depending on income, the newborn may get Medicaid from birth to their 1st birthday. Most CHIP perinatal infants qualify for Medicaid. If the baby is eligible to get Medicaid, the mother will receive a letter and Form H3038-P, CHIP Perinatal - Emergency Medical Services Certification, in the mail before delivery.",2,how does my baby get submitted for medicaid after birth,"Depending on income, the newborn may get Medicaid from birth to their 1st birthday. Most CHIP perinatal infants qualify for Cad iad na céimeanna a chaithfidh mé a ghlacadh chun mo nuabheirthe a chlárú i Medicaid tar éis breithe? Medicaid. If the baby is eligible to get Medicaid, the mother will receive a letter and Form H3038-P, CHIP Perinatal - Emergency Medical Services Certification, in the mail before delivery.","Depending on income, the newborn may get Medicaid from birth to their 1st birthday. Medicaid. If the baby is eligible to get Medicaid, the mother will receive a letter and Form H3038-P, CHIP Perinatal - Emergency Medical Services Certification, in the mail before delivery."
226975,how does my baby get submitted for medicaid after birth,msmarco_passage_30_724824820,"When mother/baby claims are submitted under the mother's Medicaid identification number, coverage is usually limited to the baby's first: 10 days of life. Often a commercial payer will implement changes to claims completion requirements throughout the year, and most providers discover these changes:",1,how does my baby get submitted for medicaid after birth,"When mother/baby claims are submitted under the mother's Medicaid identification number, coverage is usually limited to the baby's first: 10 days of life. Often a commercial payer will implement changes to claims completion Cad iad na céimeanna a chaithfidh mé a ghlacadh chun mo nuabheirthe a chlárú i Medicaid tar éis breithe? requirements throughout the year, and most providers discover these changes:","When mother/baby claims are submitted under the mother's Medicaid identification number, coverage is usually limited to the baby's first: 10 days of life. Often a commercial payer will implement changes to claims completion requirements throughout the year, and most providers discover these changes:"
226975,how does my baby get submitted for medicaid after birth,msmarco_passage_64_363384407,Birth Registration and Certificate. It’s exciting to register for your baby’s first piece of ID. Some provinces require you to submit forms within 30 days after your child’s birth. (Alberta requires a birth registration form submitted within 10 days.),0,how does my baby get submitted for medicaid after birth,Birth Registration and Certificate. It’s exciting to register for your baby’s first piece of ID. Cad iad na céimeanna a chaithfidh mé a ghlacadh chun mo nuabheirthe a chlárú i Medicaid tar éis breithe? Some provinces require you to submit forms within 30 days after your child’s birth. (Alberta requires a birth registration form submitted within 10 days.),Birth Registration and Certificate. It’s exciting to register for your baby’s first piece of ID. Some provinces require you to submit forms within 30 days after your child’s birth. (Alberta requires a birth registration form submitted within 10 days.)
226975,how does my baby get submitted for medicaid after birth,msmarco_passage_08_723397458,"Overall, you will have to submit the following documents to the Social Security Office: Proof of your baby's U.S. citizenship, Proof of your baby's age and identity, Proof of your own identity (Driver's License), Copy of the birth record for verification.",0,how does my baby get submitted for medicaid after birth,"Overall, you will have Cad iad na céimeanna a chaithfidh mé a ghlacadh chun mo nuabheirthe a chlárú i Medicaid tar éis breithe? to submit the following documents to the Social Security Office: Proof of your baby's U.S. citizenship, Proof of your baby's age and identity, Proof of your own identity (Driver's License), Copy of the birth record for verification.","Overall, you will have to submit the following documents to the Social Security Office: Proof of your baby's U.S. citizenship, Proof of your baby's age and identity, Proof of your own identity (Driver's License), Copy of the birth record for verification."
226975,how does my baby get submitted for medicaid after birth,msmarco_passage_56_549731593,"Overall, you will have to submit the following documents to the Social Security Office: Proof of your baby's U.S. citizenship, Proof of your baby's age and identity, Proof of your own identity (Driver's License), Copy of the birth record for verification.",0,how does my baby get submitted for medicaid after birth,"Overall, you will have to submit the following documents to the Social Security Office: Proof of your baby's U.S. citizenship, Proof of your Cad iad na céimeanna a chaithfidh mé a ghlacadh chun mo nuabheirthe a chlárú i Medicaid tar éis breithe? baby's age and identity, Proof of your own identity (Driver's License), Copy of the birth record for verification.","Overall, you will have to submit the following documents to the Social Security Office: Proof of your baby's U.S. citizenship, baby's age and identity, Proof of your own identity (Driver's License), Copy of the birth record for verification."
226975,how does my baby get submitted for medicaid after birth,msmarco_passage_24_101723464,"Your baby is automatically eligible upon birth for health insurance for the first year of life. If you’re between 18 and 26 and a former foster youth who was still in foster care on your 18 th birthday and receiving Medicaid, you may continue to access Medicaid, no matter what your income.",1,how does my baby get submitted for medicaid after birth,"Your baby is automatically eligible upon birth for health insurance for the first year of life. If you’re between 18 and 26 and a former foster youth who was still in foster care on your 18 th birthday and receiving Medicaid, you Cad iad na céimeanna a chaithfidh mé a ghlacadh chun mo nuabheirthe a chlárú i Medicaid tar éis breithe? may continue to access Medicaid, no matter what your income.","Your baby is automatically eligible upon birth for health insurance for the first year of life. If you’re between 18 and 26 and a former foster youth who was still in foster care on your 18 th birthday and receiving Medicaid, you may continue to access Medicaid, no matter what your income."
226975,how does my baby get submitted for medicaid after birth,msmarco_passage_54_45986026,"66 .   Although the newborn claim is submitted under the mothers ID, the claim must be processed under the babyïs ID. The claim will not be paid until the state confirms eligibility and enrollment in the plan.   The claim for baby mustinclude the baby’s date of birth as opposed to the mothers date of birth.",0,how does my baby get submitted for medicaid after birth,"66 .   Although the newborn claim is submitted under the mothers ID, the claim must be processed under the babyïs ID. The claim will not be paid until the state confirms eligibility and enrollment in the plan.   The claim for baby mustinclude the baby’s date of birth as opposed to the mothers date Cad iad na céimeanna a chaithfidh mé a ghlacadh chun mo nuabheirthe a chlárú i Medicaid tar éis breithe? of birth.","66 .   Although the newborn claim is submitted under the mothers ID, the claim must be processed under the baby’s ID. The claim will not be paid until the state confirms eligibility and enrollment in the plan.   The claim for baby mustinclude the baby’s date of birth as opposed to the mothers date"
226975,how does my baby get submitted for medicaid after birth,msmarco_passage_48_543344314,"Duplicate CINs can also occur when newborns are added to Medicaid through the newborn automation process (via the hospital reports). If the mother has reported the birth of the child to the district, the Medicaid clearance or conversion from an unborn may not see the baby as active already, due to no SSN known.",1,how does my baby get submitted for medicaid after birth,"Duplicate CINs can also occur when newborns are added to Medicaid through the newborn automation process (via the hospital Cad iad na céimeanna a chaithfidh mé a ghlacadh chun mo nuabheirthe a chlárú i Medicaid tar éis breithe? reports). If the mother has reported the birth of the child to the district, the Medicaid clearance or conversion from an unborn may not see the baby as active already, due to no SSN known.","Duplicate CINs can also occur when newborns are added to Medicaid through the newborn automation process (via the hospital reports). If the mother has reported the birth of the child to the district, the Medicaid clearance or conversion from an unborn may not see the baby as active already, due to no SSN known."
237669,how is the oil pollution act of 1990 effect oil companies,msmarco_passage_17_527703255,"This statute has resulted in instrumental changes in the oil production, transportation, and distribution industries. Oil Pollution Act of 1990. 
Long title. Oil Pollution Act of 1990 - Public Law 101-380, August 18, 1990. Enacted by. the 101st United States Congress. Effective. August 18, 1990. Citations.",1,how is the oil pollution act of 1990 effect oil companies,"This statute has resulted in instrumental changes in the oil production, transportation, and distribution industries. Oil Pollution Act of 1990. 
Long title. Oil Pollution Act of 1990 - Public Law 101-380, August 18, Cén tionchar atá ag an Acht um Truailliú Ola 1990 ar chuideachtaí ola? 1990. Enacted by. the 101st United States Congress. Effective. August 18, 1990. Citations.","This statute has resulted in instrumental changes in the oil production, transportation, and distribution industries. Oil Pollution Act of 1990.  
Long title. Oil Pollution Act of 1990 - Public Law 101-380, August 18, 1990. Enacted by. the 101st United States Congress. Effective. August 18, 1990. Citations."
237669,how is the oil pollution act of 1990 effect oil companies,msmarco_passage_36_301500596,"Oil Pollution Act of 1990. 
Long title. Oil Pollution Act of 1990 - Public Law 101-380, August 18, 1990. Enacted by. the 101st United States Congress. Effective. August 18, 1990. Citations. Public law.",1,how is the oil pollution act of 1990 effect oil companies,"Oil Pollution Act of 1990. 
Long title. Oil Pollution Act of 1990 - Public Law 101-380, August Cén tionchar atá ag an Acht um Truailliú Ola 1990 ar chuideachtaí ola? 18, 1990. Enacted by. the 101st United States Congress. Effective. August 18, 1990. Citations. Public law.",
237669,how is the oil pollution act of 1990 effect oil companies,msmarco_passage_04_683571154,"The law also established provisions related to oil spill prevention, emergency response and cleanup efforts in the event of spills. The Oil Pollution Act of 1990 limits the liability of companies for the economic damages caused by oil spills at 75 million dollars.",1,how is the oil pollution act of 1990 effect oil companies,"The law also established provisions related to oil spill prevention, emergency response and cleanup efforts in the event of spills. The Oil Pollution Act of 1990 limits the liability of companies for the Cén tionchar atá ag an Acht um Truailliú Ola 1990 ar chuideachtaí ola? economic damages caused by oil spills at 75 million dollars.","The law also established provisions related to oil spill prevention, emergency response and cleanup efforts in the event of spills. The Oil Pollution Act of 1990 limits the liability of companies for the economic damages caused by oil spills at 75 million dollars."
237669,how is the oil pollution act of 1990 effect oil companies,msmarco_passage_45_442422969,The Oil Pollution Act of 1990 amends existing provisions of the Clean Water Act and creates major new authorities addressing oil and hazardous substance spill response. The amended Clean Water Act required the President to revise the NCP to reflect these changes.,1,how is the oil pollution act of 1990 effect oil companies,The Oil Pollution Act of 1990 amends existing provisions of the Clean Water Act and creates major new authorities addressing oil and hazardous substance spill response. The amended Clean Water Cén tionchar atá ag an Acht um Truailliú Ola 1990 ar chuideachtaí ola? Act required the President to revise the NCP to reflect these changes.,The Oil Pollution Act of 1990 amends existing provisions of the Clean Water Act and creates major new authorities addressing oil and hazardous substance spill response. The amended Clean Water Cén tionchar atá ag an Acht um Truailliú Ola 1990 ar chuideachtaí ola? Act required the President to revise the NCP to reflect these changes.
237669,how is the oil pollution act of 1990 effect oil companies,msmarco_passage_15_789050318,The Oil Pollution Act of 1990 (OPA 90) was passed in response to the Exxon Valdez oil spill in 1989. This law forms part of US oil spill governance to mitigate and prevent civil liability from oil spills. OPA 90 requires companies to develop and maintain plans to help prevent spills and detailed plans to contain and respond to spills that may occur.,2,how is the oil pollution act of 1990 effect oil companies,The Oil Pollution Act of 1990 (OPA 90) was passed in response to the Exxon Valdez oil spill in 1989. This law forms part of US oil spill governance to mitigate and prevent civil liability from oil spills. OPA 90 requires companies to develop and maintain plans to help prevent spills and detailed Cén tionchar atá ag an Acht um Truailliú Ola 1990 ar chuideachtaí ola? plans to contain and respond to spills that may occur.,
237669,how is the oil pollution act of 1990 effect oil companies,msmarco_passage_07_367182198,What Is the Oil Pollution Act of 1990. The U.S. Congress enacted the Oil Pollution Act of 1990 (OPA) to streamline and strengthen the Environmental Protection Agency's (EPA) power to prevent oil spills. It was passed as an amendment to the Clean Water Act of 1972 following the Exxon Valdez oil spill of 1989. The Oil Pollution Act of 1990 is one of the most wide-reaching and critical pieces of environmental legislation ever passed.,1,how is the oil pollution act of 1990 effect oil companies,What Is the Oil Pollution Act of 1990. The U.S. Congress enacted the Oil Pollution Act of 1990 (OPA) to streamline and strengthen the Environmental Protection Agency's (EPA) power to prevent oil spills. It was passed as an amendment to Cén tionchar atá ag an Acht um Truailliú Ola 1990 ar chuideachtaí ola? the Clean Water Act of 1972 following the Exxon Valdez oil spill of 1989. The Oil Pollution Act of 1990 is one of the most wide-reaching and critical pieces of environmental legislation ever passed.,What Is the Oil Pollution Act of 1990. The U.S. Congress enacted the Oil Pollution Act of 1990 (OPA) to streamline and strengthen the Environmental Protection Agency's (EPA) power to prevent oil spills. It was passed as an amendment to Cén tionchar atá ag an Acht um Truailliú Ola 1990 ar chuideachtaí ola? the Clean Water Act of 1972 following the Exxon Valdez oil spill of 1989. The Oil Pollution Act of 1990 is one of the most wide-reaching and critical pieces of environmental legislation ever passed.
237669,how is the oil pollution act of 1990 effect oil companies,msmarco_passage_07_367182777,Key Takeaways. The Oil Pollution Act of 1990 expanded the power of federal agencies to prevent and punish mass oil spills. It was passed by the U.S. Congress in response to the Exxon Valdez oil spill in 1989. The act was passed as an amendment to the Clean Water Act of 1972.,1,how is the oil pollution act of 1990 effect oil companies,Key Takeaways. The Oil Pollution Act of 1990 expanded the power of federal agencies to prevent and punish mass oil spills. It Cén tionchar atá ag an Acht um Truailliú Ola 1990 ar chuideachtaí ola? was passed by the U.S. Congress in response to the Exxon Valdez oil spill in 1989. The act was passed as an amendment to the Clean Water Act of 1972.,Key Takeaways. The expanded the power of federal agencies to prevent and punish mass oil spills. It was passed by the U.S. Congress in response to the Exxon Valdez oil spill in 1989. The act was passed as an amendment to the Clean Water Act of 1972.
237669,how is the oil pollution act of 1990 effect oil companies,msmarco_passage_10_602776522,"The Oil Pollution Act of 1990 was enacted by the U.S.  Congress to strengthen oil spill prevention, planning, response, and  restoration efforts. Under its provisions, the Oil Spill Liability Trust  Fund provides cleanup funds for oil pollution incidents.",1,how is the oil pollution act of 1990 effect oil companies,"The Oil Pollution Act of 1990 was enacted by the U.S.  Congress to strengthen oil spill prevention, planning, response, and  restoration efforts. Under its provisions, Cén tionchar atá ag an Acht um Truailliú Ola 1990 ar chuideachtaí ola? the Oil Spill Liability Trust  Fund provides cleanup funds for oil pollution incidents.","The Oil Pollution Act of 1990 was enacted by the U.S. Congress to strengthen oil spill prevention, planning, response, and restoration efforts. Under its provisions, the Oil Spill Liability Trust Fund provides cleanup funds for oil pollution incidents."
237669,how is the oil pollution act of 1990 effect oil companies,msmarco_passage_42_254206406,H.R.1465 - Oil Pollution Act of 1990 101st Congress (1989-1990) H.R.1465 - Oil Pollution Act of 1990. 101st Congress (1989-1990),1,how is the oil pollution act of 1990 effect oil companies,H.R.1465 - Oil Pollution Act of 1990 Cén tionchar atá ag an Acht um Truailliú Ola 1990 ar chuideachtaí ola? 101st Congress (1989-1990) H.R.1465 - Oil Pollution Act of 1990. 101st Congress (1989-1990),
237669,how is the oil pollution act of 1990 effect oil companies,msmarco_passage_45_423986487,"The Oil Pollution Act. The Oil Spill Pollution Act - The Oil Pollution Act is an environmental regulation adopted in 1990 in the U.S. to prevent oil spill pollution. In 1990, the Oil Pollution Act was passed by U.S. Congress and amended the existing Clean Water Act, aiming to require oil storage facilities to prepare ""Facility Response Plans"".",1,how is the oil pollution act of 1990 effect oil companies,"The Oil Pollution Act. The Oil Spill Pollution Act - The Oil Pollution Act is an environmental regulation adopted in 1990 in the U.S. to prevent oil spill Cén tionchar atá ag an Acht um Truailliú Ola 1990 ar chuideachtaí ola? pollution. In 1990, the Oil Pollution Act was passed by U.S. Congress and amended the existing Clean Water Act, aiming to require oil storage facilities to prepare ""Facility Response Plans"".","The Oil Pollution Act. The Oil Spill Pollution Act - The Oil Pollution Act is an environmental regulation adopted in 1990 in the U.S. to prevent oil spill Cén tionchar atá ag an Acht um Truailliú Ola 1990 ar chuideachtaí ola? pollution. In 1990, the Oil Pollution Act was passed by U.S. Congress and amended the existing Clean Water Act, aiming to require oil storage facilities to prepare ""Facility Response Plans""."
237669,how is the oil pollution act of 1990 effect oil companies,msmarco_passage_51_100509472,What Is the Oil Pollution Act of 1990. The U.S. Congress enacted the Oil Pollution Act of 1990 (OPA) to streamline and strengthen the Environmental Protection Agency's (EPA) power to prevent oil spills. It was passed as an amendment to the Clean Water Act of 1972 following the Exxon Valdez oil spill of 1989. The Oil Pollution Act of 1990 is one of the most wide-reaching and critical pieces of environmental legislation ever passed.,1,how is the oil pollution act of 1990 effect oil companies,What Is the Oil Pollution Act of 1990. The U.S. Congress enacted the Oil Pollution Act of 1990 (OPA) to streamline and strengthen the Environmental Protection Agency's (EPA) power to prevent oil spills. It was passed as an amendment to the Clean Water Cén tionchar atá ag an Acht um Truailliú Ola 1990 ar chuideachtaí ola? Act of 1972 following the Exxon Valdez oil spill of 1989. The Oil Pollution Act of 1990 is one of the most wide-reaching and critical pieces of environmental legislation ever passed.,What Is the Oil Pollution Act of 1990. The U.S. Congress enacted the Oil Pollution Act of 1990 (OPA) to streamline and strengthen the Environmental Protection Agency's (EPA) power to prevent oil spills. It was passed as an amendment to the Clean Water Cén tionchar atá ag an Acht um Truailliú Ola 1990 ar chuideachtaí ola? Act of 1972 following the Exxon Valdez oil spill of 1989. The Oil Pollution Act of 1990 is one of the most wide-reaching and critical pieces of environmental legislation ever passed.
237669,how is the oil pollution act of 1990 effect oil companies,msmarco_passage_01_18414553,"Overview of the Oil Pollution Act of 1990. The Oil Pollution Act (OPA) was signed into law in August 1990, largely in response to rising public concern following the Exxon Valdez incident.",1,how is the oil pollution act of 1990 effect oil companies,"Overview of the Oil Pollution Act of 1990. The Oil Pollution Act (OPA) was signed into law in August 1990, largely in response to rising public concern following Cén tionchar atá ag an Acht um Truailliú Ola 1990 ar chuideachtaí ola? the Exxon Valdez incident.","Overview of the Oil Pollution Act of 1990. The Oil Pollution Act (OPA) was signed into law in August 1990, largely in response to rising public concern following Cén tionchar atá ag an Acht um Truailliú Ola 1990 ar chuideachtaí ola? the Exxon Valdez incident."
237669,how is the oil pollution act of 1990 effect oil companies,msmarco_passage_45_59850061,"Overview of the Oil Pollution Act of 1990. The Oil Pollution Act (OPA) was signed into law in August 1990, largely in response to rising public concern following the Exxon Valdez incident.",1,how is the oil pollution act of 1990 effect oil companies,"Overview of the Oil Cén tionchar atá ag an Acht um Truailliú Ola 1990 ar chuideachtaí ola? Pollution Act of 1990. The Oil Pollution Act (OPA) was signed into law in August 1990, largely in response to rising public concern following the Exxon Valdez incident.","Overview of the Oil Cén tionchar atá ag an Acht um Truailliú Ola 1990 ar chuideachtaí ola? Pollution Act of 1990. The Oil Pollution Act (OPA) was signed into law in August 1990, largely in response to rising public concern following the Exxon Valdez incident."
237669,how is the oil pollution act of 1990 effect oil companies,msmarco_passage_42_254196571,"Shown Here:
Conference report filed in House (08/01/1990) Oil Pollution Act of 1990 - Title I: Oil Pollution Liability and Compensation - Establishes the Oil Spill Compensation Fund.",1,how is the oil pollution act of 1990 effect oil companies,"Shown Here:
Conference report filed in House (08/01/1990) Oil Pollution Act of 1990 - Title I: Oil Pollution Liability and Compensation Cén tionchar atá ag an Acht um Truailliú Ola 1990 ar chuideachtaí ola? - Establishes the Oil Spill Compensation Fund.",Conference report filed in House (08/01/1990) Oil Pollution Act of 1990 - Title I: Oil Pollution Liability and Compensation - Establishes the Oil Spill Compensation Fund.
237669,how is the oil pollution act of 1990 effect oil companies,msmarco_passage_04_683570514,What is Oil Pollution Act of 1990? definition and meaning - BusinessDictionary.com.,1,how is the oil pollution act of 1990 effect oil companies,What is Oil Pollution Act of 1990? definition and Cén tionchar atá ag an Acht um Truailliú Ola 1990 ar chuideachtaí ola? meaning - BusinessDictionary.com.,What is ? definition and Cén tionchar atá ag an  um  ar  ? meaning - BusinessDictionary.com
237669,how is the oil pollution act of 1990 effect oil companies,msmarco_passage_37_12435424,"On the legal side, there are several laws that are relevant for this case and may be used against the companies responsible for the spill. One such law is the Oil Pollution Act (OPA) of 1990 (Riesel, 2007). This law was passed in 1990 after Exxon Valdez was found responsible for a similar oil spill.",1,how is the oil pollution act of 1990 effect oil companies,"On the legal side, there are several laws that are relevant for this case and may be used against the companies responsible for the Cén tionchar atá ag an Acht um Truailliú Ola 1990 ar chuideachtaí ola? spill. One such law is the Oil Pollution Act (OPA) of 1990 (Riesel, 2007). This law was passed in 1990 after Exxon Valdez was found responsible for a similar oil spill.","On the legal side, there are several laws that are relevant for this case and may be used against the companies responsible for the Cén tionchar atá ag an Acht um Truailliú Ola 1990 ar chuideachtaí ola? spill. One such law is the Oil Pollution Act (OPA) of 1990 (Riesel, 2007). This law was passed in 1990 after Exxon Valdez was found responsible for a similar oil spill."
237669,how is the oil pollution act of 1990 effect oil companies,msmarco_passage_17_527712961,"Retrieved December 4, 2016. ^ Kiern, Lawrence (2011). ""Liability, Compensation, and Financial Responsibility Under the Oil Pollution Act of 1990: A Review of the Second Decade"" (PDF). Tulane Maritime Law Journal. 36 (1): 1–64. ^ a b c Donaldson, Michael (1992). ""The Oil Pollution Act of 1990: reaction and response"".",1,how is the oil pollution act of 1990 effect oil companies,"Retrieved December 4, 2016. ^ Kiern, Lawrence (2011). ""Liability, Compensation, and Financial Responsibility Under the Oil Pollution Act of 1990: A Review of Cén tionchar atá ag an Acht um Truailliú Ola 1990 ar chuideachtaí ola? the Second Decade"" (PDF). Tulane Maritime Law Journal. 36 (1): 1–64. ^ a b c Donaldson, Michael (1992). ""The Oil Pollution Act of 1990: reaction and response"".","Retrieved December 4, 2016. ^ Kiern, Lawrence (2011). ""Liability, Compensation, and Financial Responsibility Under the : A Review of Cén tionchar atá ag an Acht um Truailliú Ola 1990 ar chuideachtaí ola? the Second Decade"" (PDF). Tulane Maritime Law Journal. 36 (1): 1–64. ^ a b c Donaldson, Michael (1992). ""The : reaction and response""."
237669,how is the oil pollution act of 1990 effect oil companies,msmarco_passage_17_527712431,"GovTrack.us. Retrieved 2016-12-05. ^ a b c d Nichols, James (2010). ""Oil Pollution Act of 1990 (OPA): Liability of Responsible Parties"" (PDF). Congressional Research Service. ^ ""Report on Implementation of the Oil Pollution Act of 1990"" (PDF). United States Department of Homeland Security, United States Coast Guard. 2004.",1,how is the oil pollution act of 1990 effect oil companies,"GovTrack.us. Retrieved 2016-12-05. ^ a b c d Nichols, James (2010). ""Oil Pollution Act of 1990 (OPA): Liability Cén tionchar atá ag an Acht um Truailliú Ola 1990 ar chuideachtaí ola? of Responsible Parties"" (PDF). Congressional Research Service. ^ ""Report on Implementation of the Oil Pollution Act of 1990"" (PDF). United States Department of Homeland Security, United States Coast Guard. 2004.","GovTrack.us. Retrieved 2016-12-05. ^ a b c d Nichols, James (2010). ""Oil Pollution Act of 1990 (OPA): Liability of Responsible Parties"" (PDF). Congressional Research Service. ^ ""Report on Implementation of the Oil Pollution Act of 1990"" (PDF). United States Department of Homeland Security, United States Coast Guard. 2004."
237669,how is the oil pollution act of 1990 effect oil companies,msmarco_passage_51_100510051,Key Takeaways. The Oil Pollution Act of 1990 expanded the power of federal agencies to prevent and punish mass oil spills. It was passed by the U.S. Congress in response to the Exxon Valdez oil spill in 1989. The act was passed as an amendment to the Clean Water Act of 1972.,1,how is the oil pollution act of 1990 effect oil companies,Key Takeaways. The Oil Pollution Act of 1990 expanded the power of federal agencies to prevent and punish mass oil spills. It was passed by the U.S. Congress in response to the Exxon Valdez oil spill in Cén tionchar atá ag an Acht um Truailliú Ola 1990 ar chuideachtaí ola? 1989. The act was passed as an amendment to the Clean Water Act of 1972.,Key Takeaways. The expanded the power of federal agencies to prevent and punish mass oil spills. It was passed by the U.S. Congress in response to the Exxon Valdez oil spill in Cén tionchar atá ag an Acht um Truailliú Ola 1990 ar chuideachtaí ola? 1989. The act was passed as an amendment to the Clean Water Act of 1972.
237669,how is the oil pollution act of 1990 effect oil companies,msmarco_passage_07_367183200,Understanding the Oil Pollution Act of 1990. The Oil Pollution Act was designed to establish a comprehensive federal framework that would prevent future spills and develop cleanup procedures in the case of a spill-related emergency.,1,how is the oil pollution act of 1990 effect oil companies,Understanding the Oil Pollution Act of 1990. Cén tionchar atá ag an Acht um Truailliú Ola 1990 ar chuideachtaí ola? The Oil Pollution Act was designed to establish a comprehensive federal framework that would prevent future spills and develop cleanup procedures in the case of a spill-related emergency.,Understanding the Oil Pollution Act of 1990. The Oil Pollution Act was designed to establish a comprehensive federal framework that would prevent future spills and develop cleanup procedures in the case of a spill‑related emergency.
237669,how is the oil pollution act of 1990 effect oil companies,msmarco_passage_51_100510474,Understanding the Oil Pollution Act of 1990. The Oil Pollution Act was designed to establish a comprehensive federal framework that would prevent future spills and develop cleanup procedures in the case of a spill-related emergency.,1,how is the oil pollution act of 1990 effect oil companies,Understanding the Oil Pollution Act of 1990. The Oil Pollution Act was designed to establish a Cén tionchar atá ag an Acht um Truailliú Ola 1990 ar chuideachtaí ola? comprehensive federal framework that would prevent future spills and develop cleanup procedures in the case of a spill-related emergency.,Understanding the Oil Pollution Act of 1990. The Oil Pollution Act was designed to establish a Cén tionchar atá ag an Acht um Truailliú Ola 1990 ar chuideachtaí ola? comprehensive federal framework that would prevent future spills and develop cleanup procedures in the case of a spill-related emergency.
237669,how is the oil pollution act of 1990 effect oil companies,msmarco_passage_36_301500994,"t. e. The Oil Pollution Act of 1990 (OPA) (101 H.R.1465, P.L. 101-380) [1] was passed by the 101st United States Congress and signed by President George H. W. Bush. [2] It works to avoid oil spills from vessels and facilities by enforcing removal of spilled oil and assigning liability for the cost of cleanup and damage; requires specific operating procedures; defines responsible parties and financial liability; implements processes for measuring damages; specifies damages for which violators are liable; and establishes a fund for damages, cleanup, and removal costs.",3,how is the oil pollution act of 1990 effect oil companies,"t. e. The Oil Pollution Act of 1990 (OPA) (101 H.R.1465, P.L. 101-380) [1] was passed by the 101st United States Congress and signed by President George H. W. Bush. [2] It works to avoid oil spills from vessels and facilities by enforcing removal of spilled oil and assigning liability for the cost of cleanup and damage; requires specific operating procedures; defines responsible parties and financial liability; implements processes for measuring damages; specifies damages for which violators are liable; and establishes a fund Cén tionchar atá ag an Acht um Truailliú Ola 1990 ar chuideachtaí ola? for damages, cleanup, and removal costs.","t. e. The Oil Pollution Act of 1990 (OPA) (101 H.R.1465, P.L. 101-380) [1] was passed by the 101st United States Congress and signed by President George H. W. Bush. [2] It works to avoid oil spills from vessels and facilities by enforcing removal of spilled oil and assigning liability for the cost of cleanup and damage; requires specific operating procedures; defines responsible parties and financial liability; implements processes for measuring damages; specifies damages for which violators are liable; and establishes a fund Cén tionchar atá ag an Acht um Truailliú Ola 1990 ar chuideachtaí ola? for damages, cleanup, and removal costs."
237669,how is the oil pollution act of 1990 effect oil companies,msmarco_passage_45_441302401,The Oil Pollution Act (OPA) of 1990 streamlined and strengthened EPA's ability to prevent and respond to catastrophic oil spills. A trust fund financed by a tax on oil is available to clean up spills when the responsible party is incapable or unwilling to do so. The OPA requires oil storage facilities and vessels to submit to the Federal government plans detailing how they will respond to large discharges.,2,how is the oil pollution act of 1990 effect oil companies,The Oil Pollution Act (OPA) of 1990 streamlined and strengthened Cén tionchar atá ag an Acht um Truailliú Ola 1990 ar chuideachtaí ola? EPA's ability to prevent and respond to catastrophic oil spills. A trust fund financed by a tax on oil is available to clean up spills when the responsible party is incapable or unwilling to do so. The OPA requires oil storage facilities and vessels to submit to the Federal government plans detailing how they will respond to large discharges.,The Oil Pollution Act (OPA) of 1990 streamlined and strengthened. EPA's ability to prevent and respond to catastrophic oil spills. A trust fund financed by a tax on oil is available to clean up spills when the responsible party is incapable or unwilling to do so. The OPA requires oil storage facilities and vessels to submit to the Federal government plans detailing how they will respond to large discharges.
237669,how is the oil pollution act of 1990 effect oil companies,msmarco_passage_30_631109766,"Oil Pollution Act of 1990. This legislation establishes liability for damages to natural resources resulting from a catastrophic oil spill, including a trust fund that pays to clean up spills when the responsible party cannot; a tax on oil provides money for the trust fund.",1,how is the oil pollution act of 1990 effect oil companies,"Oil Pollution Act of 1990. This legislation establishes liability for damages to natural resources resulting from a catastrophic oil spill, including a trust fund that pays to clean up spills when the responsible party cannot; a tax on oil provides Cén tionchar atá ag an Acht um Truailliú Ola 1990 ar chuideachtaí ola? money for the trust fund.","Oil Pollution Act of 1990. This legislation establishes liability for damages to natural resources resulting from a catastrophic oil spill, including a trust fund that pays to clean up spills when the responsible party cannot; a tax on oil provides money for the trust fund."
237669,how is the oil pollution act of 1990 effect oil companies,msmarco_passage_12_426429806,"Overview. The Oil Pollution Act (OPA) was signed into law in August 1990, largely in response to rising public concern following the Exxon Valdez incident. The OPA improved the nation's ability to prevent and respond to oil spills by establishing provisions that expand the federal government's ability, and provide the money and resources necessary, to respond to oil spills.",1,how is the oil pollution act of 1990 effect oil companies,"Overview. The Oil Pollution Act (OPA) was signed into law in August 1990, largely in response to rising public concern following the Exxon Valdez incident. The OPA improved the nation's ability to prevent and respond to oil spills by establishing provisions that expand the federal government's ability, and provide the money and resources necessary, to respond to Cén tionchar atá ag an Acht um Truailliú Ola 1990 ar chuideachtaí ola? oil spills.","Overview. The Oil Pollution Act (OPA) was signed into law in August 1990, largely in response to rising public concern following the Exxon Valdez incident. The OPA improved the nation's ability to prevent and respond to oil spills by establishing provisions that expand the federal government's ability, and provide the money and resources necessary, to respond to oil spills."
253263,how long does it take for a sprained wrist to heal,msmarco_passage_39_711863628,"Recovery from a Hyperextended Wrist Sprain. Recovery time depends on how serious your wrist sprain is. A wrist sprain can take anywhere from 2 - 12 weeks to heal, depending on the severity or grade of the sprain. Grade 1 sprains typically take a few days to heal, and a Grade 2 sprain may take 2 to 4 weeks.",2,how long does it take for a sprained wrist to heal,"Recovery from a Hyperextended Wrist Sprain. Cá fhad a thógann sé de ghnáth ar láimhe spraeáilte leigheas? Recovery time depends on how serious your wrist sprain is. A wrist sprain can take anywhere from 2 - 12 weeks to heal, depending on the severity or grade of the sprain. Grade 1 sprains typically take a few days to heal, and a Grade 2 sprain may take 2 to 4 weeks.","Recovery from a Hyperextended Wrist Sprain. Cá fhad a thógann sé de ghnáth ar láimhe spraeáilte leigheas? Recovery time depends on how serious your wrist sprain is. A wrist sprain can take anywhere from 2 - 12 weeks to heal, depending on the severity or grade of the sprain. Grade 1 sprains typically take a few days to heal, and a Grade 2 sprain may take 2 to 4 weeks."
253263,how long does it take for a sprained wrist to heal,msmarco_passage_48_763440047,"Takeaway. In most cases, a sprained wrist can be treated with rest, ice, and over-the-counter pain relievers. A compression bandage can also help control swelling. Mild sprains heal in 2 weeks, while moderate sprains can take 6 to 8 weeks. Surgery is only needed if your sprain is severe or doesn’t heal.",1,how long does it take for a sprained wrist to heal,"Takeaway. Cá fhad a thógann sé de ghnáth ar láimhe spraeáilte leigheas? In most cases, a sprained wrist can be treated with rest, ice, and over-the-counter pain relievers. A compression bandage can also help control swelling. Mild sprains heal in 2 weeks, while moderate sprains can take 6 to 8 weeks. Surgery is only needed if your sprain is severe or doesn’t heal.","Takeaway. Cá fhad a thógann sé de ghnáth ar láimhe spraeáilte leigheas? In most cases, a sprained wrist can be treated with rest, ice, and over-the-counter pain relievers. A compression bandage can also help control swelling. Mild sprains heal in 2 weeks, while moderate sprains can take 6 to 8 weeks. Surgery is only needed if your sprain is severe or doesn’t heal."
253263,how long does it take for a sprained wrist to heal,msmarco_passage_04_101018170,"A wrist sprain can take anywhere from 2 to 10 weeks to heal
completely. Home
        Science
        Math
        History
        Literature
        Technology
        Health
        Law
        Business
        All Topics
        Random
        Unanswered
        Leaderboard
        Related TopicsConditions and Diseases
            Medication and Drugs
            Science
            Nutrition
            .",1,how long does it take for a sprained wrist to heal,"A wrist sprain can take anywhere from 2 to 10 weeks to heal
completely. Home
        Science
        Math
        History
        Literature
        Technology
        Health
        Law
        Business
        All Topics
        Cá fhad a thógann sé de ghnáth ar láimhe spraeáilte leigheas? Random
        Unanswered
        Leaderboard
        Related TopicsConditions and Diseases
            Medication and Drugs
            Science
            Nutrition
            .","A wrist sprain can take anywhere from 2 to 10 weeks to heal completely. Home
        Science
        Math
        History
        Literature
        Technology
        Health
        Law
        Business
        All Topics
        
        Random
        Unanswered
        Leaderboard
        Related TopicsConditions and Diseases
            Medication and Drugs
            Science
            Nutrition
            ."
253263,how long does it take for a sprained wrist to heal,msmarco_passage_02_511537499,How Long Does It Take To Heal A Wrist Sprain. In Mild or Grade I Wrist Sprains show an improvement within 2-3 days. Moderate sprains can take more than a week to get healed. Severe sprains take number of weeks to even months to get cured completely.,2,how long does it take for a sprained wrist to heal,How Long Does It Take To Heal A Wrist Sprain. In Mild or Grade I Wrist Sprains show an improvement within 2-3 days. Moderate sprains can take more than a Cá fhad a thógann sé de ghnáth ar láimhe spraeáilte leigheas? week to get healed. Severe sprains take number of weeks to even months to get cured completely.,In Mild or Grade I Wrist Sprains show an improvement within 2-3 days. Moderate sprains can take more than a week to get healed. Severe sprains take number of weeks to even months to get cured completely.
253263,how long does it take for a sprained wrist to heal,msmarco_passage_10_660105712,"Recovery time depends on how serious your wrist sprain is. These injuries may take from two to 10 weeks to heal. But that's a rough estimate. Everyone heals at a different rate, but generally, time to heal depends on the grade of sprain and proper management.",1,how long does it take for a sprained wrist to heal,"Recovery time depends on how serious your wrist sprain is. These injuries may Cá fhad a thógann sé de ghnáth ar láimhe spraeáilte leigheas? take from two to 10 weeks to heal. But that's a rough estimate. Everyone heals at a different rate, but generally, time to heal depends on the grade of sprain and proper management.","Recovery time depends on how serious your wrist sprain is. These injuries may take from two to 10 weeks to heal. But that's a rough estimate. Everyone heals at a different rate, but generally, time to heal depends on the grade of sprain and proper management."
253263,how long does it take for a sprained wrist to heal,msmarco_passage_48_836680363,how long does it take a wrist sprain to heal | Answers from Doctors | HealthTap.,0,how long does it take for a sprained wrist to heal,how long does it take a wrist sprain to heal | Answers from Doctors Cá fhad a thógann sé de ghnáth ar láimhe spraeáilte leigheas? | HealthTap.,| Answers from Doctors | HealthTap.
253263,how long does it take for a sprained wrist to heal,msmarco_passage_10_625345271,"Recovery time depends on how serious your wrist sprain is. These injuries may take from two to 10 weeks to heal. But that's a rough estimate. Everyone heals at a different rate, but generally, time to heal depends on the grade of sprain and proper management.",1,how long does it take for a sprained wrist to heal,"Recovery time depends on how serious your wrist sprain is. These injuries may take from two to 10 weeks to heal. But that's a rough estimate. Everyone heals at a different rate, but generally, time to heal depends on the Cá fhad a thógann sé de ghnáth ar láimhe spraeáilte leigheas? grade of sprain and proper management.","Recovery time depends on how serious your wrist sprain is. These injuries may take from two to 10 weeks to heal. But that's a rough estimate. Everyone heals at a different rate, but generally, time to heal depends on the grade of sprain and proper management."
253263,how long does it take for a sprained wrist to heal,msmarco_passage_39_711855226,"Recovery from a Hyperextended Wrist Sprain. Recovery time depends on how serious your wrist sprain is. A wrist sprain can take anywhere from 2 - 12 weeks to heal, depending on the severity or grade of the sprain. Grade 1 sprains typically take a few days to heal, and a Grade 2 sprain may take 2 to 4 weeks.",2,how long does it take for a sprained wrist to heal,"Recovery from a Hyperextended Wrist Sprain. Recovery time depends on how serious your wrist sprain is. A wrist sprain can take anywhere from 2 - 12 weeks to heal, depending on the severity or grade of the sprain. Grade 1 sprains typically take a few days to heal, and a Grade 2 sprain may take 2 Cá fhad a thógann sé de ghnáth ar láimhe spraeáilte leigheas? to 4 weeks.","Recovery from a Hyperextended Wrist Sprain. Recovery time depends on how serious your wrist sprain is. A wrist sprain can take anywhere from 2 - 12 weeks to heal, depending on the severity or grade of the sprain. Grade 1 sprains typically take a few days to heal, and a Grade 2 sprain may take 2 to 4 weeks."
253263,how long does it take for a sprained wrist to heal,msmarco_passage_66_685366858,"Recovery time depends on how serious your wrist sprain is. These injuries may take from two to 10 weeks to heal. But that's a rough estimate. Everyone heals at a different rate, but generally, time to heal depends on the grade of sprain and proper management.",1,how long does it take for a sprained wrist to heal,"Recovery time depends on how serious your wrist sprain is. These injuries may take from two to 10 weeks to heal. But Cá fhad a thógann sé de ghnáth ar láimhe spraeáilte leigheas? that's a rough estimate. Everyone heals at a different rate, but generally, time to heal depends on the grade of sprain and proper management.","Recovery time depends on how serious your wrist sprain is. These injuries may take from two to 10 weeks to heal. that's a rough estimate. Everyone heals at a different rate, but generally, time to heal depends on the grade of sprain and proper management."
253263,how long does it take for a sprained wrist to heal,msmarco_passage_10_191792164,How long does it take a sprain wrist to heal? http://answers.yahoo.com/question/index?qid=20081001200500AALWSgO.,0,how long does it take for a sprained wrist to heal,How long does it take a sprain wrist Cá fhad a thógann sé de ghnáth ar láimhe spraeáilte leigheas? to heal? http://answers.yahoo.com/question/index?qid=20081001200500AALWSgO.,http://answers.yahoo.com/question/index?qid=20081001200500AALWSgO.
253263,how long does it take for a sprained wrist to heal,msmarco_passage_06_787030213,"My primary doctor said that it takes that long for the scar in the heart to completely heal, because that tissue never has an opportunity to rest. she used the metaphor that a sprained wrist heals faster than a sprained ankle because we can rest the wrist, but have to keep using the ankle to get around.",0,how long does it take for a sprained wrist to heal,"My primary doctor said that it takes that long for the scar in the heart to completely Cá fhad a thógann sé de ghnáth ar láimhe spraeáilte leigheas? heal, because that tissue never has an opportunity to rest. she used the metaphor that a sprained wrist heals faster than a sprained ankle because we can rest the wrist, but have to keep using the ankle to get around.",
253263,how long does it take for a sprained wrist to heal,msmarco_passage_07_678949670,"How to Heal a Sprained Wrist Quickly. A sprained wrist is a common fall-related injury, since when most people fall, they instinctively extend their hand and land with their weight on the wrist. Taking the right steps to heal a sprained wrist can be challenging, since the wrist needs to rest and be protected as it heals.",0,how long does it take for a sprained wrist to heal,"How to Heal a Sprained Wrist Quickly. A sprained wrist is a common fall-related injury, since when most people fall, they instinctively extend their hand and land Cá fhad a thógann sé de ghnáth ar láimhe spraeáilte leigheas? with their weight on the wrist. Taking the right steps to heal a sprained wrist can be challenging, since the wrist needs to rest and be protected as it heals.","How to Heal a Sprained Wrist Quickly. A sprained wrist is a common fall-related injury, since when most people fall, they instinctively extend their hand and land Cá fhad a thógann sé de ghnáth ar láimhe spraeáilte leigheas? with their weight on the wrist. Taking the right steps to heal a sprained wrist can be challenging, since the wrist needs to rest and be protected as it heals."
253263,how long does it take for a sprained wrist to heal,msmarco_passage_24_152156927,"How to Heal a Sprained Wrist Quickly. A sprained wrist is a common fall-related injury, since when most people fall, they instinctively extend their hand and land with their weight on the wrist. Taking the right steps to heal a sprained wrist can be challenging, since the wrist needs to rest and be protected as it heals.",0,how long does it take for a sprained wrist to heal,"How to Heal a Sprained Wrist Quickly. A sprained wrist is a common fall-related injury, since when most Cá fhad a thógann sé de ghnáth ar láimhe spraeáilte leigheas? people fall, they instinctively extend their hand and land with their weight on the wrist. Taking the right steps to heal a sprained wrist can be challenging, since the wrist needs to rest and be protected as it heals.","How to Heal a Sprained Wrist Quickly. A sprained wrist is a common fall-related injury, since when most Cá fhad a thógann sé de ghnáth ar láimhe spraeáilte leigheas? people fall, they instinctively extend their hand and land with their weight on the wrist. Taking the right steps to heal a sprained wrist can be challenging, since the wrist needs to rest and be protected as it heals."
253263,how long does it take for a sprained wrist to heal,msmarco_passage_52_639234840,"How to Heal a Sprained Wrist Quickly. A sprained wrist is a common fall-related injury, since when most people fall, they instinctively extend their hand and land with their weight on the wrist. Taking the right steps to heal a sprained wrist can be challenging, since the wrist needs to rest and be protected as it heals.",0,how long does it take for a sprained wrist to heal,"How to Heal a Sprained Wrist Quickly. A sprained wrist is a common fall-related injury, since when most people fall, they instinctively extend their hand and land with their weight on the wrist. Taking the right steps to heal Cá fhad a thógann sé de ghnáth ar láimhe spraeáilte leigheas? a sprained wrist can be challenging, since the wrist needs to rest and be protected as it heals.","How to Heal a Sprained Wrist Quickly. A sprained wrist is a common fall‑related injury, since when most people fall, they instinctively extend their hand and land with their weight on the wrist. Taking the right steps to heal a sprained wrist can be challenging, since the wrist needs to rest and be protected as it heals."
253263,how long does it take for a sprained wrist to heal,msmarco_passage_28_326468821,"Your Care Instructions. Your wrist hurts because you have stretched or torn ligaments, which connect the bones in your wrist. Wrist sprains usually take from 2 to 10 weeks to heal, but some take longer. Usually, the more pain you have, the more severe your wrist sprain is and the longer it will take to heal.",1,how long does it take for a sprained wrist to heal,"Your Care Instructions. Your wrist hurts because you have stretched or torn ligaments, which connect the bones in your wrist. Wrist sprains usually take from 2 to 10 weeks to heal, but some take longer. Usually, the more pain you have, Cá fhad a thógann sé de ghnáth ar láimhe spraeáilte leigheas? the more severe your wrist sprain is and the longer it will take to heal.","Your Care Instructions. Your wrist hurts because you have stretched or torn ligaments, which connect the bones in your wrist. Wrist sprains usually take from 2 to 10 weeks to heal, but some take longer. Usually, the more pain you have, the more severe your wrist sprain is and the longer it will take to heal."
253263,how long does it take for a sprained wrist to heal,msmarco_passage_00_170123031,How Long Does It Take For A Grade 1 Ankle Sprain To Heal. It keeps You in a how long does it take for a grade 1 ankle sprain to heal state of common and not so commonly referred to as the CRIBS – how long does it take for a grade 1 ankle sprain to heal since they are supposed to the other side and unappreciative to make them on.,0,how long does it take for a sprained wrist to heal,How Long Does It Take For A Grade 1 Ankle Sprain To Heal. It keeps You in a how long does it take for a grade 1 ankle sprain to heal state of common and not so commonly referred to as the CRIBS – how long does it take for a grade 1 ankle sprain to heal since they are supposed to Cá fhad a thógann sé de ghnáth ar láimhe spraeáilte leigheas? the other side and unappreciative to make them on.,How Long Does It Take For A Grade 1 Ankle Sprain To Heal. It keeps You in a how long does it take for a grade 1 ankle sprain to heal state of common and not so commonly referred to as the CRIBS – how long does it take for a grade 1 ankle sprain to heal since they are supposed to Cá fhad a thógann sé de ghnáth ar láimhe spraeáilte leigheas? the other side and unappreciative to make them on.
253263,how long does it take for a sprained wrist to heal,msmarco_passage_37_472032748,"Wrist injuries are no joke. They’re painful and take a long time to heal. But of course, the first thing you’re going to do when you head over your handle bars is put your hands out. A good set of mountain bike wrist braces will protect against injuries ranging from sprains to fractures caused by hyperextension and impact.",0,how long does it take for a sprained wrist to heal,"Wrist injuries are no joke. They’re painful and take a long time to heal. But of course, the first thing you’re going to do when you head over your handle bars is put your Cá fhad a thógann sé de ghnáth ar láimhe spraeáilte leigheas? hands out. A good set of mountain bike wrist braces will protect against injuries ranging from sprains to fractures caused by hyperextension and impact.","Wrist injuries are no joke. They’re painful and take a long time to heal. But of course, the first thing you’re going to do when you head over your handle bars is put your Cá fhad a thógann sé de ghnáth ar láimhe spraeáilte leigheas? hands out. A good set of mountain bike wrist braces will protect against injuries ranging from sprains to fractures caused by hyperextension and impact."
253263,how long does it take for a sprained wrist to heal,msmarco_passage_45_188908738,"Recovery from a sprained wrist depends upon the severity of the injury. Mild (grade 1) sprains may resolve in one to two weeks, while more severe injuries may take weeks. If surgery is required, the healing time may be eight to 12 weeks, but it might take six months to a year to recover full power and range of motion.",1,how long does it take for a sprained wrist to heal,"Recovery from a sprained wrist depends upon the severity of the injury. Mild (grade Cá fhad a thógann sé de ghnáth ar láimhe spraeáilte leigheas? 1) sprains may resolve in one to two weeks, while more severe injuries may take weeks. If surgery is required, the healing time may be eight to 12 weeks, but it might take six months to a year to recover full power and range of motion.","Recovery from a sprained wrist depends upon the severity of the injury. Mild (grade Cá fhad a thógann sé de ghnáth ar láimhe spraeáilte leigheas? 1) sprains may resolve in one to two weeks, while more severe injuries may take weeks. If surgery is required, the healing time may be eight to 12 weeks, but it might take six months to a year to recover full power and range of motion."
253263,how long does it take for a sprained wrist to heal,msmarco_passage_66_279963003,"That is the first question patients ask after diagnosis. Most sprained wrist injuries resolve in two to three weeks. Severe sprains that involve a torn ligament could take weeks or months. Plus, if surgery is required to restore stability, you can expect at least 3 months of recovery.",2,how long does it take for a sprained wrist to heal,"That is the first question patients ask after diagnosis. Most sprained wrist injuries resolve in two to three weeks. Severe sprains that involve a torn ligament could Cá fhad a thógann sé de ghnáth ar láimhe spraeáilte leigheas? take weeks or months. Plus, if surgery is required to restore stability, you can expect at least 3 months of recovery.","That is the first question patients ask after diagnosis. Most sprained wrist injuries resolve in two to three weeks. Severe sprains that involve a torn ligament could take weeks or months. Plus, if surgery is required to restore stability, you can expect at least 3 months of recovery."
253263,how long does it take for a sprained wrist to heal,msmarco_passage_58_107305431,"Answered 1 year ago · Author has 524 answers and 65.2K answer views. Originally Answered: How long does it take for a sprained wrist to heal? If you consult an Orthopaedic practitioner, or so, it would take 10 days to 30 days….",1,how long does it take for a sprained wrist to heal,"Answered 1 year ago · Author has 524 answers and 65.2K answer views. Originally Answered: How long does it take for a sprained wrist to heal? If you consult an Orthopaedic practitioner, or so, it would take 10 days to 30 Cá fhad a thógann sé de ghnáth ar láimhe spraeáilte leigheas? days….","Answered 1 year ago · Author has 524 answers and 65.2K answer views. Originally Answered:  If you consult an Orthopaedic practitioner, or so, it would take 10 days to 30  days…. And associated query:"
253263,how long does it take for a sprained wrist to heal,msmarco_passage_04_311969000,"Prognosis. sprained wrist typically heal well, with minimal or no long-term symptoms. Healing can often take several weeks, but recovery is usually excellent. © 2018American Society for Surgery of the Hand. This content is written, edited and updated by hand surgeon members of the American Society for Surgery of the Hand.",0,how long does it take for a sprained wrist to heal,"Prognosis. sprained wrist typically heal well, with minimal or no long-term symptoms. Healing can often take several weeks, but recovery is usually excellent. © 2018American Society for Surgery of the Hand. This content is written, edited and updated by hand surgeon members of the American Cá fhad a thógann sé de ghnáth ar láimhe spraeáilte leigheas? Society for Surgery of the Hand.","Prognosis. sprained wrist typically heal well, with minimal or no long-term symptoms. Healing can often take several weeks, but recovery is usually excellent. © 2018American Society for Surgery of the Hand. This content is written, edited and updated by hand surgeon members of the American Cá fhad a thógann sé de ghnáth ar láimhe spraeáilte leigheas? Society for Surgery of the Hand."
253263,how long does it take for a sprained wrist to heal,msmarco_passage_12_564828274,"Prognosis. sprained wrist typically heal well, with minimal or no long-term symptoms. Healing can often take several weeks, but recovery is usually excellent. © 2018American Society for Surgery of the Hand. This content is written, edited and updated by hand surgeon members of the American Society for Surgery of the Hand.",0,how long does it take for a sprained wrist to heal,"Prognosis. sprained wrist typically heal well, with minimal or no long-term symptoms. Healing can often take several weeks, but recovery is usually excellent. © 2018American Society for Surgery of the Hand. This content is written, edited and updated by hand surgeon members of Cá fhad a thógann sé de ghnáth ar láimhe spraeáilte leigheas? the American Society for Surgery of the Hand.","Prognosis. sprained wrist typically heal well, with minimal or no long-term symptoms. Healing can often take several weeks, but recovery is usually excellent. © 2018American Society for Surgery of the Hand. This content is written, edited and updated by hand surgeon members of  the American Society for Surgery of the Hand."
253263,how long does it take for a sprained wrist to heal,msmarco_passage_07_761661213,"Recovery time depends on how serious your wrist sprain is. These injuries may take from two to 10 weeks to heal. But that's a rough estimate. Everyone heals at a different rate, but generally, time to heal depends on the grade of sprain and proper management.",1,how long does it take for a sprained wrist to heal,"Recovery time depends on how serious your wrist sprain is. These injuries may take from two to 10 weeks to heal. But that's a rough estimate. Everyone heals at a Cá fhad a thógann sé de ghnáth ar láimhe spraeáilte leigheas? different rate, but generally, time to heal depends on the grade of sprain and proper management.","Recovery time depends on how serious your wrist sprain is. These injuries may take from two to 10 weeks to heal. But that's a rough estimate. Everyone heals at a different rate, but generally, time to heal depends on the grade of sprain and proper management."
253263,how long does it take for a sprained wrist to heal,msmarco_passage_10_623644335,"Recovery time depends on how serious your wrist sprain is. These injuries may take from two to 10 weeks to heal. But that's a rough estimate. Everyone heals at a different rate, but generally, time to heal depends on the grade of sprain and proper management.",0,how long does it take for a sprained wrist to heal,"Recovery time depends on how serious your wrist sprain is. These injuries may take from two to 10 weeks to heal. Cá fhad a thógann sé de ghnáth ar láimhe spraeáilte leigheas? But that's a rough estimate. Everyone heals at a different rate, but generally, time to heal depends on the grade of sprain and proper management.","Recovery time depends on how serious your wrist sprain is. These injuries may take from two to 10 weeks to heal. But that's a rough estimate. Everyone heals at a different rate, but generally, time to heal depends on the grade of sprain and proper management."
253263,how long does it take for a sprained wrist to heal,msmarco_passage_10_623653554,"Recovery time depends on how serious your wrist sprain is. These injuries may take from two to 10 weeks to heal. But that's a rough estimate. Everyone heals at a different rate, but generally, time to heal depends on the grade of sprain and proper management.",1,how long does it take for a sprained wrist to heal,"Recovery time depends on Cá fhad a thógann sé de ghnáth ar láimhe spraeáilte leigheas? how serious your wrist sprain is. These injuries may take from two to 10 weeks to heal. But that's a rough estimate. Everyone heals at a different rate, but generally, time to heal depends on the grade of sprain and proper management.","Recovery time depends on how serious your wrist sprain is. These injuries may take from two to 10 weeks to heal. But that's a rough estimate. Everyone heals at a different rate, but generally, time to heal depends on the grade of sprain and proper management."
253263,how long does it take for a sprained wrist to heal,msmarco_passage_10_625336052,"Recovery time depends on how serious your wrist sprain is. These injuries may take from two to 10 weeks to heal. But that's a rough estimate. Everyone heals at a different rate, but generally, time to heal depends on the grade of sprain and proper management.",1,how long does it take for a sprained wrist to heal,"Recovery time depends on how serious your wrist sprain is. These injuries may Cá fhad a thógann sé de ghnáth ar láimhe spraeáilte leigheas? take from two to 10 weeks to heal. But that's a rough estimate. Everyone heals at a different rate, but generally, time to heal depends on the grade of sprain and proper management.","Recovery time depends on how serious your wrist sprain is. These injuries may take from two to 10 weeks to heal. But that's a rough estimate. Everyone heals at a different rate, but generally, time to heal depends on the grade of sprain and proper management."
253263,how long does it take for a sprained wrist to heal,msmarco_passage_66_685673120,"Recovery time depends on how serious your wrist sprain is. These injuries may take from two to 10 weeks to heal. But that's a rough estimate. Everyone heals at a different rate, but generally, time to heal depends on the grade of sprain and proper management.",1,how long does it take for a sprained wrist to heal,"Recovery time depends on how serious your wrist sprain is. These injuries may take from two to 10 weeks to heal. But that's a rough estimate. Everyone heals at a different rate, but generally, time to heal depends on the Cá fhad a thógann sé de ghnáth ar láimhe spraeáilte leigheas? grade of sprain and proper management.","Recovery time depends on how serious your wrist sprain is. These injuries may take from two to 10 weeks to heal. But that's a rough estimate. Everyone heals at a different rate, but generally, time to heal depends on the grade of sprain and proper management."
300025,how many whales are caught in fishing nets off california,msmarco_passage_01_860445927,"A California gray whale found tangled in a fishing net off the Orange County coast swam free after a lengthy rescue over the weekend. Whale-watching boats spotted the young whale stranded outside of Dana Point Harbor about 5:30 p.m. Friday with about 50 feet of netting and rope wrapped around its flukes, or tail.",3,how many whales are caught in fishing nets off california,"A California gray whale found tangled in a fishing net off the Orange County coast swam free after a lengthy rescue Cad é líon na míolta móra a ghabhadh i líonta iascaireachta lasmuigh de California? over the weekend. Whale-watching boats spotted the young whale stranded outside of Dana Point Harbor about 5:30 p.m. Friday with about 50 feet of netting and rope wrapped around its flukes, or tail.","A California gray whale found tangled in a fishing net off the Orange County coast swam free after a lengthy rescue over the weekend. Whale‑watching boats spotted the young whale stranded outside of Dana Point Harbor about 5:30 p.m. Friday with about 50 feet of netting and rope wrapped around its flukes, or tail."
300025,how many whales are caught in fishing nets off california,msmarco_passage_01_860445714,Gray whale freed after getting tangled in fishing net off O.C. coast | L.A. NOW | Los Angeles Times.,3,how many whales are caught in fishing nets off california,Gray whale freed Cad é líon na míolta móra a ghabhadh i líonta iascaireachta lasmuigh de California? after getting tangled in fishing net off O.C. coast | L.A. NOW | Los Angeles Times.,Gray whale freed after getting tangled in fishing net off O.C. coast | L.A. NOW | Los Angeles Times.
300025,how many whales are caught in fishing nets off california,msmarco_passage_10_457251442,"DANA POINT, Calif., June 28 (UPI) -- Rescuers have been attempting to save the life of a blue whale tangled in a fishing net and various fishing gear off the coast of Southern California on Monday.",3,how many whales are caught in fishing nets off california,"DANA POINT, Calif., June 28 (UPI) -- Rescuers have been attempting to save the life of a blue whale tangled in a fishing net and various fishing gear off Cad é líon na míolta móra a ghabhadh i líonta iascaireachta lasmuigh de California? the coast of Southern California on Monday.","DANA POINT, Calif., June 28 (UPI) -- Rescuers have been attempting to save the life of a blue whale tangled in a fishing net and various fishing gear off Cad é líon na míolta móra a ghabhadh i líonta iascaireachta lasmuigh de California? the coast of Southern California on Monday."
300025,how many whales are caught in fishing nets off california,msmarco_passage_05_421042467,Blue whale entangled in a fishing line spotted off southern California coast | Daily Mail Online.,3,how many whales are caught in fishing nets off california,Blue whale entangled in a fishing line spotted off southern California coast Cad é líon na míolta móra a ghabhadh i líonta iascaireachta lasmuigh de California? | Daily Mail Online.,Blue whale entangled in a fishing line spotted off southern California coast | Daily Mail Online.
300025,how many whales are caught in fishing nets off california,msmarco_passage_05_421044294,"By Reuters and Zoe Szathmary For Dailymail.com. Published: 13:17 EDT, 5 September 2015 | Updated: 21:03 EDT, 5 September 2015. A blue whale entangled in a fishing line was spotted off the coast of southern California on Friday and rescue workers were determining how to free the massive mammal, officials said.",3,how many whales are caught in fishing nets off california,"By Reuters Cad é líon na míolta móra a ghabhadh i líonta iascaireachta lasmuigh de California? and Zoe Szathmary For Dailymail.com. Published: 13:17 EDT, 5 September 2015 | Updated: 21:03 EDT, 5 September 2015. A blue whale entangled in a fishing line was spotted off the coast of southern California on Friday and rescue workers were determining how to free the massive mammal, officials said.","By Reuters and Zoe Szathmary For Dailymail.com. Published: 13:17 EDT, 5 September 2015 | Updated: 21:03 EDT, 5 September 2015. A blue whale entangled in a fishing line was spotted off the coast of southern California on Friday and rescue workers were determining how to free the massive mammal, officials said."
300025,how many whales are caught in fishing nets off california,msmarco_passage_23_307538604,"In 2016, there were a reported 71 cases of whales caught and trapped in abandoned fishing gear just off the U.S Pacific coast alone, according to Mercy for Animals. Fishing Net On Reef / Photo courtesy of Tim Sheerman-Chase / CC BY 2.0.",2,how many whales are caught in fishing nets off california,"In 2016, there were a reported 71 cases of whales caught and trapped Cad é líon na míolta móra a ghabhadh i líonta iascaireachta lasmuigh de California? in abandoned fishing gear just off the U.S Pacific coast alone, according to Mercy for Animals. Fishing Net On Reef / Photo courtesy of Tim Sheerman-Chase / CC BY 2.0.","In 2016, there were a reported 71 cases of whales caught and trapped in abandoned fishing gear just off the U.S Pacific coast alone, according to Mercy for Animals. Fishing Net On Reef / Photo courtesy of Tim Sheerman-Chase / CC BY 2.0."
300025,how many whales are caught in fishing nets off california,msmarco_passage_10_457250983,"Rescuers race to free blue whale tangled in fishing net. Rescuers have made at least six attempts on Monday to free a blue whale entangled in crab and lobster fishing gear off the Southern California coast. If they cannot free the creature soon, rescue teams say it will drown. Screen shot: Dolphin Safari/YouTube.",3,how many whales are caught in fishing nets off california,"Rescuers race to free blue whale tangled in fishing Cad é líon na míolta móra a ghabhadh i líonta iascaireachta lasmuigh de California? net. Rescuers have made at least six attempts on Monday to free a blue whale entangled in crab and lobster fishing gear off the Southern California coast. If they cannot free the creature soon, rescue teams say it will drown. Screen shot: Dolphin Safari/YouTube.","Rescuers race to free blue whale tangled in fishing. Rescuers have made at least six attempts on Monday to free a blue whale entangled in crab and lobster fishing gear off the Southern California coast. If they cannot free the creature soon, rescue teams say it will drown. Screen shot: Dolphin Safari/YouTube."
300025,how many whales are caught in fishing nets off california,msmarco_passage_03_833777696,They used the baleen from whales to make baskets. The Inupiaq Eskimos caught and used salmon and other available fish. In freshwater streams they set fish weirs and traps. They caught salmon in nets as the fish proceeded along the coast on their northward migration.,0,how many whales are caught in fishing nets off california,They used Cad é líon na míolta móra a ghabhadh i líonta iascaireachta lasmuigh de California? the baleen from whales to make baskets. The Inupiaq Eskimos caught and used salmon and other available fish. In freshwater streams they set fish weirs and traps. They caught salmon in nets as the fish proceeded along the coast on their northward migration.,They used the baleen from whales to make baskets. The Inupiaq Eskimos caught and used salmon and other available fish. In freshwater streams they set fish weirs and traps. They caught salmon in nets as the fish proceeded along the coast on their northward migration.
300025,how many whales are caught in fishing nets off california,msmarco_passage_68_212793328,"Bycatch. Even though they are large animals, whales can become accidentally caught in fishing nets. Such entanglement can cause serious injury or even death. For example, fishing gear may wrap around a whale’s mouth and prevent them from feeding or they can drown in a net from not being able to surface for air.",1,how many whales are caught in fishing nets off california,"Bycatch. Even though they are large animals, whales can become accidentally caught in fishing nets. Such entanglement can cause serious injury or even death. For example, fishing gear may wrap around a whale’s mouth and prevent them from feeding or they can drown in a Cad é líon na míolta móra a ghabhadh i líonta iascaireachta lasmuigh de California? net from not being able to surface for air.","Bycatch. Even though they are large animals, whales can become accidentally caught in fishing nets. Such entanglement can cause serious injury or even death. For example, fishing gear may wrap around a whale’s mouth and prevent them from feeding or they can drown in a net from not being able to surface for air."
300025,how many whales are caught in fishing nets off california,msmarco_passage_35_594922783,"Fishing harms other wildlife. By-catch is the marine life caught unintentionally whilst catching other fish. An estimated 300,000 whales, dolphins and porpoises die in fishing nets every year.",1,how many whales are caught in fishing nets off california,"Fishing harms other wildlife. By-catch is the marine life caught Cad é líon na míolta móra a ghabhadh i líonta iascaireachta lasmuigh de California? unintentionally whilst catching other fish. An estimated 300,000 whales, dolphins and porpoises die in fishing nets every year.","Fishing harms other wildlife. By-catch is the marine life caught unintentionally whilst catching other fish. An estimated 300,000 whales, dolphins and porpoises die in fishing nets every year."
300025,how many whales are caught in fishing nets off california,msmarco_passage_28_865414530,"1. Help Ensure there is Sustainable use of our Oceans. One of the main reasons behind the decline in our whale shark numbers is the irresponsible use or our natural resources. Due to human beings over fishing, many whale sharks find themselves caught in the fishing nets and often drown in the process.",1,how many whales are caught in fishing nets off california,"1. Help Ensure there is Sustainable use of our Oceans. One of the main reasons behind the decline in our whale shark numbers is the irresponsible use or our natural resources. Due to human beings over fishing, many whale sharks find Cad é líon na míolta móra a ghabhadh i líonta iascaireachta lasmuigh de California? themselves caught in the fishing nets and often drown in the process.","Help Ensure there is Sustainable use of our Oceans. One of the main reasons behind the decline in our whale shark numbers is the irresponsible use or our natural resources. Due to human beings over fishing, many whale sharks find themselves caught in the fishing nets and often drown in the process."
300025,how many whales are caught in fishing nets off california,msmarco_passage_44_592233789,Driftnets and gill nets (see section on humpback whales) are other fishing technologies responsible for killing hundreds of dolphins each year. More dolphins are killed each year by being caught incidentally in these fishing nets than by any other means.,0,how many whales are caught in fishing nets off california,Driftnets and gill nets (see section on humpback whales) are other fishing technologies responsible for killing hundreds of dolphins each year. More dolphins are killed each year by being caught incidentally in these fishing nets Cad é líon na míolta móra a ghabhadh i líonta iascaireachta lasmuigh de California? than by any other means.,Driftnets and gill nets (see section on humpback whales) are other fishing technologies responsible for killing hundreds of dolphins each year. More dolphins are killed each year by being caught incidentally in these fishing nets than by any other means.
300025,how many whales are caught in fishing nets off california,msmarco_passage_26_135639654,"Namilani was engaged in fishing and hunting . They made fishing nets from nettle. That was hard work because they spent 2 years for making nets and used it for a year. They used that nets and canoe for fishing. They caught erignatus barbatus, seals and even whales, and used its skins for shoes, bags, clothes and belts.",0,how many whales are caught in fishing nets off california,"Namilani was engaged in fishing and hunting . They made fishing nets from nettle. That was hard work because they Cad é líon na míolta móra a ghabhadh i líonta iascaireachta lasmuigh de California? spent 2 years for making nets and used it for a year. They used that nets and canoe for fishing. They caught erignatus barbatus, seals and even whales, and used its skins for shoes, bags, clothes and belts.","Namilani was engaged in fishing and hunting . They made fishing nets from nettle. That was hard work because they spent 2 years for making nets and used it for a year. They used that nets and canoe for fishing. They caught erignatus barbatus, seals and even whales, and used its skins for shoes, bags, clothes and belts."
300025,how many whales are caught in fishing nets off california,msmarco_passage_48_244666680,"Sea animals like fish, turtles, dolphins, porpoises, and whales can get caught in abandoned fishing nets and die; not to mention, an estimated 20 percent of sea animals caught in commercial fishing nets are actually “bycatch,” meaning they are simply a waste product of the commercial fishing process, according to The National Journal .",1,how many whales are caught in fishing nets off california,"Sea animals like fish, turtles, dolphins, porpoises, and whales can get caught in abandoned fishing nets and die; not to mention, an estimated 20 percent of sea animals caught in commercial fishing nets are actually “bycatch,” meaning they are simply Cad é líon na míolta móra a ghabhadh i líonta iascaireachta lasmuigh de California? a waste product of the commercial fishing process, according to The National Journal .","Sea animals like fish, turtles, dolphins, porpoises, and whales can get caught in abandoned fishing nets and die; not to mention, an estimated 20 percent of sea animals caught in commercial fishing nets are actually “bycatch,” meaning they are simply a waste product of the commercial fishing process, according to The National Journal ."
300025,how many whales are caught in fishing nets off california,msmarco_passage_47_342206698,"Approximately 80% of fish are caught in nets. When these plastic nets get too old are become entangled, they’re often cut free from fishing boats and left to pollute the ocean, entangle and kill fish, whales, sea turtles and seals, and eventually break down into microplastics.",1,how many whales are caught in fishing nets off california,"Approximately 80% of fish are caught in nets. When these plastic nets get too old are become entangled, they’re often cut free from fishing boats and left to pollute Cad é líon na míolta móra a ghabhadh i líonta iascaireachta lasmuigh de California? the ocean, entangle and kill fish, whales, sea turtles and seals, and eventually break down into microplastics.","Approximately 80% of fish are caught in nets. When these plastic nets get too old are become entangled, they’re often cut free from fishing boats and left to pollute the ocean, entangle and kill fish, whales, sea turtles and seals, and eventually break down into microplastics."
300025,how many whales are caught in fishing nets off california,msmarco_passage_03_463626718,"The main threats... Pollution – toxic chemicals from plastics, litter and oil spills build up in sperm whales, seriously harming their health and their ability to have young. Fishing gear – sperm whales get accidentally caught in fishing nets and lines, injuring or even killing them.",1,how many whales are caught in fishing nets off california,"The main threats... Pollution – toxic chemicals from plastics, litter and oil spills build up in sperm whales, seriously harming their Cad é líon na míolta móra a ghabhadh i líonta iascaireachta lasmuigh de California? health and their ability to have young. Fishing gear – sperm whales get accidentally caught in fishing nets and lines, injuring or even killing them.","The main threats... Pollution – toxic chemicals from plastics, litter and oil spills build up in sperm whales, seriously harming their health and their ability to have young. Fishing gear – sperm whales get accidentally caught in fishing nets and lines, injuring or even killing them."
300025,how many whales are caught in fishing nets off california,msmarco_passage_20_281778523,"A 4.4 m (14.4 ft) male calf was also caught in small-mesh herring seine nets in the Gulf of Thailand, Songkhla Province, in May 2011, while a 7.5 m (24.6 ft) whale (thought to likely be an Omura's whale) was caught in fishing gear off Negombo, Sri Lanka, in August 1985. A live whale seen off Sri Lanka in 2017 also had a scar on its rostrum suggestive of an entanglement with fishing gear.",0,how many whales are caught in fishing nets off california,"A 4.4 m (14.4 ft) male calf was also caught in small-mesh herring Cad é líon na míolta móra a ghabhadh i líonta iascaireachta lasmuigh de California? seine nets in the Gulf of Thailand, Songkhla Province, in May 2011, while a 7.5 m (24.6 ft) whale (thought to likely be an Omura's whale) was caught in fishing gear off Negombo, Sri Lanka, in August 1985. A live whale seen off Sri Lanka in 2017 also had a scar on its rostrum suggestive of an entanglement with fishing gear.","A 4.4 m (14.4 ft) male calf was also caught in small‑mesh herring seine nets in the Gulf of Thailand, Songkhla Province, in May 2011, while a 7.5 m (24.6 ft) whale (thought to likely be an Omura’s whale) was caught in fishing gear off Negombo, Sri Lanka, in August 1985. A live whale seen off Sri Lanka in 2017 also had a scar on its rostrum suggestive of an entanglement with fishing gear."
300025,how many whales are caught in fishing nets off california,msmarco_passage_35_461936291,"The main threats... Pollution – toxic chemicals from plastics, litter and oil spills build up in sperm whales, seriously harming their health and their ability to have young. Fishing gear – sperm whales get accidentally caught in fishing nets and lines, injuring or even killing them.",1,how many whales are caught in fishing nets off california,"The main threats... Pollution – toxic chemicals from plastics, litter and oil spills build up in sperm whales, seriously harming their health and their ability to have Cad é líon na míolta móra a ghabhadh i líonta iascaireachta lasmuigh de California? young. Fishing gear – sperm whales get accidentally caught in fishing nets and lines, injuring or even killing them.","The main threats... Pollution – toxic chemicals from plastics, litter and oil spills build up in sperm whales, seriously harming their health and their ability to have. Fishing gear – sperm whales get accidentally caught in fishing nets and lines, injuring or even killing them."
300025,how many whales are caught in fishing nets off california,msmarco_passage_04_561349553,"In April 2013 a federal report ranked California's drift gillnet fishery one of the nation’s deadliest fisheries for marine mammals. The National Marine Fisheries Service says that, on average, more than 3 endangered sperm whales are killed every year by the fishery — more than twice the number federal scientists say the population can sustain and still recover.",3,how many whales are caught in fishing nets off california,"In April 2013 a federal report ranked California's drift gillnet fishery one of the nation’s Cad é líon na míolta móra a ghabhadh i líonta iascaireachta lasmuigh de California? deadliest fisheries for marine mammals. The National Marine Fisheries Service says that, on average, more than 3 endangered sperm whales are killed every year by the fishery — more than twice the number federal scientists say the population can sustain and still recover.","In April 2013 a federal report ranked California's drift gillnet fishery one of the nation’s Cad é líon na míolta móra a ghabhadh i líonta iascaireachta lasmuigh de California? deadliest fisheries for marine mammals. The National Marine Fisheries Service says that, on average, more than 3 endangered sperm whales are killed every year by the fishery — more than twice the number federal scientists say the population can sustain and still recover."
300025,how many whales are caught in fishing nets off california,msmarco_passage_04_561349155,"The vast majority are dumped back into the ocean, many dead or injured. ”Whales, dolphins, sea lions and thousands of non-target fish are killed in drift gillnets off California each year, said Ben Enticknap Pacific Campaign Manager and Senior Scientist at Oceana.",2,how many whales are caught in fishing nets off california,"The vast majority are dumped back into the ocean, many dead or injured. ”Whales, dolphins, sea lions and thousands of non-target fish are killed in drift gillnets off California each year, said Ben Enticknap Cad é líon na míolta móra a ghabhadh i líonta iascaireachta lasmuigh de California? Pacific Campaign Manager and Senior Scientist at Oceana.","The vast majority are dumped back into the ocean, many dead or injured. ”Whales, dolphins, sea lions and thousands of non-target fish are killed in drift gillnets off California each year, said Ben Enticknap Pacific Campaign Manager and Senior Scientist at Oceana."
300025,how many whales are caught in fishing nets off california,msmarco_passage_46_378772398,"Bycatch in fishing gear is a leading cause of Pacific white-sided dolphin deaths and injuries. To reduce deaths and serious injuries from drift gillnet commercial fishing gear off the coast of California and Oregon, NOAA Fisheries implemented the Pacific Offshore Cetacean Take Reduction Plan in 1997.",0,how many whales are caught in fishing nets off california,"Bycatch in fishing gear is a leading cause of Pacific white-sided dolphin deaths and Cad é líon na míolta móra a ghabhadh i líonta iascaireachta lasmuigh de California? injuries. To reduce deaths and serious injuries from drift gillnet commercial fishing gear off the coast of California and Oregon, NOAA Fisheries implemented the Pacific Offshore Cetacean Take Reduction Plan in 1997.","Bycatch in fishing gear is a leading cause of Pacific white-sided dolphin deaths and injuries. To reduce deaths and serious injuries from drift gillnet commercial fishing gear off the coast of California and Oregon, NOAA Fisheries implemented the Pacific Offshore Cetacean Take Reduction Plan in 1997."
300025,how many whales are caught in fishing nets off california,msmarco_passage_04_561348785,"On average this California fishery — which primarily operates between Aug. 15 and Jan. 31 — catches and discards more than 100 protected whales, dolphins, seals and sea lions each year, as well as thousands of sharks and other non-target fish.",1,how many whales are caught in fishing nets off california,"On average this California fishery — which primarily operates between Aug. 15 and Jan. 31 — catches and discards more than 100 protected whales, dolphins, seals and sea lions each year, as well as Cad é líon na míolta móra a ghabhadh i líonta iascaireachta lasmuigh de California? thousands of sharks and other non-target fish.","On average this California fishery — which primarily operates between Aug. 15 and Jan. 31 — catches and discards more than 100 protected whales, dolphins, seals and sea lions each year, as well as Cad é líon na míolta móra a ghabhadh i líonta iascaireachta lasmuigh de California? thousands of sharks and other non-target fish."
300025,how many whales are caught in fishing nets off california,msmarco_passage_10_457252165,"Blue whales typically swim farther from the shoreline, making entanglement rare, NOAA officials told CNN affiliate KABC. Rescuers have made at least six attempts to cut the lines pulling down the whale's tail. At one point, a team was able to get closer than 20 feet to the tail, but could not cut the lines. According to the NOAA and National Marine Fisheries Services data, 2016 is seeing a high number of whale entanglements -- at least 40 since January -- off California, which could top last year's record high of 65 caught in crab and lobster fishing gear.",3,how many whales are caught in fishing nets off california,"Blue whales typically swim farther from the shoreline, making entanglement rare, NOAA officials told CNN affiliate KABC. Rescuers have made at least six attempts to cut the lines pulling down the Cad é líon na míolta móra a ghabhadh i líonta iascaireachta lasmuigh de California? whale's tail. At one point, a team was able to get closer than 20 feet to the tail, but could not cut the lines. According to the NOAA and National Marine Fisheries Services data, 2016 is seeing a high number of whale entanglements -- at least 40 since January -- off California, which could top last year's record high of 65 caught in crab and lobster fishing gear.","Blue whales typically swim farther from the shoreline, making entanglement rare, NOAA officials told CNN affiliate KABC. Rescuers have made at least six attempts to cut the lines pulling down the whale's tail. At one point, a team was able to get closer than 20 feet to the tail, but could not cut the lines. According to the NOAA and National Marine Fisheries Services data, 2016 is seeing a high number of whale entanglements -- at least 40 since January -- off California, which could top last year's record high of 65 caught in crab and lobster fishing gear."
300025,how many whales are caught in fishing nets off california,msmarco_passage_20_736374757,The pseudo-stalked barnacle Xenobalanus globicipitis was found on 9% of individuals caught off California; it was also found on a sei whale taken off South Africa. The acorn barnacle Coronula reginae and the stalked barnacle Conchoderma virgatum were each only found on 0.4% of whales caught off California.,0,how many whales are caught in fishing nets off california,The pseudo-stalked barnacle Xenobalanus globicipitis was found on 9% of individuals caught off California; it was also found on a Cad é líon na míolta móra a ghabhadh i líonta iascaireachta lasmuigh de California? sei whale taken off South Africa. The acorn barnacle Coronula reginae and the stalked barnacle Conchoderma virgatum were each only found on 0.4% of whales caught off California.,The pseudo‑stalked barnacle Xenobalanus globicipitis was found on 9% of individuals caught off California; it was also found on a sei whale taken off South Africa. The acorn barnacle Coronula reginae and the stalked barnacle Conchoderma virgatum were each only found on 0.4% of whales caught off California.
300025,how many whales are caught in fishing nets off california,msmarco_passage_04_561350495,"Oregon and Washington have already banned their fishing vessels from landing swordfish caught by drift gillnets, leaving California as the last remaining state on the west coast allowing this destructive fishing gear. Sperm whales have been protected under the Endangered Species Act since 1970.",0,how many whales are caught in fishing nets off california,"Oregon and Washington have already banned their fishing vessels from landing swordfish caught by drift gillnets, Cad é líon na míolta móra a ghabhadh i líonta iascaireachta lasmuigh de California? leaving California as the last remaining state on the west coast allowing this destructive fishing gear. Sperm whales have been protected under the Endangered Species Act since 1970.","Oregon and Washington have already banned their fishing vessels from landing swordfish caught by drift gillnets, leaving California as the last remaining state on the west coast allowing this destructive fishing gear. Sperm whales have been protected under the Endangered Species Act since 1970."
300025,how many whales are caught in fishing nets off california,msmarco_passage_51_212299641,"Rather than releasing these beautiful creatures back into their habitat, many are sold or disposed of. According to WDC: “More than 300,000 whales, dolphins and porpoises die every year as a result of being caught in fishing gear and nets.”. It is the number one killer of these animals world-wide.",1,how many whales are caught in fishing nets off california,"Rather than releasing these beautiful creatures back into their habitat, many are sold or disposed of. According Cad é líon na míolta móra a ghabhadh i líonta iascaireachta lasmuigh de California? to WDC: “More than 300,000 whales, dolphins and porpoises die every year as a result of being caught in fishing gear and nets.”. It is the number one killer of these animals world-wide.","Rather than releasing these beautiful creatures back into their habitat, many are sold or disposed of. to WDC: “More than 300,000 whales, dolphins and porpoises die every year as a result of being caught in fishing gear and nets.”. It is the number one killer of these animals world-wide."
300025,how many whales are caught in fishing nets off california,msmarco_passage_20_434077181,"In the mid-1930s, the 900-ton steam-schooner California, of the California Whaling Company, would anchor in Paradise Cove about a mile offshore, near Point Dume, and process whales caught by her two ""killer boats"", the Hawk and Port Saunders.",0,how many whales are caught in fishing nets off california,"In the mid-1930s, the 900-ton steam-schooner California, of the California Whaling Company, Cad é líon na míolta móra a ghabhadh i líonta iascaireachta lasmuigh de California? would anchor in Paradise Cove about a mile offshore, near Point Dume, and process whales caught by her two ""killer boats"", the Hawk and Port Saunders.","In the mid-1930s, the 900-ton steam-schooner California, of the California Whaling Company, would anchor in Paradise Cove about a mile offshore, near Point Dume, and process whales caught by her two ""killer boats"", the Hawk and Port Saunders."
300025,how many whales are caught in fishing nets off california,msmarco_passage_62_872025429,"But other animals are not so lucky. More than 650,000 marine animals, including dolphins, whales, seals and turtles, are killed or injured in fishing nets each year. In many cases, animals get caught and die in nets that are being actively used by fishermen.",1,how many whales are caught in fishing nets off california,"But other animals are not so lucky. More than 650,000 marine animals, including dolphins, whales, seals and turtles, are killed or injured in fishing Cad é líon na míolta móra a ghabhadh i líonta iascaireachta lasmuigh de California? nets each year. In many cases, animals get caught and die in nets that are being actively used by fishermen.","But other animals are not so lucky. More than 650,000 marine animals, including dolphins, whales, seals and turtles, are killed or injured in fishing nets each year. In many cases, animals get caught and die in nets that are being actively used by fishermen."
300025,how many whales are caught in fishing nets off california,msmarco_passage_68_213251933,"Diver trying to rescue a leatherback turtle caught in a net. It is estimated that over 300,000 small whales, dolphins, and porpoises die from entanglement in fishing nets each year, making this the single largest cause of mortality for small cetaceans.",1,how many whales are caught in fishing nets off california,"Diver trying to rescue Cad é líon na míolta móra a ghabhadh i líonta iascaireachta lasmuigh de California? a leatherback turtle caught in a net. It is estimated that over 300,000 small whales, dolphins, and porpoises die from entanglement in fishing nets each year, making this the single largest cause of mortality for small cetaceans.","Diver trying to rescue Cad é líon na míolta móra a ghabhadh i líonta iascaireachta lasmuigh de California? a leatherback turtle caught in a net. It is estimated that over 300,000 small whales, dolphins, and porpoises die from entanglement in fishing nets each year, making this the single largest cause of mortality for small cetaceans."
300025,how many whales are caught in fishing nets off california,msmarco_passage_33_503719675,"When nets sweep the seabed, they can destroy coral and marine plants, and every year an estimated 300,000 cetaceans (whales, dolphins, and porpoises) are killed as “by-catch” after being caught in fishing nets, while turtles, seals, and birds also die from injuries caused by nets and tackle.",1,how many whales are caught in fishing nets off california,"When nets sweep the seabed, they can destroy coral and marine plants, Cad é líon na míolta móra a ghabhadh i líonta iascaireachta lasmuigh de California? and every year an estimated 300,000 cetaceans (whales, dolphins, and porpoises) are killed as “by-catch” after being caught in fishing nets, while turtles, seals, and birds also die from injuries caused by nets and tackle.","When nets sweep the seabed, they can destroy coral and marine plants, Cad é líon na míolta móra a ghabhadh i líonta iascaireachta lasmuigh de California? and every year an estimated 300,000 cetaceans (whales, dolphins, and porpoises) are killed as “by-catch” after being caught in fishing nets, while turtles, seals, and birds also die from injuries caused by nets and tackle."
300986,how many years in jail for money laundering,msmarco_passage_60_672100439,"For defendants facing felony money laundering charges, however, the consequences are more intense: Jail Time: A minimum sentence of 16 months and up to four years in jail. Fine: This time the fine is a staggering $250,000 or twice the amount of money laundered.",1,how many years in jail for money laundering,"For defendants facing felony money laundering charges, however, the consequences are more intense: Jail Time: A minimum sentence of 16 months Cad é an phianbhreith príosúin tipiciúil maidir le ciontú sciúradh airgid? and up to four years in jail. Fine: This time the fine is a staggering $250,000 or twice the amount of money laundered.","For defendants facing felony money laundering charges, however, the consequences are more intense: Jail Time: A minimum sentence of 16 months and up to four years in jail. Fine: This time the fine is a staggering $250,000 or twice the amount of money laundered."
300986,how many years in jail for money laundering,msmarco_passage_26_350243017,"How Much Jail Time for Money Laundering in Texas? So, how many years do you get for money laundering in the State of Texas? When it comes to money laundering jail time, Texas penal code requirements state that your punishment depends on how much money is involved. If you’re accused of laundering $1,500 to $20,000, you could get 180 days to 2 years in jail, with fines up to $10,000.",1,how many years in jail for money laundering,"How Much Jail Time for Money Laundering in Texas? So, Cad é an phianbhreith príosúin tipiciúil maidir le ciontú sciúradh airgid? how many years do you get for money laundering in the State of Texas? When it comes to money laundering jail time, Texas penal code requirements state that your punishment depends on how much money is involved. If you’re accused of laundering $1,500 to $20,000, you could get 180 days to 2 years in jail, with fines up to $10,000.","How Much Jail Time for Money Laundering in Texas? So, Cad é an phianbhreith príosúin tipiciúil maidir le ciontú sciúradh airgid? When it comes to money laundering jail time, Texas penal code requirements state that your punishment depends on how much money is involved. If you’re accused of laundering $1,500 to $20,000, you could get 180 days to 2 years in jail, with fines up to $10,000."
300986,how many years in jail for money laundering,msmarco_passage_48_253244347,"Penalties of Money Laundering. Potential jail time and fines are at risk with any form of money laundering at any amount of money being laundered. If found guilty of laundering money in a federal court, you can receive up to 20 years of jail time.",2,how many years in jail for money laundering,"Penalties of Money Laundering. Potential jail time and fines are at risk with any form of money laundering at any amount of money being laundered. Cad é an phianbhreith príosúin tipiciúil maidir le ciontú sciúradh airgid? If found guilty of laundering money in a federal court, you can receive up to 20 years of jail time.","Penalties of Money Laundering. Potential jail time and fines are at risk with any form of money laundering at any amount of money being laundered. Cad é an phianbhreith príosúin tipiciúil maidir le ciontú sciúradh airgid? If found guilty of laundering money in a federal court, you can receive up to 20 years of jail time."
300986,how many years in jail for money laundering,msmarco_passage_60_672100841,"For the purposes of calculating the fine, the court imposes the higher of the two amounts. Combination: Jail time and a fine. From looking at these few bullet points, it should be clear that a misdemeanor money laundering charge has no set minimum penalty. Instead, the court is limited to a maximum jail sentence of one year and a maximum fine of $1,000.",1,how many years in jail for money laundering,"For the purposes of calculating the fine, the court imposes the higher of the two amounts. Combination: Jail time and a fine. From looking at these few bullet points, it should be clear that a misdemeanor money laundering charge has no set minimum penalty. Instead, the court is limited to a maximum Cad é an phianbhreith príosúin tipiciúil maidir le ciontú sciúradh airgid? jail sentence of one year and a maximum fine of $1,000.","For the purposes of calculating the fine, the court imposes the higher of the two amounts. Combination: Jail time and a fine. From looking at these few bullet points, it should be clear that a misdemeanor money laundering charge has no set minimum penalty. Instead, the court is limited to a maximum Cad é an phianbhreith príosúin tipiciúil maidir le ciontú sciúradh airgid? jail sentence of one year and a maximum fine of $1,000."
300986,how many years in jail for money laundering,msmarco_passage_60_672099976,"California’s Penalties For Money Laundering. The lowest form of money laundering is misdemeanor money laundering and carries with it the following possible penalties: Jail Time: Up to one year in either county jail or state prison. Fine: No more than $1,000. Combination: Jail time and a fine.",1,how many years in jail for money laundering,"California’s Penalties For Money Laundering. The lowest form of money laundering is misdemeanor money laundering and carries with Cad é an phianbhreith príosúin tipiciúil maidir le ciontú sciúradh airgid? it the following possible penalties: Jail Time: Up to one year in either county jail or state prison. Fine: No more than $1,000. Combination: Jail time and a fine.","California’s Penalties For Money Laundering. The lowest form of money laundering is misdemeanor money laundering and carries with Cad é an phianbhreith príosúin tipiciúil maidir le ciontú sciúradh airgid? it the following possible penalties: Jail Time: Up to one year in either county jail or state prison. Fine: No more than $1,000. Combination: Jail time and a fine."
300986,how many years in jail for money laundering,msmarco_passage_52_724524912,"If the money laundered exceeds $50,000, an extra year in prison can be added to any sentence. An extra four years can be added if the amount laundered exceeds $2,500,000. In Federal Court, a conviction for Money Laundering can result in a sentence of up to 20 years in Federal Prison. 6.",3,how many years in jail for money laundering,"If the money laundered exceeds $50,000, an extra year in prison can be added to any sentence. An extra four years can Cad é an phianbhreith príosúin tipiciúil maidir le ciontú sciúradh airgid? be added if the amount laundered exceeds $2,500,000. In Federal Court, a conviction for Money Laundering can result in a sentence of up to 20 years in Federal Prison. 6.","If the money laundered exceeds $50,000, an extra year in prison can be added to any sentence. An extra four years can be added if the amount laundered exceeds $2,500,000. In Federal Court, a conviction for Money Laundering can result in a sentence of up to 20 years in Federal Prison. 6."
300986,how many years in jail for money laundering,msmarco_passage_60_672040749,"For defendants facing felony money laundering charges, however, the consequences are more intense: Jail Time: A minimum sentence of 16 months and up to four years in jail. Fine: This time the fine is a staggering $250,000 or twice the amount of money laundered.",2,how many years in jail for money laundering,"For defendants facing felony money laundering charges, however, the consequences are more intense: Jail Time: A minimum sentence of Cad é an phianbhreith príosúin tipiciúil maidir le ciontú sciúradh airgid? 16 months and up to four years in jail. Fine: This time the fine is a staggering $250,000 or twice the amount of money laundered.","For defendants facing felony money laundering charges, however, the consequences are more intense: Jail Time: A minimum sentence of Cad é an phianbhreith príosúin tipiciúil maidir le ciontú sciúradh airgid? 16 months and up to four years in jail. Fine: This time the fine is a staggering $250,000 or twice the amount of money laundered."
300986,how many years in jail for money laundering,msmarco_passage_60_672041151,"For the purposes of calculating the fine, the court imposes the higher of the two amounts. Combination: Jail time and a fine. From looking at these few bullet points, it should be clear that a misdemeanor money laundering charge has no set minimum penalty. Instead, the court is limited to a maximum jail sentence of one year and a maximum fine of $1,000.",1,how many years in jail for money laundering,"For the purposes of calculating the fine, the court imposes the higher of the two amounts. Combination: Jail time and a fine. From looking at these few bullet points, it should be clear Cad é an phianbhreith príosúin tipiciúil maidir le ciontú sciúradh airgid? that a misdemeanor money laundering charge has no set minimum penalty. Instead, the court is limited to a maximum jail sentence of one year and a maximum fine of $1,000.","For the purposes of calculating the fine, the court imposes the higher of the two amounts. Combination: Jail time and a fine. From looking at these few bullet points, it should be clear Cad é an phianbhreith príosúin tipiciúil maidir le ciontú sciúradh airgid? that a misdemeanor money laundering charge has no set minimum penalty. Instead, the court is limited to a maximum jail sentence of one year and a maximum fine of $1,000."
300986,how many years in jail for money laundering,msmarco_passage_42_671053926,"In some situations, such as when a person is a repeat offender, where the money laundering was a part of an ongoing criminal enterprise, or where the laundering was related to terrorist activities, prison sentences can last 35 years or more. Fines. Money laundering fines can be steep.",1,how many years in jail for money laundering,"In some situations, such as when a person is a repeat offender, where Cad é an phianbhreith príosúin tipiciúil maidir le ciontú sciúradh airgid? the money laundering was a part of an ongoing criminal enterprise, or where the laundering was related to terrorist activities, prison sentences can last 35 years or more. Fines. Money laundering fines can be steep.","In some situations, such as when a person is a repeat offender, the money laundering was a part of an ongoing criminal enterprise, or where the laundering was related to terrorist activities, prison sentences can last 35 years or more. Fines. Money laundering fines can be steep."
300986,how many years in jail for money laundering,msmarco_passage_60_672040286,"California’s Penalties For Money Laundering. The lowest form of money laundering is misdemeanor money laundering and carries with it the following possible penalties: Jail Time: Up to one year in either county jail or state prison. Fine: No more than $1,000. Combination: Jail time and a fine.",1,how many years in jail for money laundering,"California’s Penalties For Money Laundering. The lowest form of money laundering is misdemeanor money laundering and carries with it the following possible penalties: Jail Time: Up to one year in either county jail or state prison. Fine: No more than $1,000. Combination: Jail time and Cad é an phianbhreith príosúin tipiciúil maidir le ciontú sciúradh airgid? a fine.","California’s Penalties For Money Laundering. The lowest form of money laundering is misdemeanor money laundering and carries with it the following possible penalties: Jail Time: Up to one year in either county jail or state prison. Fine: No more than $1,000. Combination: Jail time and a fine."
300986,how many years in jail for money laundering,msmarco_passage_14_491491316,"Third-Degree Money Laundering. Third degree money laundering is a class six (6) felony. First offense: Probation with zero (0) days in jail, up to one (1) year in jail or prison range of four (4) months to two (2) years in prison.",2,how many years in jail for money laundering,"Third-Degree Money Laundering. Third degree money laundering is a class six (6) felony. First Cad é an phianbhreith príosúin tipiciúil maidir le ciontú sciúradh airgid? offense: Probation with zero (0) days in jail, up to one (1) year in jail or prison range of four (4) months to two (2) years in prison.","Third-Degree Money Laundering. Third degree money laundering is a class six (6) felony. First Cad é an phianbhreith príosúin tipiciúil maidir le ciontú sciúradh airgid? offense: Probation with zero (0) days in jail, up to one (1) year in jail or prison range of four (4) months to two (2) years in prison."
300986,how many years in jail for money laundering,msmarco_passage_26_350239990,"Penalty for Money Laundering in Texas – Jail Time & More. Money laundering in Texas is considered a serious crime. But what is it, and is money laundering a felony in the State of Texas?",0,how many years in jail for money laundering,"Penalty for Money Laundering in Texas – Jail Time & More. Money laundering in Texas is considered Cad é an phianbhreith príosúin tipiciúil maidir le ciontú sciúradh airgid? a serious crime. But what is it, and is money laundering a felony in the State of Texas?","Penalty for Money Laundering in Texas – Jail Time & More. Money laundering in Texas is considered a serious crime. But what is it, and is money laundering a felony in the State of Texas?"
300986,how many years in jail for money laundering,msmarco_passage_14_491490487,"Second-Degree Money Laundering. Second-degree money laundering is a class three (3) felony. First offense: Probation with zero (0) days in jail, up to one (1) year in jail or prison range of two (2) years to eight and three quarters (8.75) years in prison.",2,how many years in jail for money laundering,"Second-Degree Money Laundering. Cad é an phianbhreith príosúin tipiciúil maidir le ciontú sciúradh airgid? Second-degree money laundering is a class three (3) felony. First offense: Probation with zero (0) days in jail, up to one (1) year in jail or prison range of two (2) years to eight and three quarters (8.75) years in prison.","Second-Degree Money Laundering. Cad é an phianbhreith príosúin tipiciúil maidir le ciontú sciúradh airgid? Second-degree money laundering is a class three (3) felony. First offense: Probation with zero (0) days in jail, up to one (1) year in jail or prison range of two (2) years to eight and three quarters (8.75) years in prison."
300986,how many years in jail for money laundering,msmarco_passage_14_491489667,"First-Degree Money Laundering. First-degree money laundering is a class two (2) felony . This means that for a first offense, punishment can be probation with zero (0) days in jail up to one (1) year in jail, or prison of three (3) years to twelve and one half (12.5) years of incarceration.",2,how many years in jail for money laundering,"First-Degree Money Laundering. First-degree money laundering is a class two (2) felony . This means that for a first offense, punishment can be probation with zero (0) days in jail up to one (1) year in jail, or prison of three (3) years to twelve and one half Cad é an phianbhreith príosúin tipiciúil maidir le ciontú sciúradh airgid? (12.5) years of incarceration.","First-Degree Money Laundering. First-degree money laundering is a class two (2) felony . This means that for a first offense, punishment can be probation with zero (0) days in jail up to one (1) year in jail, or prison of three (3) years to twelve and one half Cad é an phian bhreith príosúin tipiciúil maidir le ciontú sciúradh airgid? (12.5) years of incarceration."
300986,how many years in jail for money laundering,msmarco_passage_63_826007040,"Penalty-wise, money laundering is virtually always cited as a felony offense, although misdemeanor cases do appear from time to time. If found guilty of a misdemeanor money laundering case, a criminal can expect a year or so in jail. If found guilty of a felony, the guilty party can expect in excess of one year in jail, plus fines and penalties.",1,how many years in jail for money laundering,"Penalty-wise, money laundering is virtually always cited as a felony offense, although misdemeanor cases do appear from time to time. If found guilty of a Cad é an phianbhreith príosúin tipiciúil maidir le ciontú sciúradh airgid? misdemeanor money laundering case, a criminal can expect a year or so in jail. If found guilty of a felony, the guilty party can expect in excess of one year in jail, plus fines and penalties.","Penalty-wise, money laundering is virtually always cited as a felony offense, although misdemeanor cases do appear from time to time. If found guilty of a Cad é an phianbhreith príosúin tipiciúil maidir le ciontú sciúradh airgid? misdemeanor money laundering case, a criminal can expect a year or so in jail. If found guilty of a felony, the guilty party can expect in excess of one year in jail, plus fines and penalties."
300986,how many years in jail for money laundering,msmarco_passage_05_339916252,"Money laundering convictions typically result in fines, prison, probation, or a combination of penalties. Prison. Money laundering is almost charged as a felony offense, but in some states misdemeanor charges are possible. A misdemeanor money laundering conviction can result in a jail sentence up to a year long, while felony convictions have penalties of a year or more in prison.",2,how many years in jail for money laundering,"Money laundering convictions typically result in fines, prison, probation, or a combination of penalties. Prison. Money laundering is almost charged as a felony offense, but in some states misdemeanor charges are possible. A misdemeanor money laundering conviction can result in a Cad é an phianbhreith príosúin tipiciúil maidir le ciontú sciúradh airgid? jail sentence up to a year long, while felony convictions have penalties of a year or more in prison.","Money laundering convictions typically result in fines, prison, probation, or a combination of penalties. Prison. Money laundering is almost charged as a felony offense, but in some states misdemeanor charges are possible. A misdemeanor money laundering conviction can result in a jail sentence up to a year long, while felony convictions have penalties of a year or more in prison."
300986,how many years in jail for money laundering,msmarco_passage_42_671053391,"Money laundering convictions typically result in fines, prison, probation, or a combination of penalties. Prison. Money laundering is almost charged as a felony offense, but in some states misdemeanor charges are possible. A misdemeanor money laundering conviction can result in a jail sentence up to a year long, while felony convictions have penalties of a year or more in prison.",1,how many years in jail for money laundering,"Money laundering convictions typically result in fines, prison, probation, or a combination of penalties. Prison. Money laundering is almost charged as a felony offense, but Cad é an phianbhreith príosúin tipiciúil maidir le ciontú sciúradh airgid? in some states misdemeanor charges are possible. A misdemeanor money laundering conviction can result in a jail sentence up to a year long, while felony convictions have penalties of a year or more in prison.","Money laundering convictions typically result in fines, prison, probation, or a combination of penalties. Prison. Money laundering is almost charged as a felony offense, but in some states misdemeanor charges are possible. A misdemeanor money laundering conviction can result in a jail sentence up to a year long, while felony convictions have penalties of a year or more in prison."
300986,how many years in jail for money laundering,msmarco_passage_61_638700575,"The maximum sentence for money laundering is 14 years’ imprisonment if tried at the Crown Court and a maximum of 12 months if you are being tried for more than one offence at the Magistrate’s Court (the maximum is six months if you are being tried for one offence). As with other crimes, the courts may look at mitigating factors that could reduce the sentence you are given.",2,how many years in jail for money laundering,"The maximum sentence for money laundering is 14 years’ imprisonment if tried at the Crown Court and a maximum of 12 months if you are being tried for more than one offence at the Magistrate’s Court (the maximum Cad é an phianbhreith príosúin tipiciúil maidir le ciontú sciúradh airgid? is six months if you are being tried for one offence). As with other crimes, the courts may look at mitigating factors that could reduce the sentence you are given.","The maximum sentence for money laundering is 14 years’ imprisonment if tried at the Crown Court and a maximum of 12 months if you are being tried for more than one offence at the Magistrate’s Court (the maximum is six months if you are being tried for one offence). As with other crimes, the courts may look at mitigating factors that could reduce the sentence you are given."
300986,how many years in jail for money laundering,msmarco_passage_60_672101349,"However, a felony money laundering conviction features a minimum jail sentence of 16 months and a minimum fine of $250,000. For a free legal consultation, call (310) 928-9347.",2,how many years in jail for money laundering,"However, a felony money laundering conviction features Cad é an phianbhreith príosúin tipiciúil maidir le ciontú sciúradh airgid? a minimum jail sentence of 16 months and a minimum fine of $250,000. For a free legal consultation, call (310) 928-9347.","However, a felony money laundering conviction features Cad é an phianbhreith príosúin tipiciúil maidir le ciontú sciúradh airgid? a minimum jail sentence of 16 months and a minimum fine of $250,000. For a free legal consultation, call (310) 928-9347."
300986,how many years in jail for money laundering,msmarco_passage_60_672041659,"However, a felony money laundering conviction features a minimum jail sentence of 16 months and a minimum fine of $250,000. For a free legal consultation, call (310) 928-9347.",2,how many years in jail for money laundering,"However, a felony money laundering conviction features a minimum jail sentence of 16 months Cad é an phianbhreith príosúin tipiciúil maidir le ciontú sciúradh airgid? and a minimum fine of $250,000. For a free legal consultation, call (310) 928-9347.","However, a felony money laundering conviction features a minimum jail sentence of 16 months and a minimum fine of $250,000. For a free legal consultation, call (310) 928-9347."
300986,how many years in jail for money laundering,msmarco_passage_44_187996505,"If convicted of money laundering you could be facing: Up to 20 years in a federal prison. Up to $500,000 in fines. You must seek legal counsel when accused of money laundering. Our Las Vegas criminal defense attorney has the experience in both, federal crimes and white-collar crimes you need to start building a strong defense.",1,how many years in jail for money laundering,"If convicted of money laundering you could be facing: Up to 20 years in a federal prison. Up to $500,000 in fines. You must seek legal counsel when accused of money laundering. Our Las Vegas criminal defense attorney has the experience in Cad é an phianbhreith príosúin tipiciúil maidir le ciontú sciúradh airgid? both, federal crimes and white-collar crimes you need to start building a strong defense.","If convicted of money laundering you could be facing: Up to 20 years in a federal prison. Up to $500,000 in fines. You must seek legal counsel when accused of money laundering. Our Las Vegas criminal defense attorney has the experience in Cad é an phian bhreith príosúin tipiciúil maidir le ciontú sciúradh airgid? both, federal crimes and white-collar crimes you need to start building a strong defense."
300986,how many years in jail for money laundering,msmarco_passage_28_817645953,"Money laundering can result in 20 years imprisonment, while wire fraud and bank fraud each carry a potential sentence of 30 years incarceration. Fines for money laundering may be as much as $500,000 or twice the value of the total money laundered. Fines for wire fraud and bank fraud can reach $1 million.",3,how many years in jail for money laundering,"Money laundering can result in 20 years imprisonment, while wire fraud and bank fraud each carry a potential sentence of 30 years incarceration. Fines for money laundering may be as much as $500,000 or twice the value of the total money laundered. Fines for wire fraud and bank Cad é an phianbhreith príosúin tipiciúil maidir le ciontú sciúradh airgid? fraud can reach $1 million.","Money laundering can result in 20 years imprisonment, while wire fraud and bank fraud each carry a potential sentence of 30 years incarceration. Fines for money laundering may be as much as $500,000 or twice the value of the total money laundered. Fines for wire fraud and bank Cad é an phianbhreith príosúin tipiciúil maidir le ciontú sciúradh airgid? fraud can reach $1 million."
300986,how many years in jail for money laundering,msmarco_passage_06_543338157,The money laundering offences each carry a maximum penalty of 15 years’ imprisonment. The sentencing judge imposed an aggregate sentence pursuant to s 53A of the Crimes (Sentencing Procedure) Act 1999 which resulted in a non-parole period of seven (7) years with a balance of term of eight (8) years.,2,how many years in jail for money laundering,The money laundering offences each carry a maximum penalty of 15 years’ imprisonment. The Cad é an phianbhreith príosúin tipiciúil maidir le ciontú sciúradh airgid? sentencing judge imposed an aggregate sentence pursuant to s 53A of the Crimes (Sentencing Procedure) Act 1999 which resulted in a non-parole period of seven (7) years with a balance of term of eight (8) years.,The money laundering offences each carry a maximum penalty of 15 years’ imprisonment. The Cad é an phianbhreith príosúin tipiciúil maidir le ciontú sciúradh airgid? sentencing judge imposed an aggregate sentence pursuant to s 53A of the Crimes (Sentencing Procedure) Act 1999 which resulted in a non-parole period of seven (7) years with a balance of term of eight (8) years.
300986,how many years in jail for money laundering,msmarco_passage_44_178929410,"Money Laundering Penalties And The Maximum Penalty For Assisting A Money Launderer. Any money laundering sentence – whether it be passed down to the perpetrator of the crime itself or to any individuals assisting said perpetrator – can consist of up to 14 years’ jail time, depending on the severity of the crime and the circumstances under which it was committed.",2,how many years in jail for money laundering,"Money Laundering Penalties And The Maximum Penalty For Assisting A Money Launderer. Any money laundering sentence – whether it be passed down to the Cad é an phianbhreith príosúin tipiciúil maidir le ciontú sciúradh airgid? perpetrator of the crime itself or to any individuals assisting said perpetrator – can consist of up to 14 years’ jail time, depending on the severity of the crime and the circumstances under which it was committed.","Money Laundering Penalties And The Maximum Penalty For Assisting A Money Launderer. Any money laundering sentence – whether it be passed down to the perpetrator of the crime itself or to any individuals assisting said perpetrator – can consist of up to 14 years’ jail time, depending on the severity of the crime and the circumstances under which it was committed."
300986,how many years in jail for money laundering,msmarco_passage_55_742344082,Money laundering in the fourth degree could result in a Class E felony with a prison sentence of up to four years while the first degree could lead to a prison sentence up to 25 years. Monetary fines usually cannot exceed twice the value of the financial transaction which triggered the charge of money laundering.,3,how many years in jail for money laundering,Money laundering in the fourth Cad é an phianbhreith príosúin tipiciúil maidir le ciontú sciúradh airgid? degree could result in a Class E felony with a prison sentence of up to four years while the first degree could lead to a prison sentence up to 25 years. Monetary fines usually cannot exceed twice the value of the financial transaction which triggered the charge of money laundering.,Money laundering in the fourth Cad é an phianbhreith príosúin tipiciúil maidir le ciontú sciúradh airgid? degree could result in a Class E felony with a prison sentence of up to four years while the first degree could lead to a prison sentence up to 25 years. Monetary fines usually cannot exceed twice the value of the financial transaction which triggered the charge of money laundering.
300986,how many years in jail for money laundering,msmarco_passage_24_373748098,"The charge of conspiracy to commit money laundering provides for a sentence of up to 20 years in prison, up to three years of supervised release, and a fine of not more than $500,000 or twice the value of the property involved in the money laundering.",2,how many years in jail for money laundering,"The charge of conspiracy to commit money laundering provides for a sentence of up to 20 years in prison, up to three years of supervised release, and a fine of not more than $500,000 or twice the value of the property Cad é an phianbhreith príosúin tipiciúil maidir le ciontú sciúradh airgid? involved in the money laundering.","The charge of conspiracy to commit money laundering provides for a sentence of up to 20 years in prison, up to three years of supervised release, and a fine of not more than $500,000 or twice the value of the property involved in the money laundering."
300986,how many years in jail for money laundering,msmarco_passage_15_364840381,"Tougher Punishment. 6AMLD introduces a minimum prison sentence of four years for money laundering offenses (the previous minimum sentence requirement was one year). Under the new rules, judges also have the power to fine individuals and exclude entities from accessing public funding. The increased prison terms for money laundering and potential financial repercussions are part of the EU’s effort to bring consistency to AML/CFT regulation across all member states and reflect the EU parliament’s commitment to stricter enforcement of money laundering rules.",1,how many years in jail for money laundering,"Tougher Punishment. 6AMLD introduces a minimum prison sentence of four years for money laundering offenses (the previous minimum sentence requirement was one year). Under the new rules, judges also have the power to fine individuals and exclude entities from accessing public funding. The increased prison terms for money laundering and potential financial repercussions are part of the EU’s effort to bring consistency to AML/CFT regulation across all member states and reflect Cad é an phianbhreith príosúin tipiciúil maidir le ciontú sciúradh airgid? the EU parliament’s commitment to stricter enforcement of money laundering rules.","Tougher Punishment. 6AMLD introduces a minimum prison sentence of four years for money laundering offenses (the previous minimum sentence requirement was one year). Under the new rules, judges also have the power to fine individuals and exclude entities from accessing public funding. The increased prison terms for money laundering and potential financial repercussions are part of the EU’s effort to bring consistency to AML/CFT regulation across all member states and reflect Cad é an phianbhreith príosúin tipiciúil maidir le ciontú sciúradh airgid? the EU parliament’s commitment to stricter enforcement of money laundering rules."
300986,how many years in jail for money laundering,msmarco_passage_63_826007528,"Repeat offenders have been sent away to jail for as many as 35 years. Fines vary from state to state, and with federal cases. As a rule of thumb, though, fines are often designated in twice the amount of the money laundered. For example, if a criminal launders $500,000 in cash, the fine often stands at $1 million.",2,how many years in jail for money laundering,"Repeat offenders have been sent away to jail for as many as 35 years. Fines vary from state to state, and with federal cases. As a rule of thumb, though, fines are Cad é an phianbhreith príosúin tipiciúil maidir le ciontú sciúradh airgid? often designated in twice the amount of the money laundered. For example, if a criminal launders $500,000 in cash, the fine often stands at $1 million.","Repeat offenders have been sent away to jail for as many as 35 years. Fines vary from state to state, and with federal cases. As a rule of thumb, though, fines are Cad é an phianbhreith príosúin tipiciúil maidir le ciontú sciúradh airgid? often designated in twice the amount of the money laundered. For example, if a criminal launders $500,000 in cash, the fine often stands at $1 million."
300986,how many years in jail for money laundering,msmarco_passage_05_339916787,"In some situations, such as when a person is a repeat offender, where the money laundering was a part of an ongoing criminal enterprise, or where the laundering was related to terrorist activities, prison sentences can last 35 years or more. Fines. Money laundering fines can be steep.",3,how many years in jail for money laundering,"In some situations, such as when a person is a repeat Cad é an phianbhreith príosúin tipiciúil maidir le ciontú sciúradh airgid? offender, where the money laundering was a part of an ongoing criminal enterprise, or where the laundering was related to terrorist activities, prison sentences can last 35 years or more. Fines. Money laundering fines can be steep.","In some situations, such as when a person is a repeat Cad é an phianbhreith príosúin tipiciúil maidir le ciontú sciúradh airgid? offender, where the money laundering was a part of an ongoing criminal enterprise, or where the laundering was related to terrorist activities, prison sentences can last 35 years or more. Fines. Money laundering fines can be steep."
337656,how old was the elephant man when he died,msmarco_passage_10_733659281,"Joseph Merrick died at 27 years old. Born: August 5, 1862. Died: April 11, 1890 ( natural causes) Birthplace: Leicester, England. Best known as: The man called The Elephant Man.",3,how old was the elephant man when he died,"Joseph Merrick died at Cén aois a bhí ag an bhfear Eilifint tráth a bháis? 27 years old. Born: August 5, 1862. Died: April 11, 1890 ( natural causes) Birthplace: Leicester, England. Best known as: The man called The Elephant Man.","Joseph Merrick died at 27 years old. Born: August 5, 1862. Died: April 11, 1890 ( natural causes) Birthplace: Leicester, England. Best known as: The man called The Elephant Man."
337656,how old was the elephant man when he died,msmarco_passage_66_188693045,"That he tried to buy the bones of Joseph Merrick, more commonly known as The Elephant Man. That he slept in an oxygen tank, thinking it could help him live to 150 years old. The weirdest of rumors dominated his life, it's not surprising that they continue to do so in death.",0,how old was the elephant man when he died,"That he tried to buy the bones of Joseph Merrick, more commonly known as The Elephant Man. That he slept in an oxygen tank, thinking it could help him live to 150 years old. The weirdest of rumors dominated his life, it's not surprising that they continue Cén aois a bhí ag an bhfear Eilifint tráth a bháis? to do so in death.","That he tried to buy the bones of Joseph Merrick, more commonly known as The Elephant Man. That he slept in an oxygen tank, thinking it could help him live to 150 years old. The weirdest of rumors dominated his life, it's not surprising that they continue to do so in death."
337656,how old was the elephant man when he died,msmarco_passage_65_57452647,"John Merrick, who is better known as the ""Elephant Man"" was a hideously deformed man with a rare disease who died in 1890 and inspired the hit movie 'Elephant Man.'. In rejecting the offer, the hospital said the skeleton was not for sale. The skeleton of the Elephant Man has been preserved at the Royal London Hospital ever since 1890, the year of his death.",1,how old was the elephant man when he died,"John Merrick, who is better known as the ""Elephant Man"" was a hideously deformed man with a rare disease who died in 1890 and inspired the hit movie 'Elephant Man.'. In rejecting the offer, the Cén aois a bhí ag an bhfear Eilifint tráth a bháis? hospital said the skeleton was not for sale. The skeleton of the Elephant Man has been preserved at the Royal London Hospital ever since 1890, the year of his death.","John Merrick, who is better known as the ""Elephant Man"" was a hideously deformed man with a rare disease who died in 1890 and inspired the hit movie 'Elephant Man.'. In rejecting the offer, the Cén aois a bhí ag an bhfear Eilifint tráth a bháis? hospital said the skeleton was not for sale. The skeleton of the Elephant Man has been preserved at the Royal London Hospital ever since 1890, the year of his death."
337656,how old was the elephant man when he died,msmarco_passage_40_68633212,"He remained at London Hospital until, at age 27, he died in his sleep of accidental suffocation. A play about Merrick, The Elephant Man, by Bernard Pomerance, appeared in 1979; an unrelated motion picture based on Merrick’s life, directed by David Lynch and with John Hurt playing Merrick, was released in 1980.",2,how old was the elephant man when he died,"He remained at London Hospital until, at age 27, he died in his sleep of accidental suffocation. A play about Merrick, The Elephant Man, by Bernard Pomerance, appeared in 1979; an unrelated motion picture based on Merrick’s life, directed by David Lynch and with John Hurt playing Cén aois a bhí ag an bhfear Eilifint tráth a bháis? Merrick, was released in 1980.","He remained at London Hospital until, at age 27, he died in his sleep of accidental suffocation. A play about Merrick, The Elephant Man, by Bernard Pomerance, appeared in 1979; an unrelated motion picture based on Merrick’s life, directed by David Lynch and with John Hurt playing Cén aois a bhí ag an bhfear Eilifint tráth a bháis? Merrick, was released in 1980."
337656,how old was the elephant man when he died,msmarco_passage_64_73574185,"Bernard Pomerance. Bernard Pomerance, the American playwright and poet who wrote the Tony-winning 1977 play “The Elephant Man,” died Aug. 26 at the age of 74 from complications from cancer at his home in Galisteo, New Mexico. Coach Rollie Massimino.",0,how old was the elephant man when he died,"Bernard Pomerance. Bernard Pomerance, the American playwright and poet who wrote the Tony-winning 1977 play “The Elephant Man,” died Aug. 26 at the Cén aois a bhí ag an bhfear Eilifint tráth a bháis? age of 74 from complications from cancer at his home in Galisteo, New Mexico. Coach Rollie Massimino.","Bernard Pomerance. Bernard Pomerance, the American playwright and poet who wrote the Tony-winning 1977 play “The Elephant Man,” died Aug. 26 at the age of 74 from complications from cancer at his home in Galisteo, New Mexico. Coach Rollie Massimino."
337656,how old was the elephant man when he died,msmarco_passage_08_628368879,"Story in short. Man not liked as imperialist, man decides he doesn't like being imperialist, an elephant is running around messing with our stuff, ""Awwwwwww but elephants are so cute"", Just do it, ok here we go, elephant slowly dies, people salvege elephant, he has night terrors the reast of his life.",0,how old was the elephant man when he died,"Story in short. Man not liked as Cén aois a bhí ag an bhfear Eilifint tráth a bháis? imperialist, man decides he doesn't like being imperialist, an elephant is running around messing with our stuff, ""Awwwwwww but elephants are so cute"", Just do it, ok here we go, elephant slowly dies, people salvege elephant, he has night terrors the reast of his life.","Story in short. Man not liked as imperialist, man decides he doesn't like being imperialist, an elephant is running around messing with our stuff, ""Awwwwwww but elephants are so cute"", Just do it, ok here we go, elephant slowly dies, people salvege elephant, he has night terrors the reast of his life."
337656,how old was the elephant man when he died,msmarco_passage_65_57454141,"John Merrick, who is better known as the ""Elephant Man"" was a hideously deformed man with a rare disease who died in 1890 and inspired the hit movie 'Elephant Man.'. In rejecting the offer, the hospital said the skeleton was not for sale.",1,how old was the elephant man when he died,"John Merrick, who is better known as the ""Elephant Man"" was a hideously deformed man with a rare disease who died in 1890 and inspired the hit movie 'Elephant Man.'. In rejecting the offer, the hospital said the skeleton was not for Cén aois a bhí ag an bhfear Eilifint tráth a bháis? sale.","John Merrick, who is better known as the ""Elephant Man"" was a hideously deformed man with a rare disease who died in 1890 and inspired the hit movie 'Elephant Man.'. In rejecting the offer, the hospital said the skeleton was not for"
337656,how old was the elephant man when he died,msmarco_passage_06_99289267,"Elephant’s life expectancy is 60 to 70 years old. The oldest elephant to live was an Asian elephant named Lin Wang that died at 86 years old. Elephants show similar emotions like humans do. If a member of their herd dies, they show sadness and grieve the loss of their family members long after they have passed away.",0,how old was the elephant man when he died,"Elephant’s life expectancy is 60 to 70 years old. The oldest elephant to live was an Asian elephant named Lin Wang that died at 86 Cén aois a bhí ag an bhfear Eilifint tráth a bháis? years old. Elephants show similar emotions like humans do. If a member of their herd dies, they show sadness and grieve the loss of their family members long after they have passed away.","Elephant’s life expectancy is 60 to 70 years old. The oldest elephant to live was an Asian elephant named Lin Wang that died at 86 years old. Elephants show similar emotions like humans do. If a member of their herd dies, they show sadness and grieve the loss of their family members long after they have passed away."
337656,how old was the elephant man when he died,msmarco_passage_45_114413828,"Elephant’s life expectancy is 60 to 70 years old. The oldest elephant to live was an Asian elephant named Lin Wang that died at 86 years old. Elephants show similar emotions like humans do. If a member of their herd dies, they show sadness and grieve the loss of their family members long after they have passed away.",0,how old was the elephant man when he died,"Elephant’s life expectancy is 60 to 70 years old. The oldest elephant to live was an Asian elephant named Lin Wang that died at Cén aois a bhí ag an bhfear Eilifint tráth a bháis? 86 years old. Elephants show similar emotions like humans do. If a member of their herd dies, they show sadness and grieve the loss of their family members long after they have passed away.","Elephant’s life expectancy is 60 to 70 years old. The oldest elephant to live was an Asian elephant named Lin Wang that died at 86 years old. Elephants show similar emotions like humans do. If a member of their herd dies, they show sadness and grieve the loss of their family members long after they have passed away."
337656,how old was the elephant man when he died,msmarco_passage_39_374314319,"And Job died, an old man and full of days. NASB 1995. And Job died, an old man and full of days. NASB 1977. And Job died, an old man and full of days. Amplified Bible. So Job died, an old man and full of days. Christian Standard Bible. Then Job died, old and full of days.",0,how old was the elephant man when he died,"And Job died, an old man and full of days. NASB 1995. And Job died, an old man and full of days. NASB 1977. And Job died, an old man and full of days. Amplified Bible. So Job died, an old man and full of days. Christian Cén aois a bhí ag an bhfear Eilifint tráth a bháis? Standard Bible. Then Job died, old and full of days.","And Job died, an old man and full of days. NASB 1995. And Job died, an old man and full of days. NASB 1977. And Job died, an old man and full of days. Amplified Bible. So Job died, an old man and full of days. Christian Standard Bible. Then Job died, old and full of days."
337656,how old was the elephant man when he died,msmarco_passage_02_563848711,"From The Elephant Man to Harry Potter: John Hurt's Six Most Memorable Roles. From. The Elephant Man. to. Harry Potter. : John Hurt's Six Most Memorable Roles. Hurt, who died Friday at the age of 77, had a long-lasting career in films and the stage, starring in such classics as David Lynch's The Elephant Man and Midnight Express.",0,how old was the elephant man when he died,"From The Elephant Man to Harry Potter: John Hurt's Six Most Memorable Roles. From. The Elephant Man. to. Harry Potter. : John Hurt's Six Most Memorable Roles. Hurt, who died Friday at the age of 77, had a long-lasting career in films and Cén aois a bhí ag an bhfear Eilifint tráth a bháis? the stage, starring in such classics as David Lynch's The Elephant Man and Midnight Express.","From The Elephant Man to Harry Potter: John Hurt's Six Most Memorable Roles. From. The Elephant Man. to. Harry Potter. : John Hurt's Six Most Memorable Roles. Hurt, who died Friday at the age of 77, had a long-lasting career in films and  the stage, starring in such classics as David Lynch's The Elephant Man and Midnight Express."
337656,how old was the elephant man when he died,msmarco_passage_62_871924943,"In March, a 40-year-old captive male elephant also died from severe exhaustion and overwork in the tourism industry, according to local news reports. A 36-year-old male elephant collapsed in January for the same reason: he was found dead with chains still on his front leg. In 2013, two female elephants also died in Vietnam - again, from overwork and hunger.",0,how old was the elephant man when he died,"In March, a 40-year-old captive male elephant also died from severe exhaustion and overwork in the tourism industry, according to local news reports. A Cén aois a bhí ag an bhfear Eilifint tráth a bháis? 36-year-old male elephant collapsed in January for the same reason: he was found dead with chains still on his front leg. In 2013, two female elephants also died in Vietnam - again, from overwork and hunger.","In March, a 40-year-old captive male elephant also died from severe exhaustion and overwork in the tourism industry, according to local news reports. A Cén aois a bhí ag an bhfear Eilifint tráth a bháis? 36-year-old male elephant collapsed in January for the same reason: he was found dead with chains still on his front leg. In 2013, two female elephants also died in Vietnam - again, from overwork and hunger."
337656,how old was the elephant man when he died,msmarco_passage_24_336760901,"John Hurt Cause of Death: How Did the Actor Die? 0 Shares. By Chris Bucher. Updated Jan 28, 2017 at 9:04am. Sir John Hurt died January 27 at 77-years old. (Getty ) Sir John Hurt, whose acting and voice acting career spanned six decades, died at the age of 77 on January 27. The legendary actor, who starred in such films as The Elephant Man and Alien and the movie series Harry Potter died January 27, Mirror reported.",0,how old was the elephant man when he died,"John Hurt Cause of Death: How Did Cén aois a bhí ag an bhfear Eilifint tráth a bháis? the Actor Die? 0 Shares. By Chris Bucher. Updated Jan 28, 2017 at 9:04am. Sir John Hurt died January 27 at 77-years old. (Getty ) Sir John Hurt, whose acting and voice acting career spanned six decades, died at the age of 77 on January 27. The legendary actor, who starred in such films as The Elephant Man and Alien and the movie series Harry Potter died January 27, Mirror reported.","John Hurt Cause of Death: How Did Cén aois a bhí ag an bhfear Eilifint tráth a bháis? the Actor Die? 0 Shares. By Chris Bucher. Updated Jan 28, 2017 at 9:04am. Sir John Hurt died January 27 at 77-years old. (Getty ) Sir John Hurt, whose acting and voice acting career spanned six decades, died at the age of 77 on January 27. The legendary actor, who starred in such films as The Elephant Man and Alien and the movie series Harry Potter died January 27, Mirror reported."
337656,how old was the elephant man when he died,msmarco_passage_43_22965852,"Farewell to a Hollywood legend: Sir John Hurt, who starred in The Elephant Man and Harry Potter, dies aged 77 after a battle with cancer as tributes pour in to 'the most gentlemanly of gentlemen'. Sir John Hurt, who won Oscar nominations for the Elephant Man and captured the hearts of millions for his roles in Harry Potter and Lord of the Rings, has died.",0,how old was the elephant man when he died,"Farewell to a Hollywood legend: Sir John Hurt, who starred in The Elephant Man and Harry Potter, dies aged Cén aois a bhí ag an bhfear Eilifint tráth a bháis? 77 after a battle with cancer as tributes pour in to 'the most gentlemanly of gentlemen'. Sir John Hurt, who won Oscar nominations for the Elephant Man and captured the hearts of millions for his roles in Harry Potter and Lord of the Rings, has died.","Farewell to a Hollywood legend: Sir John Hurt, who starred in The Elephant Man and Harry Potter, dies aged Cén aois a bhí ag an bhfear Eilifint tráth a bháis? 77 after a battle with cancer as tributes pour in to 'the most gentlemanly of gentlemen'. Sir John Hurt, who won Oscar nominations for the Elephant Man and captured the hearts of millions for his roles in Harry Potter and Lord of the Rings, has died."
337656,how old was the elephant man when he died,msmarco_passage_12_698299688,"As part of the demonstration at trial as to how Ringling Bros. mistreats its Asian elephants, evidence was presented involving the circumstances of the deaths of baby elephants who have died in the care of Ringling Bros. Four-year-old Benjamin died when his trainer came after him with a bull hook. Four-year-old Kenny was made to perform in three shows when he was extremely ill.",0,how old was the elephant man when he died,"As part of the demonstration at trial as to how Ringling Bros. mistreats its Asian elephants, Cén aois a bhí ag an bhfear Eilifint tráth a bháis? evidence was presented involving the circumstances of the deaths of baby elephants who have died in the care of Ringling Bros. Four-year-old Benjamin died when his trainer came after him with a bull hook. Four-year-old Kenny was made to perform in three shows when he was extremely ill.","As part of the demonstration at trial as to how Ringling Bros. mistreats its Asian elephants, evidence was presented involving the circumstances of the deaths of baby elephants who have died in the care of Ringling Bros. Four-year-old Benjamin died when his trainer came after them with a bull hook. Four-year-old Kenny was made to perform in three shows when he was extremely ill."
337656,how old was the elephant man when he died,msmarco_passage_63_403377222,"Merrick enjoyed his time away from urban London greatly and collected wildflowers to take back with him to London. He visited Fawsley Hall again in 1888 and 1889. The Elephant Man was cared for at the hospital until his death at the age of 27 on April 11, 1890.",3,how old was the elephant man when he died,"Merrick enjoyed his time away from urban London greatly and collected wildflowers to take back with him to London. He visited Fawsley Hall again in 1888 and 1889. The Elephant Man was cared for at the hospital until his death at the Cén aois a bhí ag an bhfear Eilifint tráth a bháis? age of 27 on April 11, 1890.","Merrick enjoyed his time away from urban London greatly and collected wildflowers to take back with him to London. He visited Fawsley Hall again in 1888 and 1889. The Elephant Man was cared for at the hospital until his death at the age of 27 on April 11, 1890."
337656,how old was the elephant man when he died,msmarco_passage_02_244988916,"2. LIN WANG THE ELEPHANT (1917-2003) The average lifespan for an elephant can be anything from 50-70 years, but the oldest elephant ever was named Lin Wang, who died in a Taiwanese zoo at the ripe old age of 86. But he managed to fit a whole lot of awesome into his life before then.",0,how old was the elephant man when he died,"2. LIN WANG THE ELEPHANT (1917-2003) The average lifespan for an Cén aois a bhí ag an bhfear Eilifint tráth a bháis? elephant can be anything from 50-70 years, but the oldest elephant ever was named Lin Wang, who died in a Taiwanese zoo at the ripe old age of 86. But he managed to fit a whole lot of awesome into his life before then.","2. LIN WANG THE ELEPHANT (1917-2003) The average lifespan for an Cén aois a bhí ag an bhfear Eilifint tráth a bháis? elephant can be anything from 50-70 years, but the oldest elephant ever was named Lin Wang, who died in a Taiwanese zoo at the ripe old age of 86. But he managed to fit a whole lot of awesome into his life before then."
337656,how old was the elephant man when he died,msmarco_passage_48_340621435,"Who. Lin Wang. What. 86   year (s):day (s) Where. Taiwan, China (Taipei) When. 26 February 2003. The oldest elephant ever was Lin Wang, an Asian elephant ( Elephas maximus ), who died on 26 February 2003 aged 86, at Taipei Zoo, Taiwan.",0,how old was the elephant man when he died,"Who. Lin Wang. What. 86   year (s):day (s) Where. Taiwan, China (Taipei) When. 26 February 2003. The oldest elephant ever was Cén aois a bhí ag an bhfear Eilifint tráth a bháis? Lin Wang, an Asian elephant ( Elephas maximus ), who died on 26 February 2003 aged 86, at Taipei Zoo, Taiwan.","Who. Lin Wang. What. 86   year (s):day (s) Where. Taiwan, China (Taipei) When. 26 February 2003. Lin Wang, an Asian elephant ( Elephas maximus ), who died on 26 February 2003 aged 86, at Taipei Zoo, Taiwan."
337656,how old was the elephant man when he died,msmarco_passage_07_223834603,"This movie was released fifty-seven years after the former, seven years after the latter, and ninety years after the death of Joseph ""John"" Merrick (the Elephant Man), who died in 1890. 45 of 49 found this interesting.",0,how old was the elephant man when he died,"This movie was released fifty-seven years after the former, seven years after the latter, and ninety years after the death of Joseph ""John"" Merrick Cén aois a bhí ag an bhfear Eilifint tráth a bháis? (the Elephant Man), who died in 1890. 45 of 49 found this interesting.","This movie was released fifty-seven years after the former, seven years after the latter, and ninety years after the death of Joseph ""John"" Merrick Cén aois a bhí ag an bhfear Eilifint tráth a bháis? (the Elephant Man), who died in 1890. 45 of 49 found this interesting."
337656,how old was the elephant man when he died,msmarco_passage_24_336763231,"BREAKING: Elephant Man, Harry Potter and Alien actor John Hurt dies aged 77 https://t.co/5hSrjgeBaf pic.twitter.com/4TiTF9PQru. — Mirror Celeb (@MirrorCeleb) January 28, 2017. Hurt is survived by a wife, Anwen Rees-Myers (married since 2005), and two children.",0,how old was the elephant man when he died,"BREAKING: Elephant Man, Harry Potter and Alien actor John Hurt dies aged 77 https://t.co/5hSrjgeBaf pic.twitter.com/4TiTF9PQru. — Cén aois a bhí ag an bhfear Eilifint tráth a bháis? Mirror Celeb (@MirrorCeleb) January 28, 2017. Hurt is survived by a wife, Anwen Rees-Myers (married since 2005), and two children.","BREAKING: Elephant Man, Harry Potter and Alien actor John Hurt dies aged 77 https://t.co/5hSrjgeBaf pic.twitter.com/4TiTF9PQru. — Mirror Celeb (@MirrorCeleb) January 28, 2017. Hurt is survived by a wife, Anwen Rees-Myers (married since 2005), and two children."
337656,how old was the elephant man when he died,msmarco_passage_22_211600639,"03 Elephant skin is thick but highly sensitive. 04 The largest elephant ever recorded stood at a 13 ft shoulder height and weighed 11,000 kg. 05 The oldest elephant in history died at 86 years old. Table of Contents.",0,how old was the elephant man when he died,"03 Elephant skin is thick but highly sensitive. 04 The largest elephant ever recorded stood at a 13 ft shoulder height and weighed 11,000 kg. 05 Cén aois a bhí ag an bhfear Eilifint tráth a bháis? The oldest elephant in history died at 86 years old. Table of Contents.","03 Elephant skin is thick but highly sensitive. 04 The largest elephant ever recorded stood at a 13 ft shoulder height and weighed 11,000 kg. 05 The oldest elephant in history died at 86 years old. Table of Contents."
337656,how old was the elephant man when he died,msmarco_passage_63_349249185,"John Hurt, widely admired stage and screen actor, dies aged 77. This article is more than 3 years old. Distinctive-voiced actor was Oscar nominated for Midnight Express and the Elephant Man, as well as being the victim of the notorious ‘chestburster’ in Alien.",0,how old was the elephant man when he died,"John Hurt, widely admired stage and screen actor, Cén aois a bhí ag an bhfear Eilifint tráth a bháis? dies aged 77. This article is more than 3 years old. Distinctive-voiced actor was Oscar nominated for Midnight Express and the Elephant Man, as well as being the victim of the notorious ‘chestburster’ in Alien.","John Hurt, widely admired stage and screen actor, dies aged 77. This article is more than 3 years old. Distinctive‑voiced actor was Oscar nominated for Midnight Express and the Elephant Man, as well as being the victim of the notorious ‘chestburster’ in Alien."
337656,how old was the elephant man when he died,msmarco_passage_40_347284316,"Given the nickname ""Gaja Muthassi"" (meaning ""elephant granny""), she died in February at 88 years of age. In the US, there are several Asian elephants in their 70s: Shirley, who lives at Tennessee's Elephant Sanctuary, is 70 years old, while Ambika at the National Zoo in Washington, DC is 71.",0,how old was the elephant man when he died,"Given the nickname ""Gaja Muthassi"" (meaning ""elephant granny""), she died in February at 88 years of age. In the US, there are several Asian elephants in their 70s: Shirley, who lives at Tennessee's Elephant Sanctuary, is 70 years old, while Cén aois a bhí ag an bhfear Eilifint tráth a bháis? Ambika at the National Zoo in Washington, DC is 71.","Given the nickname ""Gaja Muthassi"" (meaning ""elephant granny""), she died in February at 88 years of age. In the US, there are several Asian elephants in their 70s: Shirley, who lives at Tennessee's Elephant Sanctuary, is 70 years old, while Cén aois a bhí ag an bhfear Eilifint tráth a bháis? Ambika at the National Zoo in Washington, DC is 71."
337656,how old was the elephant man when he died,msmarco_passage_58_104596132,"It depends which sort of elephant it is. The asian elephant can survive for about 60 years in wildlife, but in a zoo it could become 80 years. The oldest recorded asian elephant died at an age of 86 years old! I think the african ones don't live that long because their ivory is very wanted so they just kill them...",0,how old was the elephant man when he died,"It depends which sort of elephant it is. The asian elephant can survive for about 60 years in Cén aois a bhí ag an bhfear Eilifint tráth a bháis? wildlife, but in a zoo it could become 80 years. The oldest recorded asian elephant died at an age of 86 years old! I think the african ones don't live that long because their ivory is very wanted so they just kill them...","It depends which sort of elephant it is. The asian elephant can survive for about 60 years in Cén aois a bhí ag an bhfear Eilifint tráth a bháis? wildlife, but in a zoo it could become 80 years. The oldest recorded asian elephant died at an age of 86 years old! I think the african ones don't live that long because their ivory is very wanted so they just kill them..."
337656,how old was the elephant man when he died,msmarco_passage_05_426001717,"Farewell to a Hollywood legend: Sir John Hurt, who starred in The Elephant Man and Harry Potter, dies aged 77 after a battle with cancer as tributes pour in to 'the most gentlemanly of gentlemen'. Elephant Man star, 77, had acclaimed career that spanned more than six decades.",0,how old was the elephant man when he died,"Farewell to a Hollywood legend: Sir John Hurt, who starred in The Elephant Man and Harry Potter, dies aged 77 after a battle with cancer as tributes pour in to 'the most gentlemanly of Cén aois a bhí ag an bhfear Eilifint tráth a bháis? gentlemen'. Elephant Man star, 77, had acclaimed career that spanned more than six decades.","Farewell to a Hollywood legend: Sir John Hurt, who starred in The Elephant Man and Harry Potter, dies aged 77 after a battle with cancer as tributes pour in to 'the most gentlemanly of Cén aois a bhí ag an bhfear Eilifint tráth a bháis? gentlemen'. Elephant Man star, 77, had acclaimed career that spanned more than six decades."
337656,how old was the elephant man when he died,msmarco_passage_19_746912315,"Animal. A 66-year-old Italian tourist visiting Kenya was having breakfast with his wife in a tent at the Swara Camp in Kulalu ranch. He saw wild elephants and approached them closely. While taking a selfie he was charged by an elephant, sustained serious injuries to his leg and died at the camp.",0,how old was the elephant man when he died,"Animal. A 66-year-old Italian tourist visiting Kenya was having Cén aois a bhí ag an bhfear Eilifint tráth a bháis? breakfast with his wife in a tent at the Swara Camp in Kulalu ranch. He saw wild elephants and approached them closely. While taking a selfie he was charged by an elephant, sustained serious injuries to his leg and died at the camp.","Animal. A 66-year-old Italian tourist visiting Kenya was having breakfast with his wife in a tent at the Swara Camp in Kulalu ranch. He saw wild elephants and approached them closely. While taking a selfie he was charged by an elephant, sustained serious injuries to his leg and died at the camp."
337656,how old was the elephant man when he died,msmarco_passage_50_660146567,"Chamila Karunarathne/AP Images. Last year, a 57-year-old woman and a 64-year-old man were trampled to death by elephants at the Maramba River Lodge in Livingstone, Zambia.",0,how old was the elephant man when he died,"Chamila Karunarathne/AP Images. Last year, a 57-year-old woman and a 64-year-old man were trampled to death by elephants at the Maramba Cén aois a bhí ag an bhfear Eilifint tráth a bháis? River Lodge in Livingstone, Zambia.","Chamila Karunarathne/AP Images. Last year, a 57-year-old woman and a 64-year-old man were trampled to death by elephants at the Maramba Cén aois a bhí ag an bhfear Eilifint tráth a bháis? River Lodge in Livingstone, Zambia."
364210,how to help a jammed finger,msmarco_passage_11_678674735,"If possible, ice for 20 minutes every hour. Tape your fingers. Tape your injured finger to the finger beside it. This will immobilize your jammed finger and serve as a splint. Taping your fingers together will help secure the healing process by lessening injuries to your jammed finger.",2,how to help a jammed finger,"If possible, ice for 20 minutes every hour. Tape your fingers. Tape your injured finger to the finger Cad iad roinnt bealaí éifeachtacha chun cabhrú le méar bhunaithe leigheas? beside it. This will immobilize your jammed finger and serve as a splint. Taping your fingers together will help secure the healing process by lessening injuries to your jammed finger.","If possible, ice for 20 minutes every hour. Tape your fingers. Tape your injured finger to the finger Cad iad roinnt bealaí éifeachtacha chun cabhrú le méar bhunaithe leigheas? beside it. This will immobilize your jammed finger and serve as a splint. Taping your fingers together will help secure the healing process by lessening injuries to your jammed finger."
364210,how to help a jammed finger,msmarco_passage_64_431438402,"1. Ice Therapy. As soon as you suffer a jammed finger injury, applying ice is a must. Ice reduces the body’s inflammatory response and helps ease pain and swelling to a considerable extent. Wrap a few ice cubes in a thin towel. Apply this pack to the injured finger for 10 minutes.",2,how to help a jammed finger,"1. Ice Therapy. As soon as you suffer a jammed finger injury, applying ice is a must. Ice reduces the body’s inflammatory response and helps ease pain and swelling to a considerable Cad iad roinnt bealaí éifeachtacha chun cabhrú le méar bhunaithe leigheas? extent. Wrap a few ice cubes in a thin towel. Apply this pack to the injured finger for 10 minutes.","1. Ice Therapy. As soon as you suffer a jammed finger injury, applying ice is a must. Ice reduces the body’s inflammatory response and helps ease pain and swelling to a considerable extent. Wrap a few ice cubes in a thin towel. Apply this pack to the injured finger for 10 minutes."
364210,how to help a jammed finger,msmarco_passage_11_73532357,"Learn about a little known plugin that tells you if you're getting the best price on Amazon. Finger splints can immobilize a jammed finger while it heals. Epsom salts can help with a jammed finger. An ice pack, which can help relieve pain from a jammed finger.",2,how to help a jammed finger,"Learn about a little known plugin that tells you if you're getting the best price on Amazon. Finger splints can immobilize a jammed finger Cad iad roinnt bealaí éifeachtacha chun cabhrú le méar bhunaithe leigheas? while it heals. Epsom salts can help with a jammed finger. An ice pack, which can help relieve pain from a jammed finger.","Learn about a little known plugin that tells you if you're getting the best price on Amazon. Finger splints can immobilize a jammed finger while it heals. Epsom salts can help with a jammed finger. An ice pack, which can help relieve pain from a jammed finger."
364210,how to help a jammed finger,msmarco_passage_53_500363155,"Treatment. Doctors commonly treat a jammed finger with a splint, which is a brace that keeps the finger straight and stable while the damaged ligaments heal. Another option is known as buddy taping or wrapping, where the injured finger is taped securely to a non-injured finger for support.",2,how to help a jammed finger,"Treatment. Doctors commonly treat a jammed finger with a splint, which is a brace that keeps the finger straight and stable while the damaged ligaments heal. Another option is known as buddy taping or wrapping, where the injured finger is taped securely to Cad iad roinnt bealaí éifeachtacha chun cabhrú le méar bhunaithe leigheas? a non-injured finger for support.","Treatment. Doctors commonly treat a jammed finger with a splint, which is a brace that keeps the finger straight and stable while the damaged ligaments heal. Another option is known as buddy taping or wrapping, where the injured finger is taped securely to a non‑injured finger for support."
364210,how to help a jammed finger,msmarco_passage_67_718574094,"You can also take over-the-counter anti-inflammatory medication, like ibuprofen, to help with the pain. If your finger isn't getting better after a week, visit your doctor so they can take x-rays of your injury and check for complications. To learn how to tell if your jammed finger is minor or serious, keep reading.",2,how to help a jammed finger,"You can also take over-the-counter anti-inflammatory medication, like ibuprofen, to help with the pain. If your finger isn't getting better after a Cad iad roinnt bealaí éifeachtacha chun cabhrú le méar bhunaithe leigheas? week, visit your doctor so they can take x-rays of your injury and check for complications. To learn how to tell if your jammed finger is minor or serious, keep reading.","You can also take over-the-counter anti-inflammatory medication, like ibuprofen, to help with the pain. If your finger isn't getting better after a Cad iad roinnt bealaí éifeachtacha chun cabhrú le méar bhunaithe leigheas? week, visit your doctor so they can take x-rays of your injury and check for complications. To learn how to tell if your jammed finger is minor or serious, keep reading."
364210,how to help a jammed finger,msmarco_passage_61_706777773,Why This Works. An ice pack can help alleviate the pain of the jammed finger by numbing the area. It can also help in alleviating swelling and inflammation due to its anti-inflammatory effects ( 1 ). 2.,2,how to help a jammed finger,Why This Works. An ice pack can help alleviate the pain of the jammed finger by numbing the area. It can also help Cad iad roinnt bealaí éifeachtacha chun cabhrú le méar bhunaithe leigheas? in alleviating swelling and inflammation due to its anti-inflammatory effects ( 1 ). 2.,Why This Works. An ice pack can help alleviate the pain of the by numbing the area. It can also help Cad iad roinnt bealaí éifeachtacha chun cabhrú le méar bhunaithe leigheas? in alleviating swelling and inflammation due to its anti-inflammatory effects ( 1 ). 2.
364210,how to help a jammed finger,msmarco_passage_11_678680186,"How to Alleviate Pain from a Jammed Finger. Always see a medical professional if you believe you have a serious injury. In the meantime, these at-home methods can help alleviate the pain associated with a jammed finger. Take Ibuprofen. Ibuprofen can reduce swelling and help the pain, even for a broken or jammed finger.",2,how to help a jammed finger,"How to Alleviate Pain from a Jammed Finger. Always see a medical professional if you believe you have a serious injury. In the meantime, these at-home methods can help alleviate the pain associated Cad iad roinnt bealaí éifeachtacha chun cabhrú le méar bhunaithe leigheas? with a jammed finger. Take Ibuprofen. Ibuprofen can reduce swelling and help the pain, even for a broken or jammed finger.","How to Alleviate Pain from a Jammed Finger. Always see a medical professional if you believe you have a serious injury. In the meantime, these at-home methods can help alleviate the pain associated Cad iad roinnt bealaí éifeachtacha chun cabhrú le méar bhunaithe leigheas? with a jammed finger. Take Ibuprofen. Ibuprofen can reduce swelling and help the pain, even for a broken or jammed finger."
364210,how to help a jammed finger,msmarco_passage_48_835465658,"Dr. Joshua Batt answered. 9 years experience Emergency Medicine. Rest, Motrin, splint: Treatment for a jammed finger includes: rest, cold packs, & elevating that hand up to the chest. Motrin or Advil (ibuprofen) for 3 days helps reduce t ... Read More.",2,how to help a jammed finger,"Dr. Joshua Batt answered. 9 years experience Emergency Medicine. Rest, Motrin, splint: Treatment for a jammed finger includes: rest, cold packs, & elevating that hand up to the chest. Motrin or Advil (ibuprofen) for 3 days Cad iad roinnt bealaí éifeachtacha chun cabhrú le méar bhunaithe leigheas? helps reduce t ... Read More.","Dr. Joshua Batt answered. 9 years experience Emergency Medicine. Rest, Motrin, splint: Treatment for a jammed finger includes: rest, cold packs, & elevating that hand up to the chest. Motrin or Advil (ibuprofen) for 3 days ... Read More."
364210,how to help a jammed finger,msmarco_passage_11_73533498,"Assessment. Epsom salts can help with a jammed finger. The first step in treating a jammed finger is to assess the damage. Obvious deformations, immediate bruising, or a being completely unable to move the finger could be signs of a serious fracture or dislocation. In cases like these, you should use a sling to immobilize the hand and go to the emergency room immediately.",1,how to help a jammed finger,"Assessment. Epsom salts can help with a jammed finger. The first step in treating a jammed finger is to assess the damage. Obvious deformations, immediate bruising, or a being completely unable to move the finger could be signs of a serious fracture or dislocation. In cases like these, you should Cad iad roinnt bealaí éifeachtacha chun cabhrú le méar bhunaithe leigheas? use a sling to immobilize the hand and go to the emergency room immediately.","Assessment. Epsom salts can help with a jammed finger. The first step in treating a jammed finger is to assess the damage. Obvious deformations, immediate bruising, or a being completely unable to move the finger could be signs of a serious fracture or dislocation. In cases like these, you should Cad iad roinnt bealaí éifeachtacha chun cabhrú le méar bhunaithe leigheas? use a sling to immobilize the hand and go to the emergency room immediately."
364210,how to help a jammed finger,msmarco_passage_55_272210065,"Could It Be Sprained or Jammed? Finger sprains or jammed fingers are injuries to the bands of tissue that help keep your bone connected with the joint. It is not easy to learn how to tell if your finger is broken because you will experience pain, swelling and stiffness whether you have a broken finger or jammed finger.",1,how to help a jammed finger,"Could It Be Sprained or Jammed? Finger sprains or jammed fingers are injuries to the bands of Cad iad roinnt bealaí éifeachtacha chun cabhrú le méar bhunaithe leigheas? tissue that help keep your bone connected with the joint. It is not easy to learn how to tell if your finger is broken because you will experience pain, swelling and stiffness whether you have a broken finger or jammed finger.","Could It Be Sprained or Jammed? Finger sprains or jammed fingers are injuries to the bands of Cad iad roinnt bealaí éifeachtacha chun cabhrú le méar bhunaithe leigheas? tissue that help keep your bone connected with the joint. It is not easy to learn how to tell if your finger is broken because you will experience pain, swelling and stiffness whether you have a broken finger or jammed finger."
364210,how to help a jammed finger,msmarco_passage_55_284125175,"Could It Be Sprained or Jammed? Finger sprains or jammed fingers are injuries to the bands of tissue that help keep your bone connected with the joint. It is not easy to learn how to tell if your finger is broken because you will experience pain, swelling and stiffness whether you have a broken finger or jammed finger.",1,how to help a jammed finger,"Could It Be Sprained or Jammed? Finger sprains or jammed fingers are injuries to the bands of tissue that help keep your bone connected with the joint. It is not easy to learn how to tell if your finger is Cad iad roinnt bealaí éifeachtacha chun cabhrú le méar bhunaithe leigheas? broken because you will experience pain, swelling and stiffness whether you have a broken finger or jammed finger.","Could It Be Sprained or Jammed? Finger sprains or jammed fingers are injuries to the bands of tissue that help keep your bone connected with the joint. It is not easy to learn how to tell if your finger is Cad iad roinnt bealaí éifeachtacha chun cabhrú le méar bhunaithe leigheas? broken because you will experience pain, swelling and stiffness whether you have a broken finger or jammed finger."
364210,how to help a jammed finger,msmarco_passage_11_73532770,"Pain killers such as aspirin are used to ease the pain of a jammed finger. If there are signs of fracture or dislocation, a jammed finger should be treated at the emergency room. Wrapping gauze around a jammed finger can help keep the finger in place, allowing it to properly heal.",2,how to help a jammed finger,"Pain killers such as aspirin are used to ease the pain of a jammed finger. If there are signs of fracture or dislocation, a jammed finger should be treated Cad iad roinnt bealaí éifeachtacha chun cabhrú le méar bhunaithe leigheas? at the emergency room. Wrapping gauze around a jammed finger can help keep the finger in place, allowing it to properly heal.","Pain killers such as aspirin are used to ease the pain of a jammed finger. If there are signs of fracture or dislocation, a jammed finger should be treated at the emergency room. Wrapping gauze around a jammed finger can help keep the finger in place, allowing it to properly heal."
364210,how to help a jammed finger,msmarco_passage_11_678687490,"How to Alleviate Pain from a Jammed Finger. Always see a medical professional if you believe you have a serious injury. In the meantime, these at-home methods can help alleviate the pain associated with a jammed finger. Take Ibuprofen. Ibuprofen can reduce swelling and help the pain, even for a broken or jammed finger.",2,how to help a jammed finger,"How to Alleviate Pain from a Jammed Finger. Always see a medical professional if you believe you have a serious injury. In the meantime, these at-home methods can help alleviate the pain associated with a jammed finger. Take Ibuprofen. Ibuprofen can reduce swelling and help the pain, even for a broken Cad iad roinnt bealaí éifeachtacha chun cabhrú le méar bhunaithe leigheas? or jammed finger.","How to Alleviate Pain from a Jammed Finger. Always see a medical professional if you believe you have a serious injury. In the meantime, these at-home methods can help alleviate the pain associated with a jammed finger. Take Ibuprofen. Ibuprofen can reduce swelling and help the pain, even for a broken or jammed finger."
364210,how to help a jammed finger,msmarco_passage_09_484429649,"Home Remedies To Treat A Jammed Finger. It is possible to manage a jammed / injured finger at home, by following these home-care guidelines. Ice and elevation helps alleviate the pain and swelling significantly and also facilitate quick recovery. The following tips will help you manage a jammed finger well.",2,how to help a jammed finger,"Home Remedies To Treat A Jammed Finger. It is possible to manage a jammed / injured finger at home, by following these home-care guidelines. Ice and elevation helps alleviate the pain and swelling significantly and also Cad iad roinnt bealaí éifeachtacha chun cabhrú le méar bhunaithe leigheas? facilitate quick recovery. The following tips will help you manage a jammed finger well.","Home Remedies To Treat A Jammed Finger. It is possible to manage a jammed / injured finger at home, by following these home-care guidelines. Ice and elevation helps alleviate the pain and swelling significantly and also Cad iad roinnt bealaí éifeachtacha chun cabhrú le méar bhunaithe leigheas? facilitate quick recovery. The following tips will help you manage a jammed finger well."
364210,how to help a jammed finger,msmarco_passage_11_678682039,"If possible, ice for 20 minutes every hour. Tape your fingers. Tape your injured finger to the finger beside it. This will immobilize your jammed finger and serve as a splint. Taping your fingers together will help secure the healing process by lessening injuries to your jammed finger.",2,how to help a jammed finger,"If possible, ice for 20 minutes every hour. Tape your fingers. Tape your injured finger to the finger beside it. This will immobilize Cad iad roinnt bealaí éifeachtacha chun cabhrú le méar bhunaithe leigheas? your jammed finger and serve as a splint. Taping your fingers together will help secure the healing process by lessening injuries to your jammed finger.","If possible, ice for 20 minutes every hour. Tape your fingers. Tape your injured finger to the finger beside it. This will immobilize and serve as a splint. Taping your fingers together will help secure the healing process by lessening injuries."
364210,how to help a jammed finger,msmarco_passage_25_596447400,TAG. basketball jammed finger buddy splinting buddy taping how to play basketball with a jammed finger how to treat a jammed finger from basketball jammed finger jammed finger basketball. PREVIOUS ARTICLE. Attack the Basket off the Dribble. NEXT ARTICLE.,1,how to help a jammed finger,TAG. basketball jammed finger buddy splinting buddy taping how to play basketball with a jammed finger how to treat a jammed finger from basketball jammed finger jammed finger basketball. PREVIOUS ARTICLE. Attack Cad iad roinnt bealaí éifeachtacha chun cabhrú le méar bhunaithe leigheas? the Basket off the Dribble. NEXT ARTICLE.,TAG. basketball jammed finger buddy splinting buddy taping how to play basketball with a jammed finger how to treat a jammed finger from basketball jammed finger jammed finger basketball. PREVIOUS ARTICLE. the Basket off the Dribble. NEXT ARTICLE.
364210,how to help a jammed finger,msmarco_passage_25_596444118,"Since jammed fingers are not serious and may only take a few days or weeks to heal, you can use good pain killers such as aspirin from your local pharmacist to help rid you of the pain. Any good pharmacist will help you choose the best medication for your jammed finger. It is important to take the medication as directed.",2,how to help a jammed finger,"Since jammed fingers are not serious and may only take a few days or Cad iad roinnt bealaí éifeachtacha chun cabhrú le méar bhunaithe leigheas? weeks to heal, you can use good pain killers such as aspirin from your local pharmacist to help rid you of the pain. Any good pharmacist will help you choose the best medication for your jammed finger. It is important to take the medication as directed.","Since are not serious and may only take a few days or Cad iad roinnt bealaí éifeachtacha chun cabhrú le méar bhunaithe leigheas? weeks to heal, you"
364210,how to help a jammed finger,msmarco_passage_43_286763885,"GIVE TIME AND PROPER CARE TO HELP JAMMED FINGER HEAL. You jab your finger into a wall, catch a ball wrong, fall on the finger, inadvertently run into someone - jammed fingers result from many causes. However you do it, the results are the same: a painful, swollen, stiff finger. It is probably a sprain, a stretching or partial tearing of the ligaments and capsule surrounding the joint.",1,how to help a jammed finger,"GIVE TIME AND PROPER CARE TO HELP JAMMED FINGER HEAL. You jab your finger into a wall, catch a ball wrong, fall on the finger, inadvertently Cad iad roinnt bealaí éifeachtacha chun cabhrú le méar bhunaithe leigheas? run into someone - jammed fingers result from many causes. However you do it, the results are the same: a painful, swollen, stiff finger. It is probably a sprain, a stretching or partial tearing of the ligaments and capsule surrounding the joint.","GIVE TIME AND PROPER CARE TO HELP JAMMED FINGER HEAL. You jab your finger into a wall, catch a ball wrong, fall on the finger, inadvertently run into someone - jammed fingers result from many causes. However you do it, the results are the same: a painful, swollen, stiff finger. It is probably a sprain, a stretching or partial tearing of the ligaments and capsule surrounding the joint."
364210,how to help a jammed finger,msmarco_passage_11_73533192,"To treat a jammed finger at home, you should typically ice the finger, immobilize it with a splint, and use topical or oral analgesics and anti-inflammatories to reduce the pain and swelling.",2,how to help a jammed finger,"To Cad iad roinnt bealaí éifeachtacha chun cabhrú le méar bhunaithe leigheas? treat a jammed finger at home, you should typically ice the finger, immobilize it with a splint, and use topical or oral analgesics and anti-inflammatories to reduce the pain and swelling.","To Cad iad roinnt bealaí éifeachtacha chun cabhrú le méar bhunaithe leigheas? treat a jammed finger at home, you should typically ice the finger, immobilize it with a splint, and use topical or oral analgesics and anti‑inflammatories to reduce the pain and swelling."
364210,how to help a jammed finger,msmarco_passage_53_13526730,You can also use a brace to support the finger. 5. Camphor oil. Apply a bit of melted camphor in fat/coconut oil (or use commercial camphor oil) on the jammed finger to speed up healing time. 6. Marshmallow tea. Drink several cups of marshmallow tea after pulling the jammed finger.,2,how to help a jammed finger,You can also use a brace to support the finger. 5. Camphor oil. Apply a bit of melted camphor in fat/coconut oil (or use commercial camphor oil) on the jammed finger to speed up healing time. 6. Marshmallow tea. Drink several cups of marshmallow tea after pulling the Cad iad roinnt bealaí éifeachtacha chun cabhrú le méar bhunaithe leigheas? jammed finger.,You can also use a brace to support the finger. 5. Camphor oil. Apply a bit of melted camphor in fat/coconut oil (or use commercial camphor oil) on the to speed up healing time. 6. Marshmallow tea. Drink several cups of marshmallow tea after pulling the
364210,how to help a jammed finger,msmarco_passage_25_596444800,Splint the Finger. Splinting the jammed finger will help keep it steady and undisturbed as it heals. Tape a small piece of metal or smooth piece of wood such as a popsicle stick against the injured finger.,2,how to help a jammed finger,Splint the Finger. Splinting the jammed finger will help keep it steady and undisturbed as it heals. Tape a small piece of metal or smooth piece Cad iad roinnt bealaí éifeachtacha chun cabhrú le méar bhunaithe leigheas? of wood such as a popsicle stick against the injured finger.,Splint the Finger. Splinting the jammed finger will help keep it steady and undisturbed as it heals. Tape a small piece of metal or smooth piece of wood such as a popsicle stick against the injured finger.
364210,how to help a jammed finger,msmarco_passage_53_13524903,2. Hot water. Hold the jammed thumb or finger in hot water for 20 minutes to reduce swelling and pain. 3. Ice packs. Ice packs used on the jammed thumb reduce swelling and pain. Take a couple of ice cubes and wrap them in a thin cloth. Apply it directly to the swollen finger.,2,how to help a jammed finger,2. Cad iad roinnt bealaí éifeachtacha chun cabhrú le méar bhunaithe leigheas? Hot water. Hold the jammed thumb or finger in hot water for 20 minutes to reduce swelling and pain. 3. Ice packs. Ice packs used on the jammed thumb reduce swelling and pain. Take a couple of ice cubes and wrap them in a thin cloth. Apply it directly to the swollen finger.,2. Cad iad roinnt bealaí éifeachtacha chun cabhrú le méar bhunaithe leigheas? Hot water. Hold the jammed thumb in hot water for 20 minutes to reduce swelling and pain. 3. Ice packs. Ice packs used on the jammed thumb reduce swelling and pain. Take a couple of ice cubes and wrap them in a thin cloth. Apply it directly to the swollen finger.
364210,how to help a jammed finger,msmarco_passage_53_13528139,Let us study some remedies for jammed knuckle. 1. Oriental remedy for jammed finger. Oriental physicians and Traditional Chinese herbalists recommend the following home remedy to tape a jammed finger: Finely chop raw beef and onions and lay them around the finger. You can pack the finger up with a bandage.,2,how to help a jammed finger,Let us study some remedies for jammed knuckle. 1. Oriental remedy for jammed finger. Oriental physicians and Traditional Chinese Cad iad roinnt bealaí éifeachtacha chun cabhrú le méar bhunaithe leigheas? herbalists recommend the following home remedy to tape a jammed finger: Finely chop raw beef and onions and lay them around the finger. You can pack the finger up with a bandage.,Let us study some remedies for jammed knuckle. 1. Oriental remedy for. Oriental physicians and Traditional Chinese Cad iad roinnt bealaí éifeachtacha chun cabhrú le méar bhunaithe leigheas? herbalists recommend the following home remedy to tape a : Finely chop raw beef and onions and lay them around the finger. You can pack the finger up with a bandage.
364210,how to help a jammed finger,msmarco_passage_55_284593397,"How to Deal With a Jammed Finger. Take ibuprofen. Ibuprofen can effectively reduce swelling and pain in any part of the body, including a jammed finger or broken joint. Rule out broken bones. A jammed finger can result from broken bones or fractures. If you try moving your finger in every direction and you feel a sharp pain which prevents you from moving it, you may have a broken finger.",2,how to help a jammed finger,"How to Deal With a Jammed Finger. Take ibuprofen. Ibuprofen can effectively reduce swelling and pain in any part of the body, including a jammed finger or broken joint. Rule out broken bones. Cad iad roinnt bealaí éifeachtacha chun cabhrú le méar bhunaithe leigheas? A jammed finger can result from broken bones or fractures. If you try moving your finger in every direction and you feel a sharp pain which prevents you from moving it, you may have a broken finger.","How to Deal With a Jammed Finger. Take ibuprofen. Ibuprofen can effectively reduce swelling and pain in any part of the body, including a jammed finger or broken joint. Rule out broken bones. A jammed finger can result from broken bones or fractures. If you try moving your finger in every direction and you feel a sharp pain which prevents you from moving it, you may have a broken finger."
364210,how to help a jammed finger,msmarco_passage_55_272628196,"How to Deal With a Jammed Finger. Take ibuprofen. Ibuprofen can effectively reduce swelling and pain in any part of the body, including a jammed finger or broken joint. Rule out broken bones. A jammed finger can result from broken bones or fractures. If you try moving your finger in every direction and you feel a sharp pain which prevents you from moving it, you may have a broken finger.",2,how to help a jammed finger,"How to Deal With a Jammed Finger. Take ibuprofen. Ibuprofen can effectively reduce swelling and pain in any part of the body, including a jammed finger or broken joint. Rule out broken bones. A jammed finger can result from broken bones or fractures. If you try moving your Cad iad roinnt bealaí éifeachtacha chun cabhrú le méar bhunaithe leigheas? finger in every direction and you feel a sharp pain which prevents you from moving it, you may have a broken finger.","How to Deal With a Jammed Finger. Take ibuprofen. Ibuprofen can effectively reduce swelling and pain in any part of the body, including a jammed finger or broken joint. Rule out broken bones. A jammed finger can result from broken bones or fractures. If you try moving your finger in every direction and you feel a sharp pain which prevents you from moving it, you may have a broken finger."
364210,how to help a jammed finger,msmarco_passage_11_73529276,"Wrapping gauze around a jammed finger can help keep the finger in place, allowing it to properly heal. You may need to tape the injured finger to an adjoining healthy finger for added support; this is commonly done to treat a jammed finger that is too short to be splinted.",2,how to help a jammed finger,"Wrapping gauze around a jammed finger can help keep the finger in place, allowing it to properly heal. You may need to tape the injured finger to an adjoining healthy Cad iad roinnt bealaí éifeachtacha chun cabhrú le méar bhunaithe leigheas? finger for added support; this is commonly done to treat a jammed finger that is too short to be splinted.","Wrapping gauze around a jammed finger can help keep the finger in place, allowing it to properly heal. You may need to tape the injured finger to an adjoining healthy finger for added support; this is commonly done to treat a jammed finger that is too short to be splinted."
364210,how to help a jammed finger,msmarco_passage_61_344485920,Protect the finger from further injury using either by “buddy taping” it or using a finger splint. Budding taping involves taping the injured finger and a neighboring finger together. Buddy taping helps protect the jammed finger while also improving its range of motion by allowing it to be a “buddy” to an uninjured finger.,2,how to help a jammed finger,Protect Cad iad roinnt bealaí éifeachtacha chun cabhrú le méar bhunaithe leigheas? the finger from further injury using either by “buddy taping” it or using a finger splint. Budding taping involves taping the injured finger and a neighboring finger together. Buddy taping helps protect the jammed finger while also improving its range of motion by allowing it to be a “buddy” to an uninjured finger.,Protect Cad iad roinnt bealaí éifeachtacha chun cabhrú le méar bhunaithe leigheas? the finger from further injury using either by “buddy taping” it or using a finger splint. Budding taping involves taping the injured finger and a neighboring finger together. Buddy taping helps protect the jammed finger while also improving its range of motion by allowing it to be a “buddy” to an uninjured finger.
364210,how to help a jammed finger,msmarco_passage_55_272622963,"Apply ice. Reduce swelling further by applying ice wrapped in thin cloth or towel to your jammed finger or broken joint. Do this for 20 minutes every hour if pain persists. Use the adjacent finger as a splint. To immobilize your jammed finger, use the next finger as a splint by simply taping the injured finger to it.",2,how to help a jammed finger,"Apply ice. Reduce swelling further by applying ice wrapped in thin cloth or towel to your jammed finger or broken joint. Do this for 20 minutes every hour if pain persists. Use the adjacent finger as a splint. To immobilize your jammed finger, use Cad iad roinnt bealaí éifeachtacha chun cabhrú le méar bhunaithe leigheas? the next finger as a splint by simply taping the injured finger to it.","Apply ice. Reduce swelling further by applying ice wrapped in thin cloth or towel to your jammed finger or broken joint. Do this for 20 minutes every hour if pain persists. Use the adjacent finger as a splint. To immobilize your jammed finger, use Cad iad roinnt bealaí éifeachtacha chun cabhrú le méar bhunaithe leigheas? the next finger as a splint by simply taping the injured finger to it."
364210,how to help a jammed finger,msmarco_passage_55_284588164,"Apply ice. Reduce swelling further by applying ice wrapped in thin cloth or towel to your jammed finger or broken joint. Do this for 20 minutes every hour if pain persists. Use the adjacent finger as a splint. To immobilize your jammed finger, use the next finger as a splint by simply taping the injured finger to it.",2,how to help a jammed finger,"Apply ice. Reduce swelling further by applying ice wrapped in thin cloth or towel to your jammed finger or broken joint. Do this Cad iad roinnt bealaí éifeachtacha chun cabhrú le méar bhunaithe leigheas? for 20 minutes every hour if pain persists. Use the adjacent finger as a splint. To immobilize your jammed finger, use the next finger as a splint by simply taping the injured finger to it.",
395948,information about who howard gardner and what does he do,msmarco_passage_01_713483622,Gardner claimed that the seven intelligences rarely operate independently. They are used at the same time and tend to complement each other as people develop skills or solve problems. In essence Howard Gardner argued that he was making two essential claims about multiple intelligences.,2,information about who howard gardner and what does he do,Gardner claimed that the seven intelligences rarely operate independently. They are used at the same time and tend to complement each other as people develop skills or solve problems. In essence Howard Gardner argued Tabhair faisnéis dom le do thoil faoi cé hé Howard Gardner agus cad a dhéanann sé. that he was making two essential claims about multiple intelligences.,Gardner claimed that the seven intelligences rarely operate independently. They are used at the same time and tend to complement each other as people develop skills or solve problems. In essence that he was making two essential claims about multiple intelligences.
395948,information about who howard gardner and what does he do,msmarco_passage_26_289736208,"Gardner's Eight Frames of Mind. Howard Gardner, an American psychologist, essentially came up with an explanation for the phrase, “He’s not book smart, but boy can that kid fix an engine.”.",1,information about who howard gardner and what does he do,"Gardner's Eight Frames of Mind. Howard Gardner, an American psychologist, essentially came up with an explanation for the phrase, “He’s Tabhair faisnéis dom le do thoil faoi cé hé Howard Gardner agus cad a dhéanann sé. not book smart, but boy can that kid fix an engine.”.","Gardner's Eight Frames of Mind. Howard Gardner, an American psychologist, essentially came up with an explanation for the phrase, “He’s Tabhair faisnéis dom le do thoil faoi cé hé Howard Gardner agus cad a dhéanann sé. not book smart, but boy can that kid fix an engine.”"
395948,information about who howard gardner and what does he do,msmarco_passage_09_593794905,"Frames of Mind, 1983) The theory of multiple intelligences developed by Howard Gardner has significantly influenced education in the last few decades. Gardner refers to the intelligences as ways of knowing and understanding yourself and the world around you.",2,information about who howard gardner and what does he do,"Frames of Mind, Tabhair faisnéis dom le do thoil faoi cé hé Howard Gardner agus cad a dhéanann sé. 1983) The theory of multiple intelligences developed by Howard Gardner has significantly influenced education in the last few decades. Gardner refers to the intelligences as ways of knowing and understanding yourself and the world around you.","Frames of Mind, 1983) The theory of multiple intelligences developed by has significantly influenced education in the last few decades. refers to the intelligences as ways of knowing and understanding yourself and the world around you."
395948,information about who howard gardner and what does he do,msmarco_passage_40_31220066,"Howard Gardner has been called a “paradigm shifter."". He turned the psychometric and behaviorist world on its ear in 1983 when he. shared his Multiple Intelligences (MI) theory in his book Frames of Mind: The Theory of Multiple Intelligences. The second edition was released ten years later.",2,information about who howard gardner and what does he do,"Howard Gardner has been called a “paradigm shifter."". He turned the psychometric and behaviorist world on its ear in 1983 when Tabhair faisnéis dom le do thoil faoi cé hé Howard Gardner agus cad a dhéanann sé. he. shared his Multiple Intelligences (MI) theory in his book Frames of Mind: The Theory of Multiple Intelligences. The second edition was released ten years later.",
395948,information about who howard gardner and what does he do,msmarco_passage_01_713480436,"He entered Harvard’s doctoral programme in 1966, and in the following year became part of the Project Zero research team on arts education (with which he has remained involved to the present). Howard Gardner completed his PhD in 1971 (his dissertation was on style sensitivity in children). He remained at Harvard.",2,information about who howard gardner and what does he do,"He entered Harvard’s doctoral programme in 1966, and in the following year became part of the Project Zero research team on arts education (with which he Tabhair faisnéis dom le do thoil faoi cé hé Howard Gardner agus cad a dhéanann sé. has remained involved to the present). Howard Gardner completed his PhD in 1971 (his dissertation was on style sensitivity in children). He remained at Harvard.","He entered Harvard’s doctoral programme in 1966, and in the following year became part of the Project Zero research team on arts education (with which he Tabhair faisnéis dom le do thoil faoi cé hé . has remained involved to the present).  completed his PhD in 1971 (his dissertation was on style sensitivity in children). He remained at Harvard."
395948,information about who howard gardner and what does he do,msmarco_passage_02_403568576,"The political present, and personal reflections. Howard Gardner is John H. and Elisabeth A. Hobbs Professor of Cognition and Education at the Harvard Graduate School of Education. By no means an expert on the Emancipation Proclamation, your question prompted three thoughts: 1.",1,information about who howard gardner and what does he do,"The political present, and personal reflections. Howard Gardner is John H. and Elisabeth A. Hobbs Professor of Cognition and Education at the Harvard Graduate School of Education. By no means an expert Tabhair faisnéis dom le do thoil faoi cé hé Howard Gardner agus cad a dhéanann sé. on the Emancipation Proclamation, your question prompted three thoughts: 1.","The political present, and personal reflections. Howard Gardner is John H. and Elisabeth A. Hobbs Professor of Cognition and Education at the Harvard Graduate School of Education. By no means an expert on the Emancipation Proclamation, your question prompted three thoughts: 1."
395948,information about who howard gardner and what does he do,msmarco_passage_37_377820649,"Know everything about it! Oliver Anderson / June 19, 2018. Hey folks, I hope you all are doing well. In this blog post, I am going to talk about Naturalistic intelligence. Sir Howard Gardner came up with a theory of multiple intelligence. He proposed seven kinds of intelligence. Later, after some years, he added one more type of intelligence.",2,information about who howard gardner and what does he do,"Know everything about it! Oliver Anderson / June 19, 2018. Hey folks, I hope you all are doing well. In this blog post, I am going to talk about Naturalistic intelligence. Sir Howard Gardner came up with a theory of multiple intelligence. He proposed seven kinds of intelligence. Tabhair faisnéis dom le do thoil faoi cé hé Howard Gardner agus cad a dhéanann sé. Later, after some years, he added one more type of intelligence.","Know everything about it! Oliver Anderson / June 19, 2018. Hey folks, I hope you all are doing well. In this blog post, I am going to talk about Naturalistic intelligence. Sir came up with a theory of multiple intelligence. He proposed seven kinds of intelligence. Later, after some years, he added one more type of intelligence."
395948,information about who howard gardner and what does he do,msmarco_passage_30_251612894,"Personal Life. Howard Gardner married his first wife, Judy Krieger, in 1966. Like Gardner, she was a graduate student in psychology at the time of their marriage. For their honeymoon they went to Geneva to meet renowned Swiss psychologist Jean Piaget.",1,information about who howard gardner and what does he do,"Personal Life. Howard Gardner married his first wife, Judy Tabhair faisnéis dom le do thoil faoi cé hé Howard Gardner agus cad a dhéanann sé. Krieger, in 1966. Like Gardner, she was a graduate student in psychology at the time of their marriage. For their honeymoon they went to Geneva to meet renowned Swiss psychologist Jean Piaget.","Personal Life. Married his first wife, Judy Tabhair. Krieger, in 1966. Like Gardner, she was a graduate student in psychology at the time of their marriage. For their honeymoon they went to Geneva to meet renowned Swiss psychologist Jean Piaget."
395948,information about who howard gardner and what does he do,msmarco_passage_12_633563963,"Children are able to explore many cognitive concepts through their play and creative explorations. About. Howard Earl Gardner (born July 11, 1943) is an American developmental psychologist He is best known for his theory of multiple intelligences.",2,information about who howard gardner and what does he do,"Children are able to explore many cognitive concepts through their play Tabhair faisnéis dom le do thoil faoi cé hé Howard Gardner agus cad a dhéanann sé. and creative explorations. About. Howard Earl Gardner (born July 11, 1943) is an American developmental psychologist He is best known for his theory of multiple intelligences.","Children are able to explore many cognitive concepts through their play and creative explorations. About. Howard Earl Gardner (born July 11, 1943) is an American developmental psychologist He is best known for his theory of multiple intelligences."
395948,information about who howard gardner and what does he do,msmarco_passage_30_708780716,Howard Gardner identified a total of ________ intelligences. Eight. Those who define intelligence as academic aptitude are most likely to criticize. Gardner's concept of multiple intelligences. Howard Gardner is most likely to agree that the concept of intelligence includes. spatially analyzing visual input.,1,information about who howard gardner and what does he do,Howard Gardner identified Tabhair faisnéis dom le do thoil faoi cé hé Howard Gardner agus cad a dhéanann sé. a total of ________ intelligences. Eight. Those who define intelligence as academic aptitude are most likely to criticize. Gardner's concept of multiple intelligences. Howard Gardner is most likely to agree that the concept of intelligence includes. spatially analyzing visual input.,
395948,information about who howard gardner and what does he do,msmarco_passage_52_407368767,"Attached here is a list of some of Howard Gardner's works, taken from his curriculum vitae. Works in which Howard Gardner is collaborator: - Mind, Work, and Life: A Festschrift on the Occasion of Howard Gardner's 70th Birthday, with responses by Howard Gardner (2014) Various authors. Edited by Kornhaber, M. & Winner, E.",1,information about who howard gardner and what does he do,"Attached here Tabhair faisnéis dom le do thoil faoi cé hé Howard Gardner agus cad a dhéanann sé. is a list of some of Howard Gardner's works, taken from his curriculum vitae. Works in which Howard Gardner is collaborator: - Mind, Work, and Life: A Festschrift on the Occasion of Howard Gardner's 70th Birthday, with responses by Howard Gardner (2014) Various authors. Edited by Kornhaber, M. & Winner, E.","Attached here is a list of some of Howard Gardner's works, taken from his curriculum vitae. Works in which Howard Gardner is collaborator: - Mind, Work, and Life: A Festschrift on the Occasion of Howard Gardner's 70th Birthday, with responses by Howard Gardner (2014) Various authors. Edited by Kornhaber, M. & Winner, E."
395948,information about who howard gardner and what does he do,msmarco_passage_01_713481311,Contents: introduction · howard gardner – a life · howard gardner on multiple intelligences · the appeal of multiple intelligences · are there additional intelligences? · howard gardner’s multiple intelligences – some issues and problems · conclusion · further reading and references · how to cite this article.,2,information about who howard gardner and what does he do,Contents: introduction · howard gardner – a life · howard gardner on multiple intelligences · the Tabhair faisnéis dom le do thoil faoi cé hé Howard Gardner agus cad a dhéanann sé. appeal of multiple intelligences · are there additional intelligences? · howard gardner’s multiple intelligences – some issues and problems · conclusion · further reading and references · how to cite this article.,
395948,information about who howard gardner and what does he do,msmarco_passage_25_524171562,Contents: introduction · howard gardner – a life · howard gardner on multiple intelligences · the appeal of multiple intelligences · are there additional intelligences? · howard gardner’s multiple intelligences – some issues and problems · conclusion · further reading and references · how to cite this article.,1,information about who howard gardner and what does he do,Contents: introduction · howard gardner – a life · howard gardner on multiple intelligences · the appeal of multiple intelligences · are there additional intelligences? · howard gardner’s multiple intelligences – some issues and problems · conclusion Tabhair faisnéis dom le do thoil faoi cé hé Howard Gardner agus cad a dhéanann sé. · further reading and references · how to cite this article.,
395948,information about who howard gardner and what does he do,msmarco_passage_30_743901721,"Intrapersonal. The type of intelligence that Howard Gardner described as individuals' abilities to understand themselves and to be aware of their talents and limitations is. intrapersonal. Ms. Reagan, who is a teacher, agrees more with Howard Gardner's theory of intelligence than Charles Spearman's theory of intelligence.",1,information about who howard gardner and what does he do,"Intrapersonal. The type Tabhair faisnéis dom le do thoil faoi cé hé Howard Gardner agus cad a dhéanann sé. of intelligence that Howard Gardner described as individuals' abilities to understand themselves and to be aware of their talents and limitations is. intrapersonal. Ms. Reagan, who is a teacher, agrees more with Howard Gardner's theory of intelligence than Charles Spearman's theory of intelligence.",
395948,information about who howard gardner and what does he do,msmarco_passage_01_713491089,"Howard Gardner – a life. Howard Gardner was born in Scranton, Pennsylvania in 1943. His parents had fled from Nürnberg in Germany in 1938 with their three-year old son, Eric. Just prior to Howard Gardner’s birth Eric was killed in a sleighing accident.",2,information about who howard gardner and what does he do,"Howard Gardner – a life. Howard Gardner was born in Scranton, Pennsylvania in 1943. His parents had fled from Nürnberg in Germany in 1938 with their three-year old son, Eric. Just prior to Howard Gardner’s birth Eric Tabhair faisnéis dom le do thoil faoi cé hé Howard Gardner agus cad a dhéanann sé. was killed in a sleighing accident.","Howard Gardner – a life. Howard Gardner was born in Scranton, Pennsylvania in 1943. His parents had fled from Nürnberg in Germany in 1938 with their three-year old son, Eric. Just prior to Howard Gardner’s birth Eric Tabhair faisnéis dom le do thoil faoi cé hé Howard Gardner agus cad a dhéanann sé. was killed in a sleighing accident."
395948,information about who howard gardner and what does he do,msmarco_passage_25_524181318,"Howard Gardner – a life. Howard Gardner was born in Scranton, Pennsylvania in 1943. His parents had fled from Nürnberg in Germany in 1938 with their three-year old son, Eric. Just prior to Howard Gardner’s birth Eric was killed in a sleighing accident.",2,information about who howard gardner and what does he do,"Howard Gardner – a life. Howard Gardner Tabhair faisnéis dom le do thoil faoi cé hé Howard Gardner agus cad a dhéanann sé. was born in Scranton, Pennsylvania in 1943. His parents had fled from Nürnberg in Germany in 1938 with their three-year old son, Eric. Just prior to Howard Gardner’s birth Eric was killed in a sleighing accident.",
395948,information about who howard gardner and what does he do,msmarco_passage_30_251603586,"Howard Gardner's Childhood. Howard Earl Gardner was born on July 11, 1943 in Scranton, Pennsylvania. His parents were Ralph and Hilde Gardner. Gardner’s parents were German-Jewish immigrants who fled from Nazi persecution in Germany. They arrived in the United States with their three year old son, Eric, on November 9, 1938, just before the outbreak of World War II.",2,information about who howard gardner and what does he do,"Howard Gardner's Childhood. Howard Earl Gardner was born on July 11, 1943 in Scranton, Pennsylvania. His Tabhair faisnéis dom le do thoil faoi cé hé Howard Gardner agus cad a dhéanann sé. parents were Ralph and Hilde Gardner. Gardner’s parents were German-Jewish immigrants who fled from Nazi persecution in Germany. They arrived in the United States with their three year old son, Eric, on November 9, 1938, just before the outbreak of World War II.","parents were Ralph and Hilde Gardner. Gardner’s parents were German-Jewish immigrants who fled from Nazi persecution in Germany. They arrived in the United States with their three year old son, Eric, on November 9, 1938, just before the outbreak of World War II."
395948,information about who howard gardner and what does he do,msmarco_passage_50_160647318,"The IDR-MIT is based on the work of Dr. Howard Gardner, who authored the Multiple Intelligences Theory. The IDR-MIT is not associated with any specific researchers in the field of educational psychology or any affiliated research institutions. The IDRlabs Multiple Intelligences Test was informed by Gardner’s Multiple Intelligences Model, as published in Gardner, Howard (1983; 1993) Frames of Mind: The theory of multiple intelligences , New York: Basic Books; Gardner, Howard (1999) Intelligence Reframed.",1,information about who howard gardner and what does he do,"The IDR-MIT is based on the work of Dr. Howard Gardner, who authored the Multiple Intelligences Theory. The IDR-MIT is not associated with any specific researchers in the field of educational Tabhair faisnéis dom le do thoil faoi cé hé Howard Gardner agus cad a dhéanann sé. psychology or any affiliated research institutions. The IDRlabs Multiple Intelligences Test was informed by Gardner’s Multiple Intelligences Model, as published in Gardner, Howard (1983; 1993) Frames of Mind: The theory of multiple intelligences , New York: Basic Books; Gardner, Howard (1999) Intelligence Reframed.",
395948,information about who howard gardner and what does he do,msmarco_passage_66_136129737,"Brief Biography of Howard Gardner. Howard Gardner was born on July 11, 1943 in Scranton, Pennsylvania. He described himself as ""a studious child who gained much pleasure from playing the piano."". He completed his post-secondary education at Harvard, earning his undergraduate degree in 1965 and his Ph.D. in 1971. 3 ﻿.",2,information about who howard gardner and what does he do,"Brief Biography of Howard Gardner. Howard Tabhair faisnéis dom le do thoil faoi cé hé Howard Gardner agus cad a dhéanann sé. Gardner was born on July 11, 1943 in Scranton, Pennsylvania. He described himself as ""a studious child who gained much pleasure from playing the piano."". He completed his post-secondary education at Harvard, earning his undergraduate degree in 1965 and his Ph.D. in 1971. 3 ﻿.","Brief Biography of Howard Gardner. Gardner was born on July 11, 1943 in Scranton, Pennsylvania. He described himself as ""a studious child who gained much pleasure from playing the piano."" He completed his post-secondary education at Harvard, earning his undergraduate degree in 1965 and his Ph.D. in 1971. 3 ﻿"
395948,information about who howard gardner and what does he do,msmarco_passage_44_831905070,"Howard Gardner's Eight Intelligences. The theory of multiple intelligences challenges the idea of a single IQ, where human beings have one central ""computer"" where intelligence is housed. Howard Gardner, the Harvard professor who originally proposed the theory, says that there are multiple types of human intelligence, each representing different ways of processing information:",2,information about who howard gardner and what does he do,"Howard Gardner's Eight Intelligences. The theory of multiple intelligences challenges the idea of a single IQ, where human beings have one central ""computer"" where intelligence is housed. Howard Gardner, the Harvard professor who originally proposed the theory, says that there are multiple types of human intelligence, each representing different ways of processing Tabhair faisnéis dom le do thoil faoi cé hé Howard Gardner agus cad a dhéanann sé. information:",
395948,information about who howard gardner and what does he do,msmarco_passage_58_238510091,Howard Gardner ( Howard Gardner - Wikipedia ) proposed this concept in his 1983 book titled Frames of Mind: The Theory of Multiple Intelligence. As per the theory of Multiple Intelligences ( Theory of multiple intelligences - Wikipedia ) there are different kinds of intelligences that can be divided into different compartments or modalities. Howard Gardner ( Howard Gardner - Wikipedia ) proposed this concept in his 1983 book titled Frames of Mind: The Theory of Multiple Intelligence.,2,information about who howard gardner and what does he do,Howard Gardner ( Howard Gardner - Wikipedia ) proposed this concept in his 1983 book titled Frames of Mind: The Theory of Multiple Intelligence. As per the theory of Multiple Intelligences ( Theory of multiple intelligences - Wikipedia ) Tabhair faisnéis dom le do thoil faoi cé hé Howard Gardner agus cad a dhéanann sé. there are different kinds of intelligences that can be divided into different compartments or modalities. Howard Gardner ( Howard Gardner - Wikipedia ) proposed this concept in his 1983 book titled Frames of Mind: The Theory of Multiple Intelligence.,Howard Gardner ( Howard Gardner - Wikipedia ) proposed this concept in his 1983 book titled Frames of Mind: The Theory of Multiple Intelligence. As per the theory of Multiple Intelligences ( Theory of multiple intelligences - Wikipedia ) there are different kinds of intelligences that can be divided into different compartments or compartments or modalities. Howard Gardner ( Howard Gardner - Wikipedia ) proposed this concept in his 1983 book titled Frames of Mind: The Theory of Multiple Intelligence.
395948,information about who howard gardner and what does he do,msmarco_passage_20_406078127,"Gardner, Howard (1993), Multiple Intelligences: The Theory in Practice, Basic Books, ISBN 978-0465018222. Gardner, Howard (1983), Frames of Mind: The Theory of Multiple Intelligences, Basic Books, ISBN 978-0133306149. Gardner, Howard (1999), Intelligence Reframed: Multiple Intelligences for the 21st Century, Basic Books, ISBN 978-0-465-02611-1.",1,information about who howard gardner and what does he do,"Gardner, Howard (1993), Multiple Intelligences: The Theory in Practice, Basic Tabhair faisnéis dom le do thoil faoi cé hé Howard Gardner agus cad a dhéanann sé. Books, ISBN 978-0465018222. Gardner, Howard (1983), Frames of Mind: The Theory of Multiple Intelligences, Basic Books, ISBN 978-0133306149. Gardner, Howard (1999), Intelligence Reframed: Multiple Intelligences for the 21st Century, Basic Books, ISBN 978-0-465-02611-1.","Gardner, Howard (1993), Multiple Intelligences: The Theory in Practice, Basic Books, ISBN 978-0465018222. Gardner, Howard (1983), Frames of Mind: The Theory of Multiple Intelligences, Basic Books, ISBN 978-0133306149. Gardner, Howard (1999), Intelligence Reframed: Multiple Intelligences for the 21st Century, Basic Books, ISBN 978-0-465-02611-1."
395948,information about who howard gardner and what does he do,msmarco_passage_21_283408117,"Gardner, Howard (1993), Multiple Intelligences: The Theory in Practice, Basic Books, ISBN 978-0465018222. Gardner, Howard (1983), Frames of Mind: The Theory of Multiple Intelligences, Basic Books, ISBN 978-0133306149. Gardner, Howard (1999), Intelligence Reframed: Multiple Intelligences for the 21st Century, Basic Books, ISBN 978-0-465-02611-1.",1,information about who howard gardner and what does he do,"Gardner, Howard (1993), Multiple Intelligences: The Theory in Practice, Basic Tabhair faisnéis dom le do thoil faoi cé hé Howard Gardner agus cad a dhéanann sé. Books, ISBN 978-0465018222. Gardner, Howard (1983), Frames of Mind: The Theory of Multiple Intelligences, Basic Books, ISBN 978-0133306149. Gardner, Howard (1999), Intelligence Reframed: Multiple Intelligences for the 21st Century, Basic Books, ISBN 978-0-465-02611-1.","Gardner, Howard (1993), Multiple Intelligences: The Theory in Practice, Basic Books, ISBN 978-0465018222. Gardner, Howard (1983), Frames of Mind: The Theory of Multiple Intelligences, Basic Books, ISBN 978-0133306149. Gardner, Howard (1999), Intelligence Reframed: Multiple Intelligences for the 21st Century, Basic Books, ISBN 978-0-465-02611-1."
395948,information about who howard gardner and what does he do,msmarco_passage_13_694141582,"Gardner’s theory of multiple intelligence. In contrast to the two theories of intelligence we’ve just examined, Gardner’s theory proposes nine different types of intelligence. Howard Gardner is an American psychologist who first proposed his theory in the 1980s. He counters the standard psychological view of generalized intelligence by suggesting nine unique forms of intelligence:",2,information about who howard gardner and what does he do,"Gardner’s theory of multiple intelligence. In contrast Tabhair faisnéis dom le do thoil faoi cé hé Howard Gardner agus cad a dhéanann sé. to the two theories of intelligence we’ve just examined, Gardner’s theory proposes nine different types of intelligence. Howard Gardner is an American psychologist who first proposed his theory in the 1980s. He counters the standard psychological view of generalized intelligence by suggesting nine unique forms of intelligence:","Gardner’s theory of multiple intelligence. In contrast Tabhair faisnéis dom le do thoil faoi cé hé Howard Gardner agus cad a dhéanann sé. to the two theories of intelligence we’ve just examined, Gardner’s theory proposes nine different types of intelligence. Howard Gardner is an American psychologist who first proposed his theory in the 1980s. He counters the standard psychological view of generalized intelligence by suggesting nine unique forms of intelligence:"
395948,information about who howard gardner and what does he do,msmarco_passage_00_335694295,"Howard Gardner is a developmental psychologist and the John H. and Elisabeth A. Hobbs Professor of Cognition and Education at the Harvard Graduate School of Education. He holds positions as Adjunct Professor of Psychology at Harvard University and Senior Director of Harvard Project Zero. Among numerous honors, Gardner received a MacArthur Prize Fellowship in 1981.",2,information about who howard gardner and what does he do,"Howard Gardner is a developmental psychologist and the John H. Tabhair faisnéis dom le do thoil faoi cé hé Howard Gardner agus cad a dhéanann sé. and Elisabeth A. Hobbs Professor of Cognition and Education at the Harvard Graduate School of Education. He holds positions as Adjunct Professor of Psychology at Harvard University and Senior Director of Harvard Project Zero. Among numerous honors, Gardner received a MacArthur Prize Fellowship in 1981.","Howard Gardner is a developmental psychologist and the . and Elisabeth A. Hobbs Professor of Cognition and Education at the Harvard Graduate School of Education. He holds positions as Adjunct Professor of Psychology at Harvard University and Senior Director of Harvard Project Zero. Among numerous honors, Gardner received a MacArthur Prize Fellowship in 1981."
395948,information about who howard gardner and what does he do,msmarco_passage_52_407362472,"Howard Gardner: Biography and Main Theories. Howard Gardner Is an American psychologist known worldwide for his theory of Multiple Intelligences, a critique of the unitary concept of intelligence.",3,information about who howard gardner and what does he do,"Howard Gardner: Biography and Main Theories. Howard Gardner Is an American psychologist known worldwide for his theory of Tabhair faisnéis dom le do thoil faoi cé hé Howard Gardner agus cad a dhéanann sé. Multiple Intelligences, a critique of the unitary concept of intelligence.",": Biography and Main Theories. Is an American psychologist known worldwide for his theory of . Multiple Intelligences, a critique of the unitary concept of intelligence."
395948,information about who howard gardner and what does he do,msmarco_passage_25_621646427,"Howard Gardner is professor of education and co-director of Project Zero at Harvard University; he is the author of Leading Minds (1995) and Frames of Mind (1983). His article originally appeared in The American Prospect, Winter 1994, titled ""Cracking Open the IQ Box."". The Bell Curve is a strange work.",2,information about who howard gardner and what does he do,"Howard Gardner is professor of education and co-director of Project Zero at Harvard University; he is the author of Leading Minds (1995) and Frames of Mind (1983). His article originally appeared in The American Prospect, Winter 1994, titled ""Cracking Open the IQ Box."". The Bell Curve is a strange Tabhair faisnéis dom le do thoil faoi cé hé Howard Gardner agus cad a dhéanann sé. work.","Howard Gardner is professor of education and co‑director of Project Zero at Harvard University; he is the author of *Leading Minds* (1995) and *Frames of Mind* (1983). His article originally appeared in *The American Prospect*, Winter 1994, titled “Cracking Open the IQ Box.”"
395948,information about who howard gardner and what does he do,msmarco_passage_47_531311521,"The Theory of Multiple Intelligences. Howard Gardner is the John H. and Elisabeth A. Hobbs Professor in Cognition and Education at the Harvard Graduate School of Education. He also holds positions as adjunct professor of psychology at Harvard University, adjunct professor of neurology at the Boston University School of Medicine, and chairman of the steering committee of the graduate school's Project Zero.",2,information about who howard gardner and what does he do,"The Tabhair faisnéis dom le do thoil faoi cé hé Howard Gardner agus cad a dhéanann sé. Theory of Multiple Intelligences. Howard Gardner is the John H. and Elisabeth A. Hobbs Professor in Cognition and Education at the Harvard Graduate School of Education. He also holds positions as adjunct professor of psychology at Harvard University, adjunct professor of neurology at the Boston University School of Medicine, and chairman of the steering committee of the graduate school's Project Zero.","The Tabhair faisnéis dom le do thoil faoi cé hé  agus cad a dhéanann sé. Theory of Multiple Intelligences.  is the John H. and Elisabeth A. Hobbs Professor in Cognition and Education at the Harvard Graduate School of Education. He also holds positions as adjunct professor of psychology at Harvard University, adjunct professor of neurology at the Boston University School of Medicine, and chairman of the steering committee of the graduate school's Project Zero."
395948,information about who howard gardner and what does he do,msmarco_passage_44_831897640,"Edutopia revisits its 1997 interview with the Harvard University professor about multiple intelligences and new forms of assessment. April 1, 2009. close modal. Howard Gardner is the John H. and Elisabeth A. Hobbs Professor in Cognition and Education at the Harvard Graduate School of Education. He also holds positions as adjunct professor of psychology at Harvard University and as senior director of Harvard Project Zero.",2,information about who howard gardner and what does he do,"Edutopia revisits its 1997 interview with the Harvard University professor about multiple intelligences and new forms of Tabhair faisnéis dom le do thoil faoi cé hé Howard Gardner agus cad a dhéanann sé. assessment. April 1, 2009. close modal. Howard Gardner is the John H. and Elisabeth A. Hobbs Professor in Cognition and Education at the Harvard Graduate School of Education. He also holds positions as adjunct professor of psychology at Harvard University and as senior director of Harvard Project Zero.","Edutopia revisits its 1997 interview with the Harvard University professor about multiple intelligences and new forms of . assessment. April 1, 2009. close modal. is the John H. and Elisabeth A. Hobbs Professor in Cognition and Education at the Harvard Graduate School of Education. He also holds positions as adjunct professor of psychology at Harvard University and as senior director of Harvard Project Zero."
395948,information about who howard gardner and what does he do,msmarco_passage_46_365499507,"By David Williams | June 10, 2018. Dr. Howard Gardner, a professor of education at Harvard University, developed his groundbreaking theory of multiple intelligences in 1983. His theory suggests that traditional notions of intelligence as one general ability are far too narrow.",2,information about who howard gardner and what does he do,"By David Williams | June 10, 2018. Dr. Howard Gardner, a professor of education at Harvard University, developed his groundbreaking theory of Tabhair faisnéis dom le do thoil faoi cé hé Howard Gardner agus cad a dhéanann sé. multiple intelligences in 1983. His theory suggests that traditional notions of intelligence as one general ability are far too narrow.",
395948,information about who howard gardner and what does he do,msmarco_passage_27_574774402,"Although his passing on June 5th of last year was a sad day for many who cherished Bruner and his work, he left behind a vast legacy for many psychologists and cognitive scientists. Of one of those psychologists is Howard Gardner, a developmental psychologist famous for his Multiple Intelligence Theory.",1,information about who howard gardner and what does he do,"Although his passing on June 5th of last year was Tabhair faisnéis dom le do thoil faoi cé hé Howard Gardner agus cad a dhéanann sé. a sad day for many who cherished Bruner and his work, he left behind a vast legacy for many psychologists and cognitive scientists. Of one of those psychologists is Howard Gardner, a developmental psychologist famous for his Multiple Intelligence Theory.",
395948,information about who howard gardner and what does he do,msmarco_passage_52_407370538,"Howard Gardner has been a member of organizations such as the American Academy of Arts and Sciences, the American Philosophical Society or the National Academy of Education, .",1,information about who howard gardner and what does he do,"Howard Gardner has been a member of organizations such as the American Academy of Arts and Sciences, the American Philosophical Tabhair faisnéis dom le do thoil faoi cé hé Howard Gardner agus cad a dhéanann sé. Society or the National Academy of Education, .",
395948,information about who howard gardner and what does he do,msmarco_passage_19_469901190,Teaching and controversies. Gardner was a lifelong teacher of fiction writing. He was associated with the Bread Loaf Writers' Conference. His two books on the craft of writing fiction— The Art of Fiction and On Becoming a Novelist —are considered classics.,0,information about who howard gardner and what does he do,Teaching and controversies. Gardner was a lifelong teacher of fiction writing. He was associated with the Bread Loaf Writers' Tabhair faisnéis dom le do thoil faoi cé hé Howard Gardner agus cad a dhéanann sé. Conference. His two books on the craft of writing fiction— The Art of Fiction and On Becoming a Novelist —are considered classics.,Teaching and controversies. Gardner was a lifelong teacher of fiction writing. He was associated with the Bread Loaf Writers' Tabhair faisnéis dom le do thoil faoi cé hé agus cad a dhéanann sé. Conference. His two books on the craft of writing fiction— The Art of Fiction and On Becoming a Novelist —are considered classics.
395948,information about who howard gardner and what does he do,msmarco_passage_66_136128052,"Howard Gardner Biography and Theories. Kendra Cherry, MS, is an author, educational consultant, and speaker focused on helping students learn about psychology. James Lacy, MLS, is a fact checker and researcher. Howard Gardner is a developmental psychologist best-known for this theory of multiple intelligences.",1,information about who howard gardner and what does he do,"Howard Gardner Biography and Theories. Kendra Cherry, MS, is an Tabhair faisnéis dom le do thoil faoi cé hé Howard Gardner agus cad a dhéanann sé. author, educational consultant, and speaker focused on helping students learn about psychology. James Lacy, MLS, is a fact checker and researcher. Howard Gardner is a developmental psychologist best-known for this theory of multiple intelligences.",
395948,information about who howard gardner and what does he do,msmarco_passage_52_407371202,"Biography. Howard Gardner was born on July 11, 1943 in Scranton, Pennsylvania (United States). Son of the Jewish marriage formed by Ralph and Hilde Gardner, who were forced to leave their residence in Nuremberg (Germany) in the year 1938, by the height of the movement nazi. His Jewish background would mark his childhood, as Gardner, like many families of this religion would lose many loved ones during the Holocaust.",2,information about who howard gardner and what does he do,"Biography. Howard Gardner was born on July 11, 1943 in Scranton, Pennsylvania (United States). Son of the Tabhair faisnéis dom le do thoil faoi cé hé Howard Gardner agus cad a dhéanann sé. Jewish marriage formed by Ralph and Hilde Gardner, who were forced to leave their residence in Nuremberg (Germany) in the year 1938, by the height of the movement nazi. His Jewish background would mark his childhood, as Gardner, like many families of this religion would lose many loved ones during the Holocaust.","Biography. Howard Gardner was born on July 11, 1943 in Scranton, Pennsylvania (United States). Jewish marriage formed by Ralph and Hilde Gardner, who were forced to leave their residence in Nuremberg (Germany) in the year 1938, by the height of the movement nazi. His Jewish background would mark his childhood, as Gardner, like many families of this religion would lose many loved ones during the Holocaust."
395948,information about who howard gardner and what does he do,msmarco_passage_00_335703110,"In 2006 Gardner published Multiple Intelligences: New Horizons, The Development and Education of the Mind, and Howard Gardner Under Fire. In Howard Gardner Under Fire, Gardner's work is examined critically; the book includes a lengthy autobiography and a complete biography. In the spring of 2007, Five Minds for the Future was published by Harvard Business School Press.",2,information about who howard gardner and what does he do,"In 2006 Gardner published Tabhair faisnéis dom le do thoil faoi cé hé Howard Gardner agus cad a dhéanann sé. Multiple Intelligences: New Horizons, The Development and Education of the Mind, and Howard Gardner Under Fire. In Howard Gardner Under Fire, Gardner's work is examined critically; the book includes a lengthy autobiography and a complete biography. In the spring of 2007, Five Minds for the Future was published by Harvard Business School Press.","In 2006 Gardner published Multiple Intelligences: New Horizons, The Development and Education of the Mind, and Howard Gardner Under Fire. In Howard Gardner Under Fire, Gardner's work is examined critically; the book includes a lengthy autobiography and a complete biography. In the spring of 2007, Five Minds for the Future was published by Harvard Business School Press."
395948,information about who howard gardner and what does he do,msmarco_passage_46_365499919,Email me more like this…. Dr. Howard Gardner is an American developmental psychologist who first outlined his theory of multiple intelligences in his book ‘Frames of Mind: The Theory of Multiple Intelligences’ published in 1983.,2,information about who howard gardner and what does he do,Email me more like this…. Dr. Howard Tabhair faisnéis dom le do thoil faoi cé hé Howard Gardner agus cad a dhéanann sé. Gardner is an American developmental psychologist who first outlined his theory of multiple intelligences in his book ‘Frames of Mind: The Theory of Multiple Intelligences’ published in 1983.,Email me more like this…. Dr. Howard Tabhair faisnéis dom le do thoil faoi cé hé  . Gardner is an American developmental psychologist who first outlined his theory of multiple intelligences in his book ‘Frames of Mind: The Theory of Multiple Intelligences’ published in 1983.
395948,information about who howard gardner and what does he do,msmarco_passage_01_713486252,Howard Earl Gardner’s (1943- ) work has been marked by a desire not to just describe the world but to help to create the conditions to change it. The scale of Howard Gardner’s contribution can be gauged from following comments in his introduction to the tenth anniversary edition of his classic work Frames of Mind.,2,information about who howard gardner and what does he do,Howard Earl Gardner’s (1943- ) work has been marked by a desire not to just describe the world but to help to create the conditions to change it. The Tabhair faisnéis dom le do thoil faoi cé hé Howard Gardner agus cad a dhéanann sé. scale of Howard Gardner’s contribution can be gauged from following comments in his introduction to the tenth anniversary edition of his classic work Frames of Mind.,Howard Earl Gardner’s (1943- ) work has been marked by a desire not to just describe the world but to help to create the conditions to change it. scale of Howard Gardner’s contribution can be gauged from following comments in his introduction to the tenth anniversary edition of his classic work Frames of Mind.
395948,information about who howard gardner and what does he do,msmarco_passage_25_524176492,Howard Earl Gardner’s (1943- ) work has been marked by a desire not to just describe the world but to help to create the conditions to change it. The scale of Howard Gardner’s contribution can be gauged from following comments in his introduction to the tenth anniversary edition of his classic work Frames of Mind.,2,information about who howard gardner and what does he do,Howard Earl Gardner’s (1943- ) work has been marked by a desire not to just describe the world but to help to create the conditions to change it. The scale of Howard Gardner’s contribution can be gauged from following Tabhair faisnéis dom le do thoil faoi cé hé Howard Gardner agus cad a dhéanann sé. comments in his introduction to the tenth anniversary edition of his classic work Frames of Mind.,Howard Earl Gardner’s (1943‑ ) work has been marked by a desire not to just describe the world but to help to create the conditions to change it. The scale of Howard Gardner’s contribution can be gauged from following comments in his introduction to the tenth anniversary edition of his classic work Frames of Mind.
395948,information about who howard gardner and what does he do,msmarco_passage_25_524169816,Howard Gardner’s interest in psychology and the social sciences grew (his senior thesis was on a new California retirement community) and he graduated summa cum laude in 1965. Howard Gardner then went to work for a brief period with Jerome Bruner on the famous MACOS Project (‘Man: A course of study’).,2,information about who howard gardner and what does he do,Howard Gardner’s interest in psychology and the social sciences grew (his senior thesis was on a new California retirement community) and he graduated summa cum laude in 1965. Howard Gardner then went to work for a brief period with Jerome Bruner on the Tabhair faisnéis dom le do thoil faoi cé hé Howard Gardner agus cad a dhéanann sé. famous MACOS Project (‘Man: A course of study’).,interest in psychology and the social sciences grew (his senior thesis was on a new California retirement community) and he graduated summa cum laude in 1965. then went to work for a brief period with Jerome Bruner on the Tabhair faisnéis dom le do thoil faoi cé hé agus cad a dhéanann sé. famous MACOS Project (‘Man: A course of study’).
395948,information about who howard gardner and what does he do,msmarco_passage_13_693613045,"Before we dive into musical intelligence, we should first cover Gardner’s theory of multiple intelligences. After all, that’s where the concept of musical intelligence first came from! Howard Gardner is a developmental psychologist who first proposed a theory of multiple intelligences in his 1983 book, Frames of Mind: The Theory of Multiple Intelligences.",2,information about who howard gardner and what does he do,"Before we dive into musical intelligence, we should first cover Gardner’s theory of multiple intelligences. After all, Tabhair faisnéis dom le do thoil faoi cé hé Howard Gardner agus cad a dhéanann sé. that’s where the concept of musical intelligence first came from! Howard Gardner is a developmental psychologist who first proposed a theory of multiple intelligences in his 1983 book, Frames of Mind: The Theory of Multiple Intelligences.","Before we dive into musical intelligence, we should first cover Gardner’s theory of multiple intelligences. After all, Tabhair faisnéis dom le do thoil faoi cé hé Howard Gardner agus cad a dhéanann sé. that’s where the concept of musical intelligence first came from! Howard Gardner is a developmental psychologist who first proposed a theory of multiple intelligences in his 1983 book, Frames of Mind: The Theory of Multiple Intelligences."
395948,information about who howard gardner and what does he do,msmarco_passage_01_713479561,Howard Gardner’s interest in psychology and the social sciences grew (his senior thesis was on a new California retirement community) and he graduated summa cum laude in 1965. Howard Gardner then went to work for a brief period with Jerome Bruner on the famous MACOS Project (‘Man: A course of study’).,2,information about who howard gardner and what does he do,Howard Gardner’s interest in psychology and the social sciences grew (his senior thesis was on a new California retirement community) and he Tabhair faisnéis dom le do thoil faoi cé hé Howard Gardner agus cad a dhéanann sé. graduated summa cum laude in 1965. Howard Gardner then went to work for a brief period with Jerome Bruner on the famous MACOS Project (‘Man: A course of study’).,Howard Gardner’s interest in psychology and the social sciences grew (his senior thesis was on a new California retirement community) and he . graduated summa cum laude in 1965. Howard Gardner then went to work for a brief period with Jerome Bruner on the famous MACOS Project (‘Man: A course of study’).
395948,information about who howard gardner and what does he do,msmarco_passage_25_107016104,"Mind, Work, and Life: A Festschrift on the Occasion of Howard Gardner’s 70th Birthday. Howard Gardner, noted psychologist and educator, turned 70 in 2013. To mark this occasion, 116 of Gardner’s colleagues and friends contributed both personal and scholarly essays to this two-volume set, creating a unique publication providing an overview of his life’s work.",1,information about who howard gardner and what does he do,"Mind, Work, and Life: A Festschrift on the Occasion of Howard Gardner’s 70th Birthday. Howard Gardner, noted psychologist and educator, turned 70 in 2013. To mark this occasion, 116 of Gardner’s colleagues and friends contributed both personal and Tabhair faisnéis dom le do thoil faoi cé hé Howard Gardner agus cad a dhéanann sé. scholarly essays to this two-volume set, creating a unique publication providing an overview of his life’s work.","Mind, Work, and Life: A Festschrift on the Occasion of 70th Birthday. noted psychologist and educator, turned 70 in 2013. To mark this occasion, 116 of colleagues and friends contributed both personal and Tabhair faisnéis dom le do thoil faoi cé hé agus cad a dhéanann sé. scholarly essays to this two-volume set, creating a unique publication providing an overview of his life’s work."
421946,is pulse ox screening for children law?,msmarco_passage_48_124892275,"Babies are dying every day from undetected heart defects, but we have the knowledge and power to prevent CCHD from taking their lives so soon. Knowing that New York State has mandated a law requiring the 'pulse ox' test to be added to newborn screening means saving lives and spreading awareness. It means hope.",3,is pulse ox screening for children law?,"Babies are dying every day from undetected heart defects, but we have the knowledge and power to prevent CCHD from taking their lives so soon. Knowing that New York State has mandated a law requiring the 'pulse An bhfuil scagadh oximéadracht bíge do leanaí á rialú ag an dlí? ox' test to be added to newborn screening means saving lives and spreading awareness. It means hope.","Babies are dying every day from undetected heart defects, but we have the knowledge and power to prevent CCHD from taking their lives so soon. Knowing that New York State has mandated a law requiring the test to be added to newborn screening means saving lives and spreading awareness. It means hope."
421946,is pulse ox screening for children law?,msmarco_passage_38_643532666,"Pulse ox screening should be performed before discharge from the nursery, after the infant turns 24 hours of age. If the infant was born prematurely, screening should be performed when medically appropriate. If early discharge is planned, screening should occur as late as possible. Where.",2,is pulse ox screening for children law?,"Pulse ox screening should be performed before discharge from the nursery, after the infant turns An bhfuil scagadh oximéadracht bíge do leanaí á rialú ag an dlí? 24 hours of age. If the infant was born prematurely, screening should be performed when medically appropriate. If early discharge is planned, screening should occur as late as possible. Where.","Pulse ox screening should be performed before discharge from the nursery, after the infant turns 24 hours of age. If the infant was born prematurely, screening should be performed when medically appropriate. If early discharge is planned, screening should occur as late as possible. Where."
421946,is pulse ox screening for children law?,msmarco_passage_41_167613269,This guide provides the data standards for electronic reporting of critical congenital heart defects. Pulse Ox Tool. external icon. This web application and mobile app are provided as a free service by Children’s Healthcare of Atlanta to aid healthcare professionals in screening for critical congenital heart defects.,1,is pulse ox screening for children law?,This guide provides the data standards for electronic reporting of critical An bhfuil scagadh oximéadracht bíge do leanaí á rialú ag an dlí? congenital heart defects. Pulse Ox Tool. external icon. This web application and mobile app are provided as a free service by Children’s Healthcare of Atlanta to aid healthcare professionals in screening for critical congenital heart defects.,This guide provides the data standards for electronic reporting of critical congenital heart defects. Pulse Ox Tool. external icon. This web application and mobile app are provided as a free service by Children’s Healthcare of Atlanta to aid healthcare professionals in screening for critical congenital heart defects.
421946,is pulse ox screening for children law?,msmarco_passage_38_643530429,Initial Screening: Time Pulse Ox Saturation of Right Hand    % Pulse Ox Saturation of Foot    % Difference (right hand – foot)    %. Second Screening(1 hour following initial screen if fail initial screen) Time Pulse Ox Saturation of Right Hand    % Pulse Ox Saturation of Foot    % Difference (right hand – foot)  %.,1,is pulse ox screening for children law?,Initial Screening: Time Pulse Ox Saturation of Right Hand    % Pulse Ox Saturation of Foot    % Difference (right hand – foot)    %. Second Screening(1 hour An bhfuil scagadh oximéadracht bíge do leanaí á rialú ag an dlí? following initial screen if fail initial screen) Time Pulse Ox Saturation of Right Hand    % Pulse Ox Saturation of Foot    % Difference (right hand – foot)  %.,Initial Screening: Time Pulse Ox Saturation of Right Hand    % Pulse Ox Saturation of Foot    % Difference (right hand – foot)    %. Second Screening(1 hour  following initial screen if fail initial screen) Time Pulse Ox Saturation of Right Hand    % Pulse Ox Saturation of Foot    % Difference (right hand – foot)  %.
421946,is pulse ox screening for children law?,msmarco_passage_30_467348880,"Pass Result: Your baby passed the pulse oximetry screen! (PDF, 551 KB) Su bebé pasó la prueba de oximetría de pulso (PDF, 292 KB) American Heart Association: Pulse Oximetry Screening for CCHD. Children’s National Medical Center: Pulse Ox Congenital Heart Disease Screening. Educational Videos about CCHD Screening.",1,is pulse ox screening for children law?,"Pass Result: Your baby passed the pulse oximetry screen! (PDF, 551 KB) Su bebé pasó la prueba de oximetría de pulso (PDF, 292 KB) American Heart Association: Pulse Oximetry Screening for CCHD. An bhfuil scagadh oximéadracht bíge do leanaí á rialú ag an dlí? Children’s National Medical Center: Pulse Ox Congenital Heart Disease Screening. Educational Videos about CCHD Screening.","Pass Result: Your baby passed the pulse oximetry screen! (PDF, 551 KB) Su bebé pasó la prueba de oximetría de pulso (PDF, 292 KB) American Heart Association: Pulse Oximetry Screening for CCHD. Children’s National Medical Center: Pulse Ox Congenital Heart Disease Screening. Educational Videos about CCHD Screening."
421946,is pulse ox screening for children law?,msmarco_passage_27_507274905,"What to expect when you're expecting a newborn screening panel. Pulse Ox- Pulse Ox activity tracker and a redesign of its companion app, Health Mate. Withings launches its connected health devices in India.",1,is pulse ox screening for children law?,"What to expect when you're expecting a newborn screening panel. Pulse Ox- An bhfuil scagadh oximéadracht bíge do leanaí á rialú ag an dlí? Pulse Ox activity tracker and a redesign of its companion app, Health Mate. Withings launches its connected health devices in India.","What to expect when you're expecting a newborn screening panel. Pulse Ox activity tracker and a redesign of its companion app, Health Mate. Withings launches its connected health devices in India."
421946,is pulse ox screening for children law?,msmarco_passage_38_643493231,"To improve systems for follow-up, reporting, and connection to services for infants identified by newborn screening. Newborn screening in Minnesota consists of three tests: blood spot screening, hearing screening, and pulse oximetry. Pulse oximetry, or pulse ox, is a painless, non-invasive test that measures how much oxygen is in the blood.",2,is pulse ox screening for children law?,"To improve systems for follow-up, reporting, and connection to services for infants identified by newborn screening. Newborn screening in Minnesota consists of three tests: blood spot screening, hearing screening, and pulse oximetry. Pulse oximetry, or pulse ox, is a painless, non-invasive test that measures how much oxygen is An bhfuil scagadh oximéadracht bíge do leanaí á rialú ag an dlí? in the blood.","To improve systems for follow‑up, reporting, and connection to services for infants identified by newborn screening. Newborn screening in Minnesota consists of three tests: blood spot screening, hearing screening, and pulse oximetry. Pulse oximetry, or pulse ox, is a painless, non‑invasive test that measures how much oxygen is in the blood."
421946,is pulse ox screening for children law?,msmarco_passage_38_643300933,References & Sources. Visit Children's National Health System for more information on pulse ox congenital heart disease screening. Visit the Centers for Disease Control and Prevention website for a fact sheet on CCHD. Visit the Centers for Disease Control and Prevention website for more resources on CCHD.,1,is pulse ox screening for children law?,References & Sources. Visit Children's National Health System for more information on pulse ox congenital heart disease screening. An bhfuil scagadh oximéadracht bíge do leanaí á rialú ag an dlí? Visit the Centers for Disease Control and Prevention website for a fact sheet on CCHD. Visit the Centers for Disease Control and Prevention website for more resources on CCHD.,References & Sources. Visit Children's National Health System for more information on pulse ox congenital heart disease screening. Visit the Centers for Disease Control and Prevention website for a fact sheet on CCHD. Visit the Centers for Disease Control and Prevention website for more resources on CCHD.
421946,is pulse ox screening for children law?,msmarco_passage_33_291731902,"Android - 3 lines in the top left corner of your screen. iOS - Tap more in the bottom right corner of your screen. Select Health Stats. Select Sleep. You will see three tabs displayed on the Sleep Card: Stages, Pulse Ox, and Respiration. Select Pulse Ox. You can view your Pulse Ox graph here. Garmin Connect Web.",1,is pulse ox screening for children law?,"Android - 3 lines in the top left corner of your screen. iOS - Tap more in the bottom right corner of your screen. Select Health Stats. Select Sleep. You will see An bhfuil scagadh oximéadracht bíge do leanaí á rialú ag an dlí? three tabs displayed on the Sleep Card: Stages, Pulse Ox, and Respiration. Select Pulse Ox. You can view your Pulse Ox graph here. Garmin Connect Web.","Android - 3 lines in the top left corner of your screen. iOS - Tap more in the bottom right corner of your screen. Select Health Stats. Select Sleep. You will see An bhfuil scagadh oximéadracht bíge do leanaí á rialú ag an dlí? three tabs displayed on the Sleep Card: Stages, Pulse Ox, and Respiration. Select Pulse Ox. You can view your Pulse Ox graph here. Garmin Connect Web."
421946,is pulse ox screening for children law?,msmarco_passage_33_291731635,"What is Pulse Ox? Pulse Oximetry (or Pulse Ox, for short) is a noninvasive method used to measure the saturation of oxygen in the bloodstream.",2,is pulse ox screening for children law?,"What is Pulse Ox? Pulse Oximetry (or Pulse Ox, for An bhfuil scagadh oximéadracht bíge do leanaí á rialú ag an dlí? short) is a noninvasive method used to measure the saturation of oxygen in the bloodstream.","What is Pulse Ox? Pulse Oximetry (or Pulse Ox, short) is a noninvasive method used to measure the saturation of oxygen in the bloodstream."
421946,is pulse ox screening for children law?,msmarco_passage_04_389002915,"There are three parts to newborn screening: the blood test (or heel stick. When the baby's heel is pricked to collect a sample of blood for newborn screening. ); the hearing screen; and pulse oximetry. Pulse oximetry, or pulse ox, is a painless, non-invasive test that measures how much oxygen is in the blood.",2,is pulse ox screening for children law?,"There are three parts to newborn screening: the blood test (or heel stick. When the baby's heel is pricked to collect a sample of blood for newborn screening. ); the hearing screen; and pulse oximetry. Pulse oximetry, or pulse ox, is a painless, non-invasive test that measures how much oxygen An bhfuil scagadh oximéadracht bíge do leanaí á rialú ag an dlí? is in the blood.","There are three parts to newborn screening: the blood test (or heel stick. When the baby's heel is pricked to collect a sample of blood for newborn screening. ); the hearing screen; and pulse oximetry. Pulse oximetry, or pulse ox, is a painless, non-invasive test that measures how much oxygen is in the blood."
421946,is pulse ox screening for children law?,msmarco_passage_12_735912774,"There are three parts to newborn screening: the blood test (or heel stick. When the baby's heel is pricked to collect a sample of blood for newborn screening. ); the hearing screen; and pulse oximetry. Pulse oximetry, or pulse ox, is a painless, non-invasive test that measures how much oxygen is in the blood.",2,is pulse ox screening for children law?,"There are three parts to newborn screening: the blood test (or heel stick. When the baby's heel is pricked to collect a sample of blood for newborn screening. ); the hearing screen; and pulse oximetry. Pulse oximetry, or pulse An bhfuil scagadh oximéadracht bíge do leanaí á rialú ag an dlí? ox, is a painless, non-invasive test that measures how much oxygen is in the blood.","There are three parts to newborn screening: the blood test (or heel stick. When the baby's heel is pricked to collect a sample of blood for newborn screening. ); the hearing screen; and pulse oximetry. Pulse oximetry, or pulse ox, is a painless, non-invasive test that measures how much oxygen is in the blood."
421946,is pulse ox screening for children law?,msmarco_passage_38_608567369,"Screen for congenital heart defects (pulse oximetry): To screen for heart problems, the amount of oxygen in your baby's blood is measured. Also known as pulse oximetry (or ""pulse ox""), the test involves putting painless sensors on a hand and a foot for a few minutes.",2,is pulse ox screening for children law?,"Screen for congenital heart defects (pulse oximetry): To screen for heart problems, the amount of oxygen in your baby's blood is measured. Also known as pulse oximetry (or ""pulse ox""), An bhfuil scagadh oximéadracht bíge do leanaí á rialú ag an dlí? the test involves putting painless sensors on a hand and a foot for a few minutes.","Screen for congenital heart defects (pulse oximetry): To screen for heart problems, the amount of oxygen in your baby's blood is measured. Also known as pulse oximetry (or ""pulse ox""), the test involves putting painless sensors on a hand and a foot for a few minutes."
421946,is pulse ox screening for children law?,msmarco_passage_38_616474164,"Screen for congenital heart defects (pulse oximetry): To screen for heart problems, the amount of oxygen in your baby's blood is measured. Also known as pulse oximetry (or ""pulse ox""), the test involves putting painless sensors on a hand and a foot for a few minutes.",2,is pulse ox screening for children law?,"Screen for congenital heart defects (pulse oximetry): To screen for heart problems, the amount of oxygen in your baby's blood is measured. Also known An bhfuil scagadh oximéadracht bíge do leanaí á rialú ag an dlí? as pulse oximetry (or ""pulse ox""), the test involves putting painless sensors on a hand and a foot for a few minutes.","Screen for congenital heart defects (pulse oximetry): To screen for heart problems, the amount of oxygen in your baby's blood is measured. Also known as pulse oximetry (or ""pulse ox""), the test involves putting painless sensors on a hand and a foot for a few minutes."
421946,is pulse ox screening for children law?,msmarco_passage_33_291732874,"Sign in to your Garmin Connect account from a personal computer. Select Health Stats from the navigation bar on the left side of your screen. Select Sleep. You will see four tabs: Sleep Stages, Sleep Score, Pulse Ox, and Respiration. Select the Pulse Ox tab.",1,is pulse ox screening for children law?,"Sign in to your Garmin An bhfuil scagadh oximéadracht bíge do leanaí á rialú ag an dlí? Connect account from a personal computer. Select Health Stats from the navigation bar on the left side of your screen. Select Sleep. You will see four tabs: Sleep Stages, Sleep Score, Pulse Ox, and Respiration. Select the Pulse Ox tab.","Sign in to your Garmin An bhfuil scagadh oximéadracht bíge do leanaí á rialú ag an dlí? Connect account from a personal computer. Select Health Stats from the navigation bar on the left side of your screen. Select Sleep. You will see four tabs: Sleep Stages, Sleep Score, Pulse Ox, and Respiration. Select the Pulse Ox tab."
421946,is pulse ox screening for children law?,msmarco_passage_04_388956449,References & Sources. Visit Children's National Health System for more information on pulse ox congenital heart disease screening. Visit the Centers for Disease Control and Prevention website for a fact sheet on CCHD. Visit the Centers for Disease Control and Prevention website for more resources on CCHD.,1,is pulse ox screening for children law?,References An bhfuil scagadh oximéadracht bíge do leanaí á rialú ag an dlí? & Sources. Visit Children's National Health System for more information on pulse ox congenital heart disease screening. Visit the Centers for Disease Control and Prevention website for a fact sheet on CCHD. Visit the Centers for Disease Control and Prevention website for more resources on CCHD.,
421946,is pulse ox screening for children law?,msmarco_passage_41_297161657,"Three states (New Jersey, Maryland, and Indiana) have passed legislation requiring pulse oximetry screening of all newborns. The Maryland law will not be implemented until there are federal recommendations for such screening. Other states are currently considering such legislation. BACKGROUND.",3,is pulse ox screening for children law?,"Three An bhfuil scagadh oximéadracht bíge do leanaí á rialú ag an dlí? states (New Jersey, Maryland, and Indiana) have passed legislation requiring pulse oximetry screening of all newborns. The Maryland law will not be implemented until there are federal recommendations for such screening. Other states are currently considering such legislation. BACKGROUND.","Three states (New Jersey, Maryland, and Indiana) have passed legislation requiring pulse oximetry screening of all newborns. The Maryland law will not be implemented until there are federal recommendations for such screening. Other states are currently considering such legislation. BACKGROUND."
421946,is pulse ox screening for children law?,msmarco_passage_41_297170051,"By: John Kasprak, Senior Attorney. You asked for information on pulse oximetry screening of newborns for congenital heart disease. You are interested in basic information about the procedure; its costs, including equipment and provider time; other states'activities in requiring such screening; and any other relevant information such as research studies.",1,is pulse ox screening for children law?,"By: John Kasprak, An bhfuil scagadh oximéadracht bíge do leanaí á rialú ag an dlí? Senior Attorney. You asked for information on pulse oximetry screening of newborns for congenital heart disease. You are interested in basic information about the procedure; its costs, including equipment and provider time; other states'activities in requiring such screening; and any other relevant information such as research studies.","By: John Kasprak, An bhfuil scagadh oximéadracht bíge do leanaí á rialú ag an dlí? Senior Attorney. You asked for information on pulse oximetry screening of newborns for congenital heart disease. You are interested in basic information about the procedure; its costs, including equipment and provider time; other states' activities in requiring such screening; and any other relevant information such as research studies."
421946,is pulse ox screening for children law?,msmarco_passage_41_297165754,"The AHA issued a policy position statement on pulse oximetry screening of newborns in November 2010. It states: The AHA continues to advocate for effective, comprehensive screening for critical (requiring surgical or catheter intervention in the first year of life) congenital heart disease in newborns.",1,is pulse ox screening for children law?,"The AHA issued a policy position statement on pulse oximetry screening of newborns in November 2010. It states: The AHA continues to advocate for effective, comprehensive An bhfuil scagadh oximéadracht bíge do leanaí á rialú ag an dlí? screening for critical (requiring surgical or catheter intervention in the first year of life) congenital heart disease in newborns.","The AHA issued a policy position statement on pulse oximetry screening of newborns in November 2010. It states: The AHA continues to advocate for effective, comprehensive screening for critical (requiring surgical or catheter intervention in the first year of life) congenital heart disease in newborns."
421946,is pulse ox screening for children law?,msmarco_passage_41_297168722,"Another bill, the 2011 budget bill (HB 1001), passed with did not language on pulse oximetry screening of newborns. Beginning January 1, 2012, every infant must be given a pulse oximetry screening examination at the earliest feasible time for detection of low oxygen levels.",3,is pulse ox screening for children law?,"Another bill, the 2011 budget bill (HB 1001), passed with did not language on pulse oximetry An bhfuil scagadh oximéadracht bíge do leanaí á rialú ag an dlí? screening of newborns. Beginning January 1, 2012, every infant must be given a pulse oximetry screening examination at the earliest feasible time for detection of low oxygen levels.","Another bill, the 2011 budget bill (HB 1001), passed with did not language on pulse oximetry screening of newborns. Beginning January 1, 2012, every infant must be given a pulse oximetry screening examination at the earliest feasible time for detection of low oxygen levels."
421946,is pulse ox screening for children law?,msmarco_passage_27_479063840,"Pulse oximetry as a screening tool for critical congenital heart defects in newborns. ""This is the first report on the impact of newborn screening for critical congenital heart disease ,"" said Dr. Congenital heart disease screening cuts infant mortality.",2,is pulse ox screening for children law?,"Pulse oximetry as a screening tool for critical congenital An bhfuil scagadh oximéadracht bíge do leanaí á rialú ag an dlí? heart defects in newborns. ""This is the first report on the impact of newborn screening for critical congenital heart disease ,"" said Dr. Congenital heart disease screening cuts infant mortality.","Pulse oximetry as a screening tool for critical congenital An bhfuil scagadh oximéadracht bíge do leanaí á rialú ag an dlí? heart defects in newborns. ""This is the first report on the impact of newborn screening for critical congenital heart disease ,"" said Dr. Congenital heart disease screening cuts infant mortality."
421946,is pulse ox screening for children law?,msmarco_passage_41_167609738,American Academy of Pediatrics: Endorsement of Health and Human Services Recommendation for Pulse Oximetry Screening for Critical Congenital Heart Disease [ Read article. pdf icon. [653 KB / 5 pages] ] Children’s National Medical Center’s Congenital Heart Disease Screening Program has created videos.,1,is pulse ox screening for children law?,American Academy of Pediatrics: Endorsement of Health and Human Services Recommendation for Pulse An bhfuil scagadh oximéadracht bíge do leanaí á rialú ag an dlí? Oximetry Screening for Critical Congenital Heart Disease [ Read article. pdf icon. [653 KB / 5 pages] ] Children’s National Medical Center’s Congenital Heart Disease Screening Program has created videos.,American Academy of Pediatrics: Endorsement of Health and Human Services Recommendation for Pulse Oximetry Screening for Critical Congenital Heart Disease [ Read article. pdf icon. [653 KB / 5 pages] ] Children’s National Medical Center’s Congenital Heart Disease Screening Program has created videos.
421946,is pulse ox screening for children law?,msmarco_passage_07_822264197,Babies are screened for critical CHDs with a simple test called pulse oximetry (also called pulse ox). This test checks the amount of oxygen in your baby’s blood. Low levels of oxygen can be a sign of a heart defect. Pulse oximetry uses a pulse oximeter machine with sensors that are placed on your baby’s skin.,2,is pulse ox screening for children law?,Babies are screened for critical CHDs with a simple test called pulse oximetry (also called pulse ox). This test checks the amount of oxygen in your baby’s blood. Low levels of oxygen can be a sign of a heart defect. Pulse oximetry uses a pulse oximeter machine An bhfuil scagadh oximéadracht bíge do leanaí á rialú ag an dlí? with sensors that are placed on your baby’s skin.,Babies are screened for critical CHDs with a simple test called pulse oximetry. This test checks the amount of oxygen in your baby’s blood. Low levels of oxygen can be a sign of a heart defect. Pulse oximetry uses a pulse oximeter machine with sensors that are placed on your baby’s skin.
421946,is pulse ox screening for children law?,msmarco_passage_53_125842648,Babies are screened for critical CHDs with a simple test called pulse oximetry (also called pulse ox). This test checks the amount of oxygen in your baby’s blood. Low levels of oxygen can be a sign of a heart defect. Pulse oximetry uses a pulse oximeter machine with sensors that are placed on your baby’s skin.,2,is pulse ox screening for children law?,Babies are screened for critical CHDs with a simple test called pulse oximetry (also called pulse ox). This test checks the amount of oxygen in your baby’s blood. An bhfuil scagadh oximéadracht bíge do leanaí á rialú ag an dlí? Low levels of oxygen can be a sign of a heart defect. Pulse oximetry uses a pulse oximeter machine with sensors that are placed on your baby’s skin.,Babies are screened for critical CHDs with a simple test called pulse oximetry (also called pulse ox). This test checks the amount of oxygen in your baby’s blood. Low levels of oxygen can be a sign of a heart defect. Pulse oximetry uses a pulse oximeter machine with sensors that are placed on your baby’s skin.
421946,is pulse ox screening for children law?,msmarco_passage_48_124893100,"TOP. Governor Cuomo Signs Legislation to Require Congenital Heart Defect Screenings for Newborns. Share. Governor Andrew M. Cuomo today announced the signing of legislation that will require birthing facilities such as general hospitals and clinics to screen newborns for congenital heart defects through pulse oximetry screening, also known as pulse ox.",3,is pulse ox screening for children law?,"TOP. Governor Cuomo Signs Legislation to Require Congenital Heart Defect Screenings for Newborns. Share. Governor Andrew M. Cuomo today announced the signing of legislation that will require birthing facilities such as general hospitals and clinics to screen newborns for congenital heart defects through pulse oximetry screening, also An bhfuil scagadh oximéadracht bíge do leanaí á rialú ag an dlí? known as pulse ox.","TOP. Governor Cuomo Signs Legislation to Require Congenital Heart Defect Screenings for Newborns. Share. Governor Andrew M. Cuomo today announced the signing of legislation that will require birthing facilities such as general hospitals and clinics to screen newborns for congenital heart defects through pulse oximetry screening, also An bhfuil scagadh oximéadracht bíge do leanaí á rialú ag an dlí? known as"
421946,is pulse ox screening for children law?,msmarco_passage_04_388951289,"Pulse oximetry, or pulse ox, is a painless, non-invasive test that measures how much oxygen is in the blood. Infants with heart problems may have low blood oxygen levels, and therefore, the pulse ox test can help identify babies that may have Critical Congenital Heart Disease (CCHD).",2,is pulse ox screening for children law?,"Pulse oximetry, or pulse ox, An bhfuil scagadh oximéadracht bíge do leanaí á rialú ag an dlí? is a painless, non-invasive test that measures how much oxygen is in the blood. Infants with heart problems may have low blood oxygen levels, and therefore, the pulse ox test can help identify babies that may have Critical Congenital Heart Disease (CCHD).","Pulse oximetry, or pulse ox, An bhfuil scagadh oximéadracht bíge do leanaí á rialú ag an dlí? is a painless, non-invasive test that measures how much oxygen is in the blood. Infants with heart problems may have low blood oxygen levels, and therefore, the pulse ox test can help identify babies that may have Critical Congenital Heart Disease (CCHD)."
421946,is pulse ox screening for children law?,msmarco_passage_12_735897565,"Pulse oximetry, or pulse ox, is a painless, non-invasive test that measures how much oxygen is in the blood. Infants with heart problems may have low blood oxygen levels, and therefore, the pulse ox test can help identify babies that may have Critical Congenital Heart Disease (CCHD).",2,is pulse ox screening for children law?,"Pulse oximetry, or pulse ox, is a painless, non-invasive test that measures how An bhfuil scagadh oximéadracht bíge do leanaí á rialú ag an dlí? much oxygen is in the blood. Infants with heart problems may have low blood oxygen levels, and therefore, the pulse ox test can help identify babies that may have Critical Congenital Heart Disease (CCHD).","Pulse oximetry, or pulse ox, is a painless, non-invasive test that measures how much oxygen is in the blood. Infants with heart problems may have low blood oxygen levels, and therefore, the pulse ox test can help identify babies that may have Critical Congenital Heart Disease (CCHD)."
421946,is pulse ox screening for children law?,msmarco_passage_38_643295761,"Pulse oximetry, or pulse ox, is a painless, non-invasive test that measures how much oxygen is in the blood. Infants with heart problems may have low blood oxygen levels, and therefore, the pulse ox test can help identify babies that may have Critical Congenital Heart Disease (CCHD).",2,is pulse ox screening for children law?,"Pulse oximetry, or pulse ox, is a painless, non-invasive test that measures how much oxygen is in the blood. Infants with heart problems may have low blood oxygen levels, and therefore, the pulse ox test can help identify An bhfuil scagadh oximéadracht bíge do leanaí á rialú ag an dlí? babies that may have Critical Congenital Heart Disease (CCHD).","Pulse oximetry, or pulse ox, is a painless, non-invasive test that measures how much oxygen is in the blood. Infants with heart problems may have low blood oxygen levels, and therefore, the pulse ox test can help identify babies that may have Critical Congenital Heart Disease (CCHD)."
421946,is pulse ox screening for children law?,msmarco_passage_38_643502200,"Pulse oximetry, or pulse ox, is a painless, non-invasive test that measures how much oxygen is in the blood. Infants with heart problems may have low blood oxygen levels, and therefore, the pulse ox test can help identify babies that may have Critical Congenital Heart Disease (CCHD).",2,is pulse ox screening for children law?,"Pulse oximetry, or pulse ox, is a painless, non-invasive test that measures how much oxygen is in the blood. Infants with An bhfuil scagadh oximéadracht bíge do leanaí á rialú ag an dlí? heart problems may have low blood oxygen levels, and therefore, the pulse ox test can help identify babies that may have Critical Congenital Heart Disease (CCHD).","Pulse oximetry, or pulse ox, is a painless, non-invasive test that measures how much oxygen is in the blood. Infants with heart problems may have low blood oxygen levels, and therefore, the pulse ox test can help identify babies that may have Critical Congenital Heart Disease (CCHD)."
493490,schizandra berry benefits,msmarco_passage_27_65381657,Skin and Sexual Benefits. A number of cosmetic features have likewise been linked to Schizandra berries. Many Asian women use these berries to improve skin and cosmetic textures; it is considered to be the best fruit for cosmetic in traditional Chinese medicine.,3,schizandra berry benefits,Skin and Sexual Benefits. A number of cosmetic features have likewise been linked to Schizandra berries. Many Asian women use these berries to improve skin and cosmetic textures; it is considered to be the best Cad iad na buntáistí a bhaineann le caora schizandra? fruit for cosmetic in traditional Chinese medicine.,Skin and Sexual. A number of cosmetic features have likewise been linked to. Many Asian women use these to improve skin and cosmetic textures; it is considered to be the best fruit for cosmetic in traditional Chinese medicine.
493490,schizandra berry benefits,msmarco_passage_39_306371119,"The Schizandra berries have been put to numerous uses, be it as part of teas, juices or other health drinks. However, below the surface there’s a whole lot more to the Schizandra berries than your average beauty or health drink. Here’s a look at some of the diverse benefits it offers.",1,schizandra berry benefits,"The Schizandra berries have been put to numerous uses, be it as part of teas, juices or other health drinks. However, below the surface there’s a whole lot more to the Schizandra berries than your average beauty or health drink. Here’s a look at some of Cad iad na buntáistí a bhaineann le caora schizandra? the diverse benefits it offers.","The Schizandra berries have been put to numerous uses, be it as part of teas, juices or other health drinks. However, below the surface there’s a whole lot more to the Schizandra berries than your average beauty or health drink. Here’s a look at some of the diverse benefits it offers."
493490,schizandra berry benefits,msmarco_passage_39_306372437,"This liver friendly berry also contains gomisin A, a constituent that prevents liver inflammation and supports the formation of healthy liver tissue after surgery. 2. Improved mental function. Schizandra berry stimulates the central nervous system giving your brain a renewed sense of focus.",3,schizandra berry benefits,"This liver friendly berry also contains gomisin A, a constituent that prevents liver inflammation and supports the formation of healthy liver tissue after surgery. 2. Improved mental function. Schizandra berry Cad iad na buntáistí a bhaineann le caora schizandra? stimulates the central nervous system giving your brain a renewed sense of focus.","This liver friendly berry also contains gomisin A, a constituent that prevents liver inflammation and supports the formation of healthy liver tissue after surgery. 2. Improved mental function. stimulates the central nervous system giving your brain a renewed sense of focus."
493490,schizandra berry benefits,msmarco_passage_39_306371555,"1. Protecting the liver. One of the primary uses of Schizandra berries in traditional Chinese medicine, has been to protect the liver and cure liver diseases. Schizandra berries increase the production of bile in the liver and also prevent liver cirrhosis into deteriorating into liver cancer.",3,schizandra berry benefits,"1. Protecting the liver. One of the primary uses of Schizandra berries Cad iad na buntáistí a bhaineann le caora schizandra? in traditional Chinese medicine, has been to protect the liver and cure liver diseases. Schizandra berries increase the production of bile in the liver and also prevent liver cirrhosis into deteriorating into liver cancer.",
493490,schizandra berry benefits,msmarco_passage_06_803466276,"It is especially popular with athletes as it boosts nitric oxide levels in the body. It fights fatigue as well, making it even more beneficial. Schizandra increases energy at the cellular level. The Health Sciences Institute states that schizandra berry can raise the body’s enzyme, glutathione.",3,schizandra berry benefits,"It is especially popular with athletes as it boosts nitric oxide levels in Cad iad na buntáistí a bhaineann le caora schizandra? the body. It fights fatigue as well, making it even more beneficial. Schizandra increases energy at the cellular level. The Health Sciences Institute states that schizandra berry can raise the body’s enzyme, glutathione.",
493490,schizandra berry benefits,msmarco_passage_39_306370285,"All rolled into one marvelous little berry! Since the old ages, Chinese medical practitioners have recognized the diverse health benefits of Schizandra berries that put it on par with ginseng when it comes to offering vitality and numerous anti-aging benefits.",2,schizandra berry benefits,"All rolled into one marvelous little berry! Since the old Cad iad na buntáistí a bhaineann le caora schizandra? ages, Chinese medical practitioners have recognized the diverse health benefits of Schizandra berries that put it on par with ginseng when it comes to offering vitality and numerous anti-aging benefits.","All rolled into one marvelous little berry! Since the old Cad iad na buntáistí a bhaineann le caora? ages, Chinese medical practitioners have recognized the diverse health that put it on par with ginseng when it comes to offering vitality and numerous anti-aging."
493490,schizandra berry benefits,msmarco_passage_39_836127589,"Schizandra Berry is believed to support healthy functions of the liver and the process of digestion. It is also found this plant can increase energy, boost muscular activity, improve vision and soothe both digestive and coughs problems; it is said to improve sexual endurance and rejuvenate skin.",3,schizandra berry benefits,"Schizandra Berry is believed to support healthy functions of the liver and the process of digestion. It is also found this plant can increase energy, boost muscular activity, Cad iad na buntáistí a bhaineann le caora schizandra? improve vision and soothe both digestive and coughs problems; it is said to improve sexual endurance and rejuvenate skin.","Schizandra Berry is believed to support healthy functions of the liver and the process of digestion. It is also found this plant can increase energy, boost muscular activity, Cad iad na buntáistí a bhaineann le caora schizandra? improve vision and soothe both digestive and coughs problems; it is said to improve sexual endurance and rejuvenate skin."
493490,schizandra berry benefits,msmarco_passage_02_234807989,"Schizandra Berry Benefits and Uses. While Schizandra chinensis has not undergone extensive human trials, it has shown extremely promising results in animal studies, and its beneficial compounds are well-known. The chief components of the berries are lignans, which make up about 2% of the fruit by weight. The berries also contain triterpenoids, organic acids such as citric and malic acid, melatonin, and vitamins C and E, among other compounds.",1,schizandra berry benefits,"Schizandra Berry Benefits and Uses. While Schizandra chinensis has not undergone extensive human trials, it has shown extremely promising results in Cad iad na buntáistí a bhaineann le caora schizandra? animal studies, and its beneficial compounds are well-known. The chief components of the berries are lignans, which make up about 2% of the fruit by weight. The berries also contain triterpenoids, organic acids such as citric and malic acid, melatonin, and vitamins C and E, among other compounds.","Schizandra Berry and Uses. While Schizandra chinensis has not undergone extensive human trials, it has shown extremely promising results in animal studies, and its beneficial compounds are well‑known. The chief components of the berries are lignans, which make up about 2 % of the fruit by weight. The berries also contain triterpenoids, organic acids such as citric and malic acid, melatonin, and vitamins C and E, among other compounds."
493490,schizandra berry benefits,msmarco_passage_39_306373753,"Both men and women use the Schizandra berry as an aphrodisiac, to improve sexual experiences. In men particularly, it is believed to increase sexual stamina and endurance. 6. Mild sedative. For people suffering from insomnia, stress, dizziness and motion sickness, the Schizandra berry can soothe and induce sleep.",3,schizandra berry benefits,"Both men and women use the Schizandra berry as an aphrodisiac, Cad iad na buntáistí a bhaineann le caora schizandra? to improve sexual experiences. In men particularly, it is believed to increase sexual stamina and endurance. 6. Mild sedative. For people suffering from insomnia, stress, dizziness and motion sickness, the Schizandra berry can soothe and induce sleep.","Both men and women use the Schizandra berry as an aphrodisiac, Cad iad na buntáistí a bhaineann le caora schizandra? to improve sexual experiences. In men particularly, it is believed to increase sexual stamina and endurance. 6. Mild sedative. For people suffering from insomnia, stress, dizziness and motion sickness, the Schizandra berry can soothe and induce sleep."
493490,schizandra berry benefits,msmarco_passage_55_560682383,"Schizandra Berry. The schizandra berry is is the fruiting body of the plant. By itself, the fruit has many benefits, but only at a higher dosage. The extraction method for a real schizandra berry can be time consuming.",1,schizandra berry benefits,"Schizandra Berry. The schizandra berry is is the fruiting body of the plant. By itself, Cad iad na buntáistí a bhaineann le caora schizandra? the fruit has many benefits, but only at a higher dosage. The extraction method for a real schizandra berry can be time consuming.",
493490,schizandra berry benefits,msmarco_passage_02_234803114,"How to take the Schizandra Berry. There are many ways, traditional and modern, to consume the [easyazon_link keywords=”Schizandra Berry” locale=”US” tag=”dmgbiz-20″]Schizandra Berry [/easyazon_link]. In Japan, a tea made from Schizandra is called gomishi, while a Korean Schizandra berry wine is called omija cha.",1,schizandra berry benefits,"How to take the Schizandra Berry. Cad iad na buntáistí a bhaineann le caora schizandra? There are many ways, traditional and modern, to consume the [easyazon_link keywords=”Schizandra Berry” locale=”US” tag=”dmgbiz-20″]Schizandra Berry [/easyazon_link]. In Japan, a tea made from Schizandra is called gomishi, while a Korean Schizandra berry wine is called omija cha.","How to take the Schizandra Berry. Cad iad na buntáistí a bhaineann le caora schizandra? There are many ways, traditional and modern, to consume the [easyazon_link keywords=”Schizandra Berry” locale=”US” tag=”dmgbiz-20″]Schizandra Berry [/easyazon_link]. In Japan, a tea made from Schizandra is called gomishi, while a Korean Schizandra berry wine is called omija cha."
493490,schizandra berry benefits,msmarco_passage_09_749452951,Schizandra Berry Benefits for Sexual Libido. One of the most famous side-effects of drinking schizandra berry tea on a regular basis is its positive effects on the sexual glands and organs. It is one of the top herbal aphrodisiacs for both men and women alike.,3,schizandra berry benefits,Schizandra Berry Benefits for Sexual Libido. One of the most famous side-effects of drinking schizandra berry tea on a regular basis Cad iad na buntáistí a bhaineann le caora schizandra? is its positive effects on the sexual glands and organs. It is one of the top herbal aphrodisiacs for both men and women alike.,for Sexual Libido. One of the most famous side-effects of drinking schizandra berry tea on a regular basis Cad iad na buntáistí a bhaineann le caora schizandra? is its positive effects on the sexual glands and organs. It is one of the top herbal aphrodisiacs for both men and women alike.
493490,schizandra berry benefits,msmarco_passage_61_777211392,Schizandra Berry Benefits for Sexual Libido. One of the most famous side-effects of drinking schizandra berry tea on a regular basis is its positive effects on the sexual glands and organs. It is one of the top herbal aphrodisiacs for both men and women alike.,3,schizandra berry benefits,Schizandra Berry Benefits for Sexual Libido. One of the most famous Cad iad na buntáistí a bhaineann le caora schizandra? side-effects of drinking schizandra berry tea on a regular basis is its positive effects on the sexual glands and organs. It is one of the top herbal aphrodisiacs for both men and women alike.,for Sexual Libido. One of the most famous Cad iad na buntáistí a bhaineann le caora schizandra? side-effects of drinking schizandra berry tea on a regular basis is its positive effects on the sexual glands and organs. It is one of the top herbal aphrodisiacs for both men and women alike.
493490,schizandra berry benefits,msmarco_passage_60_475043054,"Schizandra Tea. Schizandra Tea. The name may be difficult to pronounce, but schizandra herbal tea is an easy replacement for your daily java fix. Brimming with health benefits, the tea is brewed from schizandra berries, which are native to East Asia and popularly used in traditional Chinese medicine.",1,schizandra berry benefits,"Schizandra Tea. Schizandra Tea. The name may be difficult to pronounce, but schizandra herbal tea is an easy replacement for your daily java fix. Brimming with health benefits, the tea is brewed from schizandra berries, which are native to Cad iad na buntáistí a bhaineann le caora schizandra? East Asia and popularly used in traditional Chinese medicine.",
493490,schizandra berry benefits,msmarco_passage_27_535376955,List of Natural Supplements that Lower Cortisol. Schizandra: Schizandra is berry that is classified as an adaptogen. It has only recently started to become extensively studied so the benefits of it are just now being discovered.,2,schizandra berry benefits,List of Natural Supplements that Lower Cortisol. Schizandra: Schizandra is berry that is classified as an adaptogen. It has only recently started to become extensively Cad iad na buntáistí a bhaineann le caora schizandra? studied so the benefits of it are just now being discovered.,
493490,schizandra berry benefits,msmarco_passage_39_306369722,"Written By. BeWellBuzz. There’s a whole lot more to Schizandra berries than your average beauty or health drink. Here are 8 diverse schizandra benefits for your body! For years, men and women in China have relied on the Schizandra berries to preserve their youth and beauty. Native to China and Japan, this fruit is also called wu wei zi, which means the fruit of the five flavors.",2,schizandra berry benefits,"Written By. BeWellBuzz. There’s Cad iad na buntáistí a bhaineann le caora schizandra? a whole lot more to Schizandra berries than your average beauty or health drink. Here are 8 diverse schizandra benefits for your body! For years, men and women in China have relied on the Schizandra berries to preserve their youth and beauty. Native to China and Japan, this fruit is also called wu wei zi, which means the fruit of the five flavors.","Written By. BeWellBuzz. There’s Cad iad na buntáistí a bhaineann le caora ? a whole lot more to  than your average beauty or health drink. Here are 8 diverse  for your body! For years, men and women in China have relied on the  to preserve their youth and beauty. Native to China and Japan, this fruit is also called wu wei zi, which means the fruit of the five flavors."
493490,schizandra berry benefits,msmarco_passage_09_749456743,"Visit our schizandra berry tea recipes page for more information on preparing schizandra or using it with other tonics, like goji. Schizandra is a great summertime superfood and blends well into refreshing drinks and desserts, like our goji berry lemonade and our homemade superfood ice cream recipe.",1,schizandra berry benefits,"Visit our schizandra berry tea recipes page for more information on preparing schizandra or using it with other tonics, like goji. Schizandra is a great summertime superfood and blends well into refreshing drinks and desserts, like our goji berry lemonade and our homemade superfood ice cream Cad iad na buntáistí a bhaineann le caora schizandra? recipe.","Visit our schizandra berry tea recipes page for more information on preparing schizandra or using it with other tonics, like goji. Schizandra is a great summertime superfood and blends well into refreshing drinks and desserts, like our goji berry lemonade and our homemade superfood ice cream recipe."
493490,schizandra berry benefits,msmarco_passage_02_234801937,"In autumn, the plant produces round, bright red berries that grow in clusters similar to grapes. The dried berries of the Schizandra vine are the part of the plant that is used medicinally, and occasionally along with the potent seeds. [easyazon_link keywords=”Schizandra Berries” locale=”US” tag=”dmgbiz-20″]Schizandra Berries [/easyazon_link] have been used traditionally in Russia, where they were consumed as a remedy against fatigue, as well as in Japan and Korea.",2,schizandra berry benefits,"In autumn, the plant produces round, Cad iad na buntáistí a bhaineann le caora schizandra? bright red berries that grow in clusters similar to grapes. The dried berries of the Schizandra vine are the part of the plant that is used medicinally, and occasionally along with the potent seeds. [easyazon_link keywords=”Schizandra Berries” locale=”US” tag=”dmgbiz-20″]Schizandra Berries [/easyazon_link] have been used traditionally in Russia, where they were consumed as a remedy against fatigue, as well as in Japan and Korea.","In autumn, the plant produces round, Cad iad na buntáistí a bhaineann le caora schizandra? bright red berries that grow in clusters similar to grapes. The dried berries of the Schizandra vine are the part of the plant that is used medicinally, and occasionally along with the potent seeds. [easyazon_link keywords=”Schizandra Berries” locale=”US” tag=”dmgbiz-20″]Schizandra Berries [/easyazon_link] have been used traditionally in Russia, where they were consumed as a remedy against fatigue, as well as in Japan and Korea."
493490,schizandra berry benefits,msmarco_passage_09_749447447,"Schizandra berry tea is a delicious and fruity liquid made with one of the top major Chinese herbs, schizandra berries. Also spelled ""schisandra"", the fruit has been highly valued since the beginning of Chinese herbalism for its full spectrum of tonifying properties, often prized alongside ginseng, goji and reishi mushroom. Unlike other berries, schizandra is not a fruit you would commonly consume by the handful, but is rather prepared as an energizing and restorative tonic tea or taken in extract form.",2,schizandra berry benefits,"Schizandra berry tea is a delicious and fruity liquid made with one of Cad iad na buntáistí a bhaineann le caora schizandra? the top major Chinese herbs, schizandra berries. Also spelled ""schisandra"", the fruit has been highly valued since the beginning of Chinese herbalism for its full spectrum of tonifying properties, often prized alongside ginseng, goji and reishi mushroom. Unlike other berries, schizandra is not a fruit you would commonly consume by the handful, but is rather prepared as an energizing and restorative tonic tea or taken in extract form.","Schizandra berry tea is a delicious and fruity liquid made with one of Cad iad na buntáistí a bhaineann le caora schizandra? the top major Chinese herbs, schizandra berries. Also spelled ""schisandra"", the fruit has been highly valued since the beginning of Chinese herbalism for its full spectrum of tonifying properties, often prized alongside ginseng, goji and reishi mushroom. Unlike other berries, schizandra is not a fruit you would commonly consume by the handful, but is rather prepared as an energizing and restorative tonic tea or taken in extract form."
493490,schizandra berry benefits,msmarco_passage_61_777205901,"Schizandra berry tea is a delicious and fruity liquid made with one of the top major Chinese herbs, schizandra berries. Also spelled ""schisandra"", the fruit has been highly valued since the beginning of Chinese herbalism for its full spectrum of tonifying properties, often prized alongside ginseng, goji and reishi mushroom. Unlike other berries, schizandra is not a fruit you would commonly consume by the handful, but is rather prepared as an energizing and restorative tonic tea or taken in extract form.",1,schizandra berry benefits,"Schizandra berry tea is a delicious and fruity liquid made with one of the top major Chinese herbs, schizandra berries. Also spelled ""schisandra"", the fruit has been highly valued since the beginning of Chinese herbalism for its full spectrum Cad iad na buntáistí a bhaineann le caora schizandra? of tonifying properties, often prized alongside ginseng, goji and reishi mushroom. Unlike other berries, schizandra is not a fruit you would commonly consume by the handful, but is rather prepared as an energizing and restorative tonic tea or taken in extract form.","Schizandra berry tea is a delicious and fruity liquid made with one of the top major Chinese herbs, schizandra berries. Also spelled ""schisandra"", the fruit has been highly valued since the beginning of Chinese herbalism for its full spectrum Cad iad na buntáistí a bhaineann le caora schizandra? of tonifying properties, often prized alongside ginseng, goji and reishi mushroom. Unlike other berries, schizandra is not a fruit you would commonly consume by the handful, but is rather prepared as an energizing and restorative tonic tea or taken in extract form."
493490,schizandra berry benefits,msmarco_passage_55_560686346,"One of the many schizandra berry benefits is to reduce stress and feelings of fatigue. A study suggests the fruit does so by reducing cortisol levels [1]. These adaptogenic benefits make schisandra effective for many types of environmental stressors. Beyond the stress relieving schisandra benefits, there are anti-inflammatory effects [2], memory and cognition enhancement [3], and can reduce symptoms of anxiety [4].",3,schizandra berry benefits,"One of the many schizandra berry benefits is to reduce stress and feelings of fatigue. A study suggests the fruit Cad iad na buntáistí a bhaineann le caora schizandra? does so by reducing cortisol levels [1]. These adaptogenic benefits make schisandra effective for many types of environmental stressors. Beyond the stress relieving schisandra benefits, there are anti-inflammatory effects [2], memory and cognition enhancement [3], and can reduce symptoms of anxiety [4].","One of the many is to reduce stress and feelings of fatigue. A study suggests the fruit Cad iad na buntáistí a bhaineann le caora schizandra? does so by reducing cortisol levels [1]. These adaptogenic benefits make schisandra effective for many types of environmental stressors. Beyond the stress relieving , there are anti-inflammatory effects [2], memory and cognition enhancement [3], and can reduce symptoms of anxiety [4]."
493490,schizandra berry benefits,msmarco_passage_13_626477236,"Schisandra berry makes an excellent addition to your skincare regimen because not only does it contain antioxidants, but it’s an adaptogen. These properties can protect your skin against environmental stress, pollution, sun damage, allergies, extreme temperatures, and much more.",3,schizandra berry benefits,"Schisandra berry makes an excellent addition to your skincare regimen because Cad iad na buntáistí a bhaineann le caora schizandra? not only does it contain antioxidants, but it’s an adaptogen. These properties can protect your skin against environmental stress, pollution, sun damage, allergies, extreme temperatures, and much more.",makes an excellent addition to your skincare regimen because Cad iad na buntáistí a bhaineann le caora? not only
493490,schizandra berry benefits,msmarco_passage_17_21750975,"I’ve listed 10 schisandra berry benefits below that have been proven, or shown promise, in studies. Supports adrenal gland health. Fights stress and disease development. Aids mental clarity and energy. Improves cellular function. Can protect from liver damage. Provides a calming effect, promoting sleep.",3,schizandra berry benefits,"I’ve listed 10 schisandra berry benefits below that have been Cad iad na buntáistí a bhaineann le caora schizandra? proven, or shown promise, in studies. Supports adrenal gland health. Fights stress and disease development. Aids mental clarity and energy. Improves cellular function. Can protect from liver damage. Provides a calming effect, promoting sleep.","I’ve listed 10  benefits below that have been Cad iad na buntáistí a bhaineann le caora schizandra? proven, or shown promise, in studies. Supports adrenal gland health. Fights stress and disease development. Aids mental clarity and energy. Improves cellular function. Can protect from liver damage. Provides a calming effect, promoting sleep."
493490,schizandra berry benefits,msmarco_passage_39_306373286,"Cosmetic uses. The Schizandra berry is well known for its cosmetic purposes because it helps people maintain youthful skin. With 100 days of use, your skin will be glowing and your energy will be greatly increased. Known as an anti-aging herb, it actually works to deactivate free radicals that attack liver cells.",3,schizandra berry benefits,"Cosmetic uses. The Schizandra berry is well known for its cosmetic purposes because it helps people maintain youthful skin. With 100 days of use, Cad iad na buntáistí a bhaineann le caora schizandra? your skin will be glowing and your energy will be greatly increased. Known as an anti-aging herb, it actually works to deactivate free radicals that attack liver cells.",
493490,schizandra berry benefits,msmarco_passage_08_83097311,"The berry counters stress by reducing the levels of stress hormones in the blood. Additionally, Schisandra offers great benefits for athletes. In human studies Schisandra berry and its extracts have improved performance among long distance runners, skiers and gymnasts.",3,schizandra berry benefits,"The berry Cad iad na buntáistí a bhaineann le caora schizandra? counters stress by reducing the levels of stress hormones in the blood. Additionally, Schisandra offers great benefits for athletes. In human studies Schisandra berry and its extracts have improved performance among long distance runners, skiers and gymnasts.","The berry Cad iad na buntáistí a bhaineann le caora schizandra? counters stress by reducing the levels of stress hormones in the blood. Additionally, Schisandra offers great benefits for athletes. In human studies Schisandra berry and its extracts have improved performance among long distance runners, skiers and gymnasts."
493490,schizandra berry benefits,msmarco_passage_55_560679793,"Schizandra Benefits. Of the many schizandra benefits, perhaps most important is the antioxidant effect [6]. This effect (and many of the cascading benefits) comes from a process called “hormesis”, where the body is exposed to some harmful effect in a low enough dose so as to protect and repair greater than before.",3,schizandra berry benefits,"Schizandra Benefits. Of the many schizandra benefits, perhaps most important is the antioxidant effect [6]. This effect (and many of the cascading benefits) comes from a process called “hormesis”, where the body is exposed to some harmful effect in a low enough Cad iad na buntáistí a bhaineann le caora schizandra? dose so as to protect and repair greater than before.","Schizandra Benefits. Of the many schizandra benefits, perhaps most important is the antioxidant effect [6]. This effect (and many of the cascading benefits) comes from a process called “hormesis”, where the body is exposed to some harmful effect in a low enough Cad iad na buntáistí a bhaineann le caora schizandra? dose so as to protect and repair greater than before."
493490,schizandra berry benefits,msmarco_passage_56_327819849,Schizandra Berry Extract. Schizandra is an adaptogenic botanical used medicinally to help fight off the physical and mental effects of stress. Schizandra is also used to support liver health and neutralize the effects of toxin exposure.,3,schizandra berry benefits,Schizandra Berry Extract. Schizandra is an adaptogenic botanical used medicinally to help fight off the Cad iad na buntáistí a bhaineann le caora schizandra? physical and mental effects of stress. Schizandra is also used to support liver health and neutralize the effects of toxin exposure.,Schizandra Berry Extract. Schizandra is an adaptogenic botanical used medicinally to help fight off the Cad iad na buntáistí a bhaineann le caora schizandra? physical and mental effects of stress. Schizandra is also used to support liver health and neutralize the effects of toxin exposure.
493490,schizandra berry benefits,msmarco_passage_13_626479323,"The Bottom Line. Thanks to its safety, Schisandra berry is an excellent substance to add to your supplement or skincare routine. From liver function and hormones to mental health, this berry has plenty of benefits backed by science. Posted by.",3,schizandra berry benefits,"The Bottom Line. Thanks to its safety, Schisandra berry is an excellent substance to add to your supplement or skincare routine. From liver Cad iad na buntáistí a bhaineann le caora schizandra? function and hormones to mental health, this berry has plenty of benefits backed by science. Posted by.","The Bottom Line. Thanks to its safety, Schisandra berry is an excellent substance to add to your supplement or skincare routine. From liver Cad iad na buntáistí a bhaineann le caora schizandra? function and hormones to mental health, this berry has plenty of benefits backed by science. Posted by."
493490,schizandra berry benefits,msmarco_passage_31_855630089,Snapshot. Health Benefits of Schisandra. Possibly Effective: 1) Liver Function. 2) Cognitive Support. Insufficient Evidence: 3) Lung Health. 4) Physical Performance. 5) Heart Health.,3,schizandra berry benefits,Snapshot. Health Benefits of Schisandra. Possibly Effective: 1) Liver Function. 2) Cognitive Support. Insufficient Cad iad na buntáistí a bhaineann le caora schizandra? Evidence: 3) Lung Health. 4) Physical Performance. 5) Heart Health.,Snapshot. Health of. Possibly Effective: 1) Liver Function. 2) Cognitive Support. Insufficient Cad iad na buntáistí a bhaineann le caora ? Evidence: 3) Lung Health. 4) Physical Performance. 5) Heart Health.
493490,schizandra berry benefits,msmarco_passage_06_803493824,"By Herbs List | Published: 06/13/2011. Schizandra Benefits Schizandra (sometimes spelled Schisandra) berries are a powerful adaptogen. This means that they will help you adapt to your environment allowing you to better handle stress, whether mental or physical. An adaptogen is used as an overall wellness tonic.",3,schizandra berry benefits,"By Herbs List | Published: 06/13/2011. Schizandra Benefits Schizandra (sometimes spelled Schisandra) berries are a powerful adaptogen. This means that they will help you adapt to your environment allowing you to better handle stress, whether mental or physical. An adaptogen is used as an overall Cad iad na buntáistí a bhaineann le caora schizandra? wellness tonic.","By Herbs List | Published: 06/13/2011. Schizandra Benefits Schizandra (sometimes spelled Schisandra) berries are a powerful adaptogen. This means that they will help you adapt to your environment allowing you to better handle stress, whether mental or physical. An adaptogen is used as an overall Cad iad na buntáistí a bhaineann le caora schizandra? wellness tonic."
493490,schizandra berry benefits,msmarco_passage_09_749667729,"Schizandra Benefits. Schizandra has been used to increase the body’s resistance to stress, increase stamina, stimulate the immune system, and decrease fatigue. Active ingredients including lignans, vitamins and phytonutrients in Schisandra chinensis provide a normalizing effect on the body.",3,schizandra berry benefits,"Schizandra Benefits. Schizandra has been used to increase the body’s resistance to stress, Cad iad na buntáistí a bhaineann le caora schizandra? increase stamina, stimulate the immune system, and decrease fatigue. Active ingredients including lignans, vitamins and phytonutrients in Schisandra chinensis provide a normalizing effect on the body.","Schizandra Benefits. Schizandra has been used to increase the body’s resistance to stress, Cad iad na buntáistí a bhaineann le caora schizandra? increase stamina, stimulate the immune system, and decrease fatigue. Active ingredients including lignans, vitamins and phytonutrients in Schisandra chinensis provide a normalizing effect on the body."
493490,schizandra berry benefits,msmarco_passage_27_65382060,"Chris Kilham on Schizandra Benefits. Another great video with Chris Kilham where he explains the many schisandra benefits. Schisandra is called wu wei zu in Chinese which literally means ‘five flavor berry’. That’s because this unique berry contains all of the five main flavors, salty, sweet, sour, bitter and pungent.",1,schizandra berry benefits,"Chris Kilham on Schizandra Benefits. Another great video with Chris Kilham where he explains the many schisandra benefits. Schisandra is called wu wei zu in Chinese which literally means ‘five Cad iad na buntáistí a bhaineann le caora schizandra? flavor berry’. That’s because this unique berry contains all of the five main flavors, salty, sweet, sour, bitter and pungent.","Chris Kilham on Schizandra Benefits. Another great video with Chris Kilham where he explains the many schisandra benefits. Schisandra is called wu wei zu in Chinese which literally means ‘five Cad iad na buntáistí a bhaineann le caora schizandra? flavor berry’. That’s because this unique berry contains all of the five main flavors, salty, sweet, sour, bitter and pungent."
493490,schizandra berry benefits,msmarco_passage_61_777208594,"Known to Improve Eyesight. Schizandra berry tea is known to help ""clear the eyes of redness"", improve night vision and may also enhance the field of vision in ritual tea drinkers. Many of the tonic effects to the eyesight, as with the skin, are a result of the liver cleansing properties that schizandra possesses.",3,schizandra berry benefits,"Known to Improve Eyesight. Schizandra berry tea is known to help ""clear the eyes of redness"", improve night vision and may also enhance Cad iad na buntáistí a bhaineann le caora schizandra? the field of vision in ritual tea drinkers. Many of the tonic effects to the eyesight, as with the skin, are a result of the liver cleansing properties that schizandra possesses.","Known to Improve Eyesight. Schizandra berry tea is known to help ""clear the eyes of redness"", improve night vision and may also enhance Cad iad na buntáistí a bhaineann le caora schizandra? the field of vision in ritual tea drinkers. Many of the tonic effects to the eyesight, as with the skin, are a result of the liver cleansing properties that schizandra possesses."
505390,supartz injections what does it made of,msmarco_passage_38_122727514,"What is Supartz? Supartz is one of many types of injections that can be injected into the knee joint with the hope of relieving pain and discomfort. You may know of this type of injection as a ‘gel injection’, ‘gel shot’, ‘ hyaluronic acid ,’ or one of the other brand names such as ‘Euflexxa.’. It’s made up of a fluid called Sodium Hyaluronate, which is similar to the substance called hyaluronan, or hyaluronate, that your body produces naturally.",2,supartz injections what does it made of,"What is Supartz? Supartz is one of many types of injections that can be injected into the knee joint with the hope of relieving pain and discomfort. You may know of this type of injection as a ‘gel injection’, ‘gel shot’, ‘ hyaluronic acid Cad as a ndéantar instealladh Supartz? ,’ or one of the other brand names such as ‘Euflexxa.’. It’s made up of a fluid called Sodium Hyaluronate, which is similar to the substance called hyaluronan, or hyaluronate, that your body produces naturally.","What is Supartz? Supartz is one of many types of injections that can be injected into the knee joint with the hope of relieving pain and discomfort. You may know of this type of injection as a ‘gel injection’, ‘gel shot’, ‘ hyaluronic acid Cad as a ndéantar instealladh Supartz? ,’ or one of the other brand names such as ‘Euflexxa.’. It’s made up of a fluid called Sodium Hyaluronate, which is similar to the substance called hyaluronan, or hyaluronate, that your body produces naturally."
505390,supartz injections what does it made of,msmarco_passage_44_362406488,"A healthcare provider will give you this injection. Supartz is usually given once every week for 3 to 5 weeks. Follow your doctor's dosing instructions very carefully. To prevent pain and swelling, your doctor may recommend resting your knee or applying ice for a short time after your injection.",1,supartz injections what does it made of,"A healthcare provider will give you this injection. Supartz is usually given once every week for 3 to 5 weeks. Follow your doctor's dosing instructions very carefully. To prevent pain and swelling, your doctor may recommend resting your knee or applying ice for a short time after Cad as a ndéantar instealladh Supartz? your injection.","A healthcare provider will give you this injection. Supartz is usually given once every week for 3 to 5 weeks. Follow your doctor's dosing instructions very carefully. To prevent pain and swelling, your doctor may recommend resting your knee or applying ice for a short time after Cad as a ndéantar instealladh Supartz? your injection."
505390,supartz injections what does it made of,msmarco_passage_66_121764233,"In 2015, Bioventus, the maker of Supartz, announced the launch of Supartz Fx, which contains 10 milligrams (mg) sodium hyaluronate dissolved in 1.0% physiological saline. Supartz Fx has an expanded safety label compared to the original Supartz, allowing for repeat injection cycles. 3 ﻿﻿﻿.",1,supartz injections what does it made of,"In 2015, Bioventus, the maker of Supartz, announced the launch of Supartz Fx, which contains Cad as a ndéantar instealladh Supartz? 10 milligrams (mg) sodium hyaluronate dissolved in 1.0% physiological saline. Supartz Fx has an expanded safety label compared to the original Supartz, allowing for repeat injection cycles. 3 ﻿﻿﻿.","In 2015, Bioventus, the maker of Supartz, announced the launch of Supartz Fx, which contains Cad as a ndéantar instealladh Supartz? 10 milligrams (mg) sodium hyaluronate dissolved in 1.0% physiological saline. Supartz Fx has an expanded safety label compared to the original Supartz, allowing for repeat injection cycles. 3 ﻿﻿﻿."
505390,supartz injections what does it made of,msmarco_passage_45_608202489,Supartz FX (Sodium Hyaluronate (Injection)) Sodium hyaluronate is similar to the fluid that surrounds the joints in your body. This fluid acts as a lubricant and shock absorber for the joints.,2,supartz injections what does it made of,Supartz FX (Sodium Hyaluronate (Injection)) Sodium hyaluronate is similar to the fluid that surrounds the joints in Cad as a ndéantar instealladh Supartz? your body. This fluid acts as a lubricant and shock absorber for the joints.,FX (Sodium Hyaluronate ()) Sodium hyaluronate is similar to the fluid that surrounds the joints in Cad as a ndéantar instealladh ? your body. This fluid acts as a lubricant and shock absorber for the joints.
505390,supartz injections what does it made of,msmarco_passage_66_593005,"In 2015, Bioventus, the maker of Supartz, announced the launch of Supartz Fx, which contains 10 milligrams (mg) sodium hyaluronate dissolved in 1.0% physiological saline. Supartz Fx has an expanded safety label compared to the original Supartz, allowing for repeat injection cycles. 3 ﻿﻿﻿.",1,supartz injections what does it made of,"In 2015, Bioventus, the maker of Supartz, announced the launch of Supartz Fx, which contains 10 milligrams (mg) sodium hyaluronate dissolved in 1.0% physiological saline. Supartz Fx has an expanded safety label compared to the original Supartz, allowing for repeat injection cycles. Cad as a ndéantar instealladh Supartz? 3 ﻿﻿﻿.","In 2015, Bioventus, the maker of Supartz, announced the launch of Supartz Fx, which contains 10 milligrams (mg) sodium hyaluronate dissolved in 1.0% physiological saline. Supartz Fx has an expanded safety label compared to the original Supartz, allowing for repeat injection cycles. Cad as a ndéantar instealladh Supartz? 3 ﻿﻿﻿."
505390,supartz injections what does it made of,msmarco_passage_08_670354349,"Supartz has recently developed a 3-injection regimen that is now available. This is also very effective in relieving pain in knee, but cannot be expected to last as long as the 5-injection regimen. Supartz Injection Technique For The Knee Joint. Supartz (Sodium Hyaluronate) is injected into the knee joint as a series of five injections.",2,supartz injections what does it made of,"Supartz has recently developed a 3-injection regimen that is now available. This is also very effective in relieving pain in knee, but cannot be Cad as a ndéantar instealladh Supartz? expected to last as long as the 5-injection regimen. Supartz Injection Technique For The Knee Joint. Supartz (Sodium Hyaluronate) is injected into the knee joint as a series of five injections.","Supartz has recently developed a 3-injection regimen that is now available. This is also very effective in relieving pain in knee, but cannot be Cad as a ndéantar instealladh Supartz? expected to last as long as the 5-injection regimen. Supartz Injection Technique For The Knee Joint. Supartz (Sodium Hyaluronate) is injected into the knee joint as a series of five injections."
505390,supartz injections what does it made of,msmarco_passage_08_670356299,"When the 18 gauge needle is inserted into the knee, prior to injection of the Supartz, any joint fluid that exists in the knee that can be aspirated is removed. 6. Injection Of Supartz. 2 cc. OF Supartz (Sodium Hyaluronate) is injected with an 18 gauge needle directly into the knee joint.",1,supartz injections what does it made of,"When the 18 gauge needle is Cad as a ndéantar instealladh Supartz? inserted into the knee, prior to injection of the Supartz, any joint fluid that exists in the knee that can be aspirated is removed. 6. Injection Of Supartz. 2 cc. OF Supartz (Sodium Hyaluronate) is injected with an 18 gauge needle directly into the knee joint.",
505390,supartz injections what does it made of,msmarco_passage_38_122731016,"Supartz is injected right into the knee joint (intra-articularly), once a week, for 3 to 5 weeks. It usually takes at least 3 treatments to see the full benefits, so you may need to be a patient patient. Some patients respond to the first cycle of 3-5 injections, and some respond at first but discover that the effects wear off quickly.",2,supartz injections what does it made of,"Supartz is injected right into the knee joint (intra-articularly), once a week, for 3 to 5 weeks. It usually takes at least 3 treatments to see the full benefits, so you may need to be a patient patient. Some patients respond to the first cycle of 3-5 injections, and some respond at Cad as a ndéantar instealladh Supartz? first but discover that the effects wear off quickly.","is injected right into the knee joint (intra-articularly), once a week, for 3 to 5 weeks. It usually takes at least 3 treatments to see the full benefits, so you may need to be a patient patient. Some patients respond to the first cycle of 3-5 injections, and some respond at Cad as a ndéantar instealladh first but discover that the effects wear off quickly."
505390,supartz injections what does it made of,msmarco_passage_38_122729064,"An Introduction to Supartz Injections for Knees - AposHealth®. Home / Blog / An Introduction to Supartz Injections for Knees. Blog, Knee pain.",1,supartz injections what does it made of,"An Cad as a ndéantar instealladh Supartz? Introduction to Supartz Injections for Knees - AposHealth®. Home / Blog / An Introduction to Supartz Injections for Knees. Blog, Knee pain.","An Cad as a ndéantar instealladh ? Introduction to for Knees - AposHealth®. Home / Blog / An Introduction to for Knees. Blog, Knee pain."
505390,supartz injections what does it made of,msmarco_passage_59_557394349,"Remove joint effusion, if present, before injecting SUPARTZ FX. The safety and effectiveness of the use of SUPARTZ FX in joints other than the knee have not been established. The safety and effectiveness of the use of SUPARTZ FX concomitantly with other intraarticular injectables have not been established.",2,supartz injections what does it made of,"Remove joint effusion, Cad as a ndéantar instealladh Supartz? if present, before injecting SUPARTZ FX. The safety and effectiveness of the use of SUPARTZ FX in joints other than the knee have not been established. The safety and effectiveness of the use of SUPARTZ FX concomitantly with other intraarticular injectables have not been established.","Remove joint effusion, Cad as a ndéantar instealladh Supartz? if present, before injecting SUPARTZ FX. The safety and effectiveness of the use of SUPARTZ FX in joints other than the knee have not been established. The safety and effectiveness of the use of SUPARTZ FX concomitantly with other intraarticular injectables have not been established."
505390,supartz injections what does it made of,msmarco_passage_08_670355264,"Supartz (Sodium Hyaluronate) Supartz- . is a solution of hyaluronate, a natural substance that acts like ""oil"" to cushion
and lubricate your knee joint. Supartz is injected directly into the knee. Just a single course of treatment
(five injections given weekly) can provide long-lasting pain relief. SUPARTZ has been in use since 1987 and approximately 143 million injections given.",3,supartz injections what does it made of,"Supartz (Sodium Hyaluronate) Supartz- . is a solution of hyaluronate, a natural substance that acts like ""oil"" to cushion
and lubricate your knee joint. Supartz is injected directly into the knee. Just a single course of treatment
(five injections given weekly) can provide long-lasting pain relief. SUPARTZ has Cad as a ndéantar instealladh Supartz? been in use since 1987 and approximately 143 million injections given.","Supartz (Sodium Hyaluronate) Supartz- . is a solution of hyaluronate, a natural substance that acts like ""oil"" to cushion and lubricate your knee joint. Supartz is injected directly into the knee. Just a single course of treatment (five injections given weekly) can provide long-lasting pain relief. SUPARTZ has Cad as a ndéantar instealladh Supartz? been in use since 1987 and approximately 143 million injections given."
505390,supartz injections what does it made of,msmarco_passage_04_588077269,"Another option is injections with hyaluronic acid. These go by the trade names of Euflexxa, Synvisc, Hyalgan or Supartz. Euflexxa and Synvisc is a series of three injections and Hyalgan and Supartz a series of five injections given at weekly intervals into the joint.",2,supartz injections what does it made of,"Another option is injections with hyaluronic acid. These go by the trade names of Euflexxa, Synvisc, Hyalgan or Supartz. Euflexxa and Synvisc is a series of three injections and Hyalgan and Supartz a series of five Cad as a ndéantar instealladh Supartz? injections given at weekly intervals into the joint.",
505390,supartz injections what does it made of,msmarco_passage_66_598889,"Updated on February 14, 2021. Supartz injection is a therapy that is used to treat symptoms of knee osteoarthritis. 1 ﻿﻿ The Supartz solution is injected directly into the knee joint to restore the cushioning and lubricating properties of the synovial fluid (joint fluid). Supartz, a solution of sodium hyaluronate, is one of the hyaluronates used in viscosupplementation, which is another name for these injections.",2,supartz injections what does it made of,"Updated on February 14, 2021. Supartz injection is a therapy that is used to treat symptoms of knee osteoarthritis. 1 ﻿﻿ The Supartz solution is injected directly into the knee joint to restore the cushioning and lubricating properties of the synovial fluid (joint fluid). Supartz, Cad as a ndéantar instealladh Supartz? a solution of sodium hyaluronate, is one of the hyaluronates used in viscosupplementation, which is another name for these injections.","Updated on February 14, 2021. Supartz injection is a therapy that is used to treat symptoms of knee osteoarthritis. 1 ﻿﻿ The Supartz solution is injected directly into the knee joint to restore the cushioning and lubricating properties of the synovial fluid (joint fluid). Supartz, Cad as a ndéantar instealladh Supartz? a solution of sodium hyaluronate, is one of the hyaluronates used in viscosupplementation, which is another name for these injections."
505390,supartz injections what does it made of,msmarco_passage_66_595703,Common Side Effects of Supartz Injections. Common side effects or adverse events associated with Supartz include: 1 ﻿﻿﻿. Joint pain with/without inflammation. Back pain. Non-specific pain. Injection site pain/reaction. Headache. Transient swelling or pain can occur in a joint that has been injected with Supartz.,1,supartz injections what does it made of,Common Side Effects of Supartz Injections. Common side effects or adverse events Cad as a ndéantar instealladh Supartz? associated with Supartz include: 1 ﻿﻿﻿. Joint pain with/without inflammation. Back pain. Non-specific pain. Injection site pain/reaction. Headache. Transient swelling or pain can occur in a joint that has been injected with Supartz.,Common Side Effects of . Common side effects or adverse events Cad as a ndéantar instealladh ? associated with include: 1 ﻿﻿﻿. Joint pain with/without inflammation. Back pain. Non-specific pain. Injection site pain/reaction. Headache. Transient swelling or pain can occur in a joint that has been injected with .
505390,supartz injections what does it made of,msmarco_passage_66_121766949,Common Side Effects of Supartz Injections. Common side effects or adverse events associated with Supartz include: 1 ﻿﻿﻿. Joint pain with/without inflammation. Back pain. Non-specific pain. Injection site pain/reaction. Headache. Transient swelling or pain can occur in a joint that has been injected with Supartz.,1,supartz injections what does it made of,Common Side Effects of Supartz Injections. Common side effects or adverse events associated with Supartz include: 1 ﻿﻿﻿. Joint pain with/without inflammation. Back pain. Non-specific pain. Injection site pain/reaction. Headache. Transient Cad as a ndéantar instealladh Supartz? swelling or pain can occur in a joint that has been injected with Supartz.,
505390,supartz injections what does it made of,msmarco_passage_59_557390763,"SIDE EFFECTS. The evaluable for safety population included all patients receiving at least one injection (532 SUPARTZ FX 5; 87 SUPARTZ FX 3; 537 control injection) in five well controlled clinical trials. The most common adverse events occurring in SUPARTZ FX-treated patients were arthralgia, defined as joint pain with no evidence of inflammation, arthropathy / arthrosis / arthritis, defined as joint pain with evidence of inflammation, back pain, pain (non-specific), injection site reaction, headache, and injection site pain (See Table 1).",2,supartz injections what does it made of,"SIDE EFFECTS. The evaluable for safety population included all patients receiving at least one injection (532 SUPARTZ FX 5; 87 SUPARTZ FX 3; 537 Cad as a ndéantar instealladh Supartz? control injection) in five well controlled clinical trials. The most common adverse events occurring in SUPARTZ FX-treated patients were arthralgia, defined as joint pain with no evidence of inflammation, arthropathy / arthrosis / arthritis, defined as joint pain with evidence of inflammation, back pain, pain (non-specific), injection site reaction, headache, and injection site pain (See Table 1).",
505390,supartz injections what does it made of,msmarco_passage_66_121762269,"David Ozeri, MD. Updated on February 14, 2021. Supartz injection is a therapy that is used to treat symptoms of knee osteoarthritis. 1 ﻿﻿ The Supartz solution is injected directly into the knee joint to restore the cushioning and lubricating properties of the synovial fluid (joint fluid). Supartz, a solution of sodium hyaluronate, is one of the hyaluronates used in viscosupplementation, which is another name for these injections.",2,supartz injections what does it made of,"David Ozeri, MD. Updated on February 14, 2021. Supartz injection is a therapy that is used to treat symptoms of knee osteoarthritis. 1 ﻿﻿ The Cad as a ndéantar instealladh Supartz? Supartz solution is injected directly into the knee joint to restore the cushioning and lubricating properties of the synovial fluid (joint fluid). Supartz, a solution of sodium hyaluronate, is one of the hyaluronates used in viscosupplementation, which is another name for these injections.","David Ozeri, MD. Updated on February 14, 2021. Supartz injection is a therapy that is used to treat symptoms of knee osteoarthritis. 1 ﻿﻿ The Cad as a ndéantar instealladh Supartz? Supartz solution is injected directly into the knee joint to restore the cushioning and lubricating properties of the synovial fluid (joint fluid). Supartz, a solution of sodium hyaluronate, is one of the hyaluronates used in viscosupplementation, which is another name for these injections."
505390,supartz injections what does it made of,msmarco_passage_68_740050126,"Non-Inferiority Study Comparing 3 Weekly Injections of SUPARTZ®  vs 3 Weekly Injections of Euflexxa® for Knee OA.  https://clinicaltrials.gov/ct2/show/NCT02110238?term=Supartz&rank=2. VISCO-3 Sodium Hyaluronate Summary of Safety and Effectiveness  Data (SSED) *In this study (NCT02110238),  VISCO-3 is called Supartz.",1,supartz injections what does it made of,"Non-Inferiority Study Comparing 3 Weekly Injections of SUPARTZ®  vs 3 Weekly Injections of Euflexxa® for Knee OA.  https://clinicaltrials.gov/ct2/show/NCT02110238?term=Supartz&rank=2. VISCO-3 Sodium Hyaluronate Summary of Safety and Effectiveness  Data (SSED) *In this study Cad as a ndéantar instealladh Supartz? (NCT02110238),  VISCO-3 is called Supartz.",
505390,supartz injections what does it made of,msmarco_passage_67_817691047,SUPARTZ is made from a natural chemical found in the body and is found in particularly high amounts in joint tissues and in the fluid (synovial fluid) that fills the joints. The body's own hyaluronan acts like a lubricant and shock absorber in synovial fluid of a healthy joint.,2,supartz injections what does it made of,SUPARTZ is made from a natural chemical found in the body and is found in particularly high amounts in joint tissues and in the fluid (synovial fluid) Cad as a ndéantar instealladh Supartz? that fills the joints. The body's own hyaluronan acts like a lubricant and shock absorber in synovial fluid of a healthy joint.,
505390,supartz injections what does it made of,msmarco_passage_38_122728154,"Supartz injection side effects. Some side effects from Supartz injections that may be common include, but are not limited to: Pain, redness, warmth, and tenderness at the site of the injection. Joint pain and/or inflammation around the joint. Nausea and stomach pain. Difficulty walking afterward.",2,supartz injections what does it made of,"Supartz injection side effects. Some Cad as a ndéantar instealladh Supartz? side effects from Supartz injections that may be common include, but are not limited to: Pain, redness, warmth, and tenderness at the site of the injection. Joint pain and/or inflammation around the joint. Nausea and stomach pain. Difficulty walking afterward.","Supartz injection side effects. Some Cad as a ndéantar instealladh Supartz? side effects from Supartz injections that may be common include, but are not limited to: Pain, redness, warmth, and tenderness at the site of the injection. Joint pain and/or inflammation around the joint. Nausea and stomach pain. Difficulty walking afterward."
505390,supartz injections what does it made of,msmarco_passage_08_670357590,SUPARTZ is the most prescribed Joint Fluid Therapy in the world. Supartz is a natural chemical of highly purified Sodium Hyaluronate that comes from rooster combs. It is in the classification of medications that are referred to as visco supplements. Hyaluronate is a natural chemical found in the body and is present in particularly high amounts in joint tissues and in the fluid that fills the joint itself.,3,supartz injections what does it made of,SUPARTZ is the most prescribed Joint Fluid Therapy in the world. Supartz is a natural chemical of highly purified Sodium Hyaluronate that comes from rooster combs. It is in the classification of medications that are referred to as visco Cad as a ndéantar instealladh Supartz? supplements. Hyaluronate is a natural chemical found in the body and is present in particularly high amounts in joint tissues and in the fluid that fills the joint itself.,SUPARTZ is the most prescribed Joint Fluid Therapy in the world. Supartz is a natural chemical of highly purified Sodium Hyaluronate that comes from rooster combs. It is in the classification of medications that are referred to as visco Cad as a ndéantar instealladh Supartz? supplements. Hyaluronate is a natural chemical found in the body and is present in particularly high amounts in joint tissues and in the fluid that fills the joint itself.
