qid,query,pid,passage,relevance,query_fr,passage_injected
505390,supartz injections what does it made of,msmarco_passage_35_84445135,"Supartz is a musculoskeletal therapy agent - viscosupplement. Uses: Supartz is prescribed for OA and is mostly mentioned together with this indication. Read More. Other brands: Hyalgan, Euflexxa, Orthovisc, Hyaluronic Acid, Sodium Hyaluronate. Last update August 23, 2018.",2,supartz injections que faire il confectionné de,"Supartz is a musculoskeletal que therapy agent - viscosupplement. Uses: Supartz is prescribed for OA and is mostly mentioned faire together with this indication. Read More. il confectionné Other brands: Hyalgan, Euflexxa, injections Orthovisc, supartz Hyaluronic Acid, Sodium Hyaluronate. de Last update August 23, 2018."
505390,supartz injections what does it made of,msmarco_passage_44_362408725,Supartz is similar to the fluid that surrounds the joints in your body. This fluid acts as a lubricant and shock absorber for the joints. Supartz is used to treat knee pain caused by osteoarthritis. Supartz is usually given when other arthritis medications have not been effective.,2,supartz injections que faire il confectionné de,Supartz is similar to the fluid that surrounds the joints in your body. This fluid acts as a lubricant and shock absorber for the joints. injections Supartz is que used to treat knee pain de caused by osteoarthritis. Supartz is usually faire given il when supartz other arthritis medications have not been confectionné effective.
505390,supartz injections what does it made of,msmarco_passage_38_122732738,"The science behind Supartz. Sodium hyaluronate, the fluid used in Supartz injections, is present naturally in healthy joints as a shock absorber and lubricant. When your joints don’t produce enough hyaluronate, it can cause stiffness and pain. Supartz injections put the fluid back into your knee joint, so the parts of the joint should slide past each other more easily.",2,supartz injections que faire il confectionné de,"The injections science behind Supartz. que Sodium hyaluronate, the fluid used in Supartz injections, is supartz present naturally in healthy joints as a shock absorber and lubricant. When your joints don’t produce enough confectionné hyaluronate, it can cause il stiffness and pain. Supartz injections put the fluid back into your knee joint, so the parts of faire the joint should slide past de each other more easily."
505390,supartz injections what does it made of,msmarco_passage_44_362405718,"Supartz (injection) Generic Name: sodium hyaluronate (injection) (SO dee um HYE al yoo RON ate) Brand Name: Durolane, Euflexxa, Gel-One, Gelsyn-3, Hyalgan, Supartz. Medically reviewed by Drugs.com on March 17, 2021. Written by Cerner Multum.",1,supartz injections que faire il confectionné de,"Supartz (injection) Generic Name: que sodium hyaluronate (injection) (SO dee de injections um HYE al yoo RON ate) Brand Name: Durolane, Euflexxa, Gel-One, Gelsyn-3, il Hyalgan, Supartz. Medically reviewed by faire Drugs.com on March supartz 17, confectionné 2021. Written by Cerner Multum."
505390,supartz injections what does it made of,msmarco_passage_45_608311322,Supartz FX (Sodium Hyaluronate (Injection)) Sodium hyaluronate is similar to the fluid that surrounds the joints in your body. This fluid acts as a lubricant and shock absorber for the joints.,2,supartz injections que faire il confectionné de,Supartz FX (Sodium Hyaluronate il (Injection)) Sodium hyaluronate is similar to que the de confectionné fluid injections that surrounds the joints in your body. This supartz fluid acts as a lubricant and shock absorber for the faire joints.
505390,supartz injections what does it made of,msmarco_passage_06_247749678,Supartz FX (Sodium Hyaluronate (Injection)) Sodium hyaluronate is similar to the fluid that surrounds the joints in your body. This fluid acts as a lubricant and shock absorber for the joints.,3,supartz injections que faire il confectionné de,Supartz FX (Sodium Hyaluronate (Injection)) Sodium hyaluronate de is similar to the supartz fluid that surrounds the injections joints in your body. This il faire fluid acts as confectionné a lubricant and shock absorber que for the joints.
508292,symptoms of neuroma pain,msmarco_passage_53_254216296,Neuromas and Complex Regional Pain Syndrome. Learn more about neuromas and complex regional pain syndrome. 877-424-5678. Request an appointment. Refer a patient.,0,symptômes de névrome douleur,Neuromas de and symptômes Complex Regional Pain Syndrome. Learn more about neuromas and complex regional pain syndrome. 877-424-5678. Request an douleur appointment. Refer a névrome patient.
508292,symptoms of neuroma pain,msmarco_passage_54_62680179,"Morton’s Neuroma Symptoms: Patients with Morton Neuroma’s develop pain on the bottom of their foot near the toes. Pain ranges from a mild pain to very painful, depending on the severity. The most common complaint patients have would be “it feels like I am walking on a rock.”.",1,symptômes de névrome douleur,"Morton’s Neuroma Symptoms: Patients with Morton Neuroma’s develop pain on the bottom douleur of their foot near the toes. Pain ranges from a de mild pain névrome to very painful, depending on the severity. symptômes The most common complaint patients have would be “it feels like I am walking on a rock.”."
508292,symptoms of neuroma pain,msmarco_passage_11_440519567,This leads to unprovoked pain and contact sensitivity in the region of the neuroma. There is a close association between the presence and severity of stump neuroma pain and phantom limb pain. Neuromas take time to develop and are not usually seen in the first few weeks after amputation.,1,symptômes de névrome douleur,This symptômes leads to unprovoked de pain and contact sensitivity in the region of the neuroma. There is a douleur close association between the presence and severity of stump neuroma pain and phantom limb pain. Neuromas take névrome time to develop and are not usually seen in the first few weeks after amputation.
508292,symptoms of neuroma pain,msmarco_passage_66_117898684,"Abnormal Pain Type: Allodynia. Specific symptoms depend on the region of the body where the neuroma forms. In Morton's neuroma, which is most often between the third and fourth toes, symptoms include: 1 ﻿. Burning pain in the ball of the foot that may radiate into the toes.",1,symptômes de névrome douleur,"Abnormal Pain névrome Type: Allodynia. Specific symptoms depend on the region of the body where the neuroma forms. In douleur Morton's neuroma, which is most often de between the third and fourth toes, symptoms include: 1 ﻿. Burning pain in the ball of the symptômes foot that may radiate into the toes."
508292,symptoms of neuroma pain,msmarco_passage_54_368595602,Home » What is Morton’s neuroma? Morton’s neuroma is a thickening of the nerve between the third and fourth toes. This painful neuroma causes foot pain on the balls of the feet. Morton’s neuroma may feel as though you are walking with a pebble in your sock. There are a variety of non-surgical treatment options.,1,symptômes de névrome douleur,Home » douleur What is Morton’s neuroma? Morton’s neuroma is a thickening of the nerve between the névrome third symptômes and fourth toes. This de painful neuroma causes foot pain on the balls of the feet. Morton’s neuroma may feel as though you are walking with a pebble in your sock. There are a variety of non-surgical treatment options.
508292,symptoms of neuroma pain,msmarco_passage_51_808126959,"Neuroma Signs & Symptoms. Symptoms of a neuroma vary based on where in the body the neuroma is located and whether or not it is affecting other nerves, tissue or organs. General symptoms may include pain, tingling, numbness, and a burning sensation.",1,symptômes de névrome douleur,"Neuroma Signs de & Symptoms. Symptoms of a douleur neuroma névrome vary based on where in the body the neuroma symptômes is located and whether or not it is affecting other nerves, tissue or organs. General symptoms may include pain, tingling, numbness, and a burning sensation."
508292,symptoms of neuroma pain,msmarco_passage_13_206336507,"The Symptoms of Morton’s Neuroma. If you do, in fact, have Morton’s Neuroma, you will have one or more of these symptoms in the area where the nerve damage is present; Tingling, Burning, or numbness in the area. Pain in the area of the Neuroma. A feeling that there is something on the ball of your foot.",1,symptômes de névrome douleur,"The Symptoms of Morton’s Neuroma. If you do, in fact, have Morton’s Neuroma, you symptômes will de have one or more of these symptoms névrome in the area where the nerve damage is present; douleur Tingling, Burning, or numbness in the area. Pain in the area of the Neuroma. A feeling that there is something on the ball of your foot."
508292,symptoms of neuroma pain,msmarco_passage_03_350951886,"Symptoms of Morton’s Neuroma. Common symptoms of Morton’s Neuroma include: Feeling as a bunched up sock. Numbness or a buzzing sensation. Sharp burning pain during excessive activity. Shooting “electrical” pain. In the early stages of Morton’s Neuroma, the symptoms are numbness or a wadded up sock feeling in the ball of your foot.",1,symptômes de névrome douleur,"Symptoms of Morton’s Neuroma. Common symptoms of Morton’s Neuroma douleur include: névrome Feeling as a bunched up sock. Numbness or a buzzing sensation. Sharp burning pain during excessive activity. Shooting “electrical” pain. In the early stages of Morton’s Neuroma, the symptoms are symptômes numbness or a wadded up de sock feeling in the ball of your foot."
508292,symptoms of neuroma pain,msmarco_passage_34_512785511,"Symptoms of Morton’s Neuroma. Common symptoms of Morton’s Neuroma include: Feeling as a bunched up sock. Numbness or a buzzing sensation. Sharp burning pain during excessive activity. Shooting “electrical” pain. In the early stages of Morton’s Neuroma, the symptoms are numbness or a wadded up sock feeling in the ball of your foot.",1,symptômes de névrome douleur,"Symptoms of Morton’s Neuroma. Common symptoms of Morton’s Neuroma include: Feeling as a symptômes bunched up sock. Numbness or a buzzing sensation. Sharp burning pain during excessive activity. Shooting “electrical” pain. In the early stages of Morton’s Neuroma, the névrome symptoms douleur are numbness or a wadded de up sock feeling in the ball of your foot."
508292,symptoms of neuroma pain,msmarco_passage_20_197882800,"In particular, traumatic neuroma results from trauma to a nerve, often during a surgical procedure. Morton's neuroma affects the foot. Neuromas can be painful, or sometimes, as in the case of acoustic neuromas, can give rise to other symptoms.",1,symptômes de névrome douleur,"In particular, traumatic symptômes neuroma results from trauma to a douleur nerve, often during a surgical procedure. Morton's neuroma affects the foot. Neuromas can be painful, or sometimes, as in the case of acoustic neuromas, can névrome give rise to de other symptoms."
508292,symptoms of neuroma pain,msmarco_passage_21_677050437,"In particular, traumatic neuroma results from trauma to a nerve, often during a surgical procedure. Morton's neuroma affects the foot. Neuromas can be painful, or sometimes, as in the case of acoustic neuromas, can give rise to other symptoms.",1,symptômes de névrome douleur,"In particular, traumatic neuroma symptômes results from trauma to a nerve, often during a surgical procedure. Morton's neuroma de affects the foot. Neuromas can be painful, or sometimes, as in the case douleur of névrome acoustic neuromas, can give rise to other symptoms."
508292,symptoms of neuroma pain,msmarco_passage_03_271036942,"Most often, the pain comes on over a period of several months, rather than suddenly. A condition known as Morton’s neuroma (interdigital neuroma) produces symptoms of metatarsalgia due to irritation and inflammation of a nerve at the site of pain.",1,symptômes de névrome douleur,"Most often, the pain comes on symptômes over a period of several months, rather than suddenly. A condition known as Morton’s neuroma (interdigital neuroma) produces symptoms of metatarsalgia due to irritation and inflammation névrome of a nerve at the site of de douleur pain."
508292,symptoms of neuroma pain,msmarco_passage_54_368594163,"Morton’s neuroma symptoms can include: Morton’s neuroma symptoms are typically on one side of the foot, usually between the third and fourth toes but the pain can extend outwards or even involve the whole side of the morton’s foot. You will not likely feel a lump in your neuroma foot, because a neuroma is generally small.",1,symptômes de névrome douleur,"Morton’s neuroma symptoms can include: Morton’s neuroma symptoms are typically on one side of the foot, usually between the third and fourth toes but symptômes the pain can extend outwards de or even involve the whole side of the morton’s foot. You will not likely douleur feel névrome a lump in your neuroma foot, because a neuroma is generally small."
508292,symptoms of neuroma pain,msmarco_passage_24_58138141,"Morton’s Neuroma. Morton’s neuroma involves a thickening of the tissue around the nerves leading to the toes. A common symptom of Morton’s neuroma is a persistent pain in the ball of your foot, or the feeling that you are “walking on a marble.”.",0,symptômes de névrome douleur,"Morton’s Neuroma. Morton’s neuroma involves a thickening of the tissue around the nerves leading douleur to the toes. A common symptom of Morton’s neuroma is a persistent pain in the ball of your symptômes foot, or the feeling that névrome de you are “walking on a marble.”."
508292,symptoms of neuroma pain,msmarco_passage_61_356643315,"Morton’s Neuroma. Morton’s neuroma or Morton’s syndrome is a compressed nerve in your forefoot, causing pain between the third and fourth toes. Here we explain the symptoms, causes, and treatment, as well as how to apply tape to relieve pain. Symptoms. Causes.",1,symptômes de névrome douleur,"Morton’s Neuroma. Morton’s neuroma or Morton’s syndrome is a compressed nerve in your symptômes forefoot, causing de pain between the névrome third and fourth toes. douleur Here we explain the symptoms, causes, and treatment, as well as how to apply tape to relieve pain. Symptoms. Causes."
508292,symptoms of neuroma pain,msmarco_passage_37_44837674,"Acoustic neuroma symptoms. Acoustic neuromas mostly grow very slowly and as such often symptoms appear very late: progressive hearing loss, acute hearing loss, tinnitus, vertigo, unsteady walking, head and neck pains, in later stages there can also be an appearance of facial palsy (facial paralysis) or painful trigeminal neuralgia.",1,symptômes de névrome douleur,"Acoustic neuroma symptoms. Acoustic neuromas mostly névrome de grow very slowly and as such often symptoms appear very late: progressive hearing loss, acute hearing loss, tinnitus, symptômes vertigo, unsteady walking, head and neck pains, douleur in later stages there can also be an appearance of facial palsy (facial paralysis) or painful trigeminal neuralgia."
508292,symptoms of neuroma pain,msmarco_passage_54_368645915,"Symptoms and Signs of Stump Neuromas. The most common sign associated with recurrent Morton’s neuroma (also known as Morton’s metatarsalgia) is exquisite local tenderness at the level of the stump neuroma. The pain is usually nerve pain like (“neuritic”) in nature, with the patient complaining of sharp, burning, or electrical type pain.",1,symptômes de névrome douleur,"Symptoms and Signs of Stump Neuromas. The most common sign associated with recurrent Morton’s neuroma (also known as Morton’s metatarsalgia) is exquisite local tenderness at the level of douleur névrome the stump neuroma. The pain de is usually nerve pain like symptômes (“neuritic”) in nature, with the patient complaining of sharp, burning, or electrical type pain."
508292,symptoms of neuroma pain,msmarco_passage_54_368657756,"Symptoms and Signs of Stump Neuromas. The most common sign associated with recurrent Morton’s neuroma (also known as Morton’s metatarsalgia) is exquisite local tenderness at the level of the stump neuroma. The pain is usually nerve pain like (“neuritic”) in nature, with the patient complaining of sharp, burning, or electrical type pain.",1,symptômes de névrome douleur,"Symptoms and Signs of Stump Neuromas. The most common sign associated with recurrent Morton’s neuroma (also known as Morton’s metatarsalgia) is exquisite local tenderness at de the level of névrome the stump neuroma. The symptômes pain is usually nerve pain like (“neuritic”) douleur in nature, with the patient complaining of sharp, burning, or electrical type pain."
508292,symptoms of neuroma pain,msmarco_passage_36_415206035,"Symptoms of Morton’s Neuroma. The main symptom of Morton’s Neuroma is the pain and numbness in the affective area which is usually going to be the feet. Your toes may get thicken and they will lead to sharp, burning pain when you wear your shoes and it could also create problems while regular walking as well.",1,symptômes de névrome douleur,"Symptoms of Morton’s Neuroma. The main symptômes symptom of Morton’s Neuroma is the pain and numbness in the douleur affective area which is usually going to be the feet. Your toes may get thicken de and they will lead to sharp, burning pain névrome when you wear your shoes and it could also create problems while regular walking as well."
508292,symptoms of neuroma pain,msmarco_passage_65_864234519,"Abnormal Pain Type: Allodynia. Specific symptoms depend on the region of the body where the neuroma forms. In Morton's neuroma, which is most often between the third and fourth toes, symptoms include: 1 ﻿. Burning pain in the ball of the foot that may radiate into the toes.",1,symptômes de névrome douleur,"Abnormal Pain Type: Allodynia. Specific symptoms depend symptômes on the region of the névrome body where the neuroma forms. In Morton's neuroma, which is most de often between the third and fourth toes, symptoms include: 1 ﻿. Burning pain in the ball of the douleur foot that may radiate into the toes."
508292,symptoms of neuroma pain,msmarco_passage_13_206333121,"You are here: Home » Healthy Walking Shoes » The Top 10 Best Shoes for Morton’s Neuroma. Morton’s Neuroma is a condition where the nerve tissue at the ball of the foot era starts to thicken and cause much pain and discomfort, leaving it untreated properly, and it can become more severe. In this article, we take a look at the best Morton’s Neuroma Shoes and other appropriate footwear gear, along with orthotic devices that can significantly improve your health and reduce the pain and symptoms of Morton’s Neuroma.",1,symptômes de névrome douleur,"You are here: Home » Healthy Walking Shoes » The Top 10 Best Shoes for Morton’s Neuroma. Morton’s douleur Neuroma is a condition where the nerve névrome tissue at the ball of the foot era starts to thicken and cause much symptômes pain and discomfort, leaving it untreated properly, and it can become more severe. In this article, we take a look at the best Morton’s Neuroma Shoes and other appropriate footwear gear, along with orthotic devices that can significantly improve your health and reduce the pain and symptoms of de Morton’s Neuroma."
508292,symptoms of neuroma pain,msmarco_passage_38_118466941,Symptoms. The symptoms of a neuroma include the following: Pain in the forefoot and between the toes. Tingling and numbness in the ball of the foot. Swelling between the toes. Pain in the ball of the foot when weight is placed on it.,1,symptômes de névrome douleur,Symptoms. de The symptoms of a neuroma include the following: Pain in the forefoot and between the toes. Tingling névrome and numbness in the ball of douleur the foot. Swelling between the toes. Pain in the ball of symptômes the foot when weight is placed on it.
508292,symptoms of neuroma pain,msmarco_passage_22_668222685,"A neuroma is sometimes described as a tumor, but is typically not a cancer. The symptoms of a neuroma being with pain or numbness. Additional symptoms include burning and tingling in the toes, feeling like there is a thickening or a lump in the ball of the foot and many of these symptoms are elicited when walking or wearing tight shoes.",1,symptômes de névrome douleur,"A neuroma is sometimes described as a tumor, but is typically not a cancer. The symptoms of a neuroma being with pain or numbness. Additional symptoms include burning and tingling in the toes, feeling like there is a thickening or a lump névrome de in the ball of the douleur foot and many of these symptoms symptômes are elicited when walking or wearing tight shoes."
508292,symptoms of neuroma pain,msmarco_passage_44_164453663,"The signs and symptoms of Traumatic Neuroma include: The tumors occur as a firm nodule on the skin. No discoloration of skin on top of the nodule may be observed. The tumors are painful, when pressure is applied on them. Sometimes, the pain may persist, even if there is no pressure applied at the tumor site.",1,symptômes de névrome douleur,"The signs and symptoms of Traumatic Neuroma include: The tumors occur as a firm nodule on the skin. No discoloration of skin on top of the symptômes nodule may be observed. névrome The tumors are painful, when pressure douleur is applied on them. Sometimes, the pain may persist, even de if there is no pressure applied at the tumor site."
508292,symptoms of neuroma pain,msmarco_passage_61_356638212,"Morton’s neuroma symptoms. Symptoms typically include foot pain, often with pins and needles. Pain is located on one side of your middle toe and the adjacent side of the next toe. Weight-bearing, especially pushing up on your forefoot will make symptoms worse.",1,symptômes de névrome douleur,"Morton’s neuroma symptoms. Symptoms typically include névrome foot pain, often with pins and douleur needles. Pain is located on one side of your middle toe and the adjacent side of the next de symptômes toe. Weight-bearing, especially pushing up on your forefoot will make symptoms worse."
508292,symptoms of neuroma pain,msmarco_passage_65_856341608,"Morton's Neuroma Symptoms. Initially, these symptoms may happen once in a while, but as the condition gets worse, the symptoms may happen all of the time: 2 ﻿﻿. Pain (sharp, stabbing, throbbing, shooting) Numbness. Tingling or ""pins & needles"". Burning. Cramping.",1,symptômes de névrome douleur,"Morton's Neuroma névrome Symptoms. Initially, these symptoms may happen once in a while, but as the condition gets worse, the symptoms may happen all of the time: 2 symptômes ﻿﻿. de Pain (sharp, stabbing, throbbing, shooting) Numbness. douleur Tingling or ""pins & needles"". Burning. Cramping."
508292,symptoms of neuroma pain,msmarco_passage_65_831786215,"Morton's Neuroma Symptoms. Initially, these symptoms may happen once in a while, but as the condition gets worse, the symptoms may happen all of the time: 2 ﻿﻿. Pain (sharp, stabbing, throbbing, shooting) Numbness. Tingling or ""pins & needles"". Burning. Cramping.",1,symptômes de névrome douleur,"Morton's de Neuroma Symptoms. Initially, these symptoms may happen once in a while, but as the condition gets worse, the symptoms symptômes may névrome happen all of douleur the time: 2 ﻿﻿. Pain (sharp, stabbing, throbbing, shooting) Numbness. Tingling or ""pins & needles"". Burning. Cramping."
508292,symptoms of neuroma pain,msmarco_passage_66_111420373,"Morton's Neuroma Symptoms. Initially, these symptoms may happen once in a while, but as the condition gets worse, the symptoms may happen all of the time: 2 ﻿﻿. Pain (sharp, stabbing, throbbing, shooting) Numbness. Tingling or ""pins & needles"". Burning. Cramping.",1,symptômes de névrome douleur,"Morton's Neuroma Symptoms. douleur Initially, these symptoms may happen once in a while, but as the condition gets worse, the symptoms may happen all of the time: symptômes 2 ﻿﻿. Pain (sharp, stabbing, throbbing, shooting) Numbness. de Tingling or névrome ""pins & needles"". Burning. Cramping."
508292,symptoms of neuroma pain,msmarco_passage_66_88237352,"Morton's Neuroma Symptoms. Initially, these symptoms may happen once in a while, but as the condition gets worse, the symptoms may happen all of the time: 2 ﻿﻿. Pain (sharp, stabbing, throbbing, shooting) Numbness. Tingling or ""pins & needles"". Burning. Cramping.",1,symptômes de névrome douleur,"Morton's Neuroma Symptoms. Initially, these symptoms may happen once in symptômes a while, but as the condition gets worse, the symptoms may de happen all of the time: 2 ﻿﻿. Pain (sharp, stabbing, throbbing, shooting) Numbness. Tingling douleur or ""pins névrome & needles"". Burning. Cramping."
508292,symptoms of neuroma pain,msmarco_passage_14_475507120,"Symptoms. Pain is the predominant symptom of Morton’s neuroma. The pain is felt between the toes or on the ball of the foot, especially while walking. Stopping activity and resting will typically provide relief from the pain. Many find that taking off their shoes and massaging the painful area can be helpful.",1,symptômes de névrome douleur,"Symptoms. Pain is the predominant symptom of douleur Morton’s neuroma. The pain is felt between the toes or on the ball of the foot, especially while névrome symptômes de walking. Stopping activity and resting will typically provide relief from the pain. Many find that taking off their shoes and massaging the painful area can be helpful."
508292,symptoms of neuroma pain,msmarco_passage_48_737077539,"What are the symptoms? Pain, often intermittent, is the main symptom of Morton’s neuroma. It may feel like a burning pain in the ball or your foot or like you’re standing on a marble or pebble in your shoe or a bunched-up sock. Your toes may feel numb or tingle as the pain radiates out.",1,symptômes de névrome douleur,"What are the symptoms? Pain, often intermittent, névrome is the main symptom douleur of Morton’s neuroma. It may feel like a burning de pain in the ball or your foot or like symptômes you’re standing on a marble or pebble in your shoe or a bunched-up sock. Your toes may feel numb or tingle as the pain radiates out."
508292,symptoms of neuroma pain,msmarco_passage_04_27012834,"Neuromas. A neuroma is a painful swelling of a nerve, usually in the ball or heel of the foot. Symptoms include sporadic pain; burning, tingling or numbness of one or more toes; and a popping sensation when walking. Pain is often soothed by taking weight off the foot, removing your shoe, and massaging the area.",1,symptômes de névrome douleur,"Neuromas. A de neuroma is névrome a painful swelling of a nerve, usually in the ball or heel of the foot. Symptoms include sporadic pain; douleur burning, tingling or numbness of one or more toes; and a popping sensation when walking. Pain is often soothed by taking weight symptômes off the foot, removing your shoe, and massaging the area."
508292,symptoms of neuroma pain,msmarco_passage_28_267930253,"Symptoms of Morton’s neuroma include pain between your toes and feeling like you’re stepping on a pebble. Initial treatment includes medication, injections and custom orthotics. If the pain is severe, you may need Morton’s neuroma surgery. Appointments 216.444.2606. Appointments & Locations.",1,symptômes de névrome douleur,"Symptoms douleur of Morton’s neuroma névrome include pain between your toes and feeling like you’re stepping on symptômes a pebble. Initial treatment includes medication, injections and custom orthotics. If the pain is severe, you may need de Morton’s neuroma surgery. Appointments 216.444.2606. Appointments & Locations."
508292,symptoms of neuroma pain,msmarco_passage_28_259453488,"Symptoms of Morton’s neuroma include pain between your toes and feeling like you’re stepping on a pebble. Initial treatment includes medication, injections and custom orthotics. If the pain is severe, you may need Morton’s neuroma surgery. Appointments 216.444.2606. Appointments & Locations.",1,symptômes de névrome douleur,"Symptoms of Morton’s neuroma include douleur pain between your de toes and feeling like you’re stepping on a pebble. Initial treatment includes medication, injections and custom orthotics. If névrome the symptômes pain is severe, you may need Morton’s neuroma surgery. Appointments 216.444.2606. Appointments & Locations."
508292,symptoms of neuroma pain,msmarco_passage_28_263957402,"Symptoms of Morton’s neuroma include pain between your toes and feeling like you’re stepping on a pebble. Initial treatment includes medication, injections and custom orthotics. If the pain is severe, you may need Morton’s neuroma surgery. Appointments 216.444.2606. Appointments & Locations.",1,symptômes de névrome douleur,"Symptoms of Morton’s neuroma include pain between your toes and feeling like you’re stepping de symptômes on a pebble. Initial treatment includes medication, injections and custom orthotics. If the pain is névrome severe, you may need Morton’s douleur neuroma surgery. Appointments 216.444.2606. Appointments & Locations."
508292,symptoms of neuroma pain,msmarco_passage_28_263965644,"Symptoms of Morton’s neuroma include pain between your toes and feeling like you’re stepping on a pebble. Initial treatment includes medication, injections and custom orthotics. If the pain is severe, you may need Morton’s neuroma surgery. Appointments 216.444.2606. Appointments & Locations.",1,symptômes de névrome douleur,"Symptoms névrome of Morton’s neuroma include pain between your toes and feeling like you’re stepping on a pebble. Initial treatment includes medication, injections and custom orthotics. If the pain douleur is severe, de you may need Morton’s neuroma surgery. Appointments 216.444.2606. symptômes Appointments & Locations."
508292,symptoms of neuroma pain,msmarco_passage_12_83120258,"Neurological symptoms are also common with a neuroma and including burning, tingling, numbness and pain in the region of the forefoot. An interdigital neuroma occurs most commonly in the third web space (Morton’s Neuroma) (72% of cases) followed by the second (30% of cases) and the fourth (5% of cases). (2)",1,symptômes de névrome douleur,"Neurological symptoms are also common with a neuroma and including burning, tingling, numbness and pain in de the region of the forefoot. An interdigital neuroma occurs most symptômes commonly in douleur the third web space (Morton’s Neuroma) (72% névrome of cases) followed by the second (30% of cases) and the fourth (5% of cases). (2)"
508292,symptoms of neuroma pain,msmarco_passage_08_160638773,Symptoms of Morton’s Neuroma: Causes of Morton’s Neuroma Include: Numbness. Burning . Tingling. Sharp Pain. Shooting Pain. 80% of the time in the 3rd to 4th toes. 20% of the time between the 2nd and 3rd toes.,1,symptômes de névrome douleur,Symptoms of Morton’s symptômes Neuroma: Causes of Morton’s Neuroma Include: Numbness. Burning . Tingling. Sharp Pain. Shooting Pain. 80% de douleur of the time in the 3rd to 4th toes. 20% névrome of the time between the 2nd and 3rd toes.
540006,was friedrich nietzsche an atheist,msmarco_passage_58_39423436,"Answered November 5, 2014 · Author has 1.6K answers and 1.8M answer views. Originally Answered: How atheist was Friedrich Nietzsche? Friedrich Nietzsche called himself anti-Christian, not atheist. In many of his writings he compares Jesus to Dionysus, and proclaims himself to be a follower of Dionysus.",3,était friedrich nietzsche un athée,"Answered November 5, 2014 · Author has 1.6K answers and 1.8M answer athée friedrich était views. Originally Answered: How atheist was Friedrich Nietzsche? Friedrich Nietzsche called un himself anti-Christian, not atheist. In many of his writings he compares Jesus to Dionysus, and proclaims himself to be a follower of nietzsche Dionysus."
540006,was friedrich nietzsche an atheist,msmarco_passage_58_39423896,"Philosophy of Atheism. Friedrich Nietzsche (philosopher, author) Philosophers. Philosophy of Religion. Atheism. How atheist was Friedrich Nietzsche? Ad by The Motley Fool. The tech soon to be in 50% of TVs. Why this tiny company might take down Netflix (and explode in value).",1,était friedrich nietzsche un athée,"Philosophy of Atheism. friedrich Friedrich Nietzsche (philosopher, author) était Philosophers. Philosophy nietzsche of Religion. Atheism. How atheist was Friedrich Nietzsche? Ad by The Motley Fool. The tech soon to be in 50% of TVs. Why this tiny company might take down un Netflix athée (and explode in value)."
540006,was friedrich nietzsche an atheist,msmarco_passage_58_39424363,"Answered December 21, 2014. Originally Answered: How atheist was Friedrich Nietzsche? ""For example, I do not have any experience with genuine religious difficulties. I have never paid attention to how 'sinful' I might be. [...] — 'God', 'immortality of the soul', 'redemption', 'beyond', are simply ideas that I have not paid any attention to or devoted any time to, even as a child, — perhaps I was never childish enough for them?",1,était friedrich nietzsche un athée,"Answered December 21, 2014. Originally Answered: How atheist was Friedrich Nietzsche? ""For example, I athée do not have any experience with genuine religious difficulties. I have never paid attention était to how 'sinful' I might be. [...] — 'God', 'immortality of the soul', 'redemption', 'beyond', are simply ideas that un I have not paid any friedrich attention to or devoted any time to, even as a child, — perhaps I was never childish nietzsche enough for them?"
540006,was friedrich nietzsche an atheist,msmarco_passage_02_561362243,"Søren Kierkegaard (1813-1855)  [""the ultimate anti-Christianity Christian""] is often considered to be the  father of them all, but Friedrich Nietzsche [""the ultimate anti-Christ  philosopher""] is a crucial figure at the origins of the developing line of atheistic  existentialism.",1,était friedrich nietzsche un athée,"Søren Kierkegaard un (1813-1855)  [""the ultimate anti-Christianity Christian""] is often considered to friedrich be the  father of them all, but Friedrich Nietzsche [""the était ultimate anti-Christ  philosopher""] is a crucial athée figure at the origins nietzsche of the developing line of atheistic  existentialism."
540006,was friedrich nietzsche an atheist,msmarco_passage_64_373471586,"TIME Magazine was not the first to inquire about—or even to strongly proclaim—the death or non-existence of God. German philosopher Friedrich Nietzsche, whose philosophy was not merely atheistic but was strongly anti-God, had boldly asserted more than 80 years earlier, “God is dead; but given the way of men, there may still be caves for thousands of years in which his shadow will be shown.",3,était friedrich nietzsche un athée,"TIME Magazine was not the first to inquire about—or even to strongly proclaim—the death or non-existence of God. un German philosopher Friedrich Nietzsche, whose philosophy was not merely atheistic but was strongly anti-God, had nietzsche boldly asserted more than 80 years earlier, “God is dead; but given the way of men, there may friedrich still était be caves for thousands athée of years in which his shadow will be shown."
540006,was friedrich nietzsche an atheist,msmarco_passage_24_649418758,"Nietzsche was originally quite religious. His father was a Lutheran minister and Friedrich studied theology at the University of Bonn. 1 During his studies, however, he learned of the philosophy of Arthur Schopenhauer and became a staunch atheist. 2.",3,était friedrich nietzsche un athée,"Nietzsche was originally quite religious. était His father was a Lutheran athée minister and Friedrich studied theology friedrich at un the University of Bonn. 1 During his studies, however, he learned nietzsche of the philosophy of Arthur Schopenhauer and became a staunch atheist. 2."
540006,was friedrich nietzsche an atheist,msmarco_passage_08_437712931,"The pivotal modern critic of religion, Friedrich Nietzsche will continue to be the ghost at the atheist feast. John Gray is the New Statesman’s lead book reviewer. His latest book is “The Silence of Animals: On Progress and Other Modern Myths” (Allen Lane, £18.99) John Gray is a New Statesman contributing writer.",1,était friedrich nietzsche un athée,"The athée pivotal modern critic of un religion, Friedrich Nietzsche will continue to be the ghost at the atheist feast. John friedrich Gray is the New Statesman’s lead book reviewer. His latest book is “The Silence of Animals: On Progress and Other était Modern Myths” (Allen Lane, £18.99) John Gray nietzsche is a New Statesman contributing writer."
540006,was friedrich nietzsche an atheist,msmarco_passage_25_833258014,"The influential German philosopher Friedrich Nietzsche (1844-1990) had his views on religion and Christianity, and was arguably the most abrupt and abrasive atheistic thinkers of his time.",3,était friedrich nietzsche un athée,"The influential nietzsche German philosopher Friedrich était friedrich Nietzsche (1844-1990) had his views on religion and Christianity, and un was arguably the most athée abrupt and abrasive atheistic thinkers of his time."
540006,was friedrich nietzsche an atheist,msmarco_passage_55_602655827,"Killing the Buddha - Killing the Soul - Killing the Self. True Paradoxes - Sex, Drugs, and Near Death Experiences. These are not the only atheists I've engaged with, of course. Others include Jerry Coyne , Peter Singer and Friedrich Nietzsche, the last of whom I defended against the charge of anti-Semitism.",2,était friedrich nietzsche un athée,"Killing the Buddha - Killing the Soul - Killing the Self. True Paradoxes - Sex, Drugs, and Near Death Experiences. These are not the only un atheists I've engaged athée with, of course. Others include Jerry Coyne , Peter Singer and Friedrich Nietzsche, était friedrich nietzsche the last of whom I defended against the charge of anti-Semitism."
540006,was friedrich nietzsche an atheist,msmarco_passage_52_239985649,"B.A., University of Pennsylvania. Austin Cline, a former regional director for the Council for Secular Humanism, writes and lectures extensively about atheism and agnosticism. our editorial process. Austin Cline. Updated July 03, 2019. There is a common misconception that the German philosopher Friedrich Nietzsche was a nihilist.",1,était friedrich nietzsche un athée,"B.A., était athée University of Pennsylvania. Austin Cline, a former regional director for the Council for Secular un nietzsche Humanism, writes and lectures extensively about atheism and agnosticism. friedrich our editorial process. Austin Cline. Updated July 03, 2019. There is a common misconception that the German philosopher Friedrich Nietzsche was a nihilist."
540006,was friedrich nietzsche an atheist,msmarco_passage_18_777446772,"Arthur Schopenhauer, Søren Kierkegaard and Friedrich Nietzsche further expanded on these ideas, and Nietzsche, particularly, has become a major figure in existential nihilism. The atheistic existentialist movement spread in 1940s France.",2,était friedrich nietzsche un athée,"Arthur était Schopenhauer, Søren Kierkegaard nietzsche and un Friedrich friedrich Nietzsche athée further expanded on these ideas, and Nietzsche, particularly, has become a major figure in existential nihilism. The atheistic existentialist movement spread in 1940s France."
540006,was friedrich nietzsche an atheist,msmarco_passage_63_34604683,"Famous as: Philosopher. Quotes By Friedrich Nietzsche Atheists. Height: 5'8"" (173 cm ), 5'8"" Males. Family: father: Carl Ludwig Nietzsche. mother: Franziska Nietzsche. siblings: Elisabeth Förster-Nietzsche, Ludwig Joseph Nietzsche.",1,était friedrich nietzsche un athée,"Famous as: était Philosopher. friedrich Quotes By un Friedrich Nietzsche Atheists. Height: nietzsche 5'8"" (173 cm ), 5'8"" Males. Family: father: Carl Ludwig Nietzsche. mother: Franziska athée Nietzsche. siblings: Elisabeth Förster-Nietzsche, Ludwig Joseph Nietzsche."
540006,was friedrich nietzsche an atheist,msmarco_passage_58_670545493,"70+ Atheist Philosophers. These are the most famous atheist philosophers, with pictures and photos. This list of atheist philosophers, includes my favorite atheist philosopher, Friedrich Nietzsche. It is a philosopher's job to question the world. Small wonder then why they would question the existence of God.",2,était friedrich nietzsche un athée,"70+ Atheist Philosophers. These are the most friedrich famous était atheist philosophers, nietzsche with pictures and photos. This list of atheist philosophers, includes my favorite athée atheist philosopher, Friedrich Nietzsche. It is a philosopher's job to question the world. Small wonder then why un they would question the existence of God."
540006,was friedrich nietzsche an atheist,msmarco_passage_36_36940302,25 Friedrich Nietzsche Quotes About Power (The will of Power) Thus Spoke Zarathustra (42) Quotes by Friedrich Nietzsche. Friedrich Nietzsche’s 17 Views on Women. List of Friedrich Nietzsche Publications of Friedrich Publications:,0,était friedrich nietzsche un athée,25 Friedrich Nietzsche Quotes About Power (The will était of Power) Thus Spoke Zarathustra un (42) Quotes by Friedrich friedrich Nietzsche. Friedrich Nietzsche’s 17 Views nietzsche on Women. List of Friedrich Nietzsche athée Publications of Friedrich Publications:
540006,was friedrich nietzsche an atheist,msmarco_passage_09_116947590,Friedrich Nietzsche. - More quotations on: [ Opinions] Man is the cruelest animal. Friedrich Nietzsche. Many people wait throughout their whole lives for the chance to be good in their own fashion. Friedrich Nietzsche. No price is too high to pay for the privilege of owning yourself. Friedrich Nietzsche.,0,était friedrich nietzsche un athée,Friedrich Nietzsche. - More quotations on: [ nietzsche était Opinions] Man is the cruelest animal. Friedrich Nietzsche. Many people wait throughout their whole lives for the chance to be good in their own fashion. Friedrich Nietzsche. No price friedrich is too un high to athée pay for the privilege of owning yourself. Friedrich Nietzsche.
540006,was friedrich nietzsche an atheist,msmarco_passage_58_705058709,"Friedrich Nietzsche. Friedrich Wilhelm Nietzsche (, German: [ˈfʁiːdʁɪç ˈvɪlhɛlm ˈniːtʃə] (listen) or [- ˈniːtsʃə];... more. More Friedrich Nietzsche. The Best Friedrich Nietzsche Quotes #139 of 347 The Most Important Leaders In World History.",0,était friedrich nietzsche un athée,"Friedrich Nietzsche. un Friedrich Wilhelm Nietzsche (, German: [ˈfʁiːdʁɪç ˈvɪlhɛlm était ˈniːtʃə] (listen) or [- ˈniːtsʃə];... more. More Friedrich Nietzsche. The Best friedrich Friedrich Nietzsche Quotes #139 of 347 athée The Most Important nietzsche Leaders In World History."
540006,was friedrich nietzsche an atheist,msmarco_passage_34_293290254,"For instance, Frederick Delius, an atheist, originally termed his effort in the genre, which used a text largely derived from the philosophies of Friedrich Nietzsche and Arthur Schopenhauer, A Pagan Requiem.",1,était friedrich nietzsche un athée,"For nietzsche instance, Frederick Delius, an atheist, originally un termed his effort in the genre, which used a text friedrich largely derived from the était philosophies of Friedrich athée Nietzsche and Arthur Schopenhauer, A Pagan Requiem."
540006,was friedrich nietzsche an atheist,msmarco_passage_29_364916433,"Kierkegaard, along with the atheist philosopher Friedrich Nietzsche, would be the main inspiration for many twentieth century philosophers like Edmund Husserl, Martin Heidegger, Karl Jaspers, Jean-Paul Sartre and Simone de Beauvoir. pinterest-pin-it.",2,était friedrich nietzsche un athée,"Kierkegaard, along with athée the atheist philosopher Friedrich Nietzsche, would friedrich be the main inspiration for many twentieth century philosophers nietzsche like Edmund était Husserl, Martin un Heidegger, Karl Jaspers, Jean-Paul Sartre and Simone de Beauvoir. pinterest-pin-it."
540006,was friedrich nietzsche an atheist,msmarco_passage_40_158087024,"Existentialists have been both atheists (e.g., Friedrich Nietzsche and Jean-Paul Sartre) and Christians (e.g., Kierkegaard, the Protestant Rudolf Bultmann, and the Roman Catholic Gabriel Marcel ). It would be difficult to identify any doctrines that are common to all these thinkers.",2,était friedrich nietzsche un athée,"Existentialists have been athée both atheists (e.g., Friedrich Nietzsche and Jean-Paul Sartre) and Christians (e.g., Kierkegaard, the Protestant Rudolf Bultmann, and the un Roman nietzsche Catholic Gabriel Marcel ). It would be friedrich difficult to identify any doctrines that are common to all était these thinkers."
540006,was friedrich nietzsche an atheist,msmarco_passage_07_788722998,"Atheism. Atheism is the view that there is no God. Thus, atheists do not believe in God, or any supernatural metaphysical beings. Atheism has always had it adherents; although, major defenses of atheism can be found in the writings of the philosophers Arthur Schopenhauer, Friedrich Nietzsche, and Bertrand Russell.",2,était friedrich nietzsche un athée,"Atheism. Atheism is the view that there is no God. Thus, atheists do not athée believe nietzsche in God, or any friedrich supernatural un metaphysical beings. Atheism has always had it était adherents; although, major defenses of atheism can be found in the writings of the philosophers Arthur Schopenhauer, Friedrich Nietzsche, and Bertrand Russell."
540006,was friedrich nietzsche an atheist,msmarco_passage_05_343347072,"June 11, 2013 Eugene Wolters 243 Comments. Friedrich Nietzsche was a German philosopher who really hated Christianity and morality. His philosophy has often erroneously been conflated with Nazism because his sister was kind of a dick Nazi who wanted to revive her brother’s work after his death. By revive, I mean grossly manipulate to make it seem anti-semitic and Nazi-ish because, hey, when in Rome, right?",1,était friedrich nietzsche un athée,"June athée 11, 2013 Eugene Wolters 243 Comments. Friedrich Nietzsche was a German philosopher who really hated Christianity and morality. His philosophy has often erroneously un been conflated with Nazism because friedrich his sister was était kind of a dick Nazi who wanted to revive her brother’s work after his death. nietzsche By revive, I mean grossly manipulate to make it seem anti-semitic and Nazi-ish because, hey, when in Rome, right?"
540006,was friedrich nietzsche an atheist,msmarco_passage_36_36940688,"Published: Born in 1844, Friedrich Nietzsche was a German Philosopher, essayist, philologist, poet, and unapologetic cultural critic but apart from that, he was also an idealist, Hellenist, educationalist, and, humanist. At the age of 25, he became a professor of classical Philosophy at the University of Basel.",0,était friedrich nietzsche un athée,"Published: Born in 1844, Friedrich Nietzsche was a German un Philosopher, nietzsche essayist, philologist, poet, friedrich and unapologetic cultural critic but apart from that, he was also an idealist, Hellenist, educationalist, and, humanist. At the était age of athée 25, he became a professor of classical Philosophy at the University of Basel."
540006,was friedrich nietzsche an atheist,msmarco_passage_30_36592572,"Friedrich Nietzsche (1844–1900) was a German philosopher of the late 19th century who challenged the foundations of Christianity and traditional morality. He was interested in the enhancement of individual and cultural health, and believed in life, creativity, power, and down-to-earth realities, rather than those situated in a world beyond.",1,était friedrich nietzsche un athée,"Friedrich Nietzsche (1844–1900) was a German friedrich philosopher of the late 19th century who challenged était the foundations of Christianity and traditional morality. He was interested in the athée enhancement of nietzsche individual and cultural health, and believed in life, creativity, power, and down-to-earth realities, rather than those un situated in a world beyond."
540006,was friedrich nietzsche an atheist,msmarco_passage_13_345754350,"Nietzsche was an atheist for his adult life and didn’t mean that there was a God who had actually died, rather that our idea of one had. After the Enlightenment , the idea of a universe that was governed by physical laws and not by divine providence was now reality.",3,était friedrich nietzsche un athée,"Nietzsche was an atheist for his adult life and didn’t mean that there was a God était who had actually died, rather that our athée idea of one had. After the Enlightenment , the idea of a universe friedrich that was governed nietzsche by physical laws and not by divine providence was un now reality."
540006,was friedrich nietzsche an atheist,msmarco_passage_09_117882396,"Friedrich Nietzsche was an influential German philosopher, philologist, poet, composer as well as cultural critic. He was well known for his writing and thoughts on evil and good, the concept of a “super-man” and the end of religion in contemporary society. Some of the popular quotes by Friedrich Nietzsche are listed below.",1,était friedrich nietzsche un athée,"Friedrich Nietzsche was an influential German philosopher, philologist, poet, composer un as était well as cultural critic. He was well known for his writing and thoughts on evil and friedrich good, the concept of a “super-man” and the end of religion in contemporary society. Some of the popular quotes nietzsche by athée Friedrich Nietzsche are listed below."
540006,was friedrich nietzsche an atheist,msmarco_passage_63_34605095,"Who was Friedrich Nietzsche? Friedrich Nietzsche was a famous 19th century German philosopher and philologist, known for his critical texts on religion, morality, contemporary culture, philosophy, and science. He was widely known for his ideas and concepts like death of God, perspectivism, the Übermensch, eternal recurrence, and the will to power.",2,était friedrich nietzsche un athée,"Who was Friedrich Nietzsche? Friedrich Nietzsche friedrich was a famous un 19th athée century German philosopher and philologist, known for his critical nietzsche texts on religion, morality, contemporary culture, philosophy, and science. He was widely known for his ideas and concepts like death of God, perspectivism, the Übermensch, eternal recurrence, and the will était to power."
540006,was friedrich nietzsche an atheist,msmarco_passage_68_38020681,"5: Friedrich Nietzsche (1844–1900) Controversial German writer, Friedrich Nietzsche, born in 1844, was notorious for proclaiming “God is dead,” and for asserting the belief that conventional morality was obsolete in the modern world. He based his alternate philosophy not on compassion but on the “will to power” and the “Übermensch,” who cares nothing for the feelings of anyone “lower” than him.",2,était friedrich nietzsche un athée,"5: Friedrich Nietzsche (1844–1900) Controversial German writer, Friedrich Nietzsche, born in 1844, was notorious for proclaiming “God is dead,” friedrich and for un asserting the belief that conventional morality was obsolete in était the modern world. He based his alternate nietzsche philosophy not on compassion but on the “will to power” and the “Übermensch,” who cares nothing for the feelings of athée anyone “lower” than him."
540006,was friedrich nietzsche an atheist,msmarco_passage_51_425263822,"It's no secret that, among atheists, Nietzsche ranks as one of my favorites. I'm not being flippant about this. He was brilliant. If I was an atheist (which I'm not), I would orbit around him. Atheist Peter Watson, in his book The Age of Atheist s, presents Nietzsche as the beating heart behind all atheism that comes after him.",3,était friedrich nietzsche un athée,"It's no secret that, among atheists, Nietzsche ranks as one of my favorites. était I'm not being flippant about this. He was brilliant. If I was un an atheist (which I'm not), I would orbit around him. Atheist Peter Watson, in his book The Age of Atheist s, nietzsche presents Nietzsche as the beating heart behind all atheism friedrich that comes athée after him."
540006,was friedrich nietzsche an atheist,msmarco_passage_12_588569088,"He considers Nietzsche and some French existentialist philosophers good examples of that kind of atheist. He has also claimed that philosophical and scientific atheists like the ""New Atheists"" are amateurs if not outright inconsistent ( The Atheist Delusion, Amateur Atheists ).",2,était friedrich nietzsche un athée,"He considers Nietzsche un and some French existentialist athée philosophers good examples of that kind of atheist. He has also claimed that friedrich philosophical and scientific atheists était like the ""New Atheists"" are amateurs if not outright inconsistent ( The nietzsche Atheist Delusion, Amateur Atheists )."
596569,what classes do i need to take to go to vet school,msmarco_passage_03_507786841,Now I’m just going to list a few classes that I have found (or heard of) that help prepare you for veterinary school. This is not a complete list of classes that is required for vet school. Please contact your perspective schools to find out what classes are required for you to be accepted to veterinary school. Biology.,1,que cours faire je besoin pour prendre pour aller pour vétérinaire école,Now I’m just going école to pour list a few classes that I have found (or heard of) that faire help prepare you for veterinary school. This is not a complete list of classes aller that besoin is required for vet school. que Please pour contact your perspective vétérinaire prendre schools to find out pour what classes je are cours required for you to be accepted to veterinary school. Biology.
596569,what classes do i need to take to go to vet school,msmarco_passage_12_270378969,"4 Answers. If your school offers them, I would highly recommend taking Advanced Placement (AP) classes (English, Statistics, Calculus, Biology, etc,.) These courses will actually be able to fulfill the requirements for vet school if you score well on the AP tests and you won't have to take them once you get to college.",2,que cours faire je besoin pour prendre pour aller pour vétérinaire école,"4 pour Answers. If your school prendre offers them, I would highly recommend taking Advanced Placement (AP) classes je (English, Statistics, Calculus, Biology, etc,.) These courses will actually be able to fulfill the requirements for vet school if you score well on cours the AP besoin aller tests que faire and you won't have to école take them once pour vétérinaire you get pour to college."
596569,what classes do i need to take to go to vet school,msmarco_passage_12_270378111,"9 years ago. Take the hardest math and science classes you can handle. That will prepare you for the college-level math and science you'll need to take while preparing for veterinary school. Just so you know, veterinary school is extremely difficult to get into.",2,que cours faire je besoin pour prendre pour aller pour vétérinaire école,"9 école years ago. Take the hardest math prendre and science aller classes you can pour handle. That will prepare you for the college-level cours math and vétérinaire science you'll je need to take while que preparing for veterinary school. Just faire so you know, veterinary school is extremely difficult to get pour besoin pour into."
596569,what classes do i need to take to go to vet school,msmarco_passage_12_270377801,What classes should i take in high school to become a vet? | Yahoo Answers. Keyla. Keyla. asked in Education & Reference Higher Education (University +) · 9 years ago.,1,que cours faire je besoin pour prendre pour aller pour vétérinaire école,What classes should i vétérinaire cours take in high aller school prendre to école become pour pour a vet? | Yahoo Answers. Keyla. Keyla. asked in Education & Reference faire pour Higher Education (University je besoin +) · que 9 years ago.
596569,what classes do i need to take to go to vet school,msmarco_passage_65_621165020,"How to Get Into Vet School. To become a competitive veterinary school applicant, it is essential to take all of the prerequisite courses for your target school, experts say, and it's important to understand that different vet schools have different prerequisite requirements. Dr. Robin Solomon, a licensed and practicing veterinarian in New York who wrote a chapter about the profession for the book, ""Healthcare Heroes: The Medical Careers Guide,"" notes that to qualify for vet school, it's typically necessary to take undergraduate courses in advanced math, basic sciences like biology and chemistry, plus animal science.",3,que cours faire je besoin pour prendre pour aller pour vétérinaire école,"How to aller Get Into Vet école School. To become a competitive veterinary school applicant, it is essential besoin to take all of the prerequisite courses for your target school, experts say, and prendre it's important to understand that different vet schools je have different prerequisite requirements. pour Dr. Robin Solomon, a licensed and practicing veterinarian in New York que who wrote a chapter about the profession for the book, ""Healthcare Heroes: The Medical Careers Guide,"" notes that to qualify for vet school, it's typically necessary cours vétérinaire to faire pour take undergraduate courses in advanced math, basic sciences pour like biology and chemistry, plus animal science."
596569,what classes do i need to take to go to vet school,msmarco_passage_14_557621905,"Features. To prepare for admission to veterinary school, you should pursue extensive training in the sciences at the undergraduate level. According to the Bureau of Labor Statistics, veterinary colleges require applicants to complete undergraduate coursework in biology, chemistry, microbiology, zoology, biochemistry, physics and other sciences.",3,que cours faire je besoin pour prendre pour aller pour vétérinaire école,"Features. To prepare for admission to veterinary school, you should pursue extensive training in the sciences pour at the faire undergraduate level. According vétérinaire prendre to the pour Bureau of cours Labor Statistics, veterinary colleges je require applicants to complete undergraduate pour que coursework besoin aller in biology, chemistry, microbiology, zoology, biochemistry, école physics and other sciences."
596569,what classes do i need to take to go to vet school,msmarco_passage_62_811145720,"Becoming a licensed vet requires a four-year college degree, followed by veterinarian school. While in college, you will need to take a number of math and science courses. As of 2013, 35 of the 47 accredited veterinarian schools in the United States required specific math classes for admission.",2,que cours faire je besoin pour prendre pour aller pour vétérinaire école,"Becoming a licensed vet requires a four-year college je degree, faire followed by veterinarian school. While in college, besoin you will need to take prendre a number of math and cours aller science courses. As of que 2013, 35 of the vétérinaire 47 accredited pour veterinarian schools pour in the United States required école specific pour math classes for admission."
596569,what classes do i need to take to go to vet school,msmarco_passage_00_573298189,"What Math Courses Do Veterinarians Take During College? Veterinarians are doctors who work with animals. Students who are interested in becoming veterinarians have to complete a bachelor's degree, take all the pre-veterinary courses and complete four years of veterinary school.",1,que cours faire je besoin pour prendre pour aller pour vétérinaire école,"What Math Courses Do Veterinarians Take besoin During College? école Veterinarians are doctors who aller work with animals. faire Students who are interested in becoming cours veterinarians pour have to je que complete a pour pour bachelor's degree, take all the pre-veterinary courses and complete four years vétérinaire of veterinary prendre school."
596569,what classes do i need to take to go to vet school,msmarco_passage_13_732299423,"We’ll cover everything you need to know, including: How long does it take to become a vet. How to decide whether becoming a veterinarian is right for you. What classes you should take in high school and college. How to pick a good undergraduate university and vet school. What vet school is like. So let’s get started!",1,que cours faire je besoin pour prendre pour aller pour vétérinaire école,"We’ll cover everything you pour need to que know, besoin including: How long aller does it prendre take to become a vet. How to decide whether becoming a veterinarian is right for you. What classes you école should take pour in high school vétérinaire and college. How to pick a good cours undergraduate university and vet school. What vet school is like. So faire let’s pour je get started!"
596569,what classes do i need to take to go to vet school,msmarco_passage_14_448594846,"Her middle school counselor encouraged her to take agriculture classes in high school since the program she needed in college started with CALS. “I signed up for as many ag classes as I could.”. That’s when her dream of becoming a vet switched. “I fell in love with horticulture and agriculture education,” she says.",0,que cours faire je besoin pour prendre pour aller pour vétérinaire école,"Her middle school counselor encouraged her besoin to take agriculture faire classes in high school since the program she que needed in aller pour college started with CALS. “I signed up for as many ag classes as I prendre could.”. pour That’s when her dream of pour vétérinaire je becoming a vet cours switched. “I fell école in love with horticulture and agriculture education,” she says."
596569,what classes do i need to take to go to vet school,msmarco_passage_52_703011750,"You may have to add a few summer classes or adjust your schedule to catch up, but it’s never too late to follow your passion if you’re dedicated. Research vet school course requirements. Every vet school is different, but you’ll need to have taken the courses required by a vet school to apply there.",1,que cours faire je besoin pour prendre pour aller pour vétérinaire école,"You aller may have to add a faire few summer classes or adjust your schedule to catch que up, but it’s cours never too late to pour follow your passion if you’re dedicated. Research vet school course requirements. pour Every pour vet je school is different, but you’ll need to have taken besoin the courses école vétérinaire required by a prendre vet school to apply there."
596569,what classes do i need to take to go to vet school,msmarco_passage_65_648878943,"Earn a bachelor’s degree. Veterinary school is a graduate program; to become eligible to apply to veterinary school students need to earn a bachelor's degree and take specific pre-requisites (classes that vet schools require). At UT, students can earn a bachelor's degree and take pre-requisite courses. They will need to choose a major, as pre-vet is not a major or a program at UT.",1,que cours faire je besoin pour prendre pour aller pour vétérinaire école,"Earn a je bachelor’s degree. pour Veterinary school is a graduate program; to become eligible to école apply to veterinary cours aller pour school students need to earn a bachelor's que degree and take faire specific pre-requisites (classes that vet schools vétérinaire require). pour At UT, students can earn a bachelor's degree and take pre-requisite courses. They will need to choose a major, as pre-vet besoin is not a prendre major or a program at UT."
596569,what classes do i need to take to go to vet school,msmarco_passage_22_748796308,"I got my license so I could help more at a spay/neuter clinic where I was working (I needed it to legally induce anesthesia.) For most people, I think becoming an RVT/CVT/LVT is a waste of time since the classes you take in tech school don't fulfill many/any of the requirements needed for vet school.",1,que cours faire je besoin pour prendre pour aller pour vétérinaire école,"I got my license so I could help more at a spay/neuter clinic where I was working (I needed it to legally induce anesthesia.) For je most people, I think becoming an RVT/CVT/LVT faire is a waste of time école since the classes you cours take in tech school aller don't que fulfill many/any pour besoin pour pour of prendre the requirements needed for vétérinaire vet school."
596569,what classes do i need to take to go to vet school,msmarco_passage_26_505135263,"Veterinarians typically need to complete a bachelor's degree program before applying to vet school. While there is no specific major requirement for vet school, students need to complete a program that allows them to take prerequisite courses for admission to a vet school. These courses often include subjects like:",1,que cours faire je besoin pour prendre pour aller pour vétérinaire école,"Veterinarians typically need to complete a bachelor's degree program before applying cours to vet school. While there is no specific major vétérinaire requirement for besoin vet school, pour pour students need to je complete a program that allows école them to take faire prerequisite courses for admission to aller pour a vet prendre school. que These courses often include subjects like:"
596569,what classes do i need to take to go to vet school,msmarco_passage_05_519545246,"Plus, by taking the right science courses as an undergraduate you’ll have fewer required courses to take in vet school. Thus, you’ll graduate from vet school in a shorter period of time. In particular, solid veterinary school preparation involves plenty of classes in physics, biochemistry, organic chemistry, zoology, anatomy, and physiology.",3,que cours faire je besoin pour prendre pour aller pour vétérinaire école,"Plus, by taking the que right science courses as je école pour an undergraduate you’ll have fewer required courses to take in vet school. Thus, aller you’ll graduate from vet school in a shorter besoin period of time. pour In particular, solid veterinary school preparation involves plenty of faire classes in pour vétérinaire physics, biochemistry, cours organic prendre chemistry, zoology, anatomy, and physiology."
596569,what classes do i need to take to go to vet school,msmarco_passage_43_204310594,"Plus, by taking the right science courses as an undergraduate you’ll have fewer required courses to take in vet school. Thus, you’ll graduate from vet school in a shorter period of time. In particular, solid veterinary school preparation involves plenty of classes in physics, biochemistry, organic chemistry, zoology, anatomy, and physiology.",3,que cours faire je besoin pour prendre pour aller pour vétérinaire école,"Plus, by taking the besoin right science courses pour faire as pour an undergraduate you’ll cours have fewer required courses to take in vet school. Thus, you’ll aller graduate from vet school vétérinaire in a que je pour shorter école period of time. prendre In particular, solid veterinary school preparation involves plenty of classes in physics, biochemistry, organic chemistry, zoology, anatomy, and physiology."
596569,what classes do i need to take to go to vet school,msmarco_passage_27_220457995,So that is a total of 8 years of college. Not only that but vet are required to do continuing education classes every year. ...Show more. CoffeeCupDobie. Lv 5. 1 decade ago. My son is taking courses through his high school to become a VET. they have courses he is taking now his Junior and Senior year in high school.,1,que cours faire je besoin pour prendre pour aller pour vétérinaire école,So that is a total of je 8 years of college. Not only école that but vet aller pour are required to do continuing education classes every year. ...Show more. CoffeeCupDobie. Lv 5. 1 decade ago. My son is taking courses through his high school to que become a VET. they have pour courses he cours faire is taking now prendre besoin his vétérinaire Junior and Senior year pour in high school.
596569,what classes do i need to take to go to vet school,msmarco_passage_06_80405582,"To become a veterinarian, you'll need four years of veterinary school after college. Admission is competitive for the country's 30 vet schools. Take lots of science classes, including anatomy, animal science, biology, chemistry, microbiology, physiology and zoology, plus social sciences and humanities.",3,que cours faire je besoin pour prendre pour aller pour vétérinaire école,"To become a veterinarian, you'll need four je years of veterinary school after que college. Admission is competitive for the country's faire 30 vet schools. Take lots of science classes, including anatomy, animal science, aller pour pour biology, besoin prendre chemistry, microbiology, physiology and zoology, plus social sciences and école pour cours vétérinaire humanities."
596569,what classes do i need to take to go to vet school,msmarco_passage_13_470925777,"To become a veterinarian, you'll need four years of veterinary school after college. Admission is competitive for the country's 30 vet schools. Take lots of science classes, including anatomy, animal science, biology, chemistry, microbiology, physiology and zoology, plus social sciences and humanities.",3,que cours faire je besoin pour prendre pour aller pour vétérinaire école,"To faire become pour a veterinarian, you'll need aller four years vétérinaire besoin que of veterinary school after college. Admission is competitive for the country's pour je 30 vet schools. Take lots of science classes, including anatomy, animal science, biology, prendre chemistry, microbiology, école physiology and zoology, plus pour cours social sciences and humanities."
596569,what classes do i need to take to go to vet school,msmarco_passage_03_190381233,"While vet schools differ in their undergraduate course requirements, students may wish to take general classes like organic/inorganic chemistry, biochemistry, biology, animal biology, statistics, physics and calculus.",3,que cours faire je besoin pour prendre pour aller pour vétérinaire école,"While vet schools pour differ in their undergraduate aller course requirements, students faire vétérinaire école que may wish to je besoin pour take general classes cours like prendre organic/inorganic chemistry, biochemistry, biology, animal biology, statistics, physics and pour calculus."
596569,what classes do i need to take to go to vet school,msmarco_passage_10_533170401,"If you did not take the required complement of preparatory classes in high school or afterward (English, biology, chemistry and other sciences, communications, humanities, or math), these will be required classes before the core curriculum of the vet tech program can begin.",0,que cours faire je besoin pour prendre pour aller pour vétérinaire école,"If you did not take the required complement of faire preparatory classes in high pour school or afterward pour besoin (English, biology, chemistry and other sciences, communications, humanities, prendre or math), these je will be required classes before the core curriculum école of the vet cours pour aller vétérinaire tech que program can begin."
596569,what classes do i need to take to go to vet school,msmarco_passage_66_158940691,"If you did not take the required complement of preparatory classes in high school or afterward (English, biology, chemistry and other sciences, communications, humanities, or math), these will be required classes before the core curriculum of the vet tech program can begin.",0,que cours faire je besoin pour prendre pour aller pour vétérinaire école,"If you did not take the required complement aller of preparatory classes in high que school or afterward (English, pour biology, chemistry école and besoin other sciences, communications, pour humanities, or math), pour je these will be required classes before faire the vétérinaire core prendre curriculum of cours the vet tech program can begin."
596569,what classes do i need to take to go to vet school,msmarco_passage_66_172453322,"In order to give yourself the best chance at being accepted to a vet tech program, students should focus on classes in science, particularly biology and chemistry, as well as mathematics and statistics. Those who do not graduate from high school should be sure to earn a GED prior to applying to vet tech schools.",0,que cours faire je besoin pour prendre pour aller pour vétérinaire école,"In order to give yourself the best besoin pour faire chance at being école que accepted to a je vet cours tech program, students pour should focus on classes in science, particularly biology and aller chemistry, as well vétérinaire as mathematics and pour statistics. Those who do not graduate from high school prendre should be sure to earn a GED prior to applying to vet tech schools."
596569,what classes do i need to take to go to vet school,msmarco_passage_01_12023690,"These programs allow students to take the same requirements without any additional coursework. Requirements vary, but most veterinary schools require students to take a year of general biology, chemistry and physics, each with the associated laboratory sections. Some programs also require a semester of microbiology and/or biochemistry and a semester of calculus and/or statistics.",3,que cours faire je besoin pour prendre pour aller pour vétérinaire école,"These programs allow students to take the same requirements without any que additional coursework. Requirements vary, but pour most veterinary schools require students to faire vétérinaire take a year of general biology, chemistry prendre aller école and physics, each with besoin the associated laboratory sections. pour Some programs also require a je semester of microbiology and/or biochemistry and cours a semester of calculus pour and/or statistics."
596569,what classes do i need to take to go to vet school,msmarco_passage_17_208143808,"These programs allow students to take the same requirements without any additional coursework. Requirements vary, but most veterinary schools require students to take a year of general biology, chemistry and physics, each with the associated laboratory sections. Some programs also require a semester of microbiology and/or biochemistry and a semester of calculus and/or statistics.",3,que cours faire je besoin pour prendre pour aller pour vétérinaire école,"These programs allow students to take the same requirements without any additional besoin coursework. Requirements vary, but faire most veterinary schools require students pour to take a cours pour year je of general biology, prendre chemistry and physics, each with école the vétérinaire associated laboratory sections. Some programs aller also require a semester of microbiology pour and/or biochemistry que and a semester of calculus and/or statistics."
596569,what classes do i need to take to go to vet school,msmarco_passage_57_570209973,"To become a veterinarian, you will need to go through four years of veterinary school after college. Admission is competitive for the few vet schools in the united states. Students are required to take a lot of science classes, including anatomy, animal science, biology, chemistry, microbiology, physiology and zoology, plus social sciences and humanities.",3,que cours faire je besoin pour prendre pour aller pour vétérinaire école,"To pour become a veterinarian, besoin you will je need to go through four years of école veterinary school after college. pour Admission is competitive for que the few aller vet schools vétérinaire in the united prendre states. Students are required to take a lot of science classes, including cours anatomy, animal science, biology, chemistry, faire microbiology, physiology and zoology, plus social pour sciences and humanities."
596569,what classes do i need to take to go to vet school,msmarco_passage_66_170950934,"To become a vet, you need to go to university and take a veterinary science or medicine degree. The course normally takes 5 years. To be considered for a place at vet school, you will need to have a strong science background. It’s important that you enjoy and are good at subjects such as biology, chemistry and physics.",2,que cours faire je besoin pour prendre pour aller pour vétérinaire école,"To become a vet, you need pour to go to university and take a veterinary science or besoin medicine degree. The course aller normally takes 5 years. To be pour considered for a place at vet school, you will je need to have a strong que pour vétérinaire science background. It’s important that faire you enjoy and prendre are good at subjects such cours as biology, école chemistry and physics."
596569,what classes do i need to take to go to vet school,msmarco_passage_32_199421070,"To become a vet in North America, you must go to college for at least 2 or 3 years, and take several required classes, including many science classes. You then apply to veterinary school. If you are accepted, you are in veterinary school for 4 years, and then graduate with the degree Doctor of Veterinary Medicine.",2,que cours faire je besoin pour prendre pour aller pour vétérinaire école,"To become a vet que in North America, faire you must go to college for at least pour 2 or 3 prendre years, and take several required classes, cours including many science classes. You then apply to besoin veterinary school. vétérinaire If you are accepted, you are in je aller veterinary school pour for 4 years, and then graduate with pour the degree Doctor of Veterinary école Medicine."
596569,what classes do i need to take to go to vet school,msmarco_passage_40_745945418,"Apply to Vet Tech Programs. To become a Vet Tech, learners can begin setting themselves up for educational success as early as high school. They can get ahead of their peers by electing to take certain classes, including those focused on science, mathematics and animal science (if offered). These classes will strengthen a high school student’s transcript, and assist them in gaining acceptance into the veterinary technology program of their choice.",0,que cours faire je besoin pour prendre pour aller pour vétérinaire école,"Apply faire prendre to Vet Tech Programs. que To become a Vet Tech, learners can besoin begin setting themselves up pour for educational success as early pour as high school. They can get école ahead of their peers by electing to take certain classes, including those focused on je science, mathematics and animal science (if offered). These classes will strengthen a high school student’s vétérinaire transcript, pour and assist them in aller gaining cours acceptance into the veterinary technology program of their choice."
629937,what does a popped blood vessel in hand feel like,msmarco_passage_09_791178425,Popped Blood Vessel In Hand Symptoms. The condition will show under the layer of transparent skin and is characterized by: Bright red or dark appearance in the outermost layer of the skin. A feeling of minor pain upon contact.,3,que faire un sauté sang navire dans main sentir comme,Popped main Blood Vessel In Hand Symptoms. The condition will show under the comme un layer of transparent skin and sauté is characterized by: Bright dans red or dark faire appearance in navire sang que the outermost layer of the skin. A feeling of minor pain upon sentir contact.
629937,what does a popped blood vessel in hand feel like,msmarco_passage_35_98010201,"Doctors do this because not all drugs will agree with your body. READ Popped blood vessel in hand: Causes, Symptoms, Treatments. Some of the symptoms of side effects from drugs include fever, headaches, numbness, a burning and itchy sensation that makes your skin feels raw but no rashes.",1,que faire un sauté sang navire dans main sentir comme,"Doctors do this un because not all drugs navire will agree que with your sauté body. READ Popped blood vessel in sentir hand: Causes, Symptoms, Treatments. Some of the symptoms of side effects from drugs include fever, dans headaches, numbness, a burning and itchy sensation main that sang makes your comme skin feels raw but no faire rashes."
629937,what does a popped blood vessel in hand feel like,msmarco_passage_62_95661211,Popped Blood Vessel In Hand Symptoms. The condition will show under the layer of transparent skin and is characterized by: Bright red or dark appearance in the outermost layer of the skin. A feeling of minor pain upon contact.,3,que faire un sauté sang navire dans main sentir comme,Popped Blood Vessel In Hand Symptoms. The un condition sauté will show under the layer of navire transparent skin comme and is characterized dans by: Bright red or dark sentir appearance faire in the outermost layer of sang the skin. A main que feeling of minor pain upon contact.
629937,what does a popped blood vessel in hand feel like,msmarco_passage_53_444377493,"Comment. Ptty_mc. A dear friend of mine has this issue also, but she is in constant pain, she can feel the pain go down her arm and then her hand swells and a vessel pops and bruises instantly. She's been to every Dr. there is and no one has an answer. If anyone ever does get and actual diagnoses please share.",1,que faire un sauté sang navire dans main sentir comme,"Comment. Ptty_mc. A dear friend of mine has this issue also, but she is main in constant pain, she sauté can feel the pain go comme down her arm and then her hand swells navire and a sang un vessel pops and bruises instantly. She's been faire to every Dr. there is and no one has que dans an answer. If anyone ever does get and sentir actual diagnoses please share."
629937,what does a popped blood vessel in hand feel like,msmarco_passage_60_676301869,"Treatment for Popped Blood Vessel in Hands. Generally, a popped blood vessel is insignificant and undamaging. Mostly it takes a week or two to heal on its own. However, if symptoms like pain, swelling, bleeding and bruise persists, a person can use any of the following home remedies:",3,que faire un sauté sang navire dans main sentir comme,"Treatment for Popped Blood dans Vessel in Hands. Generally, a un sang popped faire blood comme vessel is insignificant and undamaging. sauté Mostly it takes a week or two to heal on its own. However, main if symptoms like pain, swelling, bleeding sentir and navire bruise persists, que a person can use any of the following home remedies:"
629937,what does a popped blood vessel in hand feel like,msmarco_passage_60_676300909,"Treatment for Popped Blood Vessel in Hands and What are Its Causes. A R Health Tips 5 August 10, 2011 Popped Blood Vessel in Finger, Popped Blood Vessel in Hands, Treatment for Popped Blood Vessel in Hands 1 Comment.",1,que faire un sauté sang navire dans main sentir comme,"Treatment main for Popped Blood dans Vessel in Hands and What are Its Causes. A R Health Tips navire 5 August sentir 10, 2011 un Popped Blood sang Vessel sauté in comme Finger, Popped Blood Vessel faire in Hands, Treatment que for Popped Blood Vessel in Hands 1 Comment."
629937,what does a popped blood vessel in hand feel like,msmarco_passage_09_484021871,"Treatment for Popped Blood Vessel in Hands. Generally, a popped blood vessel is insignificant and undamaging. Mostly it takes a week or two to heal on its own. However, if symptoms like pain, swelling, bleeding and bruise persists, a person can use any of the following home remedies:",2,que faire un sauté sang navire dans main sentir comme,"Treatment for Popped Blood Vessel in Hands. Generally, a dans popped blood vessel faire is insignificant and undamaging. Mostly it takes sauté a week or two to heal on its own. However, if symptoms comme un like pain, navire swelling, bleeding and bruise persists, a que sang person can sentir main use any of the following home remedies:"
629937,what does a popped blood vessel in hand feel like,msmarco_passage_35_97815855,"Common and natural treatments for popped blood vessel in hand: In most cases, bursting of blood vessels under your skin is a harmless and minor issue. Usually, they get healed within a week or two without any medical intervention. However, you can try the following home remedies to speed up the healing process.",1,que faire un sauté sang navire dans main sentir comme,"Common and natural treatments for comme popped un blood vessel sauté in hand: In main most cases, bursting faire of blood que vessels under your skin is a harmless and sentir minor issue. Usually, they get healed within a week or navire two sang without any medical intervention. However, you can try the following home remedies to speed up the dans healing process."
629937,what does a popped blood vessel in hand feel like,msmarco_passage_09_484023542,"For instance is when a person uses his hands to break something like a wooden platform, the force used in the actual blow will certainly leave a person’s fingers with a popped blood vessel.",1,que faire un sauté sang navire dans main sentir comme,"For instance is when a comme person uses his sentir hands to sauté break something sang like un a navire wooden platform, the force used in main the actual que blow will certainly leave a person’s fingers with faire dans a popped blood vessel."
629937,what does a popped blood vessel in hand feel like,msmarco_passage_09_484020911,"Treatment for Popped Blood Vessel in Hands and What are Its Causes. A R Health Tips 5 August 10, 2011 Popped Blood Vessel in Finger, Popped Blood Vessel in Hands, Treatment for Popped Blood Vessel in Hands 1 Comment.",1,que faire un sauté sang navire dans main sentir comme,"Treatment for Popped Blood Vessel sentir in Hands and What sauté are Its un navire Causes. A R Health Tips 5 August 10, 2011 Popped Blood Vessel dans in Finger, Popped Blood Vessel comme in Hands, Treatment main for Popped faire Blood sang que Vessel in Hands 1 Comment."
629937,what does a popped blood vessel in hand feel like,msmarco_passage_35_97810421,Contents [ show] 0.1 Common causes behind Popped blood vessel in hand: 0.2 Symptoms of popped blood vessel in hand: 0.3 Common and natural treatments for popped blood vessel in hand: 0.4 Home remedies for popped blood vessel in hand: 0.5 The outlook for popped blood vessel in hand:,1,que faire un sauté sang navire dans main sentir comme,Contents sang un [ show] 0.1 Common causes behind Popped blood vessel in hand: 0.2 sauté Symptoms of popped blood vessel faire in hand: 0.3 Common and natural treatments que for popped blood dans main vessel in hand: 0.4 Home remedies for popped blood vessel in comme hand: 0.5 The outlook for popped blood navire vessel sentir in hand:
629937,what does a popped blood vessel in hand feel like,msmarco_passage_09_484022308,"Popped Blood Vessel in Finger. A popped blood vessel in the finger is mostly caused due to an injury to the hands or a minor trauma like when bumping or hitting something using one’s hand, whether by accident or consciously, can lead to a broken blood vessel in the finger.",1,que faire un sauté sang navire dans main sentir comme,"Popped comme Blood Vessel faire dans in Finger. A popped blood que sauté vessel in sentir the finger main is mostly caused navire sang due to un an injury to the hands or a minor trauma like when bumping or hitting something using one’s hand, whether by accident or consciously, can lead to a broken blood vessel in the finger."
629937,what does a popped blood vessel in hand feel like,msmarco_passage_60_676302306,"Popped Blood Vessel in Finger. A popped blood vessel in the finger is mostly caused due to an injury to the hands or a minor trauma like when bumping or hitting something using one’s hand, whether by accident or consciously, can lead to a broken blood vessel in the finger.",1,que faire un sauté sang navire dans main sentir comme,"Popped main Blood Vessel in dans Finger. A popped blood vessel in the finger is sentir mostly caused comme due to sauté an navire injury to the hands or a faire minor sang trauma like when bumping or hitting something using one’s hand, whether by accident or consciously, can que lead to a un broken blood vessel in the finger."
629937,what does a popped blood vessel in hand feel like,msmarco_passage_09_484020537,Popped Blood Vessel in Hands. Popped blood vessel in a person’s hands happen when a clot forms in the blood vessel. This clot of blood causes an obstruction and hinders the blood’s rapid flow thereby causing arteries to bulge.,1,que faire un sauté sang navire dans main sentir comme,Popped Blood que Vessel in Hands. Popped blood vessel in a person’s hands happen main comme navire dans when a clot sauté forms in the blood vessel. sentir This clot of un blood causes an obstruction and hinders the blood’s rapid flow thereby causing arteries faire sang to bulge.
629937,what does a popped blood vessel in hand feel like,msmarco_passage_60_676300535,Popped Blood Vessel in Hands. Popped blood vessel in a person’s hands happen when a clot forms in the blood vessel. This clot of blood causes an obstruction and hinders the blood’s rapid flow thereby causing arteries to bulge.,1,que faire un sauté sang navire dans main sentir comme,Popped Blood dans Vessel in comme Hands. Popped blood vessel in a person’s main hands navire sauté un happen when a clot forms in the blood vessel. This clot of blood causes an obstruction que and sang hinders faire the blood’s rapid flow thereby causing sentir arteries to bulge.
629937,what does a popped blood vessel in hand feel like,msmarco_passage_09_791177763,"Popped Blood Vessel In Hand | Treatment For Popped Blood Vessel. Published July 30, 2010 by mkr.",1,que faire un sauté sang navire dans main sentir comme,"Popped sauté Blood sentir Vessel navire main In Hand | Treatment For Popped Blood Vessel. Published sang July faire 30, que comme 2010 un dans by mkr."
629937,what does a popped blood vessel in hand feel like,msmarco_passage_62_95660551,"Popped Blood Vessel In Hand | Treatment For Popped Blood Vessel. Published July 30, 2010 by mkr.",1,que faire un sauté sang navire dans main sentir comme,"Popped que Blood sauté Vessel main faire In Hand | Treatment dans For Popped un Blood Vessel. navire sentir Published sang comme July 30, 2010 by mkr."
629937,what does a popped blood vessel in hand feel like,msmarco_passage_35_97810880,Common causes behind Popped blood vessel in hand: Popped blood vessel in hand. Image source: nih.gov. You can develop popped blood vessel in hand because of various reasons such as: Hand bumping suddenly into some hard objects. Trying to support something heavy with your hands. Trying to break some hard object with your hands.,1,que faire un sauté sang navire dans main sentir comme,Common sang navire causes que behind Popped blood vessel un faire in hand: Popped blood vessel in hand. Image source: nih.gov. You can develop popped comme dans blood vessel in hand because of various reasons such as: Hand bumping suddenly into some hard main objects. Trying to support something heavy with your hands. Trying to break some hard object sauté sentir with your hands.
629937,what does a popped blood vessel in hand feel like,msmarco_passage_09_791178797,Popped Blood Vessel In Hand | Treatment For Popped Blood Vessel. Popped blood vessel in hand happens when a clot forms in the blood vessel. The rapid flow of blood impedes by the clot of blood thereby causes bulging to the arteries; the increased pressure caused by hasty flowing of blood can weaken the blood vessel as a result the arteries burst and the blood leak.,1,que faire un sauté sang navire dans main sentir comme,Popped Blood Vessel In Hand | Treatment For Popped Blood Vessel. sang Popped blood vessel in faire que hand happens sentir navire when a clot main forms in the blood vessel. The rapid flow of blood impedes by the comme clot of un blood thereby causes bulging to sauté the arteries; the increased pressure caused by hasty flowing of blood can weaken the blood vessel as a result the arteries burst dans and the blood leak.
629937,what does a popped blood vessel in hand feel like,msmarco_passage_62_95661582,Popped Blood Vessel In Hand | Treatment For Popped Blood Vessel. Popped blood vessel in hand happens when a clot forms in the blood vessel. The rapid flow of blood impedes by the clot of blood thereby causes bulging to the arteries; the increased pressure caused by hasty flowing of blood can weaken the blood vessel as a result the arteries burst and the blood leak.,1,que faire un sauté sang navire dans main sentir comme,Popped Blood Vessel In Hand | Treatment For Popped Blood sang Vessel. Popped blood vessel comme faire in hand happens dans when navire a clot forms in the blood vessel. The rapid flow of blood impedes by the sauté clot of blood thereby que causes bulging to the arteries; the increased main pressure caused by hasty flowing of blood can weaken the blood sentir vessel as a result the arteries burst un and the blood leak.
629937,what does a popped blood vessel in hand feel like,msmarco_passage_35_97813720,"Symptoms of popped blood vessel in hand: Bursting of blood vessels or popped blood vessel in hand and subsequent bleeding under the skin of your hands has the following symptoms: Swelling in the affected area of the skin. In some cases, an associated fracture in the bone may take place. Some pain (minor) may be felt upon touching the affected area.",3,que faire un sauté sang navire dans main sentir comme,"Symptoms of popped blood vessel in faire hand: Bursting un of blood vessels or popped blood vessel in hand and subsequent bleeding under the skin sauté of your hands has the following main symptoms: Swelling in the affected area of the skin. In some dans cases, an associated fracture in the bone que may take navire place. Some pain (minor) may be felt upon comme sentir touching the affected sang area."
629937,what does a popped blood vessel in hand feel like,msmarco_passage_09_484020174,Symptoms of a Popped Blood Vessel in the Finger. Onset of this condition is sudden or may follow after a minor injury. Sudden onset of intense burning pain felt in the hand or finger. Sudden localized swelling.,3,que faire un sauté sang navire dans main sentir comme,Symptoms of navire a Popped Blood Vessel in main comme the Finger. Onset of this condition is sang sudden un sauté que or may sentir follow after a minor injury. Sudden onset of intense dans faire burning pain felt in the hand or finger. Sudden localized swelling.
629937,what does a popped blood vessel in hand feel like,msmarco_passage_60_676300172,Symptoms of a Popped Blood Vessel in the Finger. Onset of this condition is sudden or may follow after a minor injury. Sudden onset of intense burning pain felt in the hand or finger. Sudden localized swelling.,3,que faire un sauté sang navire dans main sentir comme,Symptoms of dans a Popped comme Blood Vessel sentir in the Finger. sang navire Onset que of this condition is sauté sudden or may follow after a minor injury. Sudden main onset of intense un burning pain felt in the hand or finger. Sudden faire localized swelling.
629937,what does a popped blood vessel in hand feel like,msmarco_passage_62_95660767,Causes Of Popped Blood Vessel In Hand. Ruptured blood vessel in hand can be caused due to: Sudden bumping of hand into something hard object. Using the hand to break or support something heavy or hard object. High blood pressure. Malnutrition. Bruise due to aging skin.,1,que faire un sauté sang navire dans main sentir comme,Causes Of faire Popped Blood sauté Vessel In Hand. dans Ruptured blood un navire vessel in hand can be caused due to: comme Sudden bumping of hand into something hard sang object. sentir Using the hand to break or support something heavy or hard object. High blood main que pressure. Malnutrition. Bruise due to aging skin.
629937,what does a popped blood vessel in hand feel like,msmarco_passage_35_97819308,"The appearance of patch or dot under the skin due to popped blood vessel in hand is because of the blood clots formed there. The clot also hampers the fast flow of blood through the vessels causing bulging to the blood vessels of the area. This, in turn, results in increased pressure causing further rupture of blood vessels and more blood oozing out under the skin (increase in pressure inside the arteries weakens their walls).",2,que faire un sauté sang navire dans main sentir comme,"The appearance sang que of patch un or dot under the skin due to popped blood vessel in hand is because of faire the sauté blood clots formed there. The comme clot also hampers the main fast flow of blood through the vessels causing bulging to the blood vessels of the area. This, in turn, results in navire increased pressure causing dans further rupture of blood sentir vessels and more blood oozing out under the skin (increase in pressure inside the arteries weakens their walls)."
629937,what does a popped blood vessel in hand feel like,msmarco_passage_35_97806706,"Popped blood vessel in finger Symptoms: Having broken blood vessel in the finger is a very problematic condition. The symptoms of it are: Swelling: As the blood accumulates below the skin, there is an appearance of a swelling. Inflammation: There is an accumulation of white blood cells and other cells from the blood at the place of popped blood vessel in finger when the body tries to heal the problem.",2,que faire un sauté sang navire dans main sentir comme,"Popped blood vessel in finger Symptoms: Having broken blood vessel dans in the faire finger is a very un problematic condition. The comme symptoms of que it are: Swelling: As the sang blood accumulates below the skin, there is an appearance of a swelling. Inflammation: There is an accumulation of white blood cells sentir and other sauté cells from the blood at main the place of popped blood vessel in finger when the body tries to navire heal the problem."
629937,what does a popped blood vessel in hand feel like,msmarco_passage_39_119423024,"Achenbach’s Syndrome (Popped Blood Vessels in Finger) When a blood vessel pops in the finger, the function of the fingers is compromised. Pain, inflammation, and swelling may render the hand immobile for a time. This condition is known as Achenbach’s syndrome.",3,que faire un sauté sang navire dans main sentir comme,"Achenbach’s Syndrome (Popped Blood Vessels in Finger) dans un When a blood vessel comme pops in faire the finger, the function sentir navire of the fingers sang is compromised. Pain, inflammation, que and swelling may render the hand immobile for a main time. This condition sauté is known as Achenbach’s syndrome."
646091,what does prenatal care include,msmarco_passage_27_626193579,Summary. Prenatal care is the health care you get while you are pregnant. It includes your checkups and prenatal testing. Prenatal care can help keep you and your baby healthy. It lets your health care provider spot health problems early. Early treatment can cure many problems and prevent others.,2,que faire prénatal soins inclure,Summary. Prenatal care que inclure is the faire health care you get while you are pregnant. It includes your checkups and prenatal testing. Prenatal care can help keep you and your baby healthy. It lets your health care prénatal provider spot health problems early. Early treatment can cure many problems and prevent soins others.
646091,what does prenatal care include,msmarco_passage_36_207498432,"Prenatal care aims not only to observe gestational development to look for any risks or complications, it also seeks to improve the overall health and wellness of the mother, this directly influencing the health and development of the baby. Some of the goals of prenatal care include:",2,que faire prénatal soins inclure,"Prenatal care aims not only to observe gestational development to look for any risks or complications, it also seeks to que soins improve the faire overall health prénatal and wellness of the mother, this directly influencing the health and development of the baby. Some of the goals inclure of prenatal care include:"
646091,what does prenatal care include,msmarco_passage_10_687224391,"In addition to medical care, prenatal care includes education on pregnancy and childbirth, plus counseling and support. Frequent visits with your health careprovider allow you to follow the progress of your baby's development. Visits also give you the opportunity to ask questions.",2,que faire prénatal soins inclure,"In addition to medical care, prenatal care faire includes education soins que on pregnancy and childbirth, plus counseling and support. Frequent visits with your health inclure careprovider allow you to follow the progress of your prénatal baby's development. Visits also give you the opportunity to ask questions."
646091,what does prenatal care include,msmarco_passage_48_749998273,"What is a prenatal visit? Prenatal care is the medical care you receive during pregnancy. Prenatal care visits start early on in your pregnancy and continue regularly until you deliver the baby. They typically include a physical exam, a weight check, and various tests.",2,que faire prénatal soins inclure,"What is a que prenatal visit? soins prénatal Prenatal care is the faire medical care inclure you receive during pregnancy. Prenatal care visits start early on in your pregnancy and continue regularly until you deliver the baby. They typically include a physical exam, a weight check, and various tests."
646091,what does prenatal care include,msmarco_passage_53_355459800,"Pregnancy and prenatal care go hand in hand. During the first trimester, prenatal care includes blood tests, a physical exam, conversations about lifestyle and more. Prenatal care is an important part of a healthy pregnancy. Whether you choose a family physician, obstetrician, midwife or group prenatal care, here's what to expect during the first few prenatal appointments.",1,que faire prénatal soins inclure,"Pregnancy and prenatal care go hand in hand. During the faire prénatal first trimester, prenatal care includes blood tests, a physical exam, conversations about lifestyle and more. Prenatal care is an important part soins of a healthy pregnancy. Whether you choose a family physician, obstetrician, midwife or inclure group prenatal care, here's what to expect during que the first few prenatal appointments."
646091,what does prenatal care include,msmarco_passage_21_684836487,"The availability of routine prenatal care, including prenatal screening and diagnosis, has played a part in reducing the frequency of maternal death, miscarriages, birth defects, low birth weight, neonatal infections and other preventable health problems. Traditional prenatal care in high-income countries generally consists of:",2,que faire prénatal soins inclure,"The availability of routine prenatal care, including prenatal screening prénatal and diagnosis, has played a part in reducing the frequency of maternal death, faire soins miscarriages, birth defects, inclure low birth weight, neonatal infections and other preventable health que problems. Traditional prenatal care in high-income countries generally consists of:"
646091,what does prenatal care include,msmarco_passage_53_355454477,"During the second trimester, prenatal care includes routine lab tests and measurements of your baby's growth. You might consider prenatal testing, too. By Mayo Clinic Staff. The goal of prenatal care is to ensure that you and your baby remain healthy during your entire pregnancy. Ideally, prenatal care starts as soon as you think you're pregnant.",2,que faire prénatal soins inclure,"During the second trimester, prenatal care includes routine lab tests soins and measurements of your baby's growth. You might consider prenatal testing, too. By Mayo Clinic faire Staff. The goal of prenatal inclure care is to ensure that you and your baby prénatal remain healthy during your entire pregnancy. Ideally, que prenatal care starts as soon as you think you're pregnant."
646091,what does prenatal care include,msmarco_passage_08_24643970,"Pregnancy and prenatal care go hand in hand. During the first trimester, prenatal care includes blood tests, a physical exam, conversations about lifestyle and more. Prenatal care is an important part of a healthy pregnancy. Whether you choose a family physician, obstetrician, midwife or group prenatal care, here's what to expect during the first few prenatal appointments.",2,que faire prénatal soins inclure,"Pregnancy que and prenatal care go hand in hand. During the first trimester, prenatal care includes blood tests, a physical exam, conversations about lifestyle and more. Prenatal care is an important part inclure of a healthy pregnancy. Whether you choose a family physician, obstetrician, midwife or group prenatal care, here's what to soins expect during the first few prénatal faire prenatal appointments."
646091,what does prenatal care include,msmarco_passage_08_24649884,"Pregnancy and prenatal care go hand in hand. During the first trimester, prenatal care includes blood tests, a physical exam, conversations about lifestyle and more. Prenatal care is an important part of a healthy pregnancy. Whether you choose a family physician, obstetrician, midwife or group prenatal care, here's what to expect during the first few prenatal appointments.",2,que faire prénatal soins inclure,"Pregnancy and prenatal care go hand in hand. During the first trimester, inclure prenatal care includes blood tests, a prénatal physical faire exam, conversations soins que about lifestyle and more. Prenatal care is an important part of a healthy pregnancy. Whether you choose a family physician, obstetrician, midwife or group prenatal care, here's what to expect during the first few prenatal appointments."
646091,what does prenatal care include,msmarco_passage_08_467471786,"Prenatal Care. Women who suspect they may be pregnant should schedule a visit to their health care provider to begin prenatal care. Prenatal visits to a health care provider usually include a physical exam, weight checks, and providing a urine sample.",2,que faire prénatal soins inclure,"Prenatal Care. Women who suspect they may be pregnant soins should schedule a visit to their health care provider to begin prenatal care. Prenatal visits to a health care provider prénatal usually que faire include a physical inclure exam, weight checks, and providing a urine sample."
646091,what does prenatal care include,msmarco_passage_55_423361954,"Prenatal Care. Women who suspect they may be pregnant should schedule a visit to their health care provider to begin prenatal care. Prenatal visits to a health care provider usually include a physical exam, weight checks, and providing a urine sample.",2,que faire prénatal soins inclure,"Prenatal Care. Women who suspect they may be pregnant soins should schedule a visit to their health care provider to begin prenatal care. Prenatal visits que to faire a health care provider usually inclure include a physical exam, weight checks, and providing prénatal a urine sample."
646091,what does prenatal care include,msmarco_passage_55_423404013,"Prenatal Care. Women who suspect they may be pregnant should schedule a visit to their health care provider to begin prenatal care. Prenatal visits to a health care provider usually include a physical exam, weight checks, and providing a urine sample.",2,que faire prénatal soins inclure,"Prenatal Care. Women soins who suspect they may be pregnant should schedule a visit to their health care prénatal provider to begin prenatal que care. Prenatal visits to a faire health care provider usually include a physical exam, weight checks, and providing inclure a urine sample."
646091,what does prenatal care include,msmarco_passage_55_423408197,"Prenatal Care. Women who suspect they may be pregnant should schedule a visit to their health care provider to begin prenatal care. Prenatal visits to a health care provider usually include a physical exam, weight checks, and providing a urine sample.",2,que faire prénatal soins inclure,"Prenatal Care. Women who suspect inclure they may prénatal be pregnant should soins schedule a visit to their health que care provider to begin prenatal care. Prenatal visits to a health care provider usually include a physical exam, weight faire checks, and providing a urine sample."
646091,what does prenatal care include,msmarco_passage_47_609747966,Trends in prenatal care utilization are commonly collected using the prenatal care record. Critical data include EGA at the initiation of care and number of visits. The prenatal care record serves to document data that are commonly used as indicators of quality and adequacy of care.,1,que faire prénatal soins inclure,Trends in prenatal care utilization are commonly collected using the prenatal care inclure record. Critical data include EGA at the initiation of care and faire number of visits. The prenatal care soins record que serves to document data that are commonly used as indicators prénatal of quality and adequacy of care.
646091,what does prenatal care include,msmarco_passage_06_765034498,"What is a prenatal visit? Prenatal care is the medical care you receive during pregnancy. Prenatal care visits start early on in your pregnancy and continue regularly until you deliver the baby. They typically include a physical exam, a weight check, and various tests.",2,que faire prénatal soins inclure,"What is a prenatal visit? prénatal Prenatal care is the medical care you receive faire during pregnancy. Prenatal care visits start early on in your pregnancy and continue que regularly until you deliver the baby. They typically include a soins physical exam, a weight check, inclure and various tests."
646091,what does prenatal care include,msmarco_passage_61_48261236,"Rating. Mostly False. About this rating. What's True. Prenatal care makes up a small portion of Planned Parenthood's services, and not all Planned Parenthood affiliates offer these services. What's False. Planned Parenthood offers a number of reproductive health services other than abortion -- including prenatal care (and referrals to prenatal care providers) -- at multiple health centers across the U.S. and has not claimed to offer prenatal care at all their centers.",0,que faire prénatal soins inclure,"Rating. Mostly False. About this inclure faire rating. What's True. Prenatal care makes up a small portion que of Planned Parenthood's services, and not all Planned Parenthood affiliates offer soins these services. What's False. Planned Parenthood offers a number of reproductive health services other than abortion -- including prenatal care (and referrals to prenatal care providers) -- at multiple health centers across the prénatal U.S. and has not claimed to offer prenatal care at all their centers."
646091,what does prenatal care include,msmarco_passage_24_626811987,"Claim contains: 59400. Routine obstetric care (including prenatal care, vaginal delivery and postpartum care) 81000. Urinalysis. HMSA will: Pay a global maternity fee. Additional payment for the urinalysis would be denied. Urinalysis is considered an integral part of a prenatal visit and is included in the global fee.",1,que faire prénatal soins inclure,"Claim contains: 59400. Routine obstetric care (including prenatal care, vaginal delivery and postpartum care) soins 81000. Urinalysis. HMSA will: Pay a global maternity fee. Additional faire payment que for the urinalysis would prénatal be denied. Urinalysis is considered an integral part of a prenatal visit and is included in inclure the global fee."
646091,what does prenatal care include,msmarco_passage_53_253592504,"Obstetrics & Gynecology. OB/GYN services at Mass General Waltham include routine and subspecialty gynecologic care, prenatal obstetrical care including ultrasounds and prenatal diagnostic services, pre- and postoperative care and treatments for urogynecologic issues. Orthopaedic Outpatient Clinics.",1,que faire prénatal soins inclure,"Obstetrics & Gynecology. OB/GYN services prénatal soins at Mass General Waltham include routine and faire subspecialty gynecologic care, prenatal obstetrical care que including ultrasounds and prenatal diagnostic services, pre- inclure and postoperative care and treatments for urogynecologic issues. Orthopaedic Outpatient Clinics."
646091,what does prenatal care include,msmarco_passage_59_580811532,"IMG Src: uticaparkclinic.com. Once you find out that you are pregnant, you should schedule a visit to your health care provider to begin prenatal care. Prenatal visits to your health care include a physical exam, weight checks, and urine sampling. It also includes a blood test and imaging test or ultrasound exams.",3,que faire prénatal soins inclure,"IMG Src: uticaparkclinic.com. Once prénatal you find out that you are pregnant, you should schedule a visit to faire your health care provider to begin prenatal care. Prenatal soins visits to your health care include a physical que exam, weight checks, and urine sampling. It also includes a blood inclure test and imaging test or ultrasound exams."
646091,what does prenatal care include,msmarco_passage_49_685749683,"The birth or placement of a child. The need to care for a spouse, child or parent who has a serious health condition (which includes ""incapacity due to pregnancy and for prenatal medical care,"" according to DOL ). The employee's own serious health condition (which includes "" incapacity due to pregnancy and for prenatal medical care,"" says DOL ), which renders him or her unable to perform the essential functions of the job.",0,que faire prénatal soins inclure,"The birth or placement of a child. The need to care for a spouse, child or parent who has a serious soins health condition (which includes ""incapacity que due to pregnancy and for prenatal medical care,"" according to DOL ). The employee's own serious health condition (which includes "" incapacity due to pregnancy and for faire inclure prenatal medical care,"" says DOL ), which renders him or her unable to perform prénatal the essential functions of the job."
646091,what does prenatal care include,msmarco_passage_22_825524449,"The Salvation Army’s Prenatal Clinic. If you are expecting, the Salvation Army has a prenatal clinic offering OB/GYN and standard medical care. You can choose a group prenatal program or traditional prenatal care. Clinic services include acute care, family planning, yearly exams, and well-child exams.",1,que faire prénatal soins inclure,"The faire Salvation Army’s Prenatal Clinic. If you are expecting, the Salvation Army has a prenatal clinic offering OB/GYN and standard medical care. You can choose a group prenatal program or traditional prenatal care. Clinic services include acute que prénatal inclure care, family planning, yearly exams, and well-child soins exams."
646091,what does prenatal care include,msmarco_passage_53_126546442,The Marketplace is an online resource that helps you find and compare health plans in your state. These insurance plans cover services for pregnant women including: All prenatal care visits with no co-pay. Prenatal care is medical care you get during pregnancy. No co-pay means you don’t have to pay your health care provider each time you go for a prenatal checkup.,1,que faire prénatal soins inclure,The Marketplace is an online resource that helps you find and compare health plans in your state. These insurance plans cover services for pregnant women including: All prenatal care visits with no co-pay. Prenatal care is medical care you get during soins pregnancy. No que co-pay means you don’t have to pay your health prénatal care provider each time inclure you go for a faire prenatal checkup.
646091,what does prenatal care include,msmarco_passage_20_474289658,"Background. Main article: Prenatal care. Prenatal care is health care provided to pregnant women as a type of preventive care with the goal of providing regular check-ups that allow obstetricians - gynecologists or midwives to detect, treat and prevent potential health problems throughout the course of the pregnancy while promoting healthy lifestyles that benefit both mother and child.",2,que faire prénatal soins inclure,"Background. Main article: Prenatal care. Prenatal care is faire health care provided to pregnant women as a type of preventive care with the goal of providing regular check-ups that inclure allow obstetricians - gynecologists que soins or midwives to detect, treat and prevent potential health problems prénatal throughout the course of the pregnancy while promoting healthy lifestyles that benefit both mother and child."
646091,what does prenatal care include,msmarco_passage_05_548450120,"Definition of Prenatal Care. Regularly scheduled obstetric care beginning in early pregnancy and continuing through post-partum. Prenatal care involves the management of medical, nutritional. Psycho-social, and educational needs of the patient and her family.",3,que faire prénatal soins inclure,"Definition of Prenatal Care. Regularly scheduled obstetric faire care beginning que in early prénatal pregnancy and continuing through post-partum. Prenatal care involves the management of inclure medical, nutritional. Psycho-social, and educational needs of the patient and soins her family."
646091,what does prenatal care include,msmarco_passage_36_207498071,What is Prenatal Care: Prenatal Care Definition. Prenatal care is the health care that both the woman and the baby receives before giving birth. This is more than just a few doctor’s visits and an ultrasound or two.,2,que faire prénatal soins inclure,What is soins Prenatal Care: Prenatal Care Definition. Prenatal care is the health care that que both the woman and inclure the baby receives before giving prénatal birth. This is more than just a few doctor’s visits and an ultrasound faire or two.
646091,what does prenatal care include,msmarco_passage_28_313169904,"What is Prenatal Care? Prenatal care is the necessary medical care that a woman receives during pregnancy. There are many benefits to obtaining proper prenatal care. This care can ensure the healthiest pregnancy possible for the woman, as well as the fetus and future infant.",1,que faire prénatal soins inclure,"What is Prenatal Care? Prenatal care is the que necessary medical care that a woman receives during pregnancy. There are many benefits to soins obtaining proper prenatal care. inclure prénatal This care can ensure the healthiest pregnancy possible for the woman, as well as the faire fetus and future infant."
646091,what does prenatal care include,msmarco_passage_66_733417331,"In addition to medical care, prenatal care includes education on pregnancy and childbirth, plus counseling and support. Frequent visits with your health careprovider allow you to follow the progress of your baby's development. Visits also give you the opportunity to ask questions.",3,que faire prénatal soins inclure,"In addition to medical care, prenatal care includes education on pregnancy and faire childbirth, plus counseling and support. Frequent visits with your health que prénatal careprovider allow you inclure to follow the progress of your baby's development. Visits also give soins you the opportunity to ask questions."
646091,what does prenatal care include,msmarco_passage_05_548452099,"Components of Prenatal Care. Prenatal care involves the management of medical, nutritional. Psycho-social, and educational needs of the patient and her family. This is reevaluated at regularly scheduled intervals, and revised in accordance with the progress of the pregnancy.",3,que faire prénatal soins inclure,"Components of soins Prenatal Care. Prenatal care involves prénatal faire the management of medical, nutritional. Psycho-social, and educational needs of the patient and her family. This is inclure reevaluated at regularly scheduled que intervals, and revised in accordance with the progress of the pregnancy."
646091,what does prenatal care include,msmarco_passage_30_7772264,"What is prenatal care? Prenatal care is when you get checkups from a doctor, nurse, or midwife throughout your pregnancy. It helps keep you and your future baby healthy.",2,que faire prénatal soins inclure,"What is prenatal care? Prenatal care is when you get checkups from a doctor, nurse, prénatal or midwife throughout inclure faire your pregnancy. It helps keep you soins que and your future baby healthy."
646091,what does prenatal care include,msmarco_passage_57_184775023,"What is prenatal care? Prenatal care is when you get checkups from a doctor, nurse, or midwife throughout your pregnancy. It helps keep you and your future baby healthy.",1,que faire prénatal soins inclure,"What is prenatal care? prénatal Prenatal care is que when you get checkups from a doctor, soins faire nurse, or midwife throughout your inclure pregnancy. It helps keep you and your future baby healthy."
646091,what does prenatal care include,msmarco_passage_20_474279199,"Prenatal care, also known as antenatal care, is a type of preventive healthcare. It is provided in the form of medical checkups, consisting of recommendations on managing a healthy lifestyle and the provision of medical information such as maternal physiological changes in pregnancy, biological changes, and prenatal nutrition including prenatal vitamins, which prevents potential health problems throughout the course of the pregnancy and promotes the mother and child's health alike.",3,que faire prénatal soins inclure,"Prenatal care, also known as antenatal care, is a type of preventive healthcare. It is provided in the form of medical checkups, consisting of recommendations on managing a healthy lifestyle and the provision of inclure medical information such as maternal physiological changes in pregnancy, biological changes, and prenatal nutrition prénatal including prenatal vitamins, faire which prevents potential health problems throughout the course of que the pregnancy soins and promotes the mother and child's health alike."
646091,what does prenatal care include,msmarco_passage_21_684835454,"Prenatal care, also known as antenatal care, is a type of preventive healthcare. It is provided in the form of medical checkups, consisting of recommendations on managing a healthy lifestyle and the provision of medical information such as maternal physiological changes in pregnancy, biological changes, and prenatal nutrition including prenatal vitamins, which prevents potential health problems throughout the course of the pregnancy and promotes the mother and child's health alike.",3,que faire prénatal soins inclure,"Prenatal faire care, also soins known as antenatal care, is a type of preventive healthcare. It is provided in the form of medical checkups, consisting of recommendations on managing a healthy lifestyle and the provision of medical information such as maternal physiological changes in pregnancy, biological changes, and inclure prenatal nutrition including prenatal vitamins, which prevents prénatal potential que health problems throughout the course of the pregnancy and promotes the mother and child's health alike."
646091,what does prenatal care include,msmarco_passage_22_798004588,Definition (CCC) Actions performed to support the gestation period of the formation of an offspring/child (being with child) Definition (MEDLINEPLUS) Prenatal care is the health care you get while you are pregnant. It includes your checkups and prenatal testing. Prenatal care can help keep you and your baby healthy.,2,que faire prénatal soins inclure,Definition (CCC) Actions performed to support the gestation period of the prénatal formation of an offspring/child (being with child) Definition (MEDLINEPLUS) Prenatal care is the health inclure care you soins get while you are pregnant. It includes que your checkups and prenatal faire testing. Prenatal care can help keep you and your baby healthy.
646091,what does prenatal care include,msmarco_passage_06_450899513,Definition (CCC) Actions performed to support the gestation period of the formation of an offspring/child (being with child) Definition (MEDLINEPLUS) Prenatal care is the health care you get while you are pregnant. It includes your checkups and prenatal testing. Prenatal care can help keep you and your baby healthy.,1,que faire prénatal soins inclure,Definition (CCC) Actions performed faire to support the gestation period of the formation of an offspring/child (being with child) Definition (MEDLINEPLUS) Prenatal care is the health care you get while you are pregnant. It includes your checkups prénatal and prenatal testing. soins Prenatal care can que help inclure keep you and your baby healthy.
646091,what does prenatal care include,msmarco_passage_53_589963884,"Prenatal care is important for the health of both mother and baby. Common prenatal tests include ultrasound, amniocentesis, screening for group B strep and chronic villus sampling. Prenatal care also helps detect health conditions related to pregnancy, such as preeclampsia and gestational diabetes.",2,que faire prénatal soins inclure,"Prenatal care is important for the health of both prénatal mother and baby. Common prenatal tests include ultrasound, amniocentesis, screening for group que B strep and inclure chronic villus sampling. faire Prenatal care also helps detect health conditions related to pregnancy, such soins as preeclampsia and gestational diabetes."
646091,what does prenatal care include,msmarco_passage_53_592569309,"Prenatal care is important for the health of both mother and baby. Common prenatal tests include ultrasound, amniocentesis, screening for group B strep and chronic villus sampling. Prenatal care also helps detect health conditions related to pregnancy, such as preeclampsia and gestational diabetes.",2,que faire prénatal soins inclure,"Prenatal inclure care is important for the soins health of both mother and baby. Common prenatal tests include ultrasound, amniocentesis, screening for group prénatal B strep and chronic villus sampling. Prenatal care also helps detect health conditions related to faire pregnancy, such as preeclampsia and que gestational diabetes."
646091,what does prenatal care include,msmarco_passage_43_355704448,Prenatal Care Coordination is a Medicaid and BadgerCare Plus benefit that helps pregnant women get the support and services they need to have a healthy baby. Prenatal Care Coordination services include: Help getting the health care you need. Personal support.,1,que faire prénatal soins inclure,Prenatal Care soins Coordination is a Medicaid prénatal and inclure BadgerCare Plus benefit that helps pregnant women get the support and services they need to have a healthy baby. Prenatal Care Coordination services include: Help getting the health care you need. que Personal faire support.
646091,what does prenatal care include,msmarco_passage_10_629766498,"Get early and regular prenatal care. The first 8 weeks of your pregnancy are important to your baby's development. Early and regular prenatal care can boost your chances of having a safe pregnancy and a healthy baby. Prenatal care includes screenings, regular exams, pregnancy and childbirth education, and counseling and support.",3,que faire prénatal soins inclure,"Get early and regular prenatal care. The first 8 weeks of your pregnancy are important to your baby's development. Early soins and regular prenatal faire care can boost your chances of having a safe pregnancy and a healthy baby. Prenatal care includes screenings, prénatal que regular exams, pregnancy and childbirth education, and counseling and inclure support."
647362,what does s/p mean medical,msmarco_passage_58_297962360,"Answered 11 months ago · Author has 515 answers and 77.3K answer views. It usually stands for “status post”, which means “after”. For example, if someone has a disease or procedure, like a knee replacement (TKA) the medical record will show “S/P TKA”. 178 views. ·.",2,que faire s p signifier médical,"Answered 11 months ago · Author s has médical 515 answers and 77.3K answer views. It usually stands for “status post”, which means “after”. For example, if que someone has a disease or procedure, like a knee replacement (TKA) signifier the medical record p will show “S/P faire TKA”. 178 views. ·."
647362,what does s/p mean medical,msmarco_passage_51_678427275,"S/P definition of S/P by Medical dictionary. Medical-dictionary.thefreedictionary.com DA: 40 PA: 6 MOZ Rank: 63. All content on this website, including dictionary, thesaurus, literature, geography, and other reference data is for informational purposes only.",0,que faire s p signifier médical,"S/P definition of S/P by Medical dictionary. Medical-dictionary.thefreedictionary.com que DA: 40 PA: s 6 signifier MOZ Rank: 63. All content on faire this website, including dictionary, thesaurus, literature, geography, and other reference médical data p is for informational purposes only."
647362,what does s/p mean medical,msmarco_passage_58_297970877,"S/P is the short for'Status Post' in medical terms. More specifically it mean the following: It's adjective, Medtalk Clinical shorthand referring to a state that follows an intervention–eg, S/P CABG, S/P cholecystectomy S/P mastectomy, S/P orchiectomy, or condition–eg, S/P acute MI. Source:",2,que faire s p signifier médical,"S/P is the short for'Status Post' in medical terms. More specifically it médical mean the following: It's adjective, Medtalk Clinical shorthand referring p to a state that follows an s signifier que intervention–eg, S/P CABG, S/P cholecystectomy S/P mastectomy, S/P orchiectomy, or condition–eg, S/P acute faire MI. Source:"
647362,what does s/p mean medical,msmarco_passage_00_106381945,"elkpark. s/p (""status post"") means that the client has had the procedure or event in the past. As in, ""s/p appendectomy"" means the person has had an appy; ""s/p overdose"" means the person took an overdose, etc. So, ""deep vein thrombosis s/p inferior vena cava filter"" would mean that the client has deep vein thrombosis and has had (an) inferior vena cava filter (placed).",2,que faire s p signifier médical,"elkpark. signifier s/p (""status post"") means faire that the client has had the procedure or event in the past. As in, ""s/p appendectomy"" means the person has had an appy; ""s/p overdose"" means médical the person took an overdose, etc. So, ""deep vein thrombosis s/p inferior s vena cava filter"" would mean that the client has deep vein thrombosis and has had que (an) p inferior vena cava filter (placed)."
647362,what does s/p mean medical,msmarco_passage_58_297959632,"Shreya Mehta. Gail DeLano. , Leader (2012-present) Answered January 8, 2021. S/P means that a person had a procedure or something happen in the past. Such as a person is s/p surgery , meaning a person had his/her surgery or the procedure or event in the past. s/p overdose"" means the person took an overdose, etc.",1,que faire s p signifier médical,"Shreya Mehta. médical Gail DeLano. , Leader (2012-present) Answered signifier January 8, 2021. S/P means que p that a person had a procedure or something happen in the past. Such as a person is s/p surgery s , meaning faire a person had his/her surgery or the procedure or event in the past. s/p overdose"" means the person took an overdose, etc."
647362,what does s/p mean medical,msmarco_passage_58_297964307,"Shreya Mehta. Julie Eddy. , Carer Dementia Specific at BBB Carer Alzheimer's and Dementia Specific (2009-present) Answered May 3, 2021. S/P stands for “ Status Post “ it refers to the condition of a person after an operation, or procedure in a medical setting eg: hospital, day hospital , or medical clinic.",2,que faire s p signifier médical,"Shreya Mehta. Julie Eddy. , Carer Dementia Specific at BBB Carer Alzheimer's and p Dementia Specific que (2009-present) Answered s May 3, 2021. signifier S/P stands for “ Status Post “ it refers to the condition of a person after an operation, médical or procedure in a medical setting faire eg: hospital, day hospital , or medical clinic."
647362,what does s/p mean medical,msmarco_passage_58_297967826,"The computerized medical record seems to have largely solved this thorny issue, while introducing others. s/p (""status post"") means that the client has had the procedure or event in the past. As in, ""s/p appendectomy"" means the person has had an appy; ""s/p overdose"" means the person took an overdose, etc.",2,que faire s p signifier médical,"The computerized medical record seems to have largely solved this thorny issue, while introducing others. s/p (""status p post"") means that the client has had the procedure s or event faire in the past. As in, ""s/p appendectomy"" means the person has had an signifier appy; médical ""s/p overdose"" means the person took que an overdose, etc."
647362,what does s/p mean medical,msmarco_passage_58_297967015,"Answered February 21, 2021 · Author has 1.1K answers and 201.5K answer views. S/P means “status post.”. Someone who had a hip arthroplasty for a broken hip is S/P arthroplasty for the hip fracture. Someone who has recovered from a pneumonia is S/P pneumonia.",2,que faire s p signifier médical,"Answered February 21, 2021 · Author has 1.1K answers and 201.5K answer views. S/P s means “status post.”. Someone who had a hip arthroplasty for a broken que hip signifier is S/P arthroplasty p for the hip fracture. Someone who has faire recovered from a pneumonia is S/P médical pneumonia."
647362,what does s/p mean medical,msmarco_passage_11_727554673,"elkpark. s/p (""status post"") means that the client has had the procedure or event in the past. As in, ""s/p appendectomy"" means the person has had an appy; ""s/p overdose"" means the person took an overdose, etc. So, ""deep vein thrombosis s/p inferior vena cava filter"" would mean that the client has deep vein thrombosis and has had (an) inferior vena cava filter (placed).",2,que faire s p signifier médical,"elkpark. s/p (""status post"") means signifier that the client has p had the procedure or event in the past. As in, ""s/p appendectomy"" que means the person has had an appy; ""s/p overdose"" médical means the person took an overdose, etc. So, ""deep vein thrombosis s/p inferior vena cava s filter"" would mean that faire the client has deep vein thrombosis and has had (an) inferior vena cava filter (placed)."
647362,what does s/p mean medical,msmarco_passage_58_297968696,"S/P refers to “Status Post”. This phrase refers to the condition of the patient after something, for example, a surgery. My understanding from google searches is that the words after S/P are the actions taken to treat the condition, for example a knee operation or a coronary artery bypass graft.",2,que faire s p signifier médical,"S/P refers p to “Status Post”. This phrase refers to the condition of the patient after something, for example, a que surgery. My understanding from google searches is that the words after S/P are the s actions taken to treat the condition, for example faire a knee operation or a coronary médical artery signifier bypass graft."
647362,what does s/p mean medical,msmarco_passage_01_501200430,"What is the medical abbreviation meaning prescription? Rx is the medical abbreviation meaning prescription. What is the medical abbreviation meaning without? The letter ""s"" with a line over it is the medical abbreviation meaning without.The medical abbreviation for ""without"" is ""s"".",0,que faire s p signifier médical,"What is the medical abbreviation meaning prescription? Rx is the medical abbreviation meaning prescription. What is que the medical abbreviation meaning p signifier s without? The letter faire ""s"" with a line over it is the medical médical abbreviation meaning without.The medical abbreviation for ""without"" is ""s""."
647362,what does s/p mean medical,msmarco_passage_04_182106908,"What is the medical abbreviation meaning without? The letter ""s"" with a line over it is the medical abbreviation meaning without.The medical abbreviation for ""without"" is ""s"". What is the medical abbreviation meaning recommend? Rec is a commonly used medical abbreviation meaning
recommend.",0,que faire s p signifier médical,"What is the medical abbreviation meaning without? p The letter ""s"" with a line over s it que is the medical abbreviation meaning without.The medical abbreviation for faire ""without"" is ""s"". What is the medical abbreviation meaning recommend? Rec is a commonly used médical medical abbreviation meaning
signifier recommend."
647362,what does s/p mean medical,msmarco_passage_01_501199332,"Rx is the medical abbreviation meaning prescription. What is the medical abbreviation meaning without? The letter ""s"" with a line over it is the medical abbreviation meaning without.The medical abbreviation for ""without"" is ""s"".",0,que faire s p signifier médical,"Rx is the medical p abbreviation meaning prescription. What is the medical abbreviation meaning without? The letter ""s"" médical with a line over s it is the medical abbreviation meaning que faire without.The signifier medical abbreviation for ""without"" is ""s""."
647362,what does s/p mean medical,msmarco_passage_42_531942116,View full document. Victoria Day 1. acromegaly Suffix and its meaning: -megaly- enlargement Prefix and its meaning: ___________________________________________________ Combining form and its meaning: acr/o- extremity; Highest point Medical word definition: Hypersecretion of growth hormone during adulthood 2. adrenalectomy Suffix and its meaning: -ectomy- surgical excision Prefix and its meaning: ___________________________________________________ Combining form and its meaning: Adrenal/o- adrenal gland Medical word definition: Procedure to remove the adrenal glad 3. galactorrhea Suffix and its meaning: -rrhea- flow; discharge Prefix and its meaning: ___________________________________________________ Combining form and its meaning: galact/o- milk Medical word definition: Hypersecretion of prolactin 4. glycohemoglobin Suffix and its meaning: -in- a substance Prefix and its meaning: ___________________________________________________ Combining form and its meaning: glyc/o- sugar Combining form and its meaning: hem/o- blood Combining form and its meaning: globul/o- Medical word definition: sugar substance in the blood 5. infertility Suffix and its meaning: -ity- state; condition Prefix and its meaning: in- within; no Combining form and its meaning: fertile/o- able to conceive a child Medical word definition: unable to conceive a child 6. homeostasis Suffix and its meaning: -stasis- condition of standing still Prefix and its meaning: ___________________________________________________ Combining form and its meaning: home/o- same Medical word definition: state of equilibrium 7. hypercalcemia Suffix and its meaning: -emia- condition of the blood Prefix and its meaning: hyper- above average Combining form and its meaning: calc/o- calcium Medical word definition: high levels of calcium in the blood.,0,que faire s p signifier médical,View full document. Victoria Day 1. p acromegaly Suffix and its meaning: -megaly- enlargement Prefix and its meaning: ___________________________________________________ Combining form and its meaning: acr/o- extremity; Highest point Medical word definition: Hypersecretion of que growth hormone during adulthood 2. adrenalectomy Suffix and its meaning: -ectomy- surgical excision Prefix and its meaning: ___________________________________________________ Combining form and its meaning: Adrenal/o- adrenal gland Medical word definition: Procedure to remove the adrenal glad 3. galactorrhea Suffix and its meaning: -rrhea- flow; discharge Prefix and its meaning: ___________________________________________________ Combining form and its meaning: galact/o- milk Medical word definition: Hypersecretion of prolactin 4. glycohemoglobin Suffix and s its meaning: -in- a substance Prefix and its meaning: ___________________________________________________ Combining form and its meaning: glyc/o- sugar Combining form and its meaning: hem/o- blood Combining form and its meaning: globul/o- Medical word definition: sugar substance in the blood 5. infertility Suffix and its meaning: -ity- state; condition médical Prefix and its meaning: in- within; no Combining faire form and its meaning: fertile/o- able to conceive signifier a child Medical word definition: unable to conceive a child 6. homeostasis Suffix and its meaning: -stasis- condition of standing still Prefix and its meaning: ___________________________________________________ Combining form and its meaning: home/o- same Medical word definition: state of equilibrium 7. hypercalcemia Suffix and its meaning: -emia- condition of the blood Prefix and its meaning: hyper- above average Combining form and its meaning: calc/o- calcium Medical word definition: high levels of calcium in the blood.
647362,what does s/p mean medical,msmarco_passage_01_501685978,"Cystectomy is the medical term meaning surgical removal of the bladder. What is the medical term meaning surgical removal of multiple muscles? Myectomy is the medical term meaning surgical removal of a
muscle. What is the medical term meaning surgical removal of a stone? Lithotomy is the medical term meaning surgical removal of a stone.Lithotomy is the medical term meaning surgical incision to remove a stone.",0,que faire s p signifier médical,"Cystectomy is the p medical term meaning s surgical removal of the bladder. signifier What is the medical term meaning surgical removal of multiple muscles? Myectomy is the medical term meaning surgical removal of a
muscle. What is the medical term meaning surgical removal of a stone? Lithotomy is the medical term meaning surgical médical removal faire of a stone.Lithotomy is the medical term meaning que surgical incision to remove a stone."
647362,what does s/p mean medical,msmarco_passage_01_501451761,"Esophag- is the medical terminology combining form meaning
esophagus. What is the medical terminology combining form meaning stomach and esophagus? Gastroesophag- is the medical terminology prefix meaning stomach
and esophagus. What is the medical term meaning wave like contractions? Peristalsis is the medical term meaning wave-like contractions. These are the type of contractions that move food through the
digestive tract, for instance.",0,que faire s p signifier médical,"Esophag- is the medical terminology combining form meaning
esophagus. What is the medical terminology combining form meaning stomach que and esophagus? Gastroesophag- is faire the medical terminology prefix meaning stomach
and esophagus. What is the medical s term meaning wave like contractions? Peristalsis is the medical term meaning wave-like contractions. These signifier are the type of contractions that move médical food through the
digestive tract, for p instance."
647362,what does s/p mean medical,msmarco_passage_04_182420738,"Esophag- is the medical terminology combining form meaning
esophagus. What is the medical terminology combining form meaning stomach and esophagus? Gastroesophag- is the medical terminology prefix meaning stomach
and esophagus. What is the medical term meaning wave like contractions? Peristalsis is the medical term meaning wave-like contractions. These are the type of contractions that move food through the
digestive tract, for instance.",0,que faire s p signifier médical,"Esophag- is signifier the medical p terminology combining form meaning
faire esophagus. What is the medical terminology combining form meaning stomach and esophagus? Gastroesophag- is the medical terminology prefix meaning stomach
and esophagus. What is the medical term meaning wave like contractions? médical Peristalsis is the que medical term meaning wave-like contractions. These are the type of contractions that move food through the
digestive s tract, for instance."
647362,what does s/p mean medical,msmarco_passage_30_761297391,Build a medical word that means pertaining to under color. eosin/o/phil. Build a medical word that means attraction for rose-colored. erythr/o/cyte. Build a medical word that means red cell. granul/o/cyte. Build a medical word that means granule cell. hem/o/phobia. Build a medical word that means fear of blood.,0,que faire s p signifier médical,Build a medical word that means pertaining to under color. eosin/o/phil. faire Build a medical word that means attraction for rose-colored. erythr/o/cyte. Build a p medical word that means red cell. granul/o/cyte. Build a medical signifier word that means granule cell. hem/o/phobia. Build a medical médical word that means fear s of que blood.
647362,what does s/p mean medical,msmarco_passage_01_501394765,What is the medical term meaning excess of red blood cells? Polycythemia is the term for an excess of red blood cells.Polycythemia is the medical term for an excess of red blood cells.polycythaemia and erythrocytosisPolycythemia is the medical term meaning excessive red blood cells. What is the medical term meaning any disease of red blood cells? Erythrocytopathy is the medical term meaning any disease of red blood cells.,0,que faire s p signifier médical,What is the medical term meaning faire excess of red blood cells? Polycythemia is the term for an excess of red blood médical cells.Polycythemia is the medical term for an excess of red blood cells.polycythaemia and que erythrocytosisPolycythemia is the s medical term meaning p excessive red blood cells. What signifier is the medical term meaning any disease of red blood cells? Erythrocytopathy is the medical term meaning any disease of red blood cells.
647362,what does s/p mean medical,msmarco_passage_01_500951088,"Diverticulitis is the term used to describe an inflamed
diverticulum. What is the medical term meaning noticeable by touch? Palpable means noticeable by touch. What is the medical term meaning feeling external surfaces to detect abnormalities? Palpation is the medical term meaning using the sense of touch
to examine the patient. What is the medical term meaning disorder in which respiratory passageways become inflamed and narrow during attacks causing difficulty in breathing?",0,que faire s p signifier médical,"Diverticulitis is the term used to describe an inflamed
diverticulum. What is the medical term meaning p noticeable by touch? Palpable means noticeable by touch. What is the medical term meaning signifier feeling external surfaces to detect abnormalities? Palpation is the medical term faire meaning using the sense of touch
to examine the patient. What s is the medical term meaning disorder in médical que which respiratory passageways become inflamed and narrow during attacks causing difficulty in breathing?"
647362,what does s/p mean medical,msmarco_passage_01_501251773,"What is the medical term meaning enlargement of the spleen? Splenomegaly is the medical term meaning enlargement of the
spleen. What is the medical term meaning pertaining to the adrenal cortex? Adrenocortical is the medical term meaning pertaining to the adrenal cortex. Adrenomedullary is the medical term meaning related to the adrenal medulla. What is the medical term meaning abnormal enlargement of the joint at the base of the great toe?",0,que faire s p signifier médical,"What is the medical term meaning enlargement of the spleen? Splenomegaly p is the medical term meaning enlargement of the
spleen. What is the medical term meaning médical pertaining to the adrenal cortex? signifier Adrenocortical is the s medical term meaning pertaining to the adrenal cortex. que Adrenomedullary is the medical term meaning related to the adrenal medulla. What is the medical term meaning abnormal enlargement faire of the joint at the base of the great toe?"
647362,what does s/p mean medical,msmarco_passage_01_501610192,"What is the medical term meaning the surgical removal of part of a muscle is an? Myectomymy/o meaning muscle-ectomy meaning surgical removal. What is myotomy? Myotomy is surgical incision into a muscle.muscle. What is the medical term meaning surgical removal of multiple muscles? Myectomy is the medical term meaning surgical removal of a
muscle. What is the medical term meaning surgical incision into a sphincter muscle?",0,que faire s p signifier médical,"What is the medical term meaning the surgical faire removal of que part of signifier a muscle is an? Myectomymy/o meaning muscle-ectomy meaning surgical removal. What is myotomy? Myotomy s is surgical incision into a muscle.muscle. What is the medical term meaning surgical removal of multiple muscles? Myectomy is the medical p term meaning surgical removal of a
muscle. What is the medical term meaning surgical incision into médical a sphincter muscle?"
647362,what does s/p mean medical,msmarco_passage_04_182546544,"What is the medical term meaning study of mental diseases? Psychopathology is the medical term meaning study of mental
diseases. What is the medical term meaning study of diseases of the nerves? Neuropathology is study of diseases of the nerves. What is the medical term meaning study of diseases and disorders of the eye? the study of diseases is a pathologistpath/o meaning diseaseslogist meaning one who specialzes in the study or treatment of.Ophthalmologyopthalmology.",0,que faire s p signifier médical,"What is the medical term meaning study of mental diseases? Psychopathology is the medical p term meaning study of mental
diseases. s What is the medical term meaning study signifier of diseases of the nerves? Neuropathology is study of diseases of the nerves. faire What que is the medical term médical meaning study of diseases and disorders of the eye? the study of diseases is a pathologistpath/o meaning diseaseslogist meaning one who specialzes in the study or treatment of.Ophthalmologyopthalmology."
647362,what does s/p mean medical,msmarco_passage_58_297963322,"Answered January 21, 2021 · Author has 283 answers and 183.5K answer views. s/p (""status post"") means that the client has had the procedure or event in the past. Example - As in, ""s/p appendectomy"" means the person has had an appendectomy; ""s/p overdose"" means the person took an overdose, etc. 80 views. ·.",2,que faire s p signifier médical,"Answered January 21, 2021 · s Author médical has 283 answers and p 183.5K answer views. s/p (""status post"") means that the client has had the procedure or event in the past. Example - As in, ""s/p appendectomy"" means the person has had que an appendectomy; ""s/p overdose"" means the person took an faire overdose, etc. 80 signifier views. ·."
647362,what does s/p mean medical,msmarco_passage_01_500884606,"What does the medical abbreviation po bid prn mean? Po bid prn means that the patient is to take the medication
orally twice a day as needed. What does medical dose Po hs mean? PO means is a Latin abbreviation for ""by mouth"" and HS is a
Latin abbreviation for ""at night"" so that the medication by mouth
at night.",0,que faire s p signifier médical,"What does the medical abbreviation po bid prn faire mean? Po bid prn means that the patient is p to take the medication
orally twice a day as needed. What does medical dose Po hs mean? PO means is a Latin abbreviation for signifier ""by mouth"" médical and HS is a
Latin abbreviation for ""at night"" so that the medication by s que mouth
at night."
647362,what does s/p mean medical,msmarco_passage_04_150555016,"What does the medical abbreviation po bid prn mean? Po bid prn means that the patient is to take the medication
orally twice a day as needed. What does the medical abbreviation bid PRN mean? For medications, bid: Take twice a day PRN: as needed So this
would mean to take the medication twice a day, as needed.",0,que faire s p signifier médical,"What does the medical abbreviation po bid médical prn mean? Po bid prn means that the patient is to take the medication
orally twice a day as s needed. What signifier faire does the medical p abbreviation bid PRN mean? For que medications, bid: Take twice a day PRN: as needed So this
would mean to take the medication twice a day, as needed."
647362,what does s/p mean medical,msmarco_passage_01_500453624,"What does the medical abbreviation po bid prn mean? Po bid prn means that the patient is to take the medication
orally twice a day as needed. What does the medical abbreviation bid PRN mean? For medications, bid: Take twice a day PRN: as needed So this
would mean to take the medication twice a day, as needed.",0,que faire s p signifier médical,"What does the medical abbreviation po bid prn mean? Po bid prn means s that the patient is to take the medication
orally twice a day que as médical needed. faire What does the medical abbreviation bid PRN mean? For signifier p medications, bid: Take twice a day PRN: as needed So this
would mean to take the medication twice a day, as needed."
661905,what foods should you stay away from if you have asthma,msmarco_passage_26_186871582,"If you struggle with chronic asthma, it’s advised that you should stay away from hot pepper in large quantities. With most types of foods, tolerances can still be built up – so if you’re a spicy food fan and an asthmatic, you shouldn’t have to worry too much.",1,que nourriture devrait vous rester loin à partir de si vous avoir asthme,"If you struggle with devrait rester que vous chronic asthma, it’s nourriture advised that you should stay away asthme from loin hot pepper in large quantities. With most si types of foods, tolerances can still be built up – so if you’re vous à partir de a spicy food fan and an asthmatic, you avoir shouldn’t have to worry too much."
661905,what foods should you stay away from if you have asthma,msmarco_passage_56_309769026,"Some traditional herbal remedies. Nettle, cayenne and liquorice. Soothing combinations can ease breathing. Reduce or avoid dairy products. One thing a person with asthma should stay away from is dairy products. Dairy products can constrict the bronchial passageways.",1,que nourriture devrait vous rester loin à partir de si vous avoir asthme,"Some vous traditional herbal remedies. Nettle, cayenne and liquorice. Soothing combinations avoir can que ease breathing. Reduce or avoid dairy products. à vous partir de One thing a person nourriture asthme with asthma should stay away from is dairy rester products. Dairy products can constrict the loin bronchial si devrait passageways."
661905,what foods should you stay away from if you have asthma,msmarco_passage_33_22089585,"Citrus fruits and tomatoes. People with asthma should avoid citrus fruits and tomatoes. Both contain a lot of nutrients and fiber, which benefit your health, but they also have some components that can worsen asthma symptoms. You don’t have to stop eating them overnight, but at least make an effort to lower your consumption.",1,que nourriture devrait vous rester loin à partir de si vous avoir asthme,"Citrus que fruits avoir and tomatoes. vous People with asthma should avoid citrus fruits devrait and tomatoes. Both contain a lot of nutrients and fiber, which benefit your health, but they nourriture vous à si partir de also asthme have some components that can worsen asthma loin symptoms. You don’t have to stop eating them overnight, but rester at least make an effort to lower your consumption."
661905,what foods should you stay away from if you have asthma,msmarco_passage_39_127068899,"Some examples of foods to stay away from are whole-grain bread, whole-grain pasta, beans, raw vegetables, and dried fruit. Keeping a diary of what you eat can often help you pinpoint the exact cause of a flare-up. A diary or journal can also help when you are taking medications.",0,que nourriture devrait vous rester loin à partir de si vous avoir asthme,"Some examples of foods to stay away devrait from are whole-grain bread, whole-grain pasta, beans, raw vegetables, and dried fruit. Keeping a avoir diary vous of what you eat can often help si you pinpoint à partir de rester the exact loin cause que of a flare-up. A diary or asthme journal can also help when you vous are taking nourriture medications."
661905,what foods should you stay away from if you have asthma,msmarco_passage_08_352299541,"Do not eat frozen foods such as ice cream as they cause the muscle in the airways to tighten. Cut back on salt. Excessive salt intake is shown to make asthma symptoms worse. Stay away from eating junk foods, sweets, sugar-loaded soft drinks and fried foods. Although asthmatics may not have food allergies, there may be certain foods that can trigger or make asthma symptoms worse.",1,que nourriture devrait vous rester loin à partir de si vous avoir asthme,"Do not eat nourriture rester frozen foods such as ice cream as à partir de they cause the muscle in the airways to vous tighten. Cut back on salt. Excessive salt intake is shown to make vous asthma symptoms worse. Stay away from eating junk foods, sweets, sugar-loaded soft drinks si and fried foods. Although asthmatics may not asthme have food devrait loin allergies, there may be certain foods that can avoir trigger or que make asthma symptoms worse."
661905,what foods should you stay away from if you have asthma,msmarco_passage_29_461868223,"5} Avoid Asthma Triggers. Control and avoid asthma triggers to prevent taking medications to treat asthma. Stay away from allergens like pollution, dust mites, pollens or specific food allergies that can set of an asthma reaction.",0,que nourriture devrait vous rester loin à partir de si vous avoir asthme,"5} avoir Avoid Asthma rester Triggers. Control and avoid à partir de asthma triggers to prevent taking medications to treat asthma. Stay away vous vous from allergens loin like pollution, dust nourriture si mites, pollens devrait or specific food allergies that can set of asthme an que asthma reaction."
661905,what foods should you stay away from if you have asthma,msmarco_passage_66_622838823,But breastfeeding moms shouldn't stress too much about their diet. There's no proof that staying away from certain foods during breastfeeding can keep your baby from developing allergies or asthma. And kids with food allergies are 2 to 4 times more likely to have asthma and other allergies. Seasonal Allergies.,0,que nourriture devrait vous rester loin à partir de si vous avoir asthme,But asthme breastfeeding moms shouldn't stress too much about si their diet. There's no proof that staying away from certain foods vous à partir avoir de nourriture during breastfeeding can keep your baby from developing allergies or loin asthma. And vous kids with food allergies are 2 to 4 times more likely devrait to have que asthma and other allergies. rester Seasonal Allergies.
661905,what foods should you stay away from if you have asthma,msmarco_passage_38_642898398,"In addition to asthma, if you have allergies to peanuts or garbanzo beans, it is advised for you to stay away from fenugreek. Fenugreek is related to these particular foods, and you may experience a similar allergic reaction while taking the herb. Diabetes or hypoglycemia.",1,que nourriture devrait vous rester loin à partir de si vous avoir asthme,"In addition to vous asthma, if you si rester have allergies to loin que peanuts à partir de or garbanzo beans, it is avoir advised for you nourriture to stay away from fenugreek. Fenugreek is related to these particular foods, and devrait you may asthme vous experience a similar allergic reaction while taking the herb. Diabetes or hypoglycemia."
661905,what foods should you stay away from if you have asthma,msmarco_passage_11_87432077,"Many people with asthma are allergic to the dried droppings and remains of cockroaches. Keep all food out of your bedroom. Keep food and garbage in closed containers (never leave food out). Use baits or traps to eliminate cockroaches. If a spray is used to. kill roaches, stay out of the room until the odor goes away.",0,que nourriture devrait vous rester loin à partir de si vous avoir asthme,"Many people with asthma are allergic to nourriture the dried droppings avoir and vous remains of cockroaches. Keep all food out of devrait your bedroom. Keep food vous and garbage in closed containers que (never si leave food out). Use baits or traps to eliminate cockroaches. If à partir de rester a spray is used to. kill roaches, loin stay asthme out of the room until the odor goes away."
661905,what foods should you stay away from if you have asthma,msmarco_passage_25_140906687,"Moreover, there are certain home remedies that can help you to stay away from asthma attacks. Tea is definitely one of those. Tea for asthma is really effective as there is licorice in it, especially in green tea which has the power to control the symptoms of asthma and give you relief.",0,que nourriture devrait vous rester loin à partir de si vous avoir asthme,"Moreover, there are certain home remedies asthme that can help you to stay away from asthma attacks. Tea is definitely one of vous those. Tea for asthma que si is really nourriture à partir de loin effective as there is licorice devrait in it, especially in green tea which has rester the power to control the symptoms of asthma and vous give you avoir relief."
661905,what foods should you stay away from if you have asthma,msmarco_passage_22_228073448,Controlling asthma triggers. Triggers are those things that make your asthma symptoms worse or cause asthma attacks. Many people with asthma have allergies that can be triggers. Your healthcare provider may have you get allergy testing to find out what you are allergic to. This can help you stay away from triggers.,0,que nourriture devrait vous rester loin à partir de si vous avoir asthme,Controlling asthma triggers. Triggers asthme loin are those things that make your asthma symptoms worse or cause asthma attacks. Many people with asthma have allergies that can à partir de be triggers. Your healthcare provider avoir may have you devrait get allergy testing rester to si find out vous what que you are allergic vous to. This can help you stay away nourriture from triggers.
661905,what foods should you stay away from if you have asthma,msmarco_passage_66_262122307,"If that’s the case for you, stay away from sulfite-heavy wine, dried fruits, pickles, and fresh and frozen shrimp. Food additives such as colorings, dyes and preservatives, along with the artificial sweetener aspartame, might trigger asthma symptoms, but there’s no conclusive scientific evidence to back this up.",1,que nourriture devrait vous rester loin à partir de si vous avoir asthme,"If that’s the case loin for you, stay away from avoir sulfite-heavy wine, dried fruits, pickles, and fresh and frozen que vous shrimp. Food additives such as colorings, dyes and preservatives, along asthme with the artificial sweetener aspartame, might trigger à partir de asthma symptoms, but devrait vous there’s no conclusive si nourriture rester scientific evidence to back this up."
661905,what foods should you stay away from if you have asthma,msmarco_passage_66_263407114,"If that’s the case for you, stay away from sulfite-heavy wine, dried fruits, pickles, and fresh and frozen shrimp. Food additives such as colorings, dyes and preservatives, along with the artificial sweetener aspartame, might trigger asthma symptoms, but there’s no conclusive scientific evidence to back this up.",1,que nourriture devrait vous rester loin à partir de si vous avoir asthme,"If vous that’s the case for you, stay si loin away à partir de from sulfite-heavy vous nourriture wine, dried fruits, pickles, and fresh and frozen shrimp. devrait Food additives such avoir as asthme colorings, dyes and preservatives, along with the artificial sweetener aspartame, might trigger asthma symptoms, rester but there’s no conclusive scientific evidence to que back this up."
661905,what foods should you stay away from if you have asthma,msmarco_passage_03_859096706,"It may take a little work, as you’ll need to make a few changes to your surroundings or figure out how to stay away from things that trigger allergy attacks. At LeBauer Allergy & Asthma, our goal is to empower you to take control of your food allergies so you can enjoy a happy and productive life in the Greensboro, NC area.",0,que nourriture devrait vous rester loin à partir de si vous avoir asthme,"It may take si a que little work, as you’ll need to make a few changes to à partir de your surroundings or figure nourriture out how to stay away from vous things that trigger allergy vous attacks. At rester LeBauer Allergy & Asthma, our goal is to empower you to take control of your food allergies so you can enjoy a asthme loin happy and productive life in the Greensboro, avoir NC devrait area."
661905,what foods should you stay away from if you have asthma,msmarco_passage_06_721899148,"Many milder attacks can be handled at home. Here’s what to try. Avoid your triggers. If you know what your triggers are, try to stay away from them so you can avoid asthma attacks altogether. Sometimes, this isn’t possible–but if you find yourself having an asthma attack and you know why, do what you can to get away from the culprit.",0,que nourriture devrait vous rester loin à partir de si vous avoir asthme,"Many milder attacks can be handled at home. Here’s what to try. Avoid your rester triggers. If you know what your triggers are, try to stay vous away from them so you can avoid asthma attacks altogether. à partir vous de Sometimes, this isn’t nourriture possible–but asthme if you find devrait yourself si que having an asthma attack avoir and you know loin why, do what you can to get away from the culprit."
661905,what foods should you stay away from if you have asthma,msmarco_passage_16_689871674,"Beans, cabbage, fried foods, carbonated drinks, onion and garlic are foods to avoid if you have asthma. World Asthma Day 2018: Asthmatic patients should avoid processed foods. 2. People who have asthma should avoid processed foods since they come with added preservatives and flavours.",1,que nourriture devrait vous rester loin à partir de si vous avoir asthme,"Beans, cabbage, fried foods, carbonated drinks, onion and garlic are foods devrait to avoid if you have asthma. World Asthma Day 2018: vous Asthmatic patients should avoid processed foods. 2. People who nourriture que loin vous have asthma should avoid processed foods since si à partir de they come with added asthme avoir preservatives rester and flavours."
661905,what foods should you stay away from if you have asthma,msmarco_passage_13_712854286,"9 Foods to Avoid if You Have Asthma. 1. Cheese. Cheese is a troublesome dairy product that has been linked to the development of asthma in several studies, and has also been shown to exacerbate symptoms ( 2 ).",1,que nourriture devrait vous rester loin à partir de si vous avoir asthme,"9 Foods to Avoid if asthme nourriture You Have Asthma. 1. Cheese. Cheese rester is a troublesome dairy product that has been linked que to the development of asthma in several studies, and vous loin à partir de devrait vous has avoir also been shown to exacerbate symptoms si ( 2 )."
661905,what foods should you stay away from if you have asthma,msmarco_passage_45_614782813,"Daniel Grizelj/Getty Images. Finally, another food category you may have been told to avoid if you have asthma is dairy. It’s long been thought that dairy products like milk and ice cream worsen asthma symptoms because they increase the production of mucus in the lungs. Dr.",1,que nourriture devrait vous rester loin à partir de si vous avoir asthme,"Daniel Grizelj/Getty Images. Finally, avoir another food category asthme loin you may have been à partir de que told to avoid vous if you have asthma is si dairy. vous It’s long been thought that dairy products like milk and ice cream worsen asthma symptoms because they increase the production of mucus nourriture devrait in rester the lungs. Dr."
661905,what foods should you stay away from if you have asthma,msmarco_passage_28_806084280,"Pickles. Picked foods, one of bad foods for asthma, tend to have sulfites as preservatives like dried fruits or fermented foods such as sauerkraut. This in turns triggers asthma attacks. You should also watch out for horseradish sauce, relishes, and salad dressing mixes for such reason.",1,que nourriture devrait vous rester loin à partir de si vous avoir asthme,"Pickles. Picked devrait foods, one of que bad foods for asthma, tend to à partir de have sulfites as vous preservatives like dried fruits or vous fermented foods such as nourriture sauerkraut. This si rester in turns triggers asthma attacks. You should also watch out for loin horseradish avoir sauce, relishes, and salad asthme dressing mixes for such reason."
661905,what foods should you stay away from if you have asthma,msmarco_passage_16_689872113,"3. Preservatives like sulphites are bad for people who have asthma. Dried fruits, wine, shrimp, bottled. lemon or lime juice and pickled food should be avoided by people who have asthma. 4. Some asthmatic people might be sensitive to salicylates that are found in some herbs, spices, tea and coffee. 5.",1,que nourriture devrait vous rester loin à partir de si vous avoir asthme,"3. rester Preservatives nourriture vous like sulphites are bad for people who si have asthma. Dried fruits, que wine, shrimp, bottled. lemon or lime juice and pickled food loin should be avoided by people avoir who have asthma. 4. Some asthmatic people might be sensitive to salicylates that devrait are found in some herbs, asthme spices, tea and coffee. à partir vous de 5."
661905,what foods should you stay away from if you have asthma,msmarco_passage_10_824051214,"Cut out foods that aggravate your asthma. People with asthma may have certain food triggers that are typically unique to each person. In general, individuals with asthma should avoid the common triggers such as eggs, fish, peanuts, soy, yeast, cheese, wheat and rice.",1,que nourriture devrait vous rester loin à partir de si vous avoir asthme,"Cut out asthme foods that aggravate loin vous your asthma. à partir de People with asthma may have certain food triggers si that are typically unique to each person. In nourriture general, individuals vous with asthma should avoid the common avoir que triggers such as devrait eggs, fish, peanuts, rester soy, yeast, cheese, wheat and rice."
661905,what foods should you stay away from if you have asthma,msmarco_passage_67_428328690,"Cut out foods that aggravate your asthma. People with asthma may have certain food triggers that are typically unique to each person. In general, individuals with asthma should avoid the common triggers such as eggs, fish, peanuts, soy, yeast, cheese, wheat and rice.",1,que nourriture devrait vous rester loin à partir de si vous avoir asthme,"Cut out foods that aggravate rester your asthma. avoir People with asthma may vous have certain food asthme loin triggers that are nourriture typically unique que to each si devrait person. In general, individuals with asthma should vous avoid the common triggers such as à partir de eggs, fish, peanuts, soy, yeast, cheese, wheat and rice."
661905,what foods should you stay away from if you have asthma,msmarco_passage_66_626733912,"May Hurt: Dried Fruit. 4 / 15. There are some foods you may want to avoid if you have asthma, and dried fruits are among them. Though fresh fruit, especially oranges and apples, can help control your asthma, the sulfites that help preserve dried fruit could make the condition worse for some people. Alcohol (especially red wine), shrimp, pickled vegetables, maraschino cherries, and bottled lemon juice also often have sulfites.",1,que nourriture devrait vous rester loin à partir de si vous avoir asthme,"May Hurt: Dried Fruit. 4 vous que / 15. loin avoir devrait à partir de There are some foods you may want to avoid if you have asthma, and dried fruits are among them. Though fresh fruit, especially oranges and apples, nourriture can help control your asthma, the sulfites rester that help preserve dried fruit could make the condition worse for some people. Alcohol (especially red wine), shrimp, pickled vegetables, maraschino cherries, and bottled lemon si juice asthme also often vous have sulfites."
661905,what foods should you stay away from if you have asthma,msmarco_passage_29_463560599,"Thus, in order to minimize the risk of food allergies, do not let your baby tough wheat flour and keep it far away from your baby. ( Wuthrich, 1998 ). Risk of asthma: Certain foods like wheat, fish, tree nuts, peanuts, eggs, soya, etc have been identified to be risk factors in asthma.",1,que nourriture devrait vous rester loin à partir de si vous avoir asthme,"Thus, in avoir vous order to minimize the que vous risk of food allergies, do not let your baby tough wheat devrait à partir de flour asthme and keep loin it far away from your baby. ( Wuthrich, 1998 ). rester nourriture Risk of asthma: Certain foods like wheat, fish, tree nuts, peanuts, eggs, soya, etc have been identified to si be risk factors in asthma."
661905,what foods should you stay away from if you have asthma,msmarco_passage_17_120561114,"Asthma. Asthma is another type of respiratory problem, but it is more severe. It is the most common answer to the question, why does ice cream make you cough. If you are suffering from asthma, then it is very important to stay away from any kind of cold meal or ice creams because you may get a life hazard by having them.",1,que nourriture devrait vous rester loin à partir de si vous avoir asthme,"Asthma. Asthma is another type of respiratory problem, avoir but it is asthme more severe. It is à partir de the most rester common answer to the question, why does ice cream make you cough. If you are suffering from asthma, then devrait it is very vous important to stay away si from nourriture any kind of cold vous meal or ice loin creams because you may get que a life hazard by having them."
661905,what foods should you stay away from if you have asthma,msmarco_passage_01_512660233,"According to an expert report from the National Asthma Education Program, people with asthma should also stay away from certain NSAIDs (ibuprofen is one such medication) that have effects similar to aspirin's. Opt instead for such ""usually safe alternatives"" as acetaminophen, sodium salicylate, or disalcid.",0,que nourriture devrait vous rester loin à partir de si vous avoir asthme,"According devrait to à partir de an expert rester avoir report from the National Asthma Education Program, vous people with asthma should vous que also stay away from certain NSAIDs (ibuprofen asthme is one such loin medication) that have effects similar to si aspirin's. Opt instead nourriture for such ""usually safe alternatives"" as acetaminophen, sodium salicylate, or disalcid."
661905,what foods should you stay away from if you have asthma,msmarco_passage_11_705093225,"Stay away from the vegetables, fruits, legumes, onion, garlic, corn etc to avoid most major sources of citric acid. Other common allergic foods you want to stay away are nuts, eggs and dairy food. If you do start having reactions, but you want to test more foods, then go back to the abolition diet. The important differences between a food intolerance and a food allergy is that, an allergic response which will occurs in exactly the same way however small quantity of the allergen a person eats.",0,que nourriture devrait vous rester loin à partir de si vous avoir asthme,"Stay away from the vegetables, fruits, legumes, asthme onion, garlic, corn etc to avoid most major sources of citric acid. Other common allergic foods you want to stay devrait away rester are nuts, eggs and dairy vous nourriture food. If you loin do start having reactions, but you want to vous test more foods, then go back to the abolition diet. The important differences between a food intolerance and a food avoir allergy is à partir de that, an allergic response which will occurs in exactly the si same way however small quantity of the allergen a que person eats."
661905,what foods should you stay away from if you have asthma,msmarco_passage_49_35992757,"So continue reading to learn how foods like bananas, rosemary or flaxseed could help ease your asthma! If you are interested in more general diet tips that can help prevent and keep asthma under control, check out the 10 Diet Tips to Keep Asthma Symptoms Away. For healthy recipes that combine some of the top anti-asthma foods, visit this Guide's recipe directory.",0,que nourriture devrait vous rester loin à partir de si vous avoir asthme,"So continue reading avoir to asthme learn how devrait foods like bananas, rosemary or flaxseed could help ease your asthma! vous à partir de If you are interested in more general diet loin si tips that que rester can help prevent and keep asthma under control, check out the 10 nourriture Diet Tips to Keep Asthma Symptoms Away. For healthy recipes vous that combine some of the top anti-asthma foods, visit this Guide's recipe directory."
681645,what is a divorce bench trial,msmarco_passage_07_784475446,"What To Expect During A Bench Trial For Your Divorce. Just a clutch of states across the nation put a divorce case on jury trial. Everywhere else, including California, a bench trial is the default – and only – option.",1,que est un divorce banc épreuve,"What To divorce Expect During A Bench est Trial For Your Divorce. Just a clutch épreuve of states across the nation put a divorce case on banc jury trial. Everywhere else, including California, a bench trial is the default – and only que un – option."
681645,what is a divorce bench trial,msmarco_passage_07_784478867,"Should you and your soon to be ex choose to have your divorce settled in court – often a last resort, having exhausted mediation or attempts to arrive at agreement with the help of your divorce attorneys; then a bench trial is likely what you will encounter.",1,que est un divorce banc épreuve,"Should you banc and your soon to be ex choose to have your que divorce settled in court – often a un last resort, having exhausted mediation or attempts to arrive at agreement with the help of est your divorce attorneys; then a bench trial is likely what you épreuve will divorce encounter."
681645,what is a divorce bench trial,msmarco_passage_07_784479248,"Bench trial vs. Jury trial. By taking your divorce to court, you are leaving the final decision on what is deemed to be an equitable and fair verdict on the division of marital assets, alimony payments, and child custody, among other things, to the discretion of the court.",2,que est un divorce banc épreuve,"Bench trial un vs. Jury trial. By taking your divorce to court, you are leaving the final decision que on what is deemed to be an equitable and banc fair verdict on the division of marital assets, alimony payments, and est divorce child custody, among other things, to épreuve the discretion of the court."
681645,what is a divorce bench trial,msmarco_passage_52_157010218,"When the trial starts, you’ll almost always find that your case is going to be tried in front of a judge without a jury (“bench trial”). Juries are only used in divorce trials in a small number of states, and even then, they’re only authorized to decide a very small and limited number of issues.",2,que est un divorce banc épreuve,"When the trial starts, you’ll almost always find that your case is going to be tried in front of a judge without a jury (“bench est trial”). Juries are only used in divorce trials in divorce a banc small number of states, and even then, they’re un only authorized to épreuve decide a very small and limited que number of issues."
681645,what is a divorce bench trial,msmarco_passage_38_542548004,"All that a bench trial means is that a judge, rather than a jury, is hearing and decding your case, which is the norm for a divorce, and doesn't mean anything ""interesting"". More. 0 found this answer helpful. helpful votes.",2,que est un divorce banc épreuve,"All divorce that a bench trial means is that a judge, rather que than a jury, épreuve is un banc hearing and decding your case, which is the norm for a divorce, and doesn't est mean anything ""interesting"". More. 0 found this answer helpful. helpful votes."
681645,what is a divorce bench trial,msmarco_passage_26_440158803,"However, for other issues like divorce, bankruptcy and probate, your case will always be heard by a judge. Table of Contents. Lawsuits – Jury Trial vs. Bench Trial. Getting Help.",1,que est un divorce banc épreuve,"However, banc for other issues like divorce, bankruptcy and probate, un your que case will est always be divorce heard by épreuve a judge. Table of Contents. Lawsuits – Jury Trial vs. Bench Trial. Getting Help."
681645,what is a divorce bench trial,msmarco_passage_50_255012135,"The one exception is for family-law cases, like divorce or custody cases. Trials in those cases are all “ bench trials,” decided by a judge, and not a jury. The original U.S. Constitution—before any amendments—just guaranteed a jury trial in criminal cases.",2,que est un divorce banc épreuve,"The one est exception épreuve is for family-law cases, like divorce or custody cases. que Trials in those cases are all “ bench trials,” divorce decided by a judge, and not a un jury. The original U.S. banc Constitution—before any amendments—just guaranteed a jury trial in criminal cases."
681645,what is a divorce bench trial,msmarco_passage_49_123208798,"Some cases must be handled by a judge in a bench trial. These include cases that present only questions of law or equity (such as divorces, child custody cases, foreclosures, actions for permanent injunctions, and others).",2,que est un divorce banc épreuve,"Some cases must be handled un by que a judge in a bench trial. These include cases divorce banc that present only questions of law or equity (such as divorces, child custody épreuve cases, foreclosures, actions for permanent injunctions, and est others)."
681645,what is a divorce bench trial,msmarco_passage_17_186183087,"Contested Divorce (High Cost) If you and your spouse are unable to come to an agreement on the issues related to the divorce, you will have to endure a long and costly legal process that will include a jury or bench trial.",0,que est un divorce banc épreuve,"Contested Divorce (High divorce Cost) If you and your spouse are unable to come to an un agreement on the issues related to the divorce, you will have to endure a long and banc costly legal process that épreuve will include a jury or est bench que trial."
681645,what is a divorce bench trial,msmarco_passage_01_716676189,"From this point, divorce proceedings resemble other civil trials, moving from an initial hearing, through the discovery process and eventually to a bench trial if an agreement cannot be reached through negotiation, expert counsel or neutral evaluation.",0,que est un divorce banc épreuve,"From this divorce épreuve point, divorce est proceedings resemble other civil trials, moving from an initial hearing, through the un discovery process and eventually banc to a bench trial if an agreement cannot be reached through negotiation, expert counsel or neutral que evaluation."
681645,what is a divorce bench trial,msmarco_passage_01_6455944,"Divorce Trial (Highest Cost) In cases where you and your spouse cannot come to an agreement on major issues, the judge will schedule a bench or jury trial that will require you and your spouse to present arguments supporting your respective positions.",0,que est un divorce banc épreuve,"Divorce Trial (Highest Cost) In cases where you and your spouse cannot come to divorce an agreement on major issues, the judge will schedule banc que a bench or jury trial that will require you un est and your spouse to present arguments supporting épreuve your respective positions."
681645,what is a divorce bench trial,msmarco_passage_17_186793299,"Contested Divorce (High Cost) If you and your spouse are cannot come to an agreement on issues related to the divorce, you will have to endure a long and costly legal process that will include a jury or bench trial. Because your spouse will probably hire an attorney to protect their interests, you should also hire one.",0,que est un divorce banc épreuve,"Contested Divorce (High Cost) If you and your spouse are cannot come to an agreement on issues related to est the un divorce, you épreuve divorce will have banc to endure a long and costly legal process that will include a jury or bench trial. Because your que spouse will probably hire an attorney to protect their interests, you should also hire one."
681645,what is a divorce bench trial,msmarco_passage_01_6453252,"Contested Divorce (High Cost) If you and your spouse are cannot come to an agreement on issues related to the divorce, you will have to endure a long and costly legal process that will include a jury or bench trial. Because your spouse will probably hire an attorney to protect their interests, you should follow suit.",0,que est un divorce banc épreuve,"Contested Divorce (High Cost) If you and your spouse are cannot est come to an agreement on issues related un to épreuve que the divorce, you will have to endure a long and costly legal process that will include divorce banc a jury or bench trial. Because your spouse will probably hire an attorney to protect their interests, you should follow suit."
681645,what is a divorce bench trial,msmarco_passage_17_186754037,"Contested Divorce (High Cost) If you and your spouse are cannot come to an agreement on issues related to the divorce, you will have to endure a long and costly legal process that will include a jury or bench trial. Because your spouse will probably hire an attorney to protect their interests, you should follow suit.",0,que est un divorce banc épreuve,"Contested Divorce (High banc Cost) If you and your spouse épreuve are cannot come to an agreement on issues related to the divorce, you will un have divorce to endure a long and costly legal process that will include a jury or bench trial. Because your spouse will probably hire an attorney to protect que est their interests, you should follow suit."
681645,what is a divorce bench trial,msmarco_passage_15_51351061,"A bench trial is a trial held before a judge sitting without a jury. The general provisions for a trial by bench are laid out in the Federal Rules of Criminal Procedure. With bench trials, the judge plays the role of the jury as finder of fact, in addition to making conclusions of law.",1,que est un divorce banc épreuve,"A bench trial is a est trial held before a judge sitting without a jury. un The general provisions for a trial by bench are laid out in the Federal Rules of Criminal Procedure. With bench trials, divorce the judge plays the role of the que jury épreuve banc as finder of fact, in addition to making conclusions of law."
681645,what is a divorce bench trial,msmarco_passage_38_542549817,"Jacqueline R. Kriebel. A bench trial is where you argue you case before a judge instead of a jury. It's easier to get a court date and trials are usually much shorter with less complicated issues. Judge's decision is final if it's a final hearing (with the exception of a new trial or an appeal, of course).",1,que est un divorce banc épreuve,"Jacqueline R. Kriebel. A bench trial is where you argue you case before a judge instead of a jury. It's easier divorce to get a court date and trials are usually much shorter with less un que complicated issues. Judge's decision est is final if it's a final hearing (with the exception of a banc new trial or an épreuve appeal, of course)."
681645,what is a divorce bench trial,msmarco_passage_53_848640098,Legal Definition of bench trial. : a trial in which there is no jury and the judge decides the case — compare jury trial.,2,que est un divorce banc épreuve,Legal Definition of bench divorce trial. : a trial que in which un there épreuve est banc is no jury and the judge decides the case — compare jury trial.
681645,what is a divorce bench trial,msmarco_passage_07_595816132,"Also called court trial. A bench trial is another term for a trial before a judge only without a jury. In general, the parties begin with the presentation of evidence, although in some cases they make opening statements. After the plaintiff finishes presenting his evidence, the defendant presents her case.",1,que est un divorce banc épreuve,"Also called court trial. A est bench trial is another term for a trial before divorce a judge only without a jury. In general, the que parties banc begin with the presentation of evidence, although in some cases they make opening statements. After the un plaintiff finishes presenting his evidence, the defendant presents épreuve her case."
681645,what is a divorce bench trial,msmarco_passage_26_617923666,"Bench Trial. A bench trial, sometimes referred to as a “court trial,” is held before only a judge, with no jury involved at all. The judge still rules on issues of evidence and testimony allowed in trial, and procedural issues, but he or she also views the evidence and hears testimony.",2,que est un divorce banc épreuve,"Bench Trial. A bench trial, sometimes referred to as que a “court trial,” is held before est banc only a judge, with épreuve no jury involved at all. The un judge still rules on issues of evidence and testimony allowed in trial, and procedural issues, divorce but he or she also views the evidence and hears testimony."
681645,what is a divorce bench trial,msmarco_passage_03_174169627,"Court Trial Definition. A court trial, also called a bench trial or a jury trial, is when all the facts of a case are heard, and a judge or jury makes the final decision about the court case. An offender can waive their rights to a jury trial and just have the judge make the ruling in a bench trial. A bench trial is different than a jury trial because a jury trial has a panel of an individual's peers make the final decision.",1,que est un divorce banc épreuve,"Court Trial Definition. A court trial, also called a bench trial que or a jury trial, épreuve is when all the facts of a case are heard, divorce and a judge or jury makes the final decision about the court case. An offender can waive their rights to a jury trial and just have the judge make the ruling in banc a bench trial. A bench trial is est different than a jury trial because a jury un trial has a panel of an individual's peers make the final decision."
681645,what is a divorce bench trial,msmarco_passage_33_127479767,"Court Trial Definition. A court trial, also called a bench trial or a jury trial, is when all the facts of a case are heard, and a judge or jury makes the final decision about the court case. An offender can waive their rights to a jury trial and just have the judge make the ruling in a bench trial. A bench trial is different than a jury trial because a jury trial has a panel of an individual's peers make the final decision.",2,que est un divorce banc épreuve,"Court Trial Definition. A court trial, also called a bench trial or a jury trial, is when épreuve un all the facts of banc a case are heard, and a judge or jury makes the final decision about the court case. An offender can waive their rights to a jury trial and just have the judge make the divorce ruling in a bench trial. A est bench trial is different than a jury trial because a que jury trial has a panel of an individual's peers make the final decision."
681645,what is a divorce bench trial,msmarco_passage_17_186756741,"Divorce Trial (Highest Cost) In cases where you and your spouse cannot come to an agreement on major issues, the judge will schedule a bench or jury trial that will require you and your spouse to present arguments supporting your respective positions.",0,que est un divorce banc épreuve,"Divorce Trial (Highest Cost) In cases where you banc and your spouse cannot come to an agreement divorce on major issues, the épreuve judge will schedule a bench or un jury trial est that will require you and your que spouse to present arguments supporting your respective positions."
681645,what is a divorce bench trial,msmarco_passage_26_451487483,"What is a Bench Trial? Trials decided by judges are known as bench trials. Bench trials are the “default” when there are no jury trials, mediations, or arbitrations. They are cheaper than the other options as they do not require additional fees, but often disfavored as they rely on a single decision-maker.",2,que est un divorce banc épreuve,"What is a Bench Trial? Trials decided by judges are known as bench trials. Bench trials are the “default” when there are no jury trials, mediations, or arbitrations. They divorce are cheaper than the other options as they do not require banc que additional fees, but often disfavored as est un they rely on épreuve a single decision-maker."
681645,what is a divorce bench trial,msmarco_passage_41_518852776,"What is a Bench Trial? For state court criminal proceedings, the defendant (the person charged with a crime) may face a jury trial or a bench trial. A bench trial is a trial in which the judge makes procedural decisions about the case, hears the evidence, and decides whether or not the defendant is guilty.",1,que est un divorce banc épreuve,"What épreuve is a Bench Trial? For banc state court criminal est proceedings, the defendant (the person charged with a crime) may face a jury trial or a bench trial. A bench trial is a trial in which the judge makes procedural decisions about the case, hears the evidence, un and decides whether que or divorce not the defendant is guilty."
681645,what is a divorce bench trial,msmarco_passage_03_430670923,"A Quick Guide to Bench Trials. In the legal system, there are several different types of trials that occur. In the lower courts, one of the most common types of trials is a bench trial. A bench trial is a court trial in which two parties are brought before a judge to present their respective cases and evidence.",1,que est un divorce banc épreuve,"A Quick Guide to Bench Trials. In the legal system, there are several different types épreuve of trials that occur. In the lower courts, one que of the most common un types est of trials is a bench trial. A bench trial is a court trial in which divorce two parties are brought before a judge to present their respective cases and banc evidence."
681645,what is a divorce bench trial,msmarco_passage_35_100574180,"A Quick Guide to Bench Trials. In the legal system, there are several different types of trials that occur. In the lower courts, one of the most common types of trials is a bench trial. A bench trial is a court trial in which two parties are brought before a judge to present their respective cases and evidence.",1,que est un divorce banc épreuve,"A Quick Guide to Bench Trials. In the legal system, there are several different types of trials that occur. In the banc lower que courts, one of the most common types of trials is a est bench trial. A un bench trial is a court trial in which two épreuve parties are brought before a judge to present their respective cases and divorce evidence."
688007,what is a kanima,msmarco_passage_59_14445923,"Syllba. 6 years ago. The 'Alpha' version of a Kanima is still a Kanima, just a Kanima with wings (and spikes on it's back and a flail on it's tail, but). Confirmed in the Bestiary given out at SDCC this year. 9.",1,que est un kanima,"Syllba. 6 years ago. The 'Alpha' version of a Kanima que is still a est Kanima, just a un Kanima with wings (and spikes on it's back and a flail on it's tail, but). Confirmed in the Bestiary given out kanima at SDCC this year. 9."
688007,what is a kanima,msmarco_passage_33_766602216,"Bestiary Entry on Kanima. “Like the wolf, its power is greatest at the moon’s peak. Like the wolf, the Kanima is a social creature but where the wolf seeks a pack the Kanima seeks a master. The Kanima, a weapon of vengeance, is used to carry out the bidding of its master. The Kanima was once used by a South American priest who took it upon himself to rid his village of all murderers.",2,que est un kanima,"Bestiary Entry on Kanima. “Like the wolf, its power is greatest at the moon’s peak. Like est the wolf, the Kanima is kanima a social creature but where the wolf seeks a pack the Kanima seeks a master. The Kanima, a weapon of vengeance, is used to que carry out the bidding of its master. The Kanima was once used by a South American un priest who took it upon himself to rid his village of all murderers."
688007,what is a kanima,msmarco_passage_09_852065060,Kanima entry from the Argent bestiary. Like the wolf its power is greatest at the moon's peak. Like the wolf the Kanima is a social creature but where the wolf seeks a pack the Kanima seeks a master. The Kanima a weapon of vengeance used to carry out the bidding of its master.,1,que est un kanima,Kanima entry from the Argent bestiary. Like the wolf its kanima power is greatest at the un moon's peak. que Like the wolf the Kanima is a social creature but where the wolf seeks a pack the Kanima seeks a master. The Kanima a weapon of vengeance used to carry out est the bidding of its master.
688007,what is a kanima,msmarco_passage_33_766597212,"Like the wolf, the kanima is a social creature but where the wolf seeks a pack the kanima seeks a friend.”. Jackson as a kanima looks different from the creature seen earlier in the season. ( Read More... ) Jackson, in kanima form, fights Derek to a standstill and is then shot several times by Chris Argent.",1,que est un kanima,"Like the wolf, the kanima is a social creature but where the wolf seeks a pack the kanima seeks a friend.”. Jackson as a kanima looks different from the creature seen earlier in the season. ( que Read More... un ) Jackson, in kanima form, fights Derek to a standstill est and is then shot several times by kanima Chris Argent."
688007,what is a kanima,msmarco_passage_03_267541408,"The Two Kanima. There are several visible differences in the appearance of the kanima creature seen early in the season and those in later episodes. The scales of the face are shaped and arrayed differently, early kanima had squared off and pointy scales while the later version was more rounded.",1,que est un kanima,"The Two est Kanima. There are several visible differences in the appearance of the que kanima creature seen early un in the season and those in later episodes. The scales of the face are shaped and arrayed kanima differently, early kanima had squared off and pointy scales while the later version was more rounded."
688007,what is a kanima,msmarco_passage_33_766600925,"The Two Kanima. There are several visible differences in the appearance of the kanima creature seen early in the season and those in later episodes. The scales of the face are shaped and arrayed differently, early kanima had squared off and pointy scales while the later version was more rounded.",1,que est un kanima,"The Two Kanima. There are several visible differences kanima un in the appearance of the kanima creature seen early in the season and those in later episodes. The scales of the que est face are shaped and arrayed differently, early kanima had squared off and pointy scales while the later version was more rounded."
688007,what is a kanima,msmarco_passage_03_266486863,"Electricity: It is revealed to be a kanima's weakness as how Tracy part-kanima was seen to be effected by taser but real kanimas are less vulnerabile than werewolves or Chimeras part-kanimas. Full Moon: like werewolves, the kanimas lose control unless they are experienced kanimas.",1,que est un kanima,"Electricity: It is revealed to be est a kanima kanima's weakness as how Tracy part-kanima was seen to be un effected by taser but real kanimas are less vulnerabile than werewolves que or Chimeras part-kanimas. Full Moon: like werewolves, the kanimas lose control unless they are experienced kanimas."
688007,what is a kanima,msmarco_passage_33_766601363,"The overall shape of the face is different, with early kanima displaying a weak chin and later kanima with an oversized square-jawed dimpled chin. One possible explanation for the difference is that Colton Haynes was not behind the kanima make-up most of the shoot due to allergies.",1,que est un kanima,"The overall shape of the face que is different, with early kanima displaying a weak est chin and later kanima with un kanima an oversized square-jawed dimpled chin. One possible explanation for the difference is that Colton Haynes was not behind the kanima make-up most of the shoot due to allergies."
688007,what is a kanima,msmarco_passage_03_266477686,"Biography. In a legend about the kanima found in the Bestiary belonging to the Argent family of hunters, the being is known as a weapon of vengeance; the legend in question detailed a South American priest who took control of a kanima, and used it to rid his village of murderers. The more the priest and master influenced the kanima, the symbiotic bond between them grew until the kanima began killing whomever its master wanted to die regardless of whether or not it had taken a life.",2,que est un kanima,"Biography. In a legend about kanima the kanima found in the Bestiary belonging to the Argent family of hunters, the being is known as a weapon of vengeance; the legend in question detailed a South American priest who took control of a un kanima, and used it to rid his village of murderers. The more the priest and master influenced the kanima, the symbiotic bond between them grew until the kanima began killing whomever its master wanted to die regardless of whether or que not it had taken a est life."
688007,what is a kanima,msmarco_passage_09_852058189,"In Master Plan, Jackson was cured of being a Kanima, finally transforming into a werewolf, adopting a long absent identity when Lydia Martin told him she still loved him. Main article: Shapeshifting. The kanima is reptilian in appearance. In the Teen Wolf show, the kanima can transform into two known shapes.",1,que est un kanima,"In Master Plan, Jackson was cured of being a Kanima, finally transforming into a werewolf, adopting a long absent identity when est Lydia Martin told him she still loved him. Main article: Shapeshifting. The kanima is un reptilian in appearance. In kanima the Teen Wolf show, the kanima can que transform into two known shapes."
688007,what is a kanima,msmarco_passage_33_763167006,"Kanima. Like the wolf, its power is greatest at the moon's peak. Like the wolf, the Kanima is a social creature but where the wolf seeks a pack the Kanima seeks a master. The Kanima, a weapon of vengeance, is used to carry out the bidding of its master.",1,que est un kanima,"Kanima. Like the wolf, its power is greatest at the moon's peak. Like the wolf, kanima the est Kanima is a social creature but where the un wolf seeks a pack the Kanima seeks a master. The Kanima, a weapon of vengeance, is used que to carry out the bidding of its master."
688007,what is a kanima,msmarco_passage_33_763237732,"A few moments later, he notices the kanima on top of the roof and then Lydia comes out the house thus revealing that she is not the kanima. In Frenemy, moments later after discovering that Lydia is not the kanima, Derek is chasing it down the street, the kanima seems to be slightly faster than him.",0,que est un kanima,"A few moments later, he notices the kanima on kanima top of the roof and then Lydia comes que out the house thus revealing that she is not the kanima. In Frenemy, moments est later after discovering that Lydia is not the kanima, Derek is chasing it down un the street, the kanima seems to be slightly faster than him."
688007,what is a kanima,msmarco_passage_33_766605751,"Bennett the Hunter (killed by Kanima in Ice Pick) Tucker Cornish (killed by Kanima in Abomination) Sean Long (killed by Kanima in Restraint) Jessica Bartlett (killed by The Master in Restraint) Kara Simmons (killed by Kanima in Raving) 4 Beacon Hills Sheriff's Deputies (killed by Kanima in Fury) Retrieved from "" https://teenwolf.fandom.com/wiki/Kanima_Master?oldid=237677 "".",0,que est un kanima,"Bennett un the Hunter (killed by Kanima que in Ice Pick) Tucker Cornish (killed by Kanima in Abomination) Sean Long (killed by Kanima in Restraint) Jessica Bartlett (killed by The Master in kanima Restraint) Kara Simmons (killed by Kanima in Raving) 4 Beacon Hills Sheriff's Deputies (killed by Kanima est in Fury) Retrieved from "" https://teenwolf.fandom.com/wiki/Kanima_Master?oldid=237677 ""."
688007,what is a kanima,msmarco_passage_03_266480744,"Because Matt had broken the metaphysical rules of the kanima, he began to turn into a kanima as punishment, though he was killed before the transformation was complete. Kanimas also appear to take on some personality traits of their master.",0,que est un kanima,"Because Matt had est broken the metaphysical rules of the kanima, he began to turn que into un a kanima as punishment, though he was killed before the transformation was complete. Kanimas also appear to take on some personality traits of kanima their master."
688007,what is a kanima,msmarco_passage_03_267542735,"Bestiary Entry on Kanima. “Like the wolf, its power is greatest at the moon’s peak. Like the wolf, the Kanima is a social creature but where the wolf seeks a pack the Kanima seeks a master. The Kanima, a weapon of vengeance, is used to carry out the bidding of its master. The Kanima was once used by a South American priest who took it upon himself to rid his village of all murderers.",2,que est un kanima,"Bestiary Entry on Kanima. “Like the wolf, its power is greatest at the moon’s peak. Like the wolf, the Kanima is a social creature est but where the wolf seeks un a pack the Kanima seeks a master. The Kanima, a weapon of vengeance, is used to que carry out the bidding of its master. The Kanima was once used by a South kanima American priest who took it upon himself to rid his village of all murderers."
688007,what is a kanima,msmarco_passage_03_266486053,"Seeing as the kanima is like a snake, it should be noted that the kanima in its shifted form cannot be paralyzed by its own venom; however, in human form, it can be paralyzed, which led to the difficulty in learning the kanima's true identity.",1,que est un kanima,"Seeing as the kanima is like a snake, kanima it should be noted that the kanima in its shifted form un cannot be paralyzed by est its own venom; however, in human form, it can be paralyzed, which led to the difficulty in learning que the kanima's true identity."
688007,what is a kanima,msmarco_passage_59_14446298,"level 1. TTom_. 6 years ago. I dont understand why your boyfriend thinks he is turning into a Kanima, when Jackson was turning into the Kanima his skin was turning black and into scales, in the teaser trailer it shows a police car on fire then perrish with ashes on him which is why people think he is a Phoenix rising from the ashes. as far as a Phoenix being a alpha version of the Kanima, I doubt it, as Jeff Davis once said the Kanima was base loosely off ""werejaguar"" or the Canaima which is a mythical monster of the jungle or whatknot.",1,que est un kanima,"level 1. TTom_. 6 years ago. I dont understand why your boyfriend thinks he is turning into a Kanima, when Jackson was turning into the Kanima his skin was turning black and into scales, in the teaser trailer it shows a police un car on fire then perrish with ashes on him which is why kanima est people think he is a Phoenix rising from the ashes. as far as a Phoenix being a alpha version of the Kanima, I doubt it, as Jeff Davis once said the Kanima was base loosely off ""werejaguar"" or the Canaima which is a que mythical monster of the jungle or whatknot."
688007,what is a kanima,msmarco_passage_59_14447006,"6 years ago. Archived. What is the alpha version of a Kanima? / Parrish theory. While watching the mid season trailer, my boyfriend pointed out to me that Deputy Parrish was transforming into a Kanima- or something that looks like one. We were rewatching season 2, and during the last 2 or 3 episodes (of the season,) when Gerrard was controlling Kanima Jackson he ended up ""killing himself"" at the end of the championship lacrosse game.",0,que est un kanima,"6 years ago. Archived. What is the alpha version of a Kanima? / Parrish theory. est While watching the mid season trailer, my boyfriend pointed out to me that Deputy Parrish was transforming into a Kanima- or something that looks like one. We were rewatching season 2, and during the last un 2 or 3 episodes (of the season,) when Gerrard was kanima que controlling Kanima Jackson he ended up ""killing himself"" at the end of the championship lacrosse game."
688007,what is a kanima,msmarco_passage_03_266479480,"The kanima is about the size of an average human. It has dark green reptilian scales; while the Beta form has a long, smooth, normal tail, the tail on an Alpha kanima has a round end that is covered in spikes, which may or may not also be coated by kanima venom. The Alpha form also includes wings on the kanima's back.",3,que est un kanima,"The kanima un is about the size of an average human. It has dark green reptilian scales; while the Beta form has a long, smooth, normal tail, the kanima est tail on an Alpha kanima has a round end that is covered in spikes, which may or may not also be coated by kanima venom. The Alpha form also que includes wings on the kanima's back."
688007,what is a kanima,msmarco_passage_03_267539605,"Gerard, as the new kanima master, uses the creature to hold Ms. McCall hostage in her home as a means to menace Scott. Jackson uses his kanima claws to kill himself at the end of the lacrosse championship. ( Read More... ) Jackson's body enters into a cocoon made of kanima venom and begins moving.",1,que est un kanima,"Gerard, as the new kanima master, uses the creature to hold Ms. McCall hostage in her home un as a means to menace Scott. Jackson uses his kanima kanima claws to kill himself at the end of the est lacrosse championship. ( Read More... ) Jackson's body enters into a cocoon made of kanima que venom and begins moving."
688007,what is a kanima,msmarco_passage_33_766599118,"Gerard, as the new kanima master, uses the creature to hold Ms. McCall hostage in her home as a means to menace Scott. Jackson uses his kanima claws to kill himself at the end of the lacrosse championship. ( Read More... ) Jackson's body enters into a cocoon made of kanima venom and begins moving.",1,que est un kanima,"Gerard, as the new kanima master, uses the creature to hold Ms. McCall hostage in kanima her home est un as a means to menace Scott. Jackson uses his kanima claws to que kill himself at the end of the lacrosse championship. ( Read More... ) Jackson's body enters into a cocoon made of kanima venom and begins moving."
688007,what is a kanima,msmarco_passage_03_266477381,"The kanima is a type of human-animal hybrid that is reptilian in nature. It is considered a mutation of the werewolf gene, though how exactly they came to be remains a mystery.",1,que est un kanima,"The kanima is a type of human-animal hybrid kanima that is reptilian un in nature. It is considered a mutation of the werewolf gene, though how exactly they came que to est be remains a mystery."
688007,what is a kanima,msmarco_passage_03_266478313,"The kanima is essentially a werewolf whose transformation has somehow ""gone wrong;"" it is believed that this is as a result of the personal demons in the kanima's past, which for some reason caused the human to mutate and take on a more reptilian form.",1,que est un kanima,"The kanima kanima un is essentially a werewolf whose transformation has est somehow ""gone wrong;"" it is believed that this is as a result of the personal demons in the kanima's past, which for some reason caused the human to mutate and take que on a more reptilian form."
688007,what is a kanima,msmarco_passage_03_267542256,"Last Appearance. Master Plan. The Kanima is a form of shapeshifter introduced in Season 2 of MTV's Teen Wolf . According to Teen Wolf Mythology, the Kanima was created when Jackson Whittemore's emotional issues caused his body to reject the bite of an Alpha. Instead of becoming a werewolf, Jackson transformed into a snake.",1,que est un kanima,"Last Appearance. Master Plan. The kanima Kanima que is a form of shapeshifter introduced in Season 2 of MTV's Teen Wolf . According est to Teen Wolf Mythology, the Kanima was created when Jackson Whittemore's emotional issues caused his body to reject the bite of an Alpha. Instead of becoming a un werewolf, Jackson transformed into a snake."
688007,what is a kanima,msmarco_passage_33_766598147,"Last Appearance. Master Plan. The Kanima is a form of shapeshifter introduced in Season 2 of MTV's Teen Wolf . According to Teen Wolf Mythology, the Kanima was created when Jackson Whittemore's emotional issues caused his body to reject the bite of an Alpha. Instead of becoming a werewolf, Jackson transformed into a snake.",1,que est un kanima,"Last Appearance. Master Plan. The Kanima is a form of shapeshifter un introduced in Season 2 of MTV's Teen Wolf . According to Teen Wolf Mythology, kanima the Kanima was created when Jackson Whittemore's emotional issues que est caused his body to reject the bite of an Alpha. Instead of becoming a werewolf, Jackson transformed into a snake."
688007,what is a kanima,msmarco_passage_03_266482578,"Bestiary Entry. ""Like the wolf, its power is greatest at the moon’s peak ."". ""The kanima is a mutation of the werewolf gene that cannot fully transform until it resolves that in its past which manifests it."". ""Like the wolf, the kanima is a social creature, but where the wolf seeks a pack, the kanima seeks a master."".",1,que est un kanima,"Bestiary Entry. ""Like the wolf, its power is greatest at the est moon’s peak ."". ""The que kanima is a mutation of un the werewolf gene that cannot fully transform until it resolves that in its kanima past which manifests it."". ""Like the wolf, the kanima is a social creature, but where the wolf seeks a pack, the kanima seeks a master.""."
688007,what is a kanima,msmarco_passage_03_266478684,"Unlike a werewolf, who is predisposed to seek out a pack (as it both makes them more powerful individually and provides them with a support system of fellow werewolves who are closer to them than family), the kanima is an inherently subservient being who seeks out a master to control its actions.",1,que est un kanima,"Unlike que est a werewolf, who is predisposed to seek out a pack (as it both makes them more powerful individually and provides them with a kanima support system of fellow werewolves who are closer un to them than family), the kanima is an inherently subservient being who seeks out a master to control its actions."
688007,what is a kanima,msmarco_passage_09_852058652,"A kanima produces a paralytic venom that secretes from their claws. Like most shapeshifters, the kanima is strongest on the full moon. However, unlike the werewolf or werecoyote, the kanima is not a natural species of wereanimal. The transformation into a kanima is a mutation of a shapeshifter's gene and is the result of a wereanimal's shifting ""gone wrong"" due to their emotional issues.",1,que est un kanima,"A kanima produces que a paralytic venom that secretes from their claws. Like most shapeshifters, the kanima kanima is strongest on the full moon. However, unlike the werewolf or werecoyote, the kanima is un not a natural species of wereanimal. The est transformation into a kanima is a mutation of a shapeshifter's gene and is the result of a wereanimal's shifting ""gone wrong"" due to their emotional issues."
688007,what is a kanima,msmarco_passage_31_739159592,"5 Kanima. Technically, the kanima is a variation of a shapeshifter, but because of the nature of the transformation, and their abilities, they deserve their own spot on the list. A person becomes a kanima when their body unconsciously rejects the bite of the werewolf due to identity issues.",1,que est un kanima,"5 Kanima. Technically, the kanima kanima is a variation of est a shapeshifter, but because of the nature of un the transformation, and their abilities, they deserve their que own spot on the list. A person becomes a kanima when their body unconsciously rejects the bite of the werewolf due to identity issues."
688007,what is a kanima,msmarco_passage_33_766603220,"Physical Traits. The kanima is roughly the size of an average human male, covered in scale, yellow eyes with slits, and can climb up walls like some varieties of lizards. It has a long prehensile tail and long claws that secrete venom that can paralyze victims for hours.",3,que est un kanima,"Physical un Traits. The kanima is roughly the size of an average human male, covered in scale, yellow eyes with slits, and can climb up walls like some varieties of lizards. It has a long kanima prehensile tail and long claws that secrete venom that can paralyze victims for est que hours."
688007,what is a kanima,msmarco_passage_03_267543739,"Physical Traits. The kanima is roughly the size of an average human male, covered in scale, yellow eyes with slits, and can climb up walls like some varieties of lizards. It has a long prehensile tail and long claws that secrete venom that can paralyze victims for hours.",3,que est un kanima,"Physical Traits. The kanima is roughly the size of an que average human un male, covered in scale, yellow eyes kanima with slits, and can climb up walls like some varieties of lizards. It has a long prehensile tail and est long claws that secrete venom that can paralyze victims for hours."
688007,what is a kanima,msmarco_passage_09_852014369,"Hunters. The hunters are an organized class of families whom take it upon themselves to protect human norms from supernatural threats. They investigate, hunt down and ... Kanima. In the Teen Wolf universe, the kanima is a shapeshifter that is reptilian in appearance and nature. A kanima produces a ...",1,que est un kanima,"Hunters. The est hunters are an organized class of families whom take it upon themselves to protect kanima human norms from supernatural threats. They investigate, hunt down and ... Kanima. que un In the Teen Wolf universe, the kanima is a shapeshifter that is reptilian in appearance and nature. A kanima produces a ..."
688007,what is a kanima,msmarco_passage_09_852060902,"Master of the Kanima. The Master of the Kanima is the being who controls and uses the shapeshifter to carry out the Master's vengeance. The Master will use the shapeshifter to do his bidding, carry out his orders unquestioningly and kill those the Master deems so.",0,que est un kanima,"Master of the Kanima. The Master of the Kanima is the being who controls and un uses the shapeshifter to est carry out the Master's vengeance. The Master will use the shapeshifter to do his bidding, kanima carry out his que orders unquestioningly and kill those the Master deems so."
688007,what is a kanima,msmarco_passage_03_267543295,"The bond between master and servant grew stronger until the will of the master became that of the Kanima's and whomever the priest deemed unworthy, the Kanima served his vengeance. The Kanima is a mutation of the werewolf gene that cannot fully transform until it resolves that in its past which manifest it.”.",1,que est un kanima,"The bond between master and servant grew stronger until the will of the master became that of the Kanima's que and whomever the priest deemed un unworthy, the Kanima served his vengeance. kanima The Kanima is a est mutation of the werewolf gene that cannot fully transform until it resolves that in its past which manifest it.”."
707882,what is acumen fuse,msmarco_passage_08_847001055,"Industry Applications. Acumen Fuse has applications tailored for the following industries: oil and gas, construction, IT, government and aerospace defense. Acumen Fuse also has analytical support for the DCMA 14 Point Schedule assessment and the GAO 9 scheduling best practices.",2,que est perspicacité fusible,"Industry Applications. Acumen Fuse has applications tailored est for the following industries: oil and gas, construction, IT, government and aerospace defense. Acumen Fuse also has que fusible analytical support for the DCMA 14 Point Schedule assessment and the perspicacité GAO 9 scheduling best practices."
707882,what is acumen fuse,msmarco_passage_08_846998411,"Acumen Fuse. Posted Fri, 2011-01-28 22:35 by Jenn Weber. Acumen Fuse is a customizable metric analysis and visualization software tool which analyzes schedule, cost, risk, earned value, and project performance. Acumen Fuse uses metrics to pinpoint problematic areas and activities within a project and then provides solutions for improving project plans and execution strategies based on the problematic areas and activities found during the analyses.",3,que est perspicacité fusible,"Acumen Fuse. Posted Fri, 2011-01-28 22:35 by Jenn Weber. Acumen Fuse fusible is a customizable est metric analysis and visualization software tool which analyzes schedule, cost, risk, earned value, and project performance. Acumen Fuse uses metrics to pinpoint problematic areas and activities within a perspicacité project and then provides solutions for improving project plans and execution strategies based on the problematic que areas and activities found during the analyses."
707882,what is acumen fuse,msmarco_passage_30_366123879,"What is Acumen Fuse? Acumen Fuse is a metric analysis and visualization tool that assesses quality of schedules, accuracy of cost forecasts, realism of risk models, earned value and project performance.",3,que est perspicacité fusible,"What is Acumen Fuse? Acumen Fuse que is a metric analysis and visualization tool that assesses perspicacité quality of schedules, accuracy of cost forecasts, realism of fusible risk models, earned value and project est performance."
707882,what is acumen fuse,msmarco_passage_30_366125585,"One-Stop-Shop for Total Project Analysis. Acumen Fuse is a one-stop-shop for analysis of schedule data, cost information, risk models, earned value and project performance. Open a single Fuse workbook to analyze each discipline in one or several projects, regardless of the data source.",3,que est perspicacité fusible,"One-Stop-Shop for Total Project perspicacité Analysis. Acumen Fuse is a one-stop-shop for analysis of schedule data, cost fusible information, risk models, earned value and project performance. Open a single Fuse workbook to analyze que each discipline in one or est several projects, regardless of the data source."
707882,what is acumen fuse,msmarco_passage_08_846999528,"Reporting with Acumen Fuse. Acumen Fuse software generates the following reports: executive briefing, heat map, project scorecard, ribbon view report, and analysts report. The executive briefing reporting tool provides users with an automated synopsis of the project’s overall quality and health. The synopsis includes a description of the project’s characteristics, trending information, metric results, and suggestions for improvement.",2,que est perspicacité fusible,"Reporting with Acumen Fuse. Acumen Fuse software generates the following est reports: executive briefing, heat map, project scorecard, ribbon view report, and analysts report. The executive briefing fusible reporting tool provides users with an automated synopsis of the project’s overall quality and health. The synopsis includes perspicacité a description of the que project’s characteristics, trending information, metric results, and suggestions for improvement."
707882,what is acumen fuse,msmarco_passage_30_366124204,"Industry Standards. Acumen Fuse offers native analytical support for both the DCMA 14 Point Assessment as well as the GAO 9 Scheduling Best Practices. Included with each Acumen Fuse license is the DCMA 14 Point Assessment metric library, useful for critiquing project schedules before being audited by the DCMA or to ensure overall schedule quality.",2,que est perspicacité fusible,"Industry Standards. Acumen Fuse offers native analytical support for both the DCMA 14 Point Assessment as well as que the GAO fusible 9 Scheduling Best Practices. Included with each Acumen Fuse license is perspicacité the DCMA 14 Point Assessment metric library, useful for critiquing project schedules before being audited by the est DCMA or to ensure overall schedule quality."
707882,what is acumen fuse,msmarco_passage_30_366124695,Portfolio Assessment. Analyze and compare multiple projects and programs within a portfolio. Running an Acumen Fuse portfolio assessment provides great insight into the cumulative effect and impact of a single project on an entire portfolio.,2,que est perspicacité fusible,Portfolio Assessment. Analyze and compare multiple perspicacité projects and programs within a portfolio. Running an Acumen Fuse que portfolio assessment provides great insight into the cumulative effect and fusible impact of a single est project on an entire portfolio.
707882,what is acumen fuse,msmarco_passage_30_366121542,"Deltek® Cobra. Deltek® Risk+. Asta Powerproject. DCMA UN/CEFACT XML Schedule Data. Microsoft® Excel. Acumen Fuse does not compete with or replace the need for any of the above listed tools. In fact, it is quite the opposite; Acumen Fuse adds to these platforms by providing additional insight through metric analysis.",1,que est perspicacité fusible,"Deltek® est Cobra. Deltek® Risk+. Asta Powerproject. DCMA UN/CEFACT XML Schedule Data. Microsoft® fusible Excel. Acumen Fuse does not compete with or replace the need for any que of the above listed tools. In fact, it is quite the opposite; Acumen Fuse adds to these platforms by providing additional perspicacité insight through metric analysis."
707882,what is acumen fuse,msmarco_passage_08_846996505,"Acumen Fuse Analyses. Acumen Fuse software provides the following analyses: ribbon analysis, time-phase analysis, intersection analysis, comparison analysis, schedule analysis, forensic analysis, logic analysis, and benchmark analysis. Patented ribbon analysis compares results between ribbons by WBS, discipline, activity type, and critical/noncritical activities.",2,que est perspicacité fusible,"Acumen Fuse Analyses. Acumen Fuse software provides the que following analyses: ribbon analysis, time-phase analysis, intersection analysis, comparison analysis, schedule analysis, forensic analysis, logic analysis, and benchmark analysis. est Patented ribbon analysis fusible compares results between ribbons by WBS, discipline, activity type, perspicacité and critical/noncritical activities."
707882,what is acumen fuse,msmarco_passage_30_366125078,"Improved Scheduling and Resolved Schedule Issues. Through metric libraries such as the 14 Point Assessment and Acumen Fuse's advanced schedule checks, the Acumen Fuse user is able to pinpoint and resolve scheduling flaws, ensuring a more realistic and achievable plan. Pinpoint hidden schedule issues by location, discipline, time and any other desired perspective.",2,que est perspicacité fusible,"Improved est Scheduling and Resolved Schedule Issues. Through metric libraries such as the 14 Point Assessment and Acumen Fuse's advanced schedule checks, the Acumen Fuse user is able perspicacité to pinpoint and resolve scheduling flaws, ensuring a more que realistic and achievable plan. Pinpoint hidden schedule issues fusible by location, discipline, time and any other desired perspective."
707882,what is acumen fuse,msmarco_passage_43_239027506,"Conversely, summarize detailed results and publish to project dashboards, executive briefings and PowerPoint presentations, all at the click of a button. Acumen Fuse delivers competitive advantages: Fuse is implemented and enforced with ease.",2,que est perspicacité fusible,"Conversely, summarize detailed results and publish to project dashboards, executive briefings perspicacité and PowerPoint presentations, all at the click que of a button. Acumen Fuse est delivers competitive advantages: Fuse is implemented and enforced fusible with ease."
707882,what is acumen fuse,msmarco_passage_08_846995517,"Acumen developed Fuse project management software and specializes in project management training and risk assessment workshops. Acumen was founded by CEO Dr. Dan Patterson, PMP, and Chairman Steve Cook. Patterson is a leader within the project management industry. Prior to starting Acumen, Patterson was Executive VP at Pertmaster leading the Americas business unit from inception through to acquisition by Primavera.",2,que est perspicacité fusible,"Acumen developed Fuse project management software and specializes in project management training and risk assessment workshops. Acumen was founded by CEO Dr. Dan Patterson, PMP, and Chairman Steve Cook. Patterson fusible is a leader within the project management industry. Prior perspicacité to starting Acumen, Patterson was Executive VP est at Pertmaster leading the Americas business que unit from inception through to acquisition by Primavera."
707882,what is acumen fuse,msmarco_passage_30_366126828,"Cost Overrun Reduction. Acumen Fuse helps to determine where project cost overruns are happening, and more importantly, why. The project scorecard helps to resolve these by revealing how poor scheduling and risk contribute to cost overruns.",2,que est perspicacité fusible,"Cost Overrun Reduction. Acumen Fuse helps to determine where est project cost overruns are happening, and more importantly, why. The project scorecard helps que to resolve these fusible by revealing how poor perspicacité scheduling and risk contribute to cost overruns."
707882,what is acumen fuse,msmarco_passage_30_366126013,Sound Risk Assessments. Run Acumen Fuse's risk check metrics to validate your cost and schedule risk models and ensure sound risk plans. These checks ensure you avoid the common pitfalls commonly seen in risk models of 'garbage in/garbage out'.,2,que est perspicacité fusible,Sound est Risk Assessments. Run Acumen Fuse's fusible risk check metrics to validate your perspicacité cost and schedule risk models and ensure sound risk plans. These checks ensure you avoid the common pitfalls commonly que seen in risk models of 'garbage in/garbage out'.
707882,what is acumen fuse,msmarco_passage_30_366127210,True Project Insight. Acumen Fuse ribbons provide a quick and easy means of visualizing what matters in your project. Analyze by ribbons of your choice making reporting flexible and straightforward. Compare an unlimited number of project snapshots over time to gain a unique insight into performance trending.,2,que est perspicacité fusible,True Project Insight. Acumen Fuse ribbons provide a quick and easy perspicacité means of visualizing what matters in your project. Analyze by ribbons que of your choice making reporting flexible and straightforward. Compare an unlimited number of project snapshots over time fusible est to gain a unique insight into performance trending.
707882,what is acumen fuse,msmarco_passage_52_662875370,"Choose this app’s scheduling acceleration and decision support solution to avoid project delays and slips. Deltek Acumen Fuse. This project diagnostics software resolves and pinpoints schedule shortcomings in seconds, making it possible to execute a project seamlessly. Deltek Open Plan.",2,que est perspicacité fusible,"Choose est this app’s scheduling acceleration and decision support solution to avoid project delays and slips. que Deltek perspicacité Acumen Fuse. This project diagnostics software resolves and pinpoints fusible schedule shortcomings in seconds, making it possible to execute a project seamlessly. Deltek Open Plan."
764738,what is lbm in body composition,msmarco_passage_17_501553428,Further information: Body composition § Measuring body composition. Instead of mathematical estimation the actual value of LBM may be calculated using various technologies such as Dual-energy X-ray absorptiometry (DEXA).,0,que est lbm dans corps composition,Further information: Body composition § corps Measuring composition body composition. Instead lbm of que mathematical estimation the actual value of LBM may be dans calculated using various technologies such est as Dual-energy X-ray absorptiometry (DEXA).
764738,what is lbm in body composition,msmarco_passage_25_856491012,"Subsequently, the body fat mass was derived from the equations of Durnin and Womersley [ 20 ]. LBM was calculated as the difference between body mass and body fat mass. Bioelectrical impedance analysis (BIA) was measured using the body composition analyzer BIA-101 (RJL system, Detroit) in order to estimate total body water.",2,que est lbm dans corps composition,"Subsequently, the body fat mass was derived from the equations of Durnin and Womersley [ 20 ]. LBM que was calculated as corps the difference between body mass and body fat mass. Bioelectrical impedance analysis (BIA) was measured est using the body composition dans analyzer BIA-101 (RJL system, Detroit) in order to estimate total lbm composition body water."
764738,what is lbm in body composition,msmarco_passage_11_436102817,"LBM measured by 40 K counting. Open in new tab. Using anthropometry, 40 K counting, and specific gravity measurements, Hampton et al ( 32) examined the body composition of a racially mixed group of teenagers.",0,que est lbm dans corps composition,"LBM lbm measured by 40 K counting. Open in new corps tab. Using anthropometry, 40 dans K counting, and specific gravity que measurements, Hampton et al ( 32) examined the body composition composition of a est racially mixed group of teenagers."
764738,what is lbm in body composition,msmarco_passage_25_498432234,"LBM is the weight of everything in the body that is not body fat. This includes muscle, water, bones, organs – everything that is not Body Fat. Most of the time, increases in LBM reflect increases in muscle (which you can also see as an increase in DLM), and is considered a positive improvement in body composition.",2,que est lbm dans corps composition,"LBM is the weight est of everything in composition the body that is not body fat. This includes muscle, water, bones, corps organs – que everything that is not Body Fat. Most of the time, increases in LBM reflect increases in muscle (which you can dans also see as an increase in DLM), and is lbm considered a positive improvement in body composition."
764738,what is lbm in body composition,msmarco_passage_50_459586659,"Fitness for Long-Term Health. Muscle building isn’t something that only bodybuilders and athletes should worry about; for long-term health, everyone can benefit from building their LBM. For this reason, it is important to monitor the changes in your Lean Body Mass by having your body composition measured. Body composition analysis can divide your weight into its various components – Fat Mass, Lean Body Mass, etc. – which will give you a much clearer picture of your overall fitness and health.",1,que est lbm dans corps composition,"Fitness for Long-Term Health. Muscle building isn’t something that only bodybuilders corps and athletes should worry about; for long-term health, everyone can benefit from building their LBM. For composition this reason, it is important to monitor the changes in your Lean Body Mass by having your body composition lbm measured. Body composition analysis est can que divide your weight into its various components – Fat Mass, Lean Body Mass, dans etc. – which will give you a much clearer picture of your overall fitness and health."
764738,what is lbm in body composition,msmarco_passage_30_491515780,"To study the accuracy and short-term and long-term precision of body composition measurements, the authors measured body composition with DXA in 60 healthy young adults. Independent measurement of LBM (LBMK-40), obtained from the determination of the whole-body content of potassium-40 with a whole-body scintillation detector, was highly correlated with LBM determined with DXA (LBMDXA) (LBMK-40 = 1.069.LBMDXA,R2 = .996).",1,que est lbm dans corps composition,"To study the accuracy and short-term and long-term precision of body composition measurements, the authors measured body corps composition with DXA in 60 healthy young adults. Independent measurement of lbm LBM (LBMK-40), obtained dans from the composition determination of the whole-body content of potassium-40 with que a whole-body scintillation detector, est was highly correlated with LBM determined with DXA (LBMDXA) (LBMK-40 = 1.069.LBMDXA,R2 = .996)."
764738,what is lbm in body composition,msmarco_passage_19_596453214,"Social determinants of obesity. Social stigma of obesity. Weight cutting. Weight class. v. t. e. Lean body mass (LBM), sometimes conflated with fat-free mass, is a component of body composition. Fat free mass (FFM) is calculated by subtracting body fat weight from total body weight: total body weight is lean plus fat.",2,que est lbm dans corps composition,"Social determinants est of obesity. Social stigma of obesity. Weight cutting. Weight class. composition v. corps t. e. Lean body mass (LBM), sometimes conflated with dans fat-free mass, is a component of body lbm composition. Fat free mass (FFM) is calculated by subtracting body fat weight from que total body weight: total body weight is lean plus fat."
764738,what is lbm in body composition,msmarco_passage_38_53225537,Body composition will typically be displayed as either a percentage of fat (body fat percentage or %fat) or as a percentage of lean body mass (LBM).,1,que est lbm dans corps composition,Body dans est composition will typically be displayed que as either corps composition a percentage lbm of fat (body fat percentage or %fat) or as a percentage of lean body mass (LBM).
764738,what is lbm in body composition,msmarco_passage_14_421125312,"This lbm calculator uses the Boer, the James, the Hume lbm equations for calculating lbm for adults, while the Peters lbm equation used for calculating lbm for children. In simple terms, this lean mass calculator helps to calculate your body composition.",1,que est lbm dans corps composition,"This lbm calculator uses composition the Boer, the James, the Hume lbm equations for calculating lbm for adults, corps while the Peters lbm equation used for calculating lbm for children. In simple terms, dans this lean que mass calculator helps to calculate est your body lbm composition."
764738,what is lbm in body composition,msmarco_passage_26_352847528,"There are many folks out there, including experts, who believe there to be 11 components of fitness. The 11th one being ‘body composition’, which is a breakdown of your body weight into fat and lean body mass or LBM for short…. LBM takes into account all your muscles, bones, organ fluids etc.",2,que est lbm dans corps composition,"There are que many folks out there, including experts, who believe there dans to be 11 components of fitness. The 11th one being ‘body composition’, which is a breakdown of your body est weight into fat and lean body mass or LBM corps lbm for short…. LBM takes into account all your composition muscles, bones, organ fluids etc."
764738,what is lbm in body composition,msmarco_passage_14_421129754,"Also, give a try to this lean body mass calculator to figure out the muscle mass of your body according to standard formulas of LBM. The methods that will use for body composition analysis will at the minimum divide your body into LBM (this can be indicated to as Fat-Free Mass) and Fat Mass. These methods are:",2,que est lbm dans corps composition,"Also, give a try to this lean body composition mass calculator to figure out the muscle mass of your body according to standard formulas of que LBM. The corps methods that will use for body composition analysis will at the minimum divide your body into LBM (this can est be lbm indicated to as Fat-Free Mass) and dans Fat Mass. These methods are:"
764738,what is lbm in body composition,msmarco_passage_64_597917960,"Body recomposition is the process of improving body composition. In other words, it's when someone wants to lose fat and gain muscle (thereby reducing body fat percentage). Another way to look at it is that body recomposition aims to increase the proportion of lean body mass (LBM) to fat mass. LBM is your total body weight minus fat mass.",2,que est lbm dans corps composition,"Body recomposition is the process of improving body composition. In other words, it's when someone wants to lose fat and gain est composition muscle (thereby reducing body fat percentage). Another way to look at it is lbm that body recomposition aims corps to increase the que proportion of lean body mass (LBM) to fat mass. LBM is dans your total body weight minus fat mass."
764738,what is lbm in body composition,msmarco_passage_14_421128852,"And now you know why it is important to know about your lean body mass. Here you can explore how to calculate LBM (Lean Body Mass) by using lean body mass calculator with body fat percentage and a lbm formula, lbm standards, (lbm), lean body mass chart, and different other legitimate information-related LBM.",1,que est lbm dans corps composition,"And now you know why it is important to know about est your lean body mass. Here you can explore how to que calculate dans LBM (Lean Body Mass) by using lean body mass calculator with body fat percentage lbm and a lbm corps formula, lbm standards, (lbm), lean body mass chart, and different composition other legitimate information-related LBM."
764738,what is lbm in body composition,msmarco_passage_30_491516332,"Assessment of body composition in 10 patients with acquired immunodeficiency syndrome (AIDS) and 10 patients with cystic fibrosis was performed with DXA. The AIDS patients showed a marked decrease in LBM, while in patients with cystic fibrosis, LBM and BBM were decreased.",1,que est lbm dans corps composition,"Assessment of body composition que in 10 patients with acquired immunodeficiency syndrome (AIDS) and 10 patients with cystic lbm fibrosis was performed with DXA. The AIDS patients showed a dans marked decrease in composition LBM, while est in patients with corps cystic fibrosis, LBM and BBM were decreased."
764738,what is lbm in body composition,msmarco_passage_26_182794717,"So, fat body mass is the difference between your total body weight and your lean-body weight. LBM usually averages between 60 to 90 percent of total body weight for the average person, and men generally have a higher percentage of LBM than women do. The BMI (body mass index discussed above) takes into account how much lean and fat body weight an average, healthy person would have based on their height, then gives an estimate of your body’s fat and lean composition based on their weight.",2,que est lbm dans corps composition,"So, est fat body mass is the difference between your total body corps weight and your lean-body weight. LBM usually averages between 60 to 90 percent of total body weight for the average person, and men generally have a higher percentage of LBM than women dans do. The BMI (body mass index discussed above) takes into account how much lean composition and fat body weight an average, healthy person would have based on their height, lbm then gives an estimate of your body’s fat and lean composition que based on their weight."
764738,what is lbm in body composition,msmarco_passage_39_707560328,"LBM Maintenance. 1 gm protein / Lb LBM; 3.5 gms carbohydrates & 0.3 gms fat / Lb Body Weight. These suggested formulas do not take into consideration of individual gender, age, activity level, basal metabolic rate or BMR (the energy expended by the body at rest to maintain normal function), and body composition.",1,que est lbm dans corps composition,"LBM Maintenance. dans 1 gm protein / est que Lb LBM; 3.5 gms carbohydrates & 0.3 gms fat / Lb Body Weight. These suggested formulas do not take into consideration of individual gender, age, activity level, basal metabolic rate lbm or composition BMR (the energy expended by the body at rest to corps maintain normal function), and body composition."
764738,what is lbm in body composition,msmarco_passage_47_619580096,"Men have higher BMRs than women, regardless of age. This is because women and men have different body compositions, and men naturally have more muscle mass and less fat. 7. Body Composition. Your body’s composition of lean muscle and fat (referred to as Lean Body Mass) is a key indicator of its ability to maintain a high BMR in the long-term. Someone with higher LBM will naturally burn more calories and enjoy a higher BMR than someone at the same weight with a higher percentage of fat.",1,que est lbm dans corps composition,"Men have higher BMRs than women, regardless of age. This is que because women and men have corps different body compositions, and men naturally have more dans muscle mass and less fat. 7. Body est Composition. Your body’s composition of lean muscle and fat (referred to as Lean Body composition Mass) is a key indicator of its ability to maintain a high BMR in the long-term. Someone with higher LBM will naturally burn more calories and enjoy a higher BMR than someone at the same weight with a higher percentage of lbm fat."
764738,what is lbm in body composition,msmarco_passage_14_421129291,"Body Fat gain because of a caloric surplus. Well, the best way to calculate what is happening to your Lean Body Mass (LBM): you just have to getting your body composition analyzed. Keep in mind, without testing your body composition, there will no other way to know what any gain/loss in your body weight is due to.",1,que est lbm dans corps composition,"Body Fat gain because of a caloric surplus. Well, the best way corps que to calculate lbm composition what is dans happening to your Lean Body Mass (LBM): you just have to getting your body composition analyzed. Keep in mind, without est testing your body composition, there will no other way to know what any gain/loss in your body weight is due to."
764738,what is lbm in body composition,msmarco_passage_31_354444076,"In the table below, LBM refers to “lean body mass,” meaning the amount of your body mass that isn’t fat. So if you weigh 150lb and have 10% body fat, then 15 pounds of your body’s mass is fat, so you have 135lb of LBM.",2,que est lbm dans corps composition,"In the table below, LBM refers to “lean body mass,” meaning composition the amount of your body mass que that isn’t fat. So if lbm est you weigh 150lb and have 10% body fat, then dans 15 pounds of your body’s mass corps is fat, so you have 135lb of LBM."
764738,what is lbm in body composition,msmarco_passage_04_675824335,"Answer: LBM refers to your lean body mass (lean muscle tissue), which helps determine your body fat %. However, if you were to weigh yourself every day or multiple times throughout the day, the weight fluctuations you’ll see are likely attributable to water loss/retention.",2,que est lbm dans corps composition,"Answer: LBM refers to your lean body mass (lean muscle tissue), which helps determine your body fat %. However, corps if you were to weigh yourself every day or multiple times throughout the day, the weight est fluctuations you’ll see que are likely dans attributable composition to water lbm loss/retention."
764738,what is lbm in body composition,msmarco_passage_17_501555126,LBM = BW − BF. Lean body mass equals body weight minus body fat. LBM + BF = BW. Lean body mass plus body fat equals body weight. LBM differs from FFM in that cellular membranes are included in LBM although this is only a small percent difference in the body's mass (up to 3% in men and 5% in women),3,que est lbm dans corps composition,LBM = BW − BF. Lean body mass equals body weight minus body fat. LBM composition + BF dans = BW. Lean body mass plus body fat equals body weight. LBM differs from FFM in corps lbm that cellular membranes que are included in LBM although this is only a small percent difference in the est body's mass (up to 3% in men and 5% in women)
764738,what is lbm in body composition,msmarco_passage_42_691449377,"Your LBM is simply your body fat subtracted from your total body weight. LBM includes organs, bones, muscle, and everything else in your body besides body fat. Typically, changes in LBM are primarily from increases or decreases in muscle mass.",2,que est lbm dans corps composition,"Your LBM is simply your body fat subtracted from your total body que weight. LBM includes organs, bones, muscle, and everything corps else in your lbm body besides body fat. Typically, changes est in LBM are primarily from increases dans or composition decreases in muscle mass."
764738,what is lbm in body composition,msmarco_passage_04_675504650,"Just to be clear, your LBM is your “fat free” mass, in other words, everything in your body that’s not fat: your bones, blood, muscle, and organs. Let me give you an example of this ideal body weight formula in action so you can see why it’s so useful. Let’s take Jake who is 200 pounds and has 22% body fat.",2,que est lbm dans corps composition,"Just to be clear, your LBM is dans your “fat free” mass, in other words, everything in your body that’s not fat: your lbm bones, blood, muscle, and organs. est Let me give you an example of this ideal body weight formula in action so you corps can see why it’s so useful. Let’s take Jake who is 200 pounds composition and has que 22% body fat."
764738,what is lbm in body composition,msmarco_passage_40_253768267,"Just to be clear, your LBM is your “fat free” mass, in other words, everything in your body that’s not fat: your bones, blood, muscle, and organs. Let me give you an example of this ideal body weight formula in action so you can see why it’s so useful. Let’s take Jake who is 200 pounds and has 22% body fat.",2,que est lbm dans corps composition,"Just to be clear, your LBM is your “fat free” mass, in other words, everything in your body that’s not fat: your bones, blood, muscle, and organs. Let dans me give you an composition example of this ideal body weight lbm formula in action so you can see why it’s so useful. que Let’s take est Jake who is 200 pounds and corps has 22% body fat."
764738,what is lbm in body composition,msmarco_passage_14_421130213,"According to the lean body mass (weight) definition, LBM is the weight of your body after deducting the weight of your body fat. In other words, it’s the weight of muscles, your bones, other body organs, and limbs without fat. Now as you know what lean body mass is, you might have got the idea of what is important in your mission of weight loss.",3,que est lbm dans corps composition,"According to the lean body mass (weight) definition, LBM is the weight of your body after deducting the weight of your body fat. In other words, it’s the weight of lbm muscles, your bones, other body organs, and limbs without fat. Now as you know que what lean body mass is, you composition might est have corps got the idea of what is important in your mission dans of weight loss."
764738,what is lbm in body composition,msmarco_passage_19_596453747,In equations: LBM = BW − BF. Lean body mass equals body weight minus body fat. LBM + BF = BW. Lean body mass plus body fat equals body weight. LBM differs from FFM in that cellular membranes are included in LBM although this is only a small percent difference in the body's mass (up to 3% in men and 5% in women) The percentage of total body mass that is lean is usually not quoted – it would typically be 60–90%.,3,que est lbm dans corps composition,In equations: LBM = BW − BF. composition Lean body mass equals body weight minus body fat. LBM corps + BF = BW. que Lean body mass plus body fat equals body weight. LBM differs from FFM in that cellular membranes est are included in LBM although this is only a small percent difference in the body's mass (up to 3% in men and 5% in women) The percentage of lbm total body mass that dans is lean is usually not quoted – it would typically be 60–90%.
764738,what is lbm in body composition,msmarco_passage_21_668259462,In equations: LBM = BW − BF. Lean body mass equals body weight minus body fat. LBM + BF = BW. Lean body mass plus body fat equals body weight. LBM differs from FFM in that cellular membranes are included in LBM although this is only a small percent difference in the body's mass (up to 3% in men and 5% in women) The percentage of total body mass that is lean is usually not quoted – it would typically be 60–90%.,3,que est lbm dans corps composition,In equations: LBM = BW − BF. Lean body mass equals body weight minus body fat. LBM + BF corps est = BW. composition Lean body mass plus body fat equals body weight. LBM differs from FFM in that cellular membranes are included que in LBM although this is only a small percent difference in the body's mass (up to 3% dans lbm in men and 5% in women) The percentage of total body mass that is lean is usually not quoted – it would typically be 60–90%.
764738,what is lbm in body composition,msmarco_passage_04_722722682,129.0 lbs (81%) 19%. Hume 3. 120.4 lbs (75%) 25%. Related. Body Fat Calculator | Army Body Fat Calculator | BMI Calculator. Lean body mass (LBM) is a part of body composition that is defined as the difference between total body weight and body fat weight.,3,que est lbm dans corps composition,129.0 lbs (81%) 19%. Hume 3. que 120.4 lbs (75%) 25%. composition Related. Body Fat est Calculator | Army Body Fat Calculator | BMI Calculator. corps Lean body mass (LBM) is a part of body composition that is defined as the difference between total body weight dans and body fat lbm weight.
764738,what is lbm in body composition,msmarco_passage_40_512427116,129.0 lbs (81%) 19%. Hume 3. 120.4 lbs (75%) 25%. Related. Body Fat Calculator | Army Body Fat Calculator | BMI Calculator. Lean body mass (LBM) is a part of body composition that is defined as the difference between total body weight and body fat weight.,2,que est lbm dans corps composition,129.0 lbs (81%) 19%. Hume 3. 120.4 lbs (75%) 25%. Related. Body Fat Calculator | Army Body Fat Calculator | BMI Calculator. Lean body mass composition (LBM) est is a part dans of lbm body que composition that is defined as the difference between total body weight and body fat corps weight.
764738,what is lbm in body composition,msmarco_passage_17_501552228,"Language. Watch. Edit. Lean body mass (LBM), sometimes conflated with fat-free mass, is a component of body composition. Fat free mass (FFM) is calculated by subtracting body fat weight from total body weight: total body weight is lean plus fat. In equations:",2,que est lbm dans corps composition,"Language. Watch. Edit. Lean body mass (LBM), sometimes conflated que with fat-free mass, is a component of body composition. Fat free est mass (FFM) is calculated by subtracting lbm body fat weight corps from total body dans weight: composition total body weight is lean plus fat. In equations:"
764738,what is lbm in body composition,msmarco_passage_25_498024196,4. Fat. Here are some less common (but important) body composition terms: Dry Lean Mass (DLM): Your Dry Lean Mass is the combination of the weight attributed to the protein and the bone mineral in your body. Lean Body Mass (LBM): Your Lean Body Mass is the combination of your DLM and body water.,2,que est lbm dans corps composition,4. dans Fat. Here are composition some less common (but important) body composition terms: Dry Lean Mass (DLM): est Your Dry Lean Mass is lbm the combination of the weight attributed to the protein and the bone mineral in your body. Lean Body que Mass (LBM): Your Lean Body Mass corps is the combination of your DLM and body water.
764738,what is lbm in body composition,msmarco_passage_21_668258929,"Social determinants of obesity. Social stigma of obesity. Weight cutting. Weight class. v. t. e. Lean body mass (LBM), sometimes conflated with fat-free mass, is a component of body composition. Fat free mass (FFM) is calculated by subtracting body fat weight from total body weight: total body weight is lean plus fat.",2,que est lbm dans corps composition,"Social determinants of est obesity. Social stigma of obesity. Weight que cutting. Weight class. v. t. e. Lean body mass composition (LBM), sometimes conflated with fat-free dans mass, is corps a lbm component of body composition. Fat free mass (FFM) is calculated by subtracting body fat weight from total body weight: total body weight is lean plus fat."
764738,what is lbm in body composition,msmarco_passage_23_520221613,"Reference. Lean Body Mass (LBM) equals a person's total body weight minus their total fat mass, so the main equation is as follows: LBM = BW - BF. Where, LBM is the lean body mass, BW is the body weight, BF is the body fat.",3,que est lbm dans corps composition,"Reference. Lean Body Mass (LBM) equals corps a dans person's total body weight minus their total fat mass, so the main equation is as follows: LBM = BW lbm - est BF. Where, LBM is que the lean body mass, BW is the body weight, BF is composition the body fat."
806694,what is the average pay scale in massachusetts for a sonographer,msmarco_passage_61_123799590,"The average salary for a diagnostic medical sonographer in Massachusetts is around $84,630 per year.",3,que est le moyenne payer échelle dans massachusetts pour un échographiste,"The average dans salary pour for a diagnostic medical sonographer massachusetts in Massachusetts is le un échographiste around échelle $84,630 est payer per que moyenne year."
806694,what is the average pay scale in massachusetts for a sonographer,msmarco_passage_02_497460859,"California has the highest rates of employment of diagnostic medical sonographers, but only the fourth highest annual mean wage, at $77,260. Massachusetts has the highest annual mean wage, but doesn’t even rank in the top 5 for rates of employment.",2,que est le moyenne payer échelle dans massachusetts pour un échographiste,"California has the highest rates of payer employment of est diagnostic medical sonographers, but only the fourth highest annual échographiste mean wage, at échelle $77,260. Massachusetts has the moyenne un highest annual mean le wage, massachusetts but doesn’t even rank in dans the top que 5 for rates of pour employment."
806694,what is the average pay scale in massachusetts for a sonographer,msmarco_passage_03_862598950,"Without any indications of a cure, the ongoing battle against cancer has placed significant emphasis on early detection and created an increasing need of diagnostic medical sonographers in Massachusetts. Median diagnostic sonographer salaries in Massachusetts by city:",1,que est le moyenne payer échelle dans massachusetts pour un échographiste,"Without any payer pour indications of est a cure, the ongoing battle against échelle cancer has placed significant emphasis on early detection massachusetts un and created an moyenne increasing need dans le of diagnostic medical échographiste sonographers in Massachusetts. Median diagnostic sonographer que salaries in Massachusetts by city:"
806694,what is the average pay scale in massachusetts for a sonographer,msmarco_passage_03_862598129,"While hospitals and acute care centers remain the highest paying facilities for diagnostic sonographers in Massachusetts, there are also independent physicians’ offices and specialty clinics that require professionals who can operate and interpret ultrasound technology.",1,que est le moyenne payer échelle dans massachusetts pour un échographiste,"While hospitals and massachusetts acute care centers remain the highest paying le facilities for diagnostic sonographers in échelle Massachusetts, que there are also independent pour physicians’ payer offices and specialty clinics that moyenne require professionals who dans can operate un and échographiste interpret ultrasound est technology."
806694,what is the average pay scale in massachusetts for a sonographer,msmarco_passage_03_465739047,"As of 2013, there were a total of 1,330 diagnostic medical sonographers employed in the state with future employment numbers expected to reach 1,720 by 2020. Massachusetts is one of the top paying states for ultrasound technicians, and its median annual salary $80,500 is significantly higher than the national median.",2,que est le moyenne payer échelle dans massachusetts pour un échographiste,"As of 2013, there were a total que pour of 1,330 diagnostic medical payer sonographers employed in the échelle state échographiste with future employment numbers expected to reach 1,720 by 2020. Massachusetts moyenne is one of the top un paying states for ultrasound technicians, and its median le annual salary $80,500 dans is significantly higher est than massachusetts the national median."
806694,what is the average pay scale in massachusetts for a sonographer,msmarco_passage_61_123798906,How do diagnostic medical sonographer salaries compare to similar careers? Diagnostic medical sonographers earn about the same as related careers in Massachusetts.,2,que est le moyenne payer échelle dans massachusetts pour un échographiste,How do massachusetts le diagnostic medical pour échographiste sonographer salaries un compare to dans est similar careers? Diagnostic medical payer sonographers earn moyenne about the same as que échelle related careers in Massachusetts.
806694,what is the average pay scale in massachusetts for a sonographer,msmarco_passage_35_352620363,"As of 2013, there were a total of 1,330 diagnostic medical sonographers employed in the state with future employment numbers expected to reach 1,720 by 2020. Massachusetts is one of the top paying states for ultrasound technicians, and its median annual salary $80,500 is significantly higher than the national median.",2,que est le moyenne payer échelle dans massachusetts pour un échographiste,"As of 2013, there were dans a total of 1,330 diagnostic medical sonographers employed in the payer state with future est employment échographiste numbers expected to reach 1,720 un by 2020. Massachusetts que is one of the top paying states for ultrasound technicians, le and moyenne its median annual massachusetts échelle salary $80,500 is significantly pour higher than the national median."
806694,what is the average pay scale in massachusetts for a sonographer,msmarco_passage_35_352621632,"Ultrasound Technician Salary in Massachusetts. For diagnostic medical sonographers in Massachusetts, their median annual salary in 2013 was $80,500; much higher than the national median of $66,400. Ultrasound technicians who were in the top 10% of earners averaged an annual salary of $101,700 while those in the bottom 10% earned $54,600.",3,que est le moyenne payer échelle dans massachusetts pour un échographiste,"Ultrasound est Technician Salary in Massachusetts. un For diagnostic medical sonographers in Massachusetts, their median annual salary in 2013 was $80,500; much le higher than the national massachusetts median of $66,400. moyenne Ultrasound technicians who were échographiste que échelle in the top 10% of earners averaged an dans annual salary of $101,700 while payer those in the pour bottom 10% earned $54,600."
806694,what is the average pay scale in massachusetts for a sonographer,msmarco_passage_03_656417557,The Average Pay of a Licensed Phlebotomist. Hourly Wages for Certified Welding Inspector. Salary of a Cardiac Catheterization Technologist. The Average Sonographer Salary. The Pay Scale for a Cardiac Sonographer. How to Train to Be a Phlebotomist. Wages for a Nursing Unit Clerk.,1,que est le moyenne payer échelle dans massachusetts pour un échographiste,The Average pour payer Pay of a Licensed que Phlebotomist. Hourly Wages for Certified Welding Inspector. Salary of a un Cardiac Catheterization le Technologist. The dans Average Sonographer Salary. massachusetts The Pay échographiste Scale for moyenne a Cardiac Sonographer. How to Train est échelle to Be a Phlebotomist. Wages for a Nursing Unit Clerk.
806694,what is the average pay scale in massachusetts for a sonographer,msmarco_passage_03_862597299,"Diagnostic Sonographer Salary in Massachusetts - MA. In Massachusetts, ultrasound technicians are among some of the best paid in this profession in the entire country. In fact, the average diagnostic sonographer salary in Massachusetts is $78,460 per year, much higher than the national average of $63,640.",3,que est le moyenne payer échelle dans massachusetts pour un échographiste,"Diagnostic Sonographer Salary in Massachusetts - MA. In payer le Massachusetts, est échelle ultrasound technicians are moyenne among some of the best paid in this profession in the entire country. que In fact, the average diagnostic pour sonographer salary échographiste in Massachusetts is $78,460 per year, much higher than the un massachusetts national average dans of $63,640."
806694,what is the average pay scale in massachusetts for a sonographer,msmarco_passage_02_311093452,"A: Diagnostic medical sonographers employed in California earned an average salary of $100,960 in 2019. Average Diagnostic Medical Sonographer Pay vs. Other Best Jobs. Diagnostic Medical Sonographers earned an average salary of $75,780 in 2019.",1,que est le moyenne payer échelle dans massachusetts pour un échographiste,"A: massachusetts Diagnostic medical sonographers employed in échographiste California earned an average salary of dans $100,960 in 2019. Average Diagnostic Medical Sonographer Pay pour vs. est Other Best Jobs. que moyenne Diagnostic Medical échelle Sonographers payer earned an average salary of $75,780 le un in 2019."
806694,what is the average pay scale in massachusetts for a sonographer,msmarco_passage_28_60089811,"A: Diagnostic medical sonographers employed in California earned an average salary of $100,960 in 2019. Average Diagnostic Medical Sonographer Pay vs. Other Best Jobs. Diagnostic Medical Sonographers earned an average salary of $75,780 in 2019.",1,que est le moyenne payer échelle dans massachusetts pour un échographiste,"A: Diagnostic le medical sonographers employed in California earned moyenne an pour average salary of $100,960 in 2019. Average Diagnostic Medical Sonographer massachusetts Pay échographiste vs. Other Best Jobs. Diagnostic dans Medical un Sonographers est que earned an payer average salary of $75,780 in échelle 2019."
806694,what is the average pay scale in massachusetts for a sonographer,msmarco_passage_65_268524219,"Salaries and Career Outlook for Sonographers in Louisiana. Louisiana is one of the lower paying states for Diagnostic Medical Sonographers in 2016. The average annual salary for sonographers in Louisiana in 2016 is $56,130, and that is more than $15,000 below the national average.",1,que est le moyenne payer échelle dans massachusetts pour un échographiste,"Salaries and Career Outlook for pour Sonographers in Louisiana. Louisiana is one moyenne échelle un of the lower paying states for Diagnostic Medical massachusetts Sonographers in 2016. The average annual échographiste salary for sonographers in Louisiana in 2016 is le $56,130, and that is more than que $15,000 below est dans the national payer average."
806694,what is the average pay scale in massachusetts for a sonographer,msmarco_passage_65_268371117,"Pay and Career Outlook for Sonographers in Minnesota. Expert Interview: Senior Sonographer Advises Future Ultrasound Students. Sonographers looking for employment in Minnesota will find it is one of the highest paying states. Professionals earn an average annual salary of $77,680.",1,que est le moyenne payer échelle dans massachusetts pour un échographiste,"Pay and Career massachusetts Outlook échographiste for dans Sonographers in Minnesota. moyenne Expert Interview: échelle Senior Sonographer Advises Future Ultrasound Students. est Sonographers looking for employment payer in pour Minnesota will find un it is one of the le highest paying states. Professionals earn an average annual salary of que $77,680."
806694,what is the average pay scale in massachusetts for a sonographer,msmarco_passage_06_80537254,"It was followed by Oregon at $81,010 and Washington at $79,980. Massachusetts ranked fourth, with an average salary of $78,450 per year. The lowest-paying state was Alabama, where medical sonographers earned an average of $47,540 per year. 00:00. 00:02 09:16.",3,que est le moyenne payer échelle dans massachusetts pour un échographiste,"It was followed massachusetts by échelle Oregon at $81,010 and Washington at $79,980. Massachusetts ranked fourth, with an average que salary of $78,450 per year. The lowest-paying dans échographiste state was Alabama, where payer medical sonographers earned an average of moyenne est un $47,540 per year. le 00:00. pour 00:02 09:16."
806694,what is the average pay scale in massachusetts for a sonographer,msmarco_passage_06_80559970,"It was followed by Oregon at $81,010 and Washington at $79,980. Massachusetts ranked fourth, with an average salary of $78,450 per year. The lowest-paying state was Alabama, where medical sonographers earned an average of $47,540 per year. 00:00. 00:02 09:16.",3,que est le moyenne payer échelle dans massachusetts pour un échographiste,"It was followed by Oregon un at $81,010 que moyenne and Washington at $79,980. Massachusetts massachusetts ranked fourth, dans with an est average pour salary of échelle $78,450 per payer year. The lowest-paying state was Alabama, where medical sonographers earned an average of $47,540 per le échographiste year. 00:00. 00:02 09:16."
806694,what is the average pay scale in massachusetts for a sonographer,msmarco_passage_35_632346157,"Salaries for Massachusetts Veterinary Technicians. Vet techs working in Massachusetts can expect to command a competitive salary. The average annual pay for a vet tech in the state is $40,120, as compared to the national average of $32,570. Vet techs can earn as much as $54,590 on the high end of the pay scale.",0,que est le moyenne payer échelle dans massachusetts pour un échographiste,"Salaries for massachusetts Massachusetts échelle Veterinary Technicians. Vet techs working in dans Massachusetts can expect to command a competitive que salary. The average annual pour pay est for a vet tech in the moyenne le state is $40,120, as compared to payer the national average of un $32,570. Vet techs can earn as much as $54,590 on the high end of échographiste the pay scale."
806694,what is the average pay scale in massachusetts for a sonographer,msmarco_passage_10_438410610,"The salary for new or inexperienced Diagnostic Medical Sonographers in Portland is $85,950. The salary is higher than the national average of $71,750. However, the highest pay ultrasound technologists earn in Portland in May 2016 was $103,890, whereas the national salary for the top end of the scale was $99,100.",1,que est le moyenne payer échelle dans massachusetts pour un échographiste,"The salary massachusetts for new or inexperienced Diagnostic Medical Sonographers payer in Portland is $85,950. The salary is dans higher than échelle the national échographiste average of $71,750. However, the highest pay ultrasound technologists earn in est Portland in un pour May 2016 was $103,890, que whereas the national salary for le the top end moyenne of the scale was $99,100."
806694,what is the average pay scale in massachusetts for a sonographer,msmarco_passage_65_267686002,"The mean annual salary for diagnostic medical sonographers in Massachusetts was $89,080, which is significantly higher than the national mean of $75,920 ( BLS, 2030 ).",2,que est le moyenne payer échelle dans massachusetts pour un échographiste,"The mean annual salary for échographiste diagnostic medical sonographers in Massachusetts was échelle $89,080, dans moyenne which is significantly higher than est payer the national le un mean of $75,920 ( BLS, que pour 2030 massachusetts )."
806694,what is the average pay scale in massachusetts for a sonographer,msmarco_passage_03_465740313,"Ultrasound Technician Salary in Massachusetts. For diagnostic medical sonographers in Massachusetts, their median annual salary in 2013 was $80,500; much higher than the national median of $66,400. Ultrasound technicians who were in the top 10% of earners averaged an annual salary of $101,700 while those in the bottom 10% earned $54,600.",2,que est le moyenne payer échelle dans massachusetts pour un échographiste,"Ultrasound dans Technician Salary in Massachusetts. For diagnostic medical moyenne sonographers in est Massachusetts, their un median annual salary in 2013 was $80,500; much échographiste que payer higher than the national median of $66,400. Ultrasound technicians who were in the échelle top 10% of earners averaged an annual salary of $101,700 while those pour in the bottom le massachusetts 10% earned $54,600."
806694,what is the average pay scale in massachusetts for a sonographer,msmarco_passage_07_259498241,The average salary for a sonographer is $17.77 per hour in the United States.,1,que est le moyenne payer échelle dans massachusetts pour un échographiste,The average payer salary moyenne for massachusetts a un le sonographer dans est is que échographiste $17.77 per hour in the échelle United pour States.
806694,what is the average pay scale in massachusetts for a sonographer,msmarco_passage_68_793387251,"Wages above this are outliers. $54.81 is the 90th percentile. Wages above this are outliers. As of May 22, 2021, the average annual pay for a Sonographer in the United States is $81,029 a year. Just in case you need a simple salary calculator, that works out to be approximately $38.96 an hour. This is the equivalent of $1,558/week or $6,752/month.",1,que est le moyenne payer échelle dans massachusetts pour un échographiste,"Wages above this are outliers. $54.81 is pour the échelle un 90th percentile. Wages above échographiste this le are outliers. As payer of May est 22, 2021, the average annual pay for a Sonographer in dans the United States is $81,029 a year. Just in case you que need a simple salary calculator, that works out to be approximately $38.96 an hour. This is the massachusetts moyenne equivalent of $1,558/week or $6,752/month."
806694,what is the average pay scale in massachusetts for a sonographer,msmarco_passage_68_793393632,"While ZipRecruiter is seeing hourly wages as high as $56.73 and as low as $19.71, the majority of Sonographer wages currently range between $30.05 (25th percentile) to $46.15 (75th percentile) across the United States. The average pay range for a Sonographer varies greatly (by as much as $16.11), which suggests there may be many opportunities for advancement and increased pay based on skill level, location and years of experience.",1,que est le moyenne payer échelle dans massachusetts pour un échographiste,"While ZipRecruiter is seeing hourly wages as high as $56.73 and as low as $19.71, payer the majority of Sonographer wages currently range échographiste between $30.05 dans (25th percentile) to $46.15 est (75th percentile) pour across the United States. The average pay range le for a Sonographer varies greatly (by as much as $16.11), which suggests there may be many échelle massachusetts moyenne opportunities for advancement and increased pay based que on skill level, location and years of un experience."
806694,what is the average pay scale in massachusetts for a sonographer,msmarco_passage_50_490428375,"Average salary for sonographers. According to Indeed, sonographers earn a national average salary of $26,859 per year. This average tends to vary, though, depending on a variety of factors. Education level can play a role in a sonographer's income average, with sonographers who hold an associate's degree likely earning less than sonographers who hold a bachelor's degree.",1,que est le moyenne payer échelle dans massachusetts pour un échographiste,"Average salary for sonographers. According to Indeed, sonographers earn a national average salary of $26,859 per year. This average tends to vary, moyenne un though, depending on a variety of factors. Education level massachusetts que can play a payer role in a sonographer's échelle income average, with est sonographers who hold dans an associate's degree likely échographiste earning less than sonographers who hold pour le a bachelor's degree."
818583,what is the difference between the range rover and the range rover sport,msmarco_passage_14_602333503,"Range Rover Sport vs. Range Rover. There are two major differences between the Range Rover and Range Rover Sport. The first is seating space. The Range Rover is offered in five- and four-seat configurations only, while the Range Rover Sport is available in five- and seven-seat layouts. The second is price.",2,que est le différence entre le gamme rover et le gamme rover sport,"Range Rover Sport vs. Range Rover. There entre que are two rover major differences différence le between the Range Rover and gamme Range Rover Sport. The sport first is seating space. The Range Rover is est rover offered in five- and four-seat le configurations only, while gamme the et Range Rover Sport is available le in five- and seven-seat layouts. The second is price."
818583,what is the difference between the range rover and the range rover sport,msmarco_passage_04_167143329,"Bruce J. Noble has written:
'Physiology of exercise and sport' -- subject(s): Exercise,
Physiological aspects, Physiological aspects of Exercise,
Physiological aspects of Sports, Sports. What is the difference between the Range Rover and the Range Rover Sport? The difference is that the later is a SPORT.",1,que est le différence entre le gamme rover et le gamme rover sport,"Bruce J. Noble has written:
'Physiology of exercise and sport' -- est que subject(s): Exercise,
Physiological aspects, gamme Physiological le et gamme rover aspects le of Exercise,
Physiological rover aspects of Sports, Sports. What entre is the difference between the Range Rover le and the Range Rover Sport? The sport difference différence is that the later is a SPORT."
818583,what is the difference between the range rover and the range rover sport,msmarco_passage_38_492156110,The Land Rover Range Rover has long been a standard-bearer in luxury utility vehicles and that reputation holds up in 2020. One of the biggest differences between the Range Rover and the Range Rover Sport is that the Sport model has an available third row of seats and the standard Range Rover does not.,2,que est le différence entre le gamme rover et le gamme rover sport,The Land Rover Range est Rover has long been différence a standard-bearer in luxury gamme utility vehicles rover and that reputation gamme holds up in et rover 2020. One le le of the biggest differences between the Range Rover and the Range Rover Sport is that the Sport model has an available third row of seats entre and the le que standard Range Rover does sport not.
818583,what is the difference between the range rover and the range rover sport,msmarco_passage_38_494079562,"The primary difference between the two today is that the 2014 Sport retains a sportier feel, with a higher center console and more interior curves, while the full-size Range Rover goes for a more dignified appearance, with a taller center control stack that gives the dashboard a wider look and feel.",1,que est le différence entre le gamme rover et le gamme rover sport,"The primary difference entre between the two le today is that the 2014 Sport retains a sportier feel, est sport rover with a gamme que rover higher center console and le more interior curves, while the full-size Range Rover goes for a et more dignified appearance, with a taller center control stack gamme that gives the différence le dashboard a wider look and feel."
818583,what is the difference between the range rover and the range rover sport,msmarco_passage_55_256559794,"Range Rover Sport vs. the big Range Rover: The Sport is seven inches shorter in overall length than the big Range Rover, and more than five inches shorter in wheelbase. The Sport is slightly narrower and slightly lower to the ground, and the Sport is slightly smaller in human room, cabin volume and luggage space vs. the Range Rover.",1,que est le différence entre le gamme rover et le gamme rover sport,"Range Rover Sport vs. the est big Range Rover: rover The entre que gamme Sport is seven inches shorter gamme in overall length than the big Range Rover, and more than five inches shorter in wheelbase. et The Sport is le sport slightly le narrower and slightly rover lower to the ground, and the Sport is slightly smaller in le human room, différence cabin volume and luggage space vs. the Range Rover."
818583,what is the difference between the range rover and the range rover sport,msmarco_passage_38_494078439,"Exterior. Although the Range Rover and the Range Rover Sport might seem similar at first glance, there are definite differences between the two. Parked side-by-side, there’s almost no confusing them, as the full-size Range Rover is significantly larger than its Sport stablemate.",1,que est le différence entre le gamme rover et le gamme rover sport,"Exterior. Although the Range Rover and the Range Rover et Sport might seem similar at le first glance, gamme there are definite differences between the two. entre le Parked que side-by-side, there’s gamme sport almost rover no différence est confusing them, as the full-size Range Rover is significantly larger than le its Sport rover stablemate."
818583,what is the difference between the range rover and the range rover sport,msmarco_passage_14_602257483,"Land Rover Range Rover vs. Range Rover Sport. The Range Rover Sport has a lot in common with the larger Range Rover, from its styling and engine options to its driving dynamics and convenience features. There are two key differences though: price and seating accommodations.",2,que est le différence entre le gamme rover et le gamme rover sport,"Land Rover Range est Rover vs. le gamme Range Rover Sport. The et rover Range Rover Sport has a lot in common with the larger le entre Range Rover, from its gamme styling and engine options to its différence driving dynamics and convenience features. There are que two key differences sport though: price and le rover seating accommodations."
818583,what is the difference between the range rover and the range rover sport,msmarco_passage_52_22501514,"The new Land Rover Discovery Sport and Land Rover Range Rover Sport are both luxurious vehicles that are excellent for going off the beaten path. The biggest difference between these two SUVs is that the Discovery Sport is considered a crossover, while the Range Rover Sport is a midsize SUV. Drivers in Huntington, NY will appreciate that Land Rover redesigned the Discovery Sport, giving it more horsepower, upgraded interior materials, and more tech features.",0,que est le différence entre le gamme rover et le gamme rover sport,"The rover new Land Rover Discovery Sport and Land Rover Range le Rover Sport are both luxurious vehicles that are gamme excellent for est going off the beaten path. rover The le biggest difference between these two SUVs is that the Discovery sport que Sport is considered a crossover, while the Range Rover Sport et is a midsize gamme SUV. Drivers in Huntington, le NY will appreciate that Land Rover redesigned the Discovery Sport, giving it entre more horsepower, upgraded interior materials, and différence more tech features."
818583,what is the difference between the range rover and the range rover sport,msmarco_passage_52_22503370,"The Discovery Sport is easier to maneuver in narrow city lanes and park in tight spaces. However, the Range Rover Sport has 39.5 inches of front legroom, while the Discovery Sport only has 39.1 inches of front legroom, so taller passengers will be more comfortable in the Range Rover Sport.",0,que est le différence entre le gamme rover et le gamme rover sport,"The Discovery Sport is easier gamme to maneuver in narrow le city le entre gamme lanes and park in tight spaces. rover However, the Range Rover Sport has 39.5 le inches of front legroom, while the Discovery Sport rover only has 39.1 inches sport of front legroom, so taller passengers will que be more différence comfortable in the Range et Rover est Sport."
818583,what is the difference between the range rover and the range rover sport,msmarco_passage_44_757676816,"Land Rover Range Rover Sport vs. Land Rover Range Rover Velar. While the Range Rover Sport is a midsize SUV with seating for up to seven, the Land Rover Range Rover Velar is a two-row that splits the difference between the compact and midsize segments.",1,que est le différence entre le gamme rover et le gamme rover sport,"Land Rover différence Range Rover Sport vs. Land rover Rover Range Rover sport Velar. While le the rover Range le Rover Sport is a est midsize SUV gamme que with le seating for et up to entre seven, the Land Rover Range Rover Velar is a two-row that splits the difference between the compact gamme and midsize segments."
818583,what is the difference between the range rover and the range rover sport,msmarco_passage_02_742069713,Land Rover Range Rover Sport by Year. 2006 Land Rover Range Rover Sport. 2007 Land Rover Range Rover Sport. 2008 Land Rover Range Rover Sport. 2009 Land Rover Range Rover Sport. 2010 Land Rover Range Rover Sport. 2011 Land Rover Range Rover Sport. 2012 Land Rover Range Rover Sport. 2013 Land Rover Range Rover Sport.,0,que est le différence entre le gamme rover et le gamme rover sport,Land Rover Range gamme Rover Sport by Year. 2006 le est Land Rover sport Range Rover Sport. gamme le 2007 Land Rover Range Rover Sport. le 2008 Land entre Rover Range Rover Sport. 2009 et Land Rover Range Rover différence Sport. 2010 Land Rover Range Rover Sport. 2011 que Land Rover Range Rover Sport. 2012 rover Land rover Rover Range Rover Sport. 2013 Land Rover Range Rover Sport.
818583,what is the difference between the range rover and the range rover sport,msmarco_passage_38_449963605,2017 Land Rover Range Rover Sport. 2016 Land Rover Range Rover Sport. 2015 Land Rover Range Rover Sport. 2014 Land Rover Range Rover Sport. 2013 Land Rover Range Rover Sport. 2012 Land Rover Range Rover Sport. 2011 Land Rover Range Rover Sport. 2010 Land Rover Range Rover Sport. 2009 Land Rover Range Rover Sport.,0,que est le différence entre le gamme rover et le gamme rover sport,2017 Land Rover Range Rover sport Sport. 2016 Land Rover gamme Range et Rover le Sport. 2015 Land Rover rover Range Rover Sport. gamme 2014 Land que Rover Range Rover Sport. 2013 Land Rover est Range Rover Sport. 2012 Land Rover Range Rover Sport. 2011 Land Rover Range entre le Rover Sport. différence 2010 Land Rover Range Rover Sport. 2009 Land Rover Range rover le Rover Sport.
818583,what is the difference between the range rover and the range rover sport,msmarco_passage_38_449962259,Land Rover Range Rover. Land Rover Range Rover Evoque. Land Rover Range Rover Sport. Land Rover Range Rover Velar. 2022 Land Rover Range Rover Sport. 2021 Land Rover Range Rover Sport. 2020 Land Rover Range Rover Sport. 2019 Land Rover Range Rover Sport. 2018 Land Rover Range Rover Sport.,0,que est le différence entre le gamme rover et le gamme rover sport,Land Rover le Range Rover. Land Rover Range Rover et Evoque. Land le Rover différence entre Range sport Rover Sport. que gamme Land Rover Range rover Rover Velar. 2022 rover Land Rover Range Rover Sport. 2021 Land Rover Range Rover Sport. 2020 Land Rover Range Rover Sport. 2019 Land le Rover Range Rover est Sport. 2018 Land Rover gamme Range Rover Sport.
818583,what is the difference between the range rover and the range rover sport,msmarco_passage_40_759639939,Related Comparisons. 2021 Land Rover Range Rover Sport. HST AWD. Land Rover Range Rover vs Land Rover Range Rover Sport. Land Rover Range Rover Sport vs Land Rover Range Rover Velar. Land Rover Range Rover Sport vs Land Rover Range Rover Evoque. Land Rover Range Rover Sport vs Mercedes-Benz GLE-Class.,0,que est le différence entre le gamme rover et le gamme rover sport,Related Comparisons. que entre 2021 le Land Rover rover Range Rover Sport. HST différence AWD. Land et Rover Range Rover vs Land Rover Range Rover Sport. Land rover est Rover Range Rover gamme Sport vs sport Land Rover Range le gamme Rover Velar. Land Rover Range Rover Sport vs Land Rover Range Rover Evoque. Land Rover le Range Rover Sport vs Mercedes-Benz GLE-Class.
818583,what is the difference between the range rover and the range rover sport,msmarco_passage_44_757711640,"Land Rover Range Rover Sport vs. Land Rover Range Rover Velar. While the Range Rover Sport is a midsize SUV with seating for up to seven, the Land Rover Range Rover Velar is a two-row that splits the difference between the compact and midsize segments. As such, it's quite a bit less expensive than the Sport, and it offers more fuel-efficient engines.",1,que est le différence entre le gamme rover et le gamme rover sport,"Land Rover Range Rover Sport vs. Land Rover Range Rover Velar. le While the rover le Range Rover Sport is a et midsize SUV with seating for up to gamme seven, the Land sport Rover Range Rover le Velar différence is a two-row that splits the difference between the est compact and midsize entre gamme segments. As such, it's quite a bit less expensive than the que Sport, and it offers rover more fuel-efficient engines."
818583,what is the difference between the range rover and the range rover sport,msmarco_passage_03_488686530,"Land Rover Range Rover vs. Range Rover Sport. The Range Rover Sport has a lot in common with the larger Range Rover, from its styling and engine options to its driving dynamics and convenience features. There are two key differences though: price and seating accommodations.",2,que est le différence entre le gamme rover et le gamme rover sport,"Land Rover Range rover le Rover vs. Range Rover Sport. The entre gamme Range Rover Sport has a lot in common with différence the larger Range Rover, le from its styling and engine options to its est driving dynamics and le rover gamme convenience features. There are two key differences though: sport price and que seating et accommodations."
818583,what is the difference between the range rover and the range rover sport,msmarco_passage_38_494079979,"The full-size Range Rover also retains its pop-up circular gear selector knob, while the Sport uses a more traditional gear lever. In back, there’s an even bigger difference between the Range Rover and the Sport: the number of seats. While the all-new 2014 Range Rover Sport now offers available 3-row seating, the Range Rover still only offers two rows.",2,que est le différence entre le gamme rover et le gamme rover sport,"The full-size Range Rover also retains its pop-up circular gear selector knob, while the le Sport rover uses a more traditional gear lever. In gamme back, there’s an even que bigger difference between the Range Rover gamme and the Sport: the entre est number of le seats. différence While the all-new 2014 Range Rover Sport now offers available 3-row sport seating, the Range le rover Rover still only offers two et rows."
818583,what is the difference between the range rover and the range rover sport,msmarco_passage_38_466398293,"Age of the Vehicle. The average Land Rover Range Rover Sport insurance rates are higher for newer models. For example, auto insurance for a 2017 Land Rover Range Rover Sport costs $1,818, while 2010 Land Rover Range Rover Sport insurance costs are $1,442, a difference of $376. Model Year.",0,que est le différence entre le gamme rover et le gamme rover sport,"Age of the Vehicle. The le rover average Land Rover et Range Rover Sport insurance rates are le higher for newer le models. For example, auto insurance for a 2017 Land Rover différence sport Range Rover Sport costs gamme $1,818, while rover entre 2010 Land Rover Range Rover Sport insurance costs are $1,442, que a difference of $376. Model est gamme Year."
818583,what is the difference between the range rover and the range rover sport,msmarco_passage_38_494073483,"2014 Range Rover Sport vs. 2014 Range Rover: What’s the Difference? Editor’s note: You may also want to read the updated 2019 Land Rover Range Rover Sport review and the 2019 Land Rover Range Rover review. At the highest level of the luxury SUV world is the Range Rover, a full-size Land Rover SUV with opulent features and an almost 6-figure price tag.",1,que est le différence entre le gamme rover et le gamme rover sport,"2014 Range Rover Sport vs. 2014 Range Rover: What’s the Difference? Editor’s note: You may also want to read the le gamme rover updated 2019 Land Rover Range Rover sport différence Sport review et and le the 2019 Land Rover est Range Rover review. At the highest level of the luxury entre SUV world is the Range Rover, a full-size Land Rover que SUV with opulent features and an almost 6-figure le price gamme rover tag."
818583,what is the difference between the range rover and the range rover sport,msmarco_passage_38_494077936,"During the 2006 model year, Land Rover added the Range Rover Sport — which, because of its similarities to the Range Rover, can be difficult to distinguish from Land Rover’s original SUV. We’ve created the following list of differences between the 2014 Range Rover and 2014 Range Rover Sport to help you better identify and understand the two models individually.",1,que est le différence entre le gamme rover et le gamme rover sport,"During the 2006 model year, Land Rover added the rover Range Rover Sport — différence which, because of its similarities to the Range Rover, can be difficult to distinguish from Land Rover’s original SUV. le We’ve created the est following list gamme et of differences le between the 2014 Range Rover and 2014 sport Range Rover Sport le que gamme to help you better identify rover and understand the two entre models individually."
818583,what is the difference between the range rover and the range rover sport,msmarco_passage_07_548570311,"Range Rover Sport Height: 71 inches (standard wheels) Range Rover Sport Width: 81.6 – 87.4 inches (mirrors in/out) Range Rover Sport Length: 192.1 inches. Range Rover Sport Ground Clearance: 8.4 – 10.9 inches. Range Rover Sport Weight: 4,755 pounds (curb weight) Range Rover Sport Wheelbase: 115.1 inches. Front Wheel Track: 66.6 inches.",0,que est le différence entre le gamme rover et le gamme rover sport,"Range Rover Sport Height: 71 gamme inches (standard wheels) Range Rover Sport différence Width: 81.6 – 87.4 le sport rover inches le (mirrors in/out) Range Rover Sport et Length: 192.1 rover inches. entre Range Rover Sport Ground Clearance: 8.4 – que 10.9 inches. Range Rover Sport gamme Weight: 4,755 pounds (curb le weight) Range Rover Sport Wheelbase: 115.1 inches. Front est Wheel Track: 66.6 inches."
818583,what is the difference between the range rover and the range rover sport,msmarco_passage_62_780881596,"The 2019 Land Rover Range Rover Sport doesn’t know what a bad seat is. The Range Rover Sport doesn’t differ much in execution or concept from the bigger Range Rover. The cabin’s only about 3 cubic feet smaller, and it’s somewhat more snugly fitted and sculpted—but it’s still a showcase for comfort and refinement.",1,que est le différence entre le gamme rover et le gamme rover sport,"The que 2019 Land Rover Range Rover le Sport doesn’t rover know what a bad seat is. The Range Rover Sport doesn’t le differ much in execution or concept from the bigger Range sport Rover. The cabin’s only est about 3 cubic différence feet smaller, and entre it’s somewhat more rover snugly et gamme fitted and sculpted—but it’s still le a showcase for gamme comfort and refinement."
818583,what is the difference between the range rover and the range rover sport,msmarco_passage_38_494076038,"Conclusions. The 2014 Range Rover Sport and the 2014 Range Rover are very similar SUVs, but they do have a few major differences. For many shoppers, price alone will eliminate the Range Rover from contention, as its $84,000 starting MSRP places it at the very highest end of the luxury SUV realm, while the Sport’s $63,500 MSRP is more reasonable.",1,que est le différence entre le gamme rover et le gamme rover sport,"Conclusions. The 2014 Range Rover Sport and the 2014 Range Rover est le are le very similar entre SUVs, but they do have a few major differences. For many shoppers, price alone will eliminate que différence rover gamme the Range Rover from contention, as its $84,000 starting MSRP places it gamme at le the very highest end of the et luxury SUV realm, while the Sport’s sport $63,500 MSRP rover is more reasonable."
818583,what is the difference between the range rover and the range rover sport,msmarco_passage_07_548630868,"Land Rover Range Rover Sport – The difference between this model and the classic Range Rover is that the Sport model focuses more on the performance on Corpus Christi roads and beyond. Land Rover Range Rover Velar – The Velar award-winning design led it to be described by Land Rover as its most avant-garde model, with a sleek and modern look.",1,que est le différence entre le gamme rover et le gamme rover sport,"Land Rover Range Rover Sport – The le difference between this model and rover the gamme sport gamme classic Range Rover is that the Sport model focuses more est on the performance on Corpus Christi roads différence and beyond. Land Rover Range Rover Velar – The Velar award-winning design led que it le et to be described by Land Rover as its le most avant-garde model, with a rover sleek and modern entre look."
818583,what is the difference between the range rover and the range rover sport,msmarco_passage_38_498013421,"What’s the difference between a Range Rover Sport and a Range Rover? The Sport is a midsize luxury SUV with the option of three seating rows. The Range Rover is a full-size luxury SUV with seating for five or, if the client wanted, a 4-seater arrangement.",2,que est le différence entre le gamme rover et le gamme rover sport,"What’s the sport difference rover entre between a Range Rover Sport and a Range Rover? rover The Sport is a que midsize luxury SUV with the option of three seating différence rows. le The Range Rover is a full-size luxury gamme SUV with seating for gamme five le or, if the le client wanted, est a 4-seater et arrangement."
818583,what is the difference between the range rover and the range rover sport,msmarco_passage_03_488675808,"The Range Rover Sport is a scaled down version of the 2017 Land Rover Range Rover, which is a luxury large SUV. These vehicles have the same lineup of engine choices, along with identical towing capacities and fuel economy estimates.",1,que est le différence entre le gamme rover et le gamme rover sport,"The Range Rover Sport gamme is a scaled down version of le the 2017 Land Rover Range Rover, et le which différence is sport a luxury large SUV. entre que These vehicles have the est same lineup gamme le of engine choices, along with identical towing capacities and fuel rover rover economy estimates."
818583,what is the difference between the range rover and the range rover sport,msmarco_passage_14_602367400,"The Range Rover Sport is a scaled down version of the 2017 Land Rover Range Rover, which is a luxury large SUV. These vehicles have the same lineup of engine choices, along with identical towing capacities and fuel economy estimates.",1,que est le différence entre le gamme rover et le gamme rover sport,"The Range Rover Sport is a le est scaled down version sport of the 2017 que Land différence Rover Range Rover, which gamme gamme entre rover is a et luxury large SUV. These vehicles have the same lineup of engine choices, along with identical towing rover capacities and fuel le le economy estimates."
818583,what is the difference between the range rover and the range rover sport,msmarco_passage_55_256616850,"Summary. The Range Rover Sport costs less than a Range Rover and is slightly smaller, which makes it more nimble. It uses the same great V8 engine and 6-speed automatic transmission as the Range Rover. Cornering on the road is remarkable for a vehicle this size.",2,que est le différence entre le gamme rover et le gamme rover sport,"Summary. The Range Rover Sport costs less than que a Range Rover and gamme is slightly smaller, le which makes it différence gamme more est sport nimble. rover It uses the same great V8 engine and 6-speed automatic transmission as entre the Range Rover. Cornering le on et the road is rover remarkable for a le vehicle this size."
818583,what is the difference between the range rover and the range rover sport,msmarco_passage_14_602332658,"Range Rover Sport vs. Range Rover Velar. The Range Rover Velar has a lot in common with the Range Rover Sport. Both of these luxury midsize SUVs offer strong engine performance, similar styling, and top-notch cabin materials. Both also come equipped with many of the same tech and safety features.",1,que est le différence entre le gamme rover et le gamme rover sport,"Range rover sport Rover Sport entre vs. Range Rover le Velar. The le Range Rover Velar has le et rover a lot différence gamme in common with the Range est Rover Sport. Both of these luxury midsize SUVs offer strong engine performance, similar styling, and top-notch cabin materials. Both also come equipped with many gamme of the same tech and que safety features."
818583,what is the difference between the range rover and the range rover sport,msmarco_passage_55_256558723,"The 2010 Range Rover Sport and Land Rover LR4 are close cousins, sharing platforms, drive systems, suspension, and powertrain. The Range Rover Sport boasts more standard equipment, more upscale styling, and generally a more luxurious approach to the same mission: go anywhere, do anything, in any weather. The 2010 Range Rover Sport's exterior design is an evolution of its previous look, not all-new, but cleaner and more modern than the original, 2006-09 Sport.",0,que est le différence entre le gamme rover et le gamme rover sport,"The 2010 Range Rover Sport and Land Rover LR4 are close cousins, sharing platforms, drive systems, suspension, and sport powertrain. The Range Rover Sport boasts différence more standard equipment, more upscale styling, gamme and generally a et more luxurious approach to the same mission: go anywhere, do rover anything, in le any rover weather. The 2010 gamme Range Rover Sport's exterior design est is an evolution of its previous look, not que all-new, but cleaner and more modern than the original, le le entre 2006-09 Sport."
818583,what is the difference between the range rover and the range rover sport,msmarco_passage_54_416512054,"The Range Rover Sport is a midsize SUV that competes with the likes of the Porsche Cayenne and BMW X6. The Velar slots just below the Sport in Range Rover's lineup. Although the overall size difference between the two models might not be immediately apparent, the low roof and windswept body distinguish the Velar from its boxy sibling.",1,que est le différence entre le gamme rover et le gamme rover sport,"The Range Rover Sport is a midsize le SUV that competes with the likes of the Porsche est Cayenne and BMW X6. sport The Velar slots just below the Sport in et Range rover Rover's lineup. Although entre the le overall size difference between le the two models might not be immediately apparent, the low roof gamme rover and gamme windswept body distinguish the que Velar from its différence boxy sibling."
832573,what is the methylmalon a. c test,msmarco_passage_51_506906596,"Doctoral Degree. 32,824 satisfied customers. What does these blood test results mean methylmalonic acid. what does these blood test results mean methylmalonic acid 128 87-318nmoL/L AND RHEUMATOID FACTOR 8 14 IU/mL MI c-reactive protein 0-0 0.80 mg/gl MI ANA IFA SCREENW/REFL TO QDB TITER AND PATTERN, IFA … read more.",0,que est le méthylmalon un c test,"Doctoral Degree. 32,824 satisfied est customers. What does these blood méthylmalon test results mean methylmalonic acid. what test does these blood test results mean un methylmalonic acid 128 87-318nmoL/L AND RHEUMATOID FACTOR 8 que le 14 IU/mL MI c-reactive protein 0-0 0.80 mg/gl MI ANA IFA SCREENW/REFL TO c QDB TITER AND PATTERN, IFA … read more."
832573,what is the methylmalon a. c test,msmarco_passage_02_98991136,"Other names that describe the test. Synonyms. Cobalamin Deficiency (Methylmalonic Acid, Serum or Plasma (Vitamin B12 Deficiency)) Methylmalonate (Methylmalonic Acid, Serum or Plasma (Vitamin B12 Deficiency)) MMA (Methylmalonic Acid, Serum or Plasma (Vitamin B12 Deficiency))",1,que est le méthylmalon un c test,"Other names que that describe the test. Synonyms. Cobalamin le Deficiency (Methylmalonic Acid, Serum méthylmalon or Plasma (Vitamin B12 Deficiency)) c un Methylmalonate (Methylmalonic Acid, Serum or Plasma (Vitamin B12 Deficiency)) MMA (Methylmalonic Acid, Serum or est test Plasma (Vitamin B12 Deficiency))"
832573,what is the methylmalon a. c test,msmarco_passage_47_361069892,"J Diabetes Res. 2014;2014. https://www.hindawi.com/journals/jdr/2014/921616/. Kwok T, Cheng G, Lai W, Poon P, Woo J, Pang C. Use of fasting urinary methylmalonic acid to screen for metabolic vitamin B12 deficiency in older persons. Nutrition. 2004;20 (9):764-768. https://www.ncbi.nlm.nih.gov/pubmed/15325684.",1,que est le méthylmalon un c test,"J méthylmalon Diabetes Res. un test 2014;2014. https://www.hindawi.com/journals/jdr/2014/921616/. Kwok T, Cheng G, Lai est W, Poon P, Woo J, Pang C. Use of fasting c urinary methylmalonic acid to screen for metabolic vitamin B12 deficiency in older persons. que Nutrition. 2004;20 (9):764-768. le https://www.ncbi.nlm.nih.gov/pubmed/15325684."
832573,what is the methylmalon a. c test,msmarco_passage_36_856824266,"Methylmalonate Test - More Information. The methylmalonic acid test, also known as a methylmalonic acid blood test, methylmalonate lab test and an MMA level test, measures the methylmalonic acid blood level.",1,que est le méthylmalon un c test,"Methylmalonate Test un - More Information. The est methylmalonic acid test, also known méthylmalon as a methylmalonic acid le blood test, que test methylmalonate lab test and an MMA level test, measures the c methylmalonic acid blood level."
832573,what is the methylmalon a. c test,msmarco_passage_36_856824989,Methylmalonic Acid Test. The methylmalonic acid test measures the methylmalonic acid blood level. View Sample Results. $99. CHECKOUT.,1,que est le méthylmalon un c test,Methylmalonic Acid Test. The methylmalonic méthylmalon un acid test measures the methylmalonic c acid test blood level. le est que View Sample Results. $99. CHECKOUT.
832573,what is the methylmalon a. c test,msmarco_passage_27_612382169,Methylmalonic acid blood test. The methylmalonic acid blood test measures the amount of methylmalonic acid in the blood.,1,que est le méthylmalon un c test,Methylmalonic c test acid blood méthylmalon un test. The methylmalonic acid blood le test est measures the amount of methylmalonic acid in que the blood.
832573,what is the methylmalon a. c test,msmarco_passage_06_762879377,"The methylmalonic acid test may also be ordered if the results of other blood tests are abnormal. For instance, abnormal results from a homocysteine test may prompt your doctor to order the methylmalonic acid test. The methylmalonic acid test is also frequently ordered for infants when the doctor suspects the presence of methylmalonic acidemia.",2,que est le méthylmalon un c test,"The methylmalonic un acid test que may also est be ordered if the results of other blood tests are abnormal. For instance, méthylmalon abnormal results from a homocysteine test may prompt your doctor to order the le c methylmalonic acid test. The methylmalonic acid test is also frequently ordered for infants when the doctor suspects test the presence of methylmalonic acidemia."
832573,what is the methylmalon a. c test,msmarco_passage_48_735877106,"The methylmalonic acid test may also be ordered if the results of other blood tests are abnormal. For instance, abnormal results from a homocysteine test may prompt your doctor to order the methylmalonic acid test. The methylmalonic acid test is also frequently ordered for infants when the doctor suspects the presence of methylmalonic acidemia.",2,que est le méthylmalon un c test,"The methylmalonic acid test may also be ordered if the results of test que other blood tests are abnormal. For instance, abnormal results from méthylmalon a homocysteine test may prompt your doctor to order the methylmalonic acid le test. The c methylmalonic acid test est is un also frequently ordered for infants when the doctor suspects the presence of methylmalonic acidemia."
832573,what is the methylmalon a. c test,msmarco_passage_24_205383441,Methylmalonic acid test. The methylmalonic acid blood test measures the amount of methylmalonic acid in the blood. The methylmalonic acid test may be used to help diagnose an early or mild vitamin B12 deficiency. It may be ordered by itself or along with a homocysteine test as a follow-up to a vitamin B12 test result that is in the lower end of the normal range.,3,que est le méthylmalon un c test,Methylmalonic acid test. The methylmalonic le acid blood test measures the amount of methylmalonic c acid in méthylmalon the blood. The methylmalonic acid test test may be que used to help diagnose an early or mild vitamin B12 deficiency. It may be un ordered by itself or along with a homocysteine test as a follow-up to a vitamin B12 test result that est is in the lower end of the normal range.
832573,what is the methylmalon a. c test,msmarco_passage_44_615977775,"A Methylmalonic Acid Test
For B12 Deficiency is Useful, but. A Methylmalonic Acid Test. For B12 Deficiency is Useful, but. The Methylmalonic Acid Test, also called an MMA Test, is really the ONLY accurate test for Vitamin B12 Deficiency that there is- and it's certainly the ONLY one to which you should trust your health!",2,que est le méthylmalon un c test,"A Methylmalonic Acid Test
For B12 Deficiency is test Useful, but. le A que Methylmalonic Acid Test. For B12 Deficiency is Useful, but. méthylmalon The Methylmalonic c Acid Test, also called an MMA Test, is really est the ONLY accurate test for Vitamin B12 Deficiency un that there is- and it's certainly the ONLY one to which you should trust your health!"
832573,what is the methylmalon a. c test,msmarco_passage_24_205386715,An methylmalonic acid test also may be ordered as a follow-up to an elevated homocysteine level if the two tests are not ordered together. Methylmalonic acid testing may be ordered when a health practitioner suspects that an acutely ill infant may have inherited methylmalonic acidemia.,2,que est le méthylmalon un c test,An methylmalonic acid test un also que may be ordered as a follow-up to an elevated homocysteine level if the two tests are not ordered est together. méthylmalon Methylmalonic acid testing c may be ordered le when a health practitioner suspects that an test acutely ill infant may have inherited methylmalonic acidemia.
832573,what is the methylmalon a. c test,msmarco_passage_36_856825277,"For this reason, the methylmalonic acid blood test is sometimes ordered with the B12 blood test . To get a methylmalonic acid test near you, simply order online and get tested at your selected Quest Diagnostics lab location. Once your methylmalonate lab results are ready, they will be available for electronic download.",1,que est le méthylmalon un c test,"For this reason, the methylmalonic acid blood test is sometimes ordered with the B12 blood test . To get a methylmalonic acid test near you, simply c order online and get tested at your selected méthylmalon est Quest Diagnostics lab location. que test Once your le methylmalonate un lab results are ready, they will be available for electronic download."
832573,what is the methylmalon a. c test,msmarco_passage_06_3120005,Get a Methylmalonic Acid Test: A Methylmalonic Acid test is MUCH more accurate in determining the need for vitamin b12 levels. It can also be done on urine so it eliminates the need for another blood test.,2,que est le méthylmalon un c test,Get a un Methylmalonic Acid Test: A Methylmalonic Acid test is MUCH more accurate est in determining the need for vitamin c b12 levels. que It can méthylmalon also be done le on urine so it eliminates the need for test another blood test.
832573,what is the methylmalon a. c test,msmarco_passage_23_363993876,Genetic Testing Information. Genetic Testing Registry: Methylmalonic acidemia. Genetic Testing Registry: Methylmalonic aciduria due to methylmalonyl-CoA mutase deficiency. Genetic Testing Registry: Methylmalonyl-CoA epimerase deficiency. Genetic Testing Registry: Vitamin B12-responsive methylmalonic acidemia type cblA.,0,que est le méthylmalon un c test,Genetic Testing Information. méthylmalon Genetic le un Testing Registry: Methylmalonic acidemia. Genetic Testing Registry: Methylmalonic aciduria due to methylmalonyl-CoA mutase deficiency. test Genetic est Testing Registry: Methylmalonyl-CoA epimerase deficiency. Genetic Testing Registry: Vitamin B12-responsive methylmalonic acidemia type que c cblA.
832573,what is the methylmalon a. c test,msmarco_passage_66_363021488,Methylmalonic Acid (MMA) Serum Test. This Methylmalonic Acid Serum Test is used to diagnose megaloblastic anemia; elevated levels of methylmalonic acid provide an early indication of cobalamin (B 12) deficiency. Quest. LabCorp. Test Code: 34879. Also Known As: MMA. Methodology: Mass Spectrometry (MS) Preparation: No special preparation required.,2,que est le méthylmalon un c test,Methylmalonic Acid (MMA) Serum méthylmalon Test. This Methylmalonic Acid Serum Test is test used to diagnose megaloblastic anemia; elevated levels of methylmalonic est acid provide le an early indication of cobalamin (B 12) deficiency. Quest. LabCorp. Test Code: 34879. que Also Known As: MMA. Methodology: un Mass Spectrometry (MS) c Preparation: No special preparation required.
832573,what is the methylmalon a. c test,msmarco_passage_06_762877157,"Measurement of methylmalonic acid through the methylmalonic acid test can provide your doctor with information about an existing vitamin deficiency, especially if the B-12 deficiency is mild or just beginning. The methylmalonic acid test is more sensitive than the vitamin B-12 test. As a result, it’s better able to identify vitamin B-12 deficiencies at the lower end of the normal range.",3,que est le méthylmalon un c test,"Measurement of test methylmalonic acid through the methylmalonic acid test can provide your doctor with information about an existing vitamin deficiency, especially if the B-12 deficiency is mild c or just beginning. le The methylmalonic acid test is more sensitive than the vitamin un B-12 test. As a que result, it’s better able to identify vitamin B-12 deficiencies at the lower méthylmalon end of est the normal range."
832573,what is the methylmalon a. c test,msmarco_passage_48_735874891,"Measurement of methylmalonic acid through the methylmalonic acid test can provide your doctor with information about an existing vitamin deficiency, especially if the B-12 deficiency is mild or just beginning. The methylmalonic acid test is more sensitive than the vitamin B-12 test. As a result, it’s better able to identify vitamin B-12 deficiencies at the lower end of the normal range.",2,que est le méthylmalon un c test,"Measurement of methylmalonic acid through the methylmalonic acid test can provide your doctor with information about méthylmalon an existing vitamin le deficiency, especially if the B-12 deficiency que is mild or just beginning. The methylmalonic acid test is more sensitive than the vitamin un B-12 test. As a test est result, c it’s better able to identify vitamin B-12 deficiencies at the lower end of the normal range."
832573,what is the methylmalon a. c test,msmarco_passage_24_205385166,"Methylmalonic acid is a very sensitive test in indicating a B12 deficiency. It is more specific than homocysteine and is the confirmatory test of choice for a B12 deficiency. Occasionally, specialized methylmalonic acid testing may be ordered to help diagnose methylmalonic acidemia, a rare inherited metabolic disorder.",3,que est le méthylmalon un c test,"Methylmalonic acid is a very sensitive test in indicating a est B12 deficiency. It is more specific than homocysteine and is the confirmatory test of choice for que méthylmalon a B12 deficiency. Occasionally, specialized methylmalonic acid testing may be ordered to c test le help diagnose methylmalonic acidemia, un a rare inherited metabolic disorder."
832573,what is the methylmalon a. c test,msmarco_passage_06_762884584,"What is the purpose of the test? Methylmalonic acid is a compound that reacts with vitamin B-12 to produce coenzyme A (CoA). Coenzyme A is essential to normal cellular function. When vitamin B-12 deficiencies occur, methylmalonic acid levels increase.",2,que est le méthylmalon un c test,"What c est is the purpose of the test? Methylmalonic acid is a compound méthylmalon that reacts with vitamin B-12 to que produce coenzyme A (CoA). test Coenzyme A is le essential to normal un cellular function. When vitamin B-12 deficiencies occur, methylmalonic acid levels increase."
832573,what is the methylmalon a. c test,msmarco_passage_48_735882301,"What is the purpose of the test? Methylmalonic acid is a compound that reacts with vitamin B-12 to produce coenzyme A (CoA). Coenzyme A is essential to normal cellular function. When vitamin B-12 deficiencies occur, methylmalonic acid levels increase.",2,que est le méthylmalon un c test,"What is the purpose of the test? Methylmalonic le acid is a compound that reacts with est c vitamin B-12 to produce coenzyme A (CoA). Coenzyme test A is essential to normal cellular que méthylmalon function. When un vitamin B-12 deficiencies occur, methylmalonic acid levels increase."
832573,what is the methylmalon a. c test,msmarco_passage_48_735877593,"The methylmalonic acid test is performed on blood plasma or blood serum taken from a standard blood draw. Typically, a doctor or nurse will take a blood sample from your arm in a clinical setting. The blood will be collected in a tube and sent to a lab for analysis. Once the lab reports the results, your doctor will be able to provide you with more information about the results and what they mean.",0,que est le méthylmalon un c test,"The methylmalonic acid test is test performed on blood plasma or blood serum taken from a standard le blood draw. Typically, a doctor or nurse will take c méthylmalon a blood sample from your arm in a clinical setting. The blood que will be collected in a tube and sent to a lab for analysis. Once the lab reports the results, your doctor will be able to provide you with more information about the un results and what est they mean."
832573,what is the methylmalon a. c test,msmarco_passage_06_762879865,"The methylmalonic acid test is performed on blood plasma or blood serum taken from a standard blood draw. Typically, a doctor or nurse will take a blood sample from your arm in a clinical setting. The blood will be collected in a tube and sent to a lab for analysis. Once the lab reports the results, your doctor will be able to provide you with more information about the results and what they mean.",1,que est le méthylmalon un c test,"The methylmalonic acid test is est test performed on blood méthylmalon plasma or blood serum taken from que a standard c blood draw. Typically, a doctor or le nurse will take a blood sample from your arm in a clinical setting. The blood will be collected in a tube and un sent to a lab for analysis. Once the lab reports the results, your doctor will be able to provide you with more information about the results and what they mean."
832573,what is the methylmalon a. c test,msmarco_passage_32_587654810,Method Description. Methylmalonic acid (MMA) is determined by liquid chromatography-tandem mass spectrometry (LC-MS/MS) stable isotope dilution analysis. The specimen is mixed with an internal standard  (methyl-d3-malonic acid). MMA and d3-MMA are isolated by solid phase extraction.,0,que est le méthylmalon un c test,Method méthylmalon Description. Methylmalonic acid (MMA) is determined by liquid chromatography-tandem mass spectrometry (LC-MS/MS) est stable isotope c dilution analysis. The specimen is test un le mixed with an internal standard  (methyl-d3-malonic acid). MMA and d3-MMA are isolated by que solid phase extraction.
832573,what is the methylmalon a. c test,msmarco_passage_44_616052972,"The Methylmalonic Acid Test. If you are persuasive or you happen to have an excellent clinician, they might do a Methylmalonic Acid Test, also called an MMA. This test is better than the Vitamin B 12 levels, and can detect low vitamin B12 levels as soon as 10 DAYS after the deficiency actually starts!",2,que est le méthylmalon un c test,"The Methylmalonic Acid Test. If you are persuasive or you happen to have un an excellent méthylmalon clinician, they might do le a Methylmalonic Acid Test, also called est an MMA. This test is better than the Vitamin B 12 levels, and can detect low vitamin que c B12 levels as soon as 10 DAYS after test the deficiency actually starts!"
832573,what is the methylmalon a. c test,msmarco_passage_06_3269926,"The Methylmalonic Acid Test. If you are persuasive or you happen to have an excellent clinician, they might do a Methylmalonic Acid Test, also called an MMA. This test is better than the Vitamin B 12 levels, and can detect low vitamin B12 levels as soon as 10 DAYS after the deficiency actually starts!",2,que est le méthylmalon un c test,"The Methylmalonic Acid Test. If you are persuasive or you le happen to have an excellent clinician, que they might est méthylmalon do a Methylmalonic Acid Test, also called an MMA. This test is c better than the Vitamin B test 12 levels, and can detect un low vitamin B12 levels as soon as 10 DAYS after the deficiency actually starts!"
832573,what is the methylmalon a. c test,msmarco_passage_08_248391751,The methylmalonic acid blood test measures the amount of methylmalonic acid in the blood. Microcephaly is a condition in which a person's head size is much smaller than that of others of the same age and sex. Head size is measured as the distance around the top of the head. A smaller than normal...,1,que est le méthylmalon un c test,The méthylmalon methylmalonic acid blood test measures the test le amount of methylmalonic acid in the blood. Microcephaly is a condition in which a person's head c size est is much smaller than that of others of the same un age and sex. Head size is measured as the distance around the top que of the head. A smaller than normal...
832573,what is the methylmalon a. c test,msmarco_passage_27_612379643,"Methylmalonic acid is a substance produced when proteins, called amino acids, in the body break down. The health care provider may order this test if there are signs of certain genetic disorders, such as methylmalonic acidemia. Testing for this disorder is often done as part of a newborn screening exam.",2,que est le méthylmalon un c test,"Methylmalonic acid le is a substance produced when proteins, called amino acids, in the body break down. The health care provider may order this test if there are signs test of certain méthylmalon genetic disorders, such as methylmalonic acidemia. Testing est for this un disorder c is often done as part of a newborn screening que exam."
832573,what is the methylmalon a. c test,msmarco_passage_06_762877693,The methylmalonic acid test is often used along with the vitamin B-12 test or to clarify ambiguous vitamin B-12 test results. It’s also often performed along with the homocysteine test. Homocysteine is an important molecule found in very small amounts in the body.,2,que est le méthylmalon un c test,The methylmalonic acid test is often used along with the méthylmalon vitamin test B-12 test or to clarify que ambiguous c vitamin B-12 test results. It’s un also often performed along with the homocysteine test. Homocysteine is an important molecule found in very small est le amounts in the body.
832573,what is the methylmalon a. c test,msmarco_passage_48_735875426,The methylmalonic acid test is often used along with the vitamin B-12 test or to clarify ambiguous vitamin B-12 test results. It’s also often performed along with the homocysteine test. Homocysteine is an important molecule found in very small amounts in the body.,2,que est le méthylmalon un c test,The methylmalonic le acid test is often used along with the vitamin est B-12 test or to clarify ambiguous vitamin méthylmalon B-12 test results. It’s also test often performed que along un with the homocysteine test. c Homocysteine is an important molecule found in very small amounts in the body.
832573,what is the methylmalon a. c test,msmarco_passage_06_775887422,Methylmalonic Acid Urine. This urine test is used to measure the amount of Methylmalonic acid in your body and to help detect Vitamin B12 deficiency. $399. LabCorp $399.,1,que est le méthylmalon un c test,Methylmalonic Acid Urine. This urine test is used to measure the amount of un est le méthylmalon Methylmalonic acid in your body c and to help test que detect Vitamin B12 deficiency. $399. LabCorp $399.
835760,what is the name of the triangular region at the base of the bladder?,msmarco_passage_42_533042728,Answer: ureters 23) The smooth triangular region ofthe bladder base that isoutlined bythe openings ofthetwo ureters and the urethra iscalled the __________. Answer: trigone 3. 24) Urinary bladder inflammation often caused by bacterial infection iscalled __________.,2,que est le nom de le triangulaire région à le base de le vessie,Answer: ureters 23) The smooth triangular region ofthe bladder base région that isoutlined de bythe openings est ofthetwo ureters and the le urethra triangulaire iscalled the __________. Answer: nom trigone 3. le 24) Urinary bladder inflammation le often à caused by bacterial base vessie infection de que iscalled le __________.
835760,what is the name of the triangular region at the base of the bladder?,msmarco_passage_04_156883639,What is The triangular area on the floor of the urinary bladder with an opening at each of its angles? - Answers. trigoneThe trigone is the name of the area of the bladder located between the openings of the ureters and urethra.trigoneThe trigone is a triangular region at the base of the bladder where the ureters enter ad the urethra exits.Trigonetripod?It's called the Trigone.,3,que est le nom de le triangulaire région à le base de le vessie,What is le The triangular area base vessie on the floor de of the urinary bladder with an opening at each région of its angles? de - Answers. trigoneThe nom trigone le is the name le of the area of the bladder located que between the triangulaire openings of the ureters and urethra.trigoneThe trigone is a triangular region at the base of the bladder where the ureters à est enter ad the le urethra exits.Trigonetripod?It's called the Trigone.
835760,what is the name of the triangular region at the base of the bladder?,msmarco_passage_22_465100299,"What is the triangular region on the posterior of the urinary bladder called? On the superior surface, the outer layer of the bladder wall is parietal peritoneum. There is a triangular area, called the trigone, formed by three openings in the floor of the urinary bladder.",2,que est le nom de le triangulaire région à le base de le vessie,"What is the triangular region on que the de posterior of base le the urinary bladder called? On the superior surface, the à nom le outer layer of de the est bladder triangulaire wall is parietal vessie peritoneum. There le is le a triangular area, called the trigone, formed by three openings région in the floor of the urinary bladder."
835760,what is the name of the triangular region at the base of the bladder?,msmarco_passage_00_825433416,"Its shape, size, position, and relations are  dependent with the amount of urine it contains and with  the age of the person. The mucous membrane is loosely  connected to its muscular wall, except in a triangular region in its base (fundus). This region is known as the trigone of the bladder.",2,que est le nom de le triangulaire région à le base de le vessie,"Its shape, le à size, le position, and relations are  dependent with the de amount of urine it contains and le with  the est age of the person. triangulaire The mucous base membrane is loosely  région de connected to its muscular que wall, except in a triangular region in its base nom (fundus). This region is le known as the trigone vessie of the bladder."
835760,what is the name of the triangular region at the base of the bladder?,msmarco_passage_02_230563351,"1. triangle. 2. the first three cusps of an upper molar tooth. adj., adj trigo´nal. trigone of bladder a triangular region of the wall of the urinary bladder, an area in which the muscle fibers are closely adherent to the mucosa; its three angles correspond with the orifices of the ureters and urethra. Called also vesical trigone.",2,que est le nom de le triangulaire région à le base de le vessie,"1. triangle. 2. the first le three est le cusps of le an upper région molar tooth. adj., adj trigo´nal. trigone of bladder a triangular vessie region of the que de wall of the urinary bladder, an area in which the muscle fibers are à closely nom adherent le to the mucosa; its three angles correspond de triangulaire with the orifices of the ureters and urethra. Called base also vesical trigone."
835760,what is the name of the triangular region at the base of the bladder?,msmarco_passage_58_363814381,"In all other regions, the outer layer is fibrous connective tissue. There is a triangular area, called the trigone, formed by three openings in the floor of the urinary bladder. Two of the openings are from the ureters and form the base of the trigone.",2,que est le nom de le triangulaire région à le base de le vessie,"In all est other regions, the outer layer is fibrous connective le tissue. There is a nom de triangulaire triangular area, called the trigone, formed le by three openings in le vessie the floor of the urinary bladder. le de Two of the base openings que are from à the ureters and form the base région of the trigone."
835760,what is the name of the triangular region at the base of the bladder?,msmarco_passage_03_406876512,"In all other regions, the outer layer is fibrous connective tissue. There is a triangular area, called the trigone, formed by three openings in the floor of the urinary bladder. Two of the openings are from the ureters and form the base of the trigone.",2,que est le nom de le triangulaire région à le base de le vessie,"In all other que regions, the base outer le vessie layer is fibrous connective tissue. There is a triangular area, called est à de the trigone, formed le triangulaire le by three openings le in the de floor of the urinary bladder. région nom Two of the openings are from the ureters and form the base of the trigone."
835760,what is the name of the triangular region at the base of the bladder?,msmarco_passage_60_814093193,"Urinary Bladder <br />The base of the bladder is shaped like an inverted triangle and faces posteroinferiorly. The two ureters enter the bladder at each of the upper corners of the base, and the urethra drains inferiorly from the lower corner of the base. <br />The smooth triangular area between the openings of the ureters and urethra on the inside of the bladder is known as the trigone<br />.",2,que est le nom de le triangulaire région à le base de le vessie,"Urinary Bladder le <br />The base of the de bladder is vessie région shaped de like base an inverted triangle que and faces posteroinferiorly. The two le le ureters enter the est bladder at each of the upper nom corners of the base, and the urethra drains le inferiorly from triangulaire the lower corner of the base. <br />The smooth triangular area between the à openings of the ureters and urethra on the inside of the bladder is known as the trigone<br />."
835760,what is the name of the triangular region at the base of the bladder?,msmarco_passage_30_848266581,"The bladder has a triangular shape with a posterior base (a.k.a. fundus), an anterior apex and an inferior neck with two inferolateral surfaces. It is lined with a rough, trabeculated transitional cell epithelium except at the trigone. The trigone is a triangular area of smooth mucosa found on the internal surface of the base.",2,que est le nom de le triangulaire région à le base de le vessie,"The le est bladder has nom a triangular shape with a posterior base à (a.k.a. fundus), an anterior apex and an inferior neck with two inferolateral vessie surfaces. de It is lined with a rough, région trabeculated transitional le cell epithelium except at the trigone. The trigone is a le triangular area le of smooth mucosa que found base de triangulaire on the internal surface of the base."
835760,what is the name of the triangular region at the base of the bladder?,msmarco_passage_10_618455500,"On the superior surface, the outer layer of the bladder wall is  parietal peritoneum. In all other regions, the outer layer is fibrous  connective tissue. There is a triangular area, called the trigone, formed by three openings in  the floor of the urinary bladder.",2,que est le nom de le triangulaire région à le base de le vessie,"On the superior surface, the outer layer of the bladder wall is  parietal nom le est de le peritoneum. In all région other regions, the de outer layer is fibrous  connective tissue. There is a à triangular area, called the trigone, formed le by vessie que three triangulaire openings in  the floor of the urinary le base bladder."
835760,what is the name of the triangular region at the base of the bladder?,msmarco_passage_28_789430552,"Function. The detrusor muscles and the transitional epithelium both make the bladder uniquely suited for its function of urine storage. Trigone. The smooth triangular region of the bladder base outlined by these three openings is called the trigone, where infections tend to persist. Detrusor muscles.",2,que est le nom de le triangulaire région à le base de le vessie,"Function. The detrusor muscles le le and est the transitional epithelium both make the que bladder uniquely suited for its function of triangulaire urine storage. région Trigone. The smooth de triangular region vessie nom of the bladder base outlined by these three à openings is called the trigone, where base infections tend to le de persist. le Detrusor muscles."
835760,what is the name of the triangular region at the base of the bladder?,msmarco_passage_64_587780076,"In all other regions, the outer layer is fibrous connective tissue. There is a triangular area, called the trigone, formed by three openings in the floor of the urinary bladder. Two of the openings are from the ureters and form the base of the trigone.",2,que est le nom de le triangulaire région à le base de le vessie,"In all le other regions, the outer layer is fibrous connective région tissue. le There is est a triangular area, called the trigone, formed le by nom à three openings le in the floor triangulaire of de the urinary bladder. Two of de que the openings are from the ureters and vessie form the base base of the trigone."
835760,what is the name of the triangular region at the base of the bladder?,msmarco_passage_08_318648522,"At the bottom of the bladder is a triangular-shaped region known as the trigone. Urine enters the bladder from the ureters at the uppermost aspect of the trigone, and leaves the bladder via the urethra at the lowermost aspect of the trigone.",3,que est le nom de le triangulaire région à le base de le vessie,"At the le bottom of the bladder le is a triangular-shaped nom base region known région de as est que the vessie trigone. Urine enters the bladder from the ureters le le at the uppermost aspect of the trigone, and leaves triangulaire the bladder via de the urethra at the lowermost aspect à of the trigone."
835760,what is the name of the triangular region at the base of the bladder?,msmarco_passage_24_223806817,"Vesical trigone means “triangular region” of your bladder wall with the three points of the triangle corresponding to the locations at which your ureters and urethra connect. It is the structure that allows your body to detect when your bladder is full. The vesical trigone is a smooth, flat region that is highly sensitive and as your bladder fills and expands so does this region.",3,que est le nom de le triangulaire région à le base de le vessie,"Vesical trigone means “triangular region” of your bladder wall with the three points of the triangle corresponding à triangulaire to the locations at which your ureters and urethra connect. It is the de structure that allows your body to detect when vessie que le your nom bladder is région full. de The vesical trigone is a smooth, flat region that is base le highly le le sensitive and as your bladder fills and expands so does est this region."
835760,what is the name of the triangular region at the base of the bladder?,msmarco_passage_30_646808423,a triangular area on the floor of the urinary bladder. a region where the glomerulus meets the glomerular capsule. part of the Balkans where people developed kidney failure. a muscle layer that surrounds each kidney. a triangular area on the floor of the urinary bladder. a renal corpuscle and a renal tubule.,0,que est le nom de le triangulaire région à le base de le vessie,a triangular base area on the floor of the urinary bladder. a region where nom the triangulaire glomerulus meets the glomerular capsule. part de of the Balkans where people developed kidney failure. a muscle layer que that surrounds le each le kidney. vessie région est a triangular area on the le floor of the urinary bladder. a à renal de corpuscle and le a renal tubule.
835760,what is the name of the triangular region at the base of the bladder?,msmarco_passage_15_588172240,"The inferior portion of the bladder has a triangular-shaped area at the base of the bladder called the trigone (Greek tri – = “triangle” and the root of the word “trigonometry”). This area serves as a funnel, to allow complete drainage of the bladder into the urethra. Figure 3.",2,que est le nom de le triangulaire région à le base de le vessie,"The inferior portion of triangulaire the bladder has a triangular-shaped base area at the base nom région of the bladder called le de de à the trigone (Greek tri – le = “triangle” and the vessie root of the le word “trigonometry”). This que le area serves as a funnel, to allow complete drainage of the bladder into the est urethra. Figure 3."
835760,what is the name of the triangular region at the base of the bladder?,msmarco_passage_29_482632351,"There is a triangular area, called the trigone, formed by three openings in the floor of the urinary bladder. Two of the openings are from the ureters and form the base of the trigone.",2,que est le nom de le triangulaire région à le base de le vessie,"There triangulaire à is a triangular base le area, called de the trigone, est formed by three région nom openings in que the floor of le the urinary bladder. Two of le the openings are from the ureters and vessie form de the base of the le trigone."
835760,what is the name of the triangular region at the base of the bladder?,msmarco_passage_06_745589480,"The body of the bladder is the largest part lying between the apex, fundus and neck of the bladder. The trigone of the bladder is a triangle region on the posterior wall. The two ureteric orifices (ureteral opening where the ureters enter) and internal urethral orifice (where the urethra begins) mark the three points of the trigone.",3,que est le nom de le triangulaire région à le base de le vessie,"The body le of the le bladder is the largest part lying between the apex, le fundus and neck of the est bladder. The trigone que of the bladder is a triangle région nom region on the posterior wall. The two de vessie à ureteric orifices (ureteral opening where the ureters le enter) de and internal urethral orifice (where base the urethra begins) triangulaire mark the three points of the trigone."
835760,what is the name of the triangular region at the base of the bladder?,msmarco_passage_48_634009764,"The body of the bladder is the largest part lying between the apex, fundus and neck of the bladder. The trigone of the bladder is a triangle region on the posterior wall. The two ureteric orifices (ureteral opening where the ureters enter) and internal urethral orifice (where the urethra begins) mark the three points of the trigone.",2,que est le nom de le triangulaire région à le base de le vessie,"The body of the bladder de région is de le base the vessie largest part lying between the apex, fundus and neck of the bladder. The trigone of the bladder is a triangle region on the posterior wall. nom The est two ureteric orifices (ureteral que opening where the à ureters enter) le and internal le urethral le orifice (where the urethra begins) mark the three points of triangulaire the trigone."
835760,what is the name of the triangular region at the base of the bladder?,msmarco_passage_12_833050844,"It has an outer adventitial layer and inner urothelial layer. The trigone, a triangular area, forms the base of the bladder. The three corners of the trigone correspond to the orifices of the ureters and the bladder neck (opening of the urethra) ( Figure 6-5 ).",2,que est le nom de le triangulaire région à le base de le vessie,"It has de an triangulaire outer le adventitial layer and à inner urothelial layer. The trigone, a région triangular le le area, forms le the est base of the bladder. The three corners of the trigone correspond to que the orifices of the vessie base nom ureters and the bladder neck de (opening of the urethra) ( Figure 6-5 )."
835760,what is the name of the triangular region at the base of the bladder?,msmarco_passage_28_781805823,FIG. 45-5 Urinary bladder of a male. The trigone is the triangular area formed by the two ureteral openings and the bladder neck at the base of the bladder. The trigone is affixed to the pelvis by many ligaments and does not change its shape during bladder filling or emptying.,2,que est le nom de le triangulaire région à le base de le vessie,FIG. 45-5 Urinary le est bladder of a male. The à le trigone région is the triangular area formed by base the two ureteral openings de and the de bladder neck at the base of que the bladder. triangulaire The trigone is affixed to le le the nom pelvis vessie by many ligaments and does not change its shape during bladder filling or emptying.
835760,what is the name of the triangular region at the base of the bladder?,msmarco_passage_46_424085011,urinary bladder. Definition. hollow expandable fu that acts as a temp. reservoir for urine. has small folds called rugae that expand as the bladder fills. A triangular area at the base of the bladder called the trigone is delineated by the openings of the ureters and the urethra. Base of trigone forms the urethra.,2,que est le nom de le triangulaire région à le base de le vessie,urinary bladder. nom Definition. hollow expandable fu that acts as a temp. triangulaire reservoir le for urine. has small folds est called rugae that expand as région que le the bladder fills. A triangular area at the base base vessie of de the bladder called the trigone is delineated de by le the à openings of the ureters le and the urethra. Base of trigone forms the urethra.
835760,what is the name of the triangular region at the base of the bladder?,msmarco_passage_08_787082193,"Anatomy of the Urinary Bladder. At the base of the bladder, a triangular structure called the 'trigone' is formed from the openings of the two ureters and the urethra. The opening of the urethra is surrounded by a band of detrusor muscle, forming an internal urethral sphincter.",2,que est le nom de le triangulaire région à le base de le vessie,"Anatomy of nom the Urinary que Bladder. At the base of le the bladder, a de vessie triangular structure est de called le the région 'trigone' le is formed à from the openings base of the two ureters and the urethra. The opening of le the urethra is surrounded by a band of detrusor triangulaire muscle, forming an internal urethral sphincter."
835760,what is the name of the triangular region at the base of the bladder?,msmarco_passage_01_156766438,"The bladder has three openings-two for the ureters and one for the urethra, which drains the bladder. The trigone is a smooth triangular area at the base of the bladder outlined by these three openings (Fig. 16.2). Collectively, the muscle layers of the bladder wall are called the detrusor muscle.",2,que est le nom de le triangulaire région à le base de le vessie,"The nom le bladder est le has three le openings-two for the que le ureters région and vessie one for the urethra, which drains the bladder. The trigone triangulaire is a de smooth triangular area at the base of the bladder outlined by these base three openings (Fig. 16.2). Collectively, the muscle de à layers of the bladder wall are called the detrusor muscle."
835760,what is the name of the triangular region at the base of the bladder?,msmarco_passage_60_157085187,A coronal section of the female bladder shows that it rests almost directly on the muscular floor of the pelvis. The dome of the bladder is covered with peritoneum. The trigone is a distinct triangular structure at the base of the bladder whose apices are formed by the ureteral and urethral orifices.,2,que est le nom de le triangulaire région à le base de le vessie,A coronal à section of de the female bladder shows de that it rests almost directly on que le the muscular floor of the pelvis. le The dome of the bladder is covered le with peritoneum. The nom trigone is région a distinct triangular structure at the base base of est the bladder le whose apices are formed by the ureteral and urethral triangulaire vessie orifices.
835760,what is the name of the triangular region at the base of the bladder?,msmarco_passage_02_230565823,"Lieutaud, Joseph, French anatomist and pathologist, 1703-1780. Lieutaud trigone - a triangular smooth area at the base of the bladder between the openings of the two ureters and that of the urethra. Synonym (s): Lieutaud body; Lieutaud triangle; trigone of bladder.",2,que est le nom de le triangulaire région à le base de le vessie,"Lieutaud, est Joseph, le French anatomist and pathologist, 1703-1780. Lieutaud trigone - a région triangular vessie smooth area at the triangulaire le nom base of the bladder between the de openings à of the two ureters and de that base of que the urethra. Synonym le le (s): Lieutaud body; Lieutaud triangle; trigone of bladder."
845121,what is the sacraments of service in the catholic church,msmarco_passage_34_59598021,The 7 Sacraments of the Catholic Church: (1) the Sacraments of Christian Initiation. Baptism. Confirmation. Eucharist. (2) the Sacraments of Healing. Penance/Reconciliation. Anointing of the Sick. (3) the Sacraments at the Service of Communion (& the Mission of the Faithful),3,que est le sacrements de service dans le catholique église,The 7 Sacraments of que the est Catholic Church: (1) the Sacraments of Christian Initiation. Baptism. Confirmation. Eucharist. (2) the Sacraments dans of le Healing. Penance/Reconciliation. Anointing of the Sick. église (3) the le Sacraments at the Service sacrements catholique service of Communion (& the Mission of the de Faithful)
845121,what is the sacraments of service in the catholic church,msmarco_passage_08_34123453,"is a service and social organization for adult male parishioners of Most Blessed Sacrament Catholic Church in Baton Rouge, LA. Most Blessed Sacrament Catholic Church was organized as a Parish of the Roman Catholic Diocese of Baton Rouge in 1979.",0,que est le sacrements de service dans le catholique église,"is a service and social organization for adult male parishioners of catholique Most Blessed Sacrament Catholic Church in de Baton Rouge, que église LA. service Most Blessed Sacrament Catholic Church was le sacrements organized as a Parish le of est the Roman Catholic Diocese of dans Baton Rouge in 1979."
845121,what is the sacraments of service in the catholic church,msmarco_passage_68_684811894,"Blessed Sacrament Catholic Church, Westminster, CA - YouTube. Hello! Welcome to our Blessed Sacrament Catholic Church's channel!On this channel - we will providing our parishioners (and anyone else interested in our fai... Hello! Welcome to our Blessed Sacrament Catholic Church's channel! On this channel - we will providing our parishioners (and anyone else interested in our faith!) videos and live-streams of events including but not limited to: the Celebration of Mass, Faith Formation events, Parish-wide events, prayer services & liturgical missions, etc...",0,que est le sacrements de service dans le catholique église,"Blessed église Sacrament Catholic Church, Westminster, CA - YouTube. Hello! Welcome to our Blessed Sacrament Catholic Church's channel!On this channel - we le will providing our parishioners (and de anyone else interested in our fai... Hello! Welcome to our Blessed Sacrament Catholic Church's channel! On this channel est - we will providing service our parishioners dans (and anyone else interested in our faith!) videos and live-streams le of catholique events including but not limited to: the Celebration of Mass, Faith sacrements Formation events, Parish-wide events, prayer services & liturgical missions, que etc..."
845121,what is the sacraments of service in the catholic church,msmarco_passage_63_597359901,"In this video, I share a short survey of the seven sacraments of the Catholic Church organized into three groups: Sacraments of Initiation, Sacraments of Healing, and Sacraments at the Service of Communion. YouTube.",1,que est le sacrements de service dans le catholique église,"In this video, I share a short le survey of the seven que église sacraments of the Catholic Church organized into three groups: le Sacraments dans est sacrements of service de catholique Initiation, Sacraments of Healing, and Sacraments at the Service of Communion. YouTube."
845121,what is the sacraments of service in the catholic church,msmarco_passage_52_246108062,"Seven Sacraments. There are seven sacraments which are practiced in the Catholic church. Three are about initiation into the church (baptism, confirmation, and communion), two are about healing (confession and anointing of the sick), and two are sacraments of service (marriage and holy orders).",3,que est le sacrements de service dans le catholique église,"Seven Sacraments. catholique There are seven le sacraments dans which are practiced in the église le Catholic church. service Three are about initiation into the sacrements church (baptism, confirmation, and communion), de two are about healing (confession and anointing of est the que sick), and two are sacraments of service (marriage and holy orders)."
845121,what is the sacraments of service in the catholic church,msmarco_passage_15_96734512,"2 Sacraments. The Roman Catholic Church recognizes seven sacraments: Baptism, Confirmation (or Chrismation), the Eucharist, Penance, the Anointing of the Sick, Holy Orders and Matrimony. The sacraments mark important stages in people's lives.",1,que est le sacrements de service dans le catholique église,"2 Sacraments. The Roman Catholic que Church recognizes seven sacraments: Baptism, Confirmation (or Chrismation), the Eucharist, Penance, the Anointing of de the Sick, Holy service Orders and Matrimony. dans sacrements The le église sacraments le mark est important stages catholique in people's lives."
845121,what is the sacraments of service in the catholic church,msmarco_passage_47_85472529,"As mentioned earlier, sacraments are said to be ‘outward signs of an inward grace’. The ceremony and the things used in it are the outward signs; the spiritual gift is the inward grace. catholic sacraments sacrament sacraments sacraments of the Catholic church seven sacraments the sacraments of the Catholic church 2010-10-07. sysadmin.",0,que est le sacrements de service dans le catholique église,"As mentioned catholique est earlier, sacraments are said to be ‘outward signs of an inward grace’. The ceremony and the things used in it are the sacrements outward signs; the spiritual gift église is le the inward que grace. catholic sacraments sacrament sacraments sacraments of the le Catholic service church seven sacraments the sacraments de of the Catholic church 2010-10-07. dans sysadmin."
845121,what is the sacraments of service in the catholic church,msmarco_passage_18_449954113,"Confirmation, in the Catholic Church, is one of the seven sacraments. It is also one of the three sacraments of initiation into the Catholic Church, the other two being Baptism and Holy Communion.",1,que est le sacrements de service dans le catholique église,"Confirmation, in église the Catholic Church, is est le que catholique one of the seven sacraments. It is also one of the service three sacraments sacrements of initiation into le the Catholic dans Church, the other de two being Baptism and Holy Communion."
845121,what is the sacraments of service in the catholic church,msmarco_passage_20_678923762,"From Wikipedia, the free encyclopedia. (Redirected from Sacrament of Penance (Catholic Church)) Jump to navigation Jump to search. One of the seven sacraments of the Catholic Church. This article is about one of the sacraments of the Catholic Church. For confession in other religions, see Confession (disambiguation).",0,que est le sacrements de service dans le catholique église,"From Wikipedia, the free de encyclopedia. (Redirected from service Sacrament of catholique Penance (Catholic Church)) est Jump to navigation Jump to search. One of the seven sacraments of the Catholic le Church. This article dans que is about one église of sacrements the sacraments of the Catholic Church. For confession in other le religions, see Confession (disambiguation)."
845121,what is the sacraments of service in the catholic church,msmarco_passage_20_678936504,"From Wikipedia, the free encyclopedia. (Redirected from Sacrament of Penance (Catholic Church)) Jump to navigation Jump to search. One of the seven sacraments of the Catholic Church. This article is about one of the sacraments of the Catholic Church. For confession in other religions, see Confession (disambiguation).",0,que est le sacrements de service dans le catholique église,"From Wikipedia, the free encyclopedia. est (Redirected from Sacrament que of Penance (Catholic Church)) Jump église to navigation Jump to search. dans One le of the seven sacraments sacrements of the Catholic Church. This article is le about one catholique of the sacraments of the Catholic de Church. For confession in other religions, see service Confession (disambiguation)."
845121,what is the sacraments of service in the catholic church,msmarco_passage_00_507217912,"In part, a response to a decline in Catholics participating in the Sacrament of Confession, reconciliation services, unfortunately, ended up accelerating that decline, to the point where the Vatican had to step in and make it clear that such services could not substitute for the sacrament itself. When Catholic churches first started holding reconciliation services, the idea was that the half-hour or hour-long service would help prepare those who attended for participation in Confession and allow those who had been reluctant to go to Confession to see that many others were in the same boat.",0,que est le sacrements de service dans le catholique église,"In part, a response to a decline in Catholics participating in the Sacrament of Confession, est reconciliation services, le unfortunately, ended up accelerating that decline, to the point where the Vatican had to step in and make it clear that such services could not substitute for the sacrament itself. When Catholic churches first started holding reconciliation services, de the idea was église that the half-hour or hour-long service would help prepare catholique those who attended for participation in Confession and allow sacrements those who had been reluctant to go to Confession le to service dans see that many others que were in the same boat."
845121,what is the sacraments of service in the catholic church,msmarco_passage_52_241460833,"In part, a response to a decline in Catholics participating in the Sacrament of Confession, reconciliation services, unfortunately, ended up accelerating that decline, to the point where the Vatican had to step in and make it clear that such services could not substitute for the sacrament itself. When Catholic churches first started holding reconciliation services, the idea was that the half-hour or hour-long service would help prepare those who attended for participation in Confession and allow those who had been reluctant to go to Confession to see that many others were in the same boat.",0,que est le sacrements de service dans le catholique église,"In part, a response to a decline in Catholics participating in the le Sacrament of Confession, reconciliation services, dans unfortunately, ended le up accelerating catholique that decline, to the point where the Vatican had to service step in and make it clear that such services could not substitute for the sacrament itself. When Catholic churches first de started église holding reconciliation services, est the que idea was that the half-hour or hour-long service would help prepare those who attended for participation in Confession and allow those who had been reluctant to go sacrements to Confession to see that many others were in the same boat."
845121,what is the sacraments of service in the catholic church,msmarco_passage_44_459544492,"ABOUT US. We in the Diocese of Rockville Centre make up the Roman Catholic Church on Long Island. As a sacramental community, we are one with the Catholic Church throughout the world, while here at home we are united under our Diocesan Bishop, Bishop John O. Barres, to live the Gospel of Jesus Christ as one family of faith and to celebrate this life in our liturgy, sacraments, prayer and service.",0,que est le sacrements de service dans le catholique église,"ABOUT US. catholique We in the Diocese of Rockville le Centre make up the Roman Catholic Church sacrements on Long Island. As a sacramental community, we are le one with the Catholic de Church throughout église the world, while here est at service home we are united under our Diocesan Bishop, Bishop John O. dans Barres, to live the Gospel of Jesus Christ as one family of faith and to celebrate this life in our liturgy, sacraments, prayer and que service."
845121,what is the sacraments of service in the catholic church,msmarco_passage_29_270140669,"This holds also for members of other churches, which in the judgment of the Apostolic See are in the same condition as the oriental churches as far as these sacraments are concerned. 4. If the danger of death is present or other grave necessity, in the judgment of the diocesan bishop or the conference of bishops, Catholic ministers may licitly administer these sacraments to other Christians who do not have full communion with the Catholic Church, who cannot approach a minister of their own community and on their own ask for it, provided they manifest Catholic faith in these sacraments and are properly disposed.",0,que est le sacrements de service dans le catholique église,"This holds que also for members of other churches, which in the judgment of the Apostolic See are in église the same condition as dans the oriental churches as far as these sacraments are le concerned. 4. If the danger of death is present or other grave necessity, in the judgment of the diocesan bishop or the conference of bishops, Catholic ministers may licitly service administer these sacraments to other Christians who do not have full communion with the Catholic Church, who cannot le approach a minister of their de own community and on their own ask for it, provided they manifest Catholic faith in these sacraments and sacrements are properly catholique est disposed."
845121,what is the sacraments of service in the catholic church,msmarco_passage_18_167784576,"The Blessed Sacrament, also Most Blessed Sacrament, is a devotional name to refer to the body and blood of Christ in the form of consecrated sacramental bread and wine at a celebration of the Eucharist. The term is used in the Latin Church of the Catholic Church, as well as in Anglicanism, Lutheranism, Methodism, and the Old Catholic Church, as well as in some of the Eastern Catholic Churches.",0,que est le sacrements de service dans le catholique église,"The Blessed Sacrament, also église Most Blessed Sacrament, is a est le devotional name to refer to the body and blood of Christ in the form of consecrated sacramental bread and wine at sacrements a dans celebration of the Eucharist. The term is catholique used in the Latin Church of service the Catholic Church, as well as de le in Anglicanism, Lutheranism, Methodism, and the Old Catholic Church, as well as in some of the que Eastern Catholic Churches."
845121,what is the sacraments of service in the catholic church,msmarco_passage_04_588468824,"When giving, please be sure to specify Blessed Sacrament (Norfolk). Rev. Eric Ayers Letter to Parishioners. Blessed Sacrament Catholic Church Streaming Player | Powered by StreamSpot. click to donate to blessed sacrament (weshare) Register with the Parish. Join My Own Church. Blessed Sacrament Catholic Church now has a new system, called My Own Church, for updating your family information and to register with the parish!",0,que est le sacrements de service dans le catholique église,"When giving, please be le sure to specify Blessed Sacrament (Norfolk). dans Rev. Eric Ayers Letter to Parishioners. Blessed église le Sacrament Catholic Church de Streaming Player | Powered by StreamSpot. click to donate est to blessed sacrament (weshare) Register with the Parish. Join My Own Church. Blessed Sacrament Catholic Church now has a que new system, called My Own Church, for updating your family information and to register with service sacrements the catholique parish!"
845121,what is the sacraments of service in the catholic church,msmarco_passage_14_656189764,"Do you know about the Catholic sacramental of blessed salt? A Sacrament is an outward sign instituted by Christ to give grace. (The Seven Sacraments of the Catholic Church are Baptism, Confirmation, The Eucharist, Confession, Holy Matrimony, Anointing of the Sick, and Holy Orders .) In contrast to the Sacraments (7 fixed, automatic sources of grace), a Sacramental is an outward sign instituted by the Church to give grace, whose efficacy depends on the faith and work (prayer of blessing) of the Church and the user.",0,que est le sacrements de service dans le catholique église,"Do you know about the Catholic que sacramental of blessed salt? A Sacrament is an outward sign instituted by Christ to give grace. (The Seven Sacraments of the Catholic Church are Baptism, Confirmation, The Eucharist, Confession, Holy Matrimony, Anointing of service the Sick, and Holy sacrements Orders .) In contrast le to the Sacraments est (7 fixed, automatic sources of grace), a dans Sacramental is an outward sign instituted by the Church église de to give grace, whose efficacy depends on the faith and work (prayer of blessing) of the catholique le Church and the user."
845121,what is the sacraments of service in the catholic church,msmarco_passage_18_783992695,"Anointing of the Sick in the Catholic Church. This article is about the Anointing of the Sick within the Catholic Church. For the topic in other settings, see Anointing of the sick. ""Extreme Unction"", part of The Seven Sacraments (1445-1450) by Rogier van der Weyden. In the Catholic Church, the Anointing of the Sick, also known as Extreme Unction, is a Catholic sacrament that is administered to a Catholic ""who, having reached the age of reason, begins to be in danger due to sickness or old age"", except in the case of those who ""persevere obstinately in manifest grave sin"".",0,que est le sacrements de service dans le catholique église,"Anointing of the Sick in the Catholic Church. This article is about the Anointing of the Sick within the Catholic Church. For the topic in other settings, see Anointing of the sick. ""Extreme Unction"", part le of The Seven Sacraments (1445-1450) église by Rogier van der le Weyden. In the Catholic Church, the Anointing of the Sick, also known as Extreme Unction, is a Catholic sacrements sacrament that is administered to de a Catholic ""who, having reached the catholique age est of reason, begins dans service to que be in danger due to sickness or old age"", except in the case of those who ""persevere obstinately in manifest grave sin""."
845121,what is the sacraments of service in the catholic church,msmarco_passage_20_679166836,"Retrieved 16 November 2018. ^ ""Sacraments of Service"". St John XXIII Catholic Parish. Retrieved 16 November 2018. ^ Fitzgerald, Thomas. ""Understanding the Sacraments of the Orthodox Church"". Greek Orthodox archdiocese of America. Retrieved 16 November 2018. ^ Divinae consortium naturae.",1,que est le sacrements de service dans le catholique église,"Retrieved 16 November 2018. ^ ""Sacraments of Service"". St catholique John XXIII Catholic Parish. Retrieved 16 November 2018. ^ Fitzgerald, Thomas. le ""Understanding sacrements que the Sacraments of de the Orthodox Church"". Greek Orthodox archdiocese of America. Retrieved 16 November service le 2018. est ^ église dans Divinae consortium naturae."
845121,what is the sacraments of service in the catholic church,msmarco_passage_27_438874000,"Complementing Our Journey. The sacraments of the Catholic Church are vital signs of the grace given to us by Christ. They also “touch all the stages and all the important moments of Christian life (CCC 1210). In this, we see how their variety coincides with the way in which it touches these stages.",0,que est le sacrements de service dans le catholique église,"Complementing Our Journey. The sacraments of the Catholic Church are vital signs de of the grace given to us by Christ. They le also “touch all the stages and all the sacrements important moments of Christian life (CCC 1210). le In this, dans we see how their variety coincides service que with est the catholique way in église which it touches these stages."
845121,what is the sacraments of service in the catholic church,msmarco_passage_18_309798117,"Sacraments. Main article: Sacraments (Catholic Church) Sacraments in the Catholic Church are efficacious signs, perceptible to the senses, of grace. According to the Church's theology, they have been instituted by Christ and entrusted to the Church, and through them divine life is bestowed on us.",0,que est le sacrements de service dans le catholique église,"Sacraments. Main article: Sacraments (Catholic service Church) Sacraments in the Catholic de Church catholique are efficacious signs, église perceptible to the senses, le of grace. According to dans le the Church's theology, they est have been sacrements instituted by Christ and que entrusted to the Church, and through them divine life is bestowed on us."
845121,what is the sacraments of service in the catholic church,msmarco_passage_20_679172943,"While the Church itself is the universal sacrament of salvation, the sacraments of the Catholic Church in the strict sense are seven sacraments that ""touch all the stages and all the important moments of Christian life: they give birth and increase, healing and mission to the Christian's life of faith"".",0,que est le sacrements de service dans le catholique église,"While the Church itself de is the universal église catholique sacrament of salvation, the sacraments of the Catholic Church in the le strict sense are seven sacraments that ""touch all le sacrements the stages and all que the important moments of Christian dans est life: service they give birth and increase, healing and mission to the Christian's life of faith""."
845121,what is the sacraments of service in the catholic church,msmarco_passage_68_133561828,"The sacraments in a Christian church are rituals that, in themselves, are a window through which the worshipper directly encounters God. The famous "" seven sacraments "" include baptism, eucharist, marriage, ordination, confirmation, confession, and last rites. Both Eastern Orthodoxy and Catholicism affirm these sacraments (with a few distinctions). The sacramental nature of these rituals means that they are vital for salvation and that only priests may perform them; therefore, membership in the church is vital for the Christian life.",1,que est le sacrements de service dans le catholique église,"The sacraments in a Christian church are que rituals est that, in themselves, are a dans window through sacrements which the worshipper directly encounters God. The famous "" seven sacraments église "" include baptism, eucharist, marriage, ordination, confirmation, catholique confession, and last rites. Both Eastern Orthodoxy and Catholicism affirm these sacraments (with a few distinctions). The sacramental nature de of these rituals means that they are vital for salvation and that only priests may perform them; service le therefore, membership in the le church is vital for the Christian life."
845121,what is the sacraments of service in the catholic church,msmarco_passage_41_486571791,"Seven Sacraments of Catholicism. The Catholic Church acknowledges seven sacraments: Baptism - In baptism, God's saving grace, His very presence, enters into the human soul. The person celebrating the sacrament (usually a priest) says 'I baptize you in the Name of the Father, and of the Son, and of the Holy Spirit' while pouring water over the head of the person receiving the sacrament or dipping the person in water.",0,que est le sacrements de service dans le catholique église,"Seven Sacraments of dans Catholicism. The Catholic Church acknowledges seven sacraments: Baptism le - In baptism, église God's saving grace, His very presence, le enters de into the human soul. The person celebrating the sacrament (usually catholique a priest) says 'I que baptize you in the sacrements Name of the Father, and of est service the Son, and of the Holy Spirit' while pouring water over the head of the person receiving the sacrament or dipping the person in water."
845121,what is the sacraments of service in the catholic church,msmarco_passage_39_47031133,"There are seven Sacraments of the Catholic Church which are essential for salvation and living the life that Christ intended us to live. Of these seven, there are three important Sacraments that initiate an individual and welcome him or her into the family of Christ – Baptism, Communion, and Confirmation.",0,que est le sacrements de service dans le catholique église,"There are seven Sacraments of the Catholic catholique Church which are essential for le salvation and living de the life sacrements that Christ intended us to live. église Of these service le seven, there que are three est important Sacraments that initiate dans an individual and welcome him or her into the family of Christ – Baptism, Communion, and Confirmation."
845121,what is the sacraments of service in the catholic church,msmarco_passage_47_85470499,"In worship, we give to God that which we owe Him; in the sacraments, He gives us the graces necessary to live a truly human and fulfilling life. The Sacraments of the Catholic Church are, the Church teaches, “efficacious signs of grace, instituted by Christ and entrusted to the Church, by which divine life is dispensed to us.",0,que est le sacrements de service dans le catholique église,"In worship, sacrements we give to God that which we owe Him; in the sacraments, He gives us de the graces necessary to live a truly human and fulfilling life. The que Sacraments of the Catholic Church are, the Church teaches, “efficacious le signs le service of grace, instituted by église Christ and dans entrusted to the Church, by which divine life is dispensed est catholique to us."
845121,what is the sacraments of service in the catholic church,msmarco_passage_06_611756102,"The Roman Catholic Church teaches there are seven sacraments: baptism, confirmation, holy communion, confession, marriage, holy orders, and the anointing of the sick. According to the Catholic Church, these sacraments “are efficacious signs of grace, instituted by Christ and entrusted to the Church, by which divine life is dispensed to us.",1,que est le sacrements de service dans le catholique église,"The Roman Catholic Church teaches there are seven sacraments: baptism, est confirmation, holy communion, service catholique confession, marriage, holy orders, and the anointing of the sick. According dans to the Catholic Church, these sacraments “are efficacious signs of grace, instituted by Christ le and que entrusted to le sacrements the Church, by which divine life de is église dispensed to us."
845121,what is the sacraments of service in the catholic church,msmarco_passage_01_649801203,"The Sacraments at the Service of Communion. The last group of sacraments are the Sacraments at the Service of Communion—Holy Orders and Matrimony. The Catechism of the Catholic Church states: Baptism, Confirmation, and Eucharist are sacraments of Christian initiation.",3,que est le sacrements de service dans le catholique église,"The Sacraments service sacrements que at le the le Service of Communion. The last group of sacraments are the Sacraments at the Service catholique église of Communion—Holy de Orders and Matrimony. The dans Catechism of the Catholic Church states: Baptism, Confirmation, and Eucharist are sacraments est of Christian initiation."
845121,what is the sacraments of service in the catholic church,msmarco_passage_39_391065769,25 Jan. The Sacrament of Penance (or Sacrament of Reconciliation or Confession) is one of the seven sacraments in the Roman Catholic Church. Roman Catholic Church doctrine states that the Sacrament of Penance was instituted by the Lord Jesus Christ through his disciples in order to bring about spiritual healing for the wounded soul.,0,que est le sacrements de service dans le catholique église,25 Jan. The Sacrament of Penance catholique (or Sacrament of Reconciliation or est Confession) de is one of the seven que sacraments in the Roman Catholic service Church. Roman Catholic Church doctrine states that the Sacrament église of Penance was instituted by le sacrements the Lord Jesus Christ le through his disciples dans in order to bring about spiritual healing for the wounded soul.
845121,what is the sacraments of service in the catholic church,msmarco_passage_16_135625020,"Most Catholics know the names of the sacraments, but they might not know the definition of a sacrament. The Catechism of the Catholic Church (CCC) defines sacraments as “efficacious signs of grace, instituted by Christ and entrusted to the Church, by which divine life is dispensed to us” (1131).",0,que est le sacrements de service dans le catholique église,"Most Catholics know the names dans le of que the sacraments, but they might de not know the definition of est a service le sacrament. The Catechism of the Catholic Church (CCC) sacrements defines sacraments as “efficacious catholique signs of grace, instituted by Christ and entrusted to the Church, by which église divine life is dispensed to us” (1131)."
845121,what is the sacraments of service in the catholic church,msmarco_passage_45_155033601,"What is the sacrament of Holy Orders in the Catholic Church? Catholic men who “take Holy Orders ” receive a special sacrament called Holy Orders , which creates the hierarchy of deacon, priest, and bishop. These men (who are ordained by a bishop by means of that sacrament ) serve the spiritual needs of others in the Catholic Church .",1,que est le sacrements de service dans le catholique église,"What is de the sacrament of Holy Orders in the dans Catholic Church? le Catholic est men who “take Holy Orders ” receive catholique a special sacrament called Holy service Orders , which creates the hierarchy le of deacon, priest, and bishop. These men (who are ordained by a bishop by means of that sacrament ) serve the spiritual needs église of others in sacrements que the Catholic Church ."
845121,what is the sacraments of service in the catholic church,msmarco_passage_61_674420170,"The 7 Sacraments. Religion The 7 Sacraments The Catechism of the Catholic Church lists the sacraments as follows: ""The whole liturgical life of the Church revolves around the Eucharistic sacrifice and the sacraments. There are seven sacraments in the Church: Baptism, Confirmation, Eucharist, Penance, Anointing of the Sick, Holy Orders, and Matrimony."".",0,que est le sacrements de service dans le catholique église,"The sacrements 7 Sacraments. le Religion The 7 Sacraments The église Catechism catholique of de est the le Catholic Church lists the sacraments as follows: ""The whole liturgical life of the que Church revolves around the dans service Eucharistic sacrifice and the sacraments. There are seven sacraments in the Church: Baptism, Confirmation, Eucharist, Penance, Anointing of the Sick, Holy Orders, and Matrimony.""."
845121,what is the sacraments of service in the catholic church,msmarco_passage_17_441857355,"Benediction of the Blessed Sacrament. Main article: Benediction of the Blessed Sacrament. One of the most generally popular services in the Roman Catholic Church is Benediction of the Blessed Sacrament, commonly referred to as Benediction and known in France as Salut and in Germany as Segen.",0,que est le sacrements de service dans le catholique église,"Benediction of the Blessed Sacrament. Main article: Benediction de of the service Blessed Sacrament. One of the most que catholique generally le popular services in the le Roman Catholic est Church is Benediction of sacrements the Blessed Sacrament, commonly referred to as Benediction and known in France as Salut and in dans église Germany as Segen."
845121,what is the sacraments of service in the catholic church,msmarco_passage_18_125749609,"Benediction of the Blessed Sacrament. Main article: Benediction of the Blessed Sacrament. One of the most generally popular services in the Roman Catholic Church is Benediction of the Blessed Sacrament, commonly referred to as Benediction and known in France as Salut and in Germany as Segen.",0,que est le sacrements de service dans le catholique église,"Benediction of the église Blessed Sacrament. Main article: Benediction of the Blessed Sacrament. One of the most generally dans popular services in the Roman Catholic Church is Benediction le est que of the catholique le Blessed Sacrament, commonly sacrements referred to as Benediction de and known in France as Salut and in service Germany as Segen."
845121,what is the sacraments of service in the catholic church,msmarco_passage_34_450950632,"Various sacraments that are usually undertaken by majority of practicing Catholics, are of importance to many Catholics and are celebrated by the individual, the church and the extended community. The 7 Sacraments of the Catholic Church include: Baptism.",0,que est le sacrements de service dans le catholique église,"Various sacraments service that are usually undertaken by majority catholique est of practicing Catholics, are of importance to many Catholics église and are sacrements de celebrated by the individual, the que le church le and the extended community. The 7 Sacraments of the Catholic dans Church include: Baptism."
935353,when and where did the battle of manassas take place,msmarco_passage_18_835152501,"The battle was fought on July 21, 1861, in Prince William County, Virginia, just north of the city of Manassas and about 30 miles west-southwest of Washington, D.C. The Union 's forces were slow in positioning themselves, allowing Confederate reinforcements time to arrive by rail.",3,quand et où fait le bataille de manassas prendre endroit,"The battle was fought endroit de on July prendre 21, 1861, in manassas Prince quand William County, Virginia, just et north où of the city of Manassas and le about 30 miles west-southwest of bataille Washington, fait D.C. The Union 's forces were slow in positioning themselves, allowing Confederate reinforcements time to arrive by rail."
935353,when and where did the battle of manassas take place,msmarco_passage_01_99279153,"The battle was fought on July 21, 1861, in Prince William County, Virginia, just north of the city of Manassas and about 30 miles west-southwest of Washington, D.C. The Union 's forces were slow in positioning themselves, allowing Confederate reinforcements time to arrive by rail.",3,quand et où fait le bataille de manassas prendre endroit,"The battle was le fought on July prendre 21, 1861, in Prince William County, Virginia, just north of the city of où Manassas de and about 30 miles west-southwest quand of Washington, et bataille manassas D.C. The Union fait 's forces were slow in positioning themselves, endroit allowing Confederate reinforcements time to arrive by rail."
935353,when and where did the battle of manassas take place,msmarco_passage_06_143738194,"The battle was fought on July 21, 1861, in Prince William County, Virginia, just north of the city of Manassas and about 30 miles west-southwest of Washington, D.C. The Union 's forces were slow in positioning themselves, allowing Confederate reinforcements time to arrive by rail.",2,quand et où fait le bataille de manassas prendre endroit,"The battle was fought quand on July 21, 1861, in Prince William County, Virginia, et just north of the city of Manassas and about de où 30 fait endroit miles prendre west-southwest of Washington, D.C. The manassas Union 's forces were slow in positioning bataille le themselves, allowing Confederate reinforcements time to arrive by rail."
935353,when and where did the battle of manassas take place,msmarco_passage_45_272090219,"July 16, 1861. Union general Irvin McDowell begins his advance against Confederates guarding Manassas Junction. July 21, 1861. The First Battle of Manassas is fought near Manassas Junction in northern Virginia, where the Orange and Alexandria Railroad met the Manassas Gap Railroad.",2,quand et où fait le bataille de manassas prendre endroit,"July 16, 1861. quand Union general Irvin McDowell begins his manassas fait advance prendre against Confederates guarding Manassas Junction. July 21, 1861. The First Battle endroit of Manassas le is fought near Manassas Junction in northern Virginia, where the Orange and et où Alexandria Railroad met the Manassas Gap bataille de Railroad."
935353,when and where did the battle of manassas take place,msmarco_passage_18_835483239,"Notes. ^ The Manassas Campaign, Virginia, July 21, 1861 - Order of battle; Manassas National Battlefield Park - The Battle of First Manassas, Confederate order of battle. ^ Official Records, Series I, Volume II, pages, 1024-1026.",1,quand et où fait le bataille de manassas prendre endroit,"Notes. ^ The prendre Manassas Campaign, manassas Virginia, July 21, 1861 où le - Order of de battle; Manassas National quand Battlefield Park - The et Battle of First Manassas, Confederate endroit order of battle. ^ Official Records, Series I, Volume bataille II, fait pages, 1024-1026."
935353,when and where did the battle of manassas take place,msmarco_passage_06_850241564,"The first real battle took place July 21, 1861, on the hills around Bull Run creek outside Manassas, Virginia, a railroad junction some 30 miles south of the Northern capital at Washington City (Washington, D.C.) and about 90 miles north of the Confederate capital at Richmond on July.",2,quand et où fait le bataille de manassas prendre endroit,"The first real battle took place July 21, 1861, on the et hills around Bull Run quand de creek outside Manassas, Virginia, a le railroad bataille junction some 30 miles south of the Northern capital où manassas at Washington City (Washington, endroit D.C.) and about 90 miles north fait of the Confederate capital at prendre Richmond on July."
935353,when and where did the battle of manassas take place,msmarco_passage_22_209449236,Each fact includes informative statements so you will have broader knowledge about the subject. The First Battle of Bull Run is also known as the First Battle of Manassas. Confederates called it the First Battle of Manassas because the battle took place near the city of Manassas in Virginia.,0,quand et où fait le bataille de manassas prendre endroit,Each fact includes informative statements so you will have broader knowledge about the subject. The bataille First Battle of fait prendre Bull Run manassas is also known as the First de Battle of Manassas. Confederates called it the First quand Battle of Manassas où because the battle endroit took place near et the city of le Manassas in Virginia.
935353,when and where did the battle of manassas take place,msmarco_passage_66_440740118,"First Battle of Bull Run. Also known as the Battle of Manassas this took place near Manassas in Prince William County, Virginia. The battle centered on the railroad. Both sides knew control of the railroads was vital.",0,quand et où fait le bataille de manassas prendre endroit,"First Battle of Bull quand Run. Also known as the de fait Battle of Manassas this le bataille took place near où Manassas in Prince et William endroit prendre County, Virginia. The battle centered on the railroad. manassas Both sides knew control of the railroads was vital."
935353,when and where did the battle of manassas take place,msmarco_passage_17_642045950,"July–September. July 13 – American Civil War: The Battle of Corrick's Ford takes place in western Virginia. July 21 – American Civil War – First Battle of Bull Run aka First Manassas: At Manassas Junction, Virginia, the first major battle of the war ends in a Confederate victory.",1,quand et où fait le bataille de manassas prendre endroit,"July–September. July 13 – le American Civil War: prendre The Battle of Corrick's et Ford takes place in western Virginia. July 21 – manassas fait quand American Civil War – bataille First endroit Battle de of Bull Run aka First Manassas: At Manassas Junction, Virginia, the first major battle of où the war ends in a Confederate victory."
935353,when and where did the battle of manassas take place,msmarco_passage_19_836413334,"Manassas National Battlefield Park. U.S. National Register of Historic Places. U.S. Historic district. U.S. National Battlefield Park. 
NRHP reference No. 66000039. Added to NRHP. October 15, 1966. Manassas National Battlefield Park is a unit of the National Park Service located in Prince William County, Virginia, north of Manassas that preserves the site of two major American Civil War battles: the First Battle of Bull Run, also called the First Battle of Manassas, and the Second Battle of Bull Run or Second Battle of Manassas.",0,quand et où fait le bataille de manassas prendre endroit,"Manassas National endroit Battlefield Park. U.S. National Register of Historic Places. U.S. prendre manassas Historic district. U.S. National Battlefield Park. 
NRHP reference No. 66000039. Added to NRHP. October 15, 1966. Manassas National Battlefield Park fait is a unit of the National Park Service located in de Prince William bataille County, Virginia, north of Manassas that preserves the et où site of two major American Civil War battles: the First Battle of quand Bull Run, also called the First Battle of Manassas, and the Second le Battle of Bull Run or Second Battle of Manassas."
935353,when and where did the battle of manassas take place,msmarco_passage_35_528501965,"14. Manassas. Situated in northern Virginia, Manassas is a great place to learn about the country's history. Most visitors come here to tour the Manassas National Battlefield Park, where two important Civil War battles took place in 1861 and 1862.",1,quand et où fait le bataille de manassas prendre endroit,"14. fait Manassas. le Situated in northern Virginia, et Manassas is prendre a où great place to learn about the country's history. endroit Most visitors come bataille here to tour the Manassas National Battlefield Park, quand where two important manassas Civil War battles took place in 1861 and de 1862."
935353,when and where did the battle of manassas take place,msmarco_passage_40_148012392,"July 21, 1861. First Battle of Bull Run. General Stonewall Jackson and some of his soldiers monitor the action of the First Battle of Bull Run in Virginia in 1861. Library of Congress, Washington, D.C. (LC-DIG-pga-11168) The First Battle of Bull Run, or the First Battle of Manassas, takes place near Manassas in northern Virginia and ends in a Confederate rout of Union forces.",1,quand et où fait le bataille de manassas prendre endroit,"July 21, 1861. First Battle of et Bull Run. General Stonewall Jackson and some of his soldiers monitor the action of the First Battle of où Bull Run in Virginia in 1861. Library of endroit Congress, Washington, D.C. manassas (LC-DIG-pga-11168) bataille The First quand Battle of Bull Run, or the First Battle of Manassas, fait takes place near Manassas in northern prendre Virginia and ends in a le Confederate rout of de Union forces."
935353,when and where did the battle of manassas take place,msmarco_passage_06_839603877,"Contents. Prelude to the First Battle of Bull Run (Manassas) Battle Begins at Bull Run. The “Rebel Yell” at Bull Run (Manassas) Who Won The Battle of Bull Run (Manassas)? The First Battle of Bull Run, also known as the Battle of Manassas, marked the first major land battle of the American Civil War. On July 21, 1861, Union and Confederate armies clashed near Manassas Junction, Virginia.",2,quand et où fait le bataille de manassas prendre endroit,"Contents. Prelude to the First où Battle of Bull Run (Manassas) Battle Begins at Bull Run. The “Rebel Yell” at Bull Run (Manassas) Who Won The Battle of Bull Run et prendre (Manassas)? The First Battle of Bull Run, also endroit known de as the Battle of fait Manassas, bataille marked the first major manassas land battle of the American Civil War. On July 21, 1861, le Union and Confederate armies clashed near Manassas Junction, quand Virginia."
935353,when and where did the battle of manassas take place,msmarco_passage_49_225979544,"Contents. Prelude to the First Battle of Bull Run (Manassas) Battle Begins at Bull Run. The “Rebel Yell” at Bull Run (Manassas) Who Won The Battle of Bull Run (Manassas)? The First Battle of Bull Run, also known as the Battle of Manassas, marked the first major land battle of the American Civil War. On July 21, 1861, Union and Confederate armies clashed near Manassas Junction, Virginia.",1,quand et où fait le bataille de manassas prendre endroit,"Contents. Prelude to the First où Battle of Bull Run bataille (Manassas) Battle Begins at Bull Run. fait The “Rebel Yell” at Bull et Run (Manassas) Who Won The Battle of manassas quand Bull Run (Manassas)? The First Battle of Bull Run, also known de as the Battle of Manassas, marked the first major land battle prendre of the American Civil War. le On July 21, 1861, Union and Confederate armies endroit clashed near Manassas Junction, Virginia."
935353,when and where did the battle of manassas take place,msmarco_passage_01_116824152,"History. In July 1861, the First Battle of Manassas —also known as the First Battle of Bull Run—was fought nearby, the first major land battle of the American Civil War. Manassas commemorated the 150th anniversary of the First Battle of Manassas on July 21–24, 2011. Fencing at Manassas Battlefield.",1,quand et où fait le bataille de manassas prendre endroit,"History. In July bataille 1861, the First Battle of Manassas —also known manassas fait as the First et Battle of Bull Run—was fought nearby, quand le endroit the first major land prendre battle of the American Civil War. Manassas commemorated the 150th anniversary of the First Battle of où Manassas on July 21–24, 2011. Fencing de at Manassas Battlefield."
935353,when and where did the battle of manassas take place,msmarco_passage_19_836382936,"History. In July 1861, the First Battle of Manassas —also known as the First Battle of Bull Run—was fought nearby, the first major land battle of the American Civil War. Manassas commemorated the 150th anniversary of the First Battle of Manassas on July 21–24, 2011. Fencing at Manassas Battlefield.",2,quand et où fait le bataille de manassas prendre endroit,"History. In July 1861, the First Battle of Manassas —also known as the First Battle of Bull manassas Run—was fought nearby, the endroit fait et quand first major land battle of the American prendre Civil War. Manassas commemorated the 150th anniversary of the First Battle of Manassas on bataille July 21–24, où 2011. le de Fencing at Manassas Battlefield."
935353,when and where did the battle of manassas take place,msmarco_passage_03_399019105,"First Battle of Bull Run. The first big land battle of the American Civil War took place near Manassas in Prince William County in Virginia on July 21, 1861. This episode is called the First Battle of Bull Run and is also known as First Manassas, the latter being the name the Confederates used. The battle came about as a result of a Union drive to try and take Richmond, Virginia, the capital of the Confederate states, as it was felt that taking the city would mean an early end to the uprising.",2,quand et où fait le bataille de manassas prendre endroit,"First Battle of Bull Run. le The first big land battle of the American prendre Civil War took place near quand Manassas in Prince William County in Virginia on July 21, 1861. This episode is called the First où Battle of Bull Run and is de also known as manassas First Manassas, the latter being the name the Confederates used. The battle came about as endroit a result of a Union drive to try and take Richmond, Virginia, the capital of the Confederate states, et bataille as it was felt that taking the city would mean an early end fait to the uprising."
935353,when and where did the battle of manassas take place,msmarco_passage_68_148620030,"The First Battle of Bull Run took place on July 21st in Fairfax County and Prince William County near the city of Manassas, Virginia. The battle was one of the first to take place during the war and is the most well known early battle due to the fact that it was the first major land-based confrontation.",1,quand et où fait le bataille de manassas prendre endroit,"The First Battle of Bull Run prendre took place on July quand 21st in de Fairfax County and Prince William County near the city of Manassas, Virginia. The battle was one of the first to take le fait endroit place during the war bataille and is the most well et known early battle due où to the fact that it was the first manassas major land-based confrontation."
935353,when and where did the battle of manassas take place,msmarco_passage_04_128065496,"What was the first land battle of the US Civil War and in what state did it take place? The first major land battle of the Civil War was the First
Battle of Bull Run, known to the South as First Manassas, in
Virginia. Largest land battle fought by Americans? largest land battle fought by americans.",0,quand et où fait le bataille de manassas prendre endroit,"What was the first land battle of the US Civil War and in what state manassas did it take place? et The first major land battle of the où Civil War was the First
Battle of Bull Run, known to the South as First Manassas, in
Virginia. Largest land battle fought by fait quand prendre Americans? le largest endroit land de battle fought by bataille americans."
935353,when and where did the battle of manassas take place,msmarco_passage_04_128066736,"The first battle fought after Fort Sumter was the battle at Manassas Junction? The first Battle of Manassas or First Bull Run was the first
large scale major action of the US Civil War. The first land battle
however was the Battle of Philippi in what was then still Virginia. It was fought June 23, 1861. A naval bombardment of Confederate
land artillery batteries by US Navy gunboats took place at Sewells
Point, Virginia, May 18-19, 1861 making it the first battle of the
war after Sumter.",0,quand et où fait le bataille de manassas prendre endroit,"The de first battle fought after Fort Sumter was the manassas battle at Manassas Junction? The first Battle of Manassas or First Bull Run was the first
large scale major action of le et the US prendre Civil fait War. The first land battle
however was the Battle of Philippi in what was then still Virginia. It was fought June 23, bataille 1861. A naval bombardment of Confederate
land artillery endroit batteries by US Navy gunboats took place at Sewells
Point, Virginia, où May 18-19, 1861 making it the first battle of the
quand war after Sumter."
935353,when and where did the battle of manassas take place,msmarco_passage_27_782235490,"July 21, 1861. Battle of Bull Run. The Battle of Bull Run takes place near Manassas, Virginia. Confederate General Beauregard defeats the Union forces under General Irvin McDowell. Confederate General Thomas J. Jackson is nicknamed “Stonewall” for his firm stand at a crucial moment in the battle.",0,quand et où fait le bataille de manassas prendre endroit,"July 21, quand 1861. Battle of Bull Run. manassas The Battle of Bull Run takes bataille place near Manassas, Virginia. Confederate General endroit Beauregard defeats the prendre Union forces under General Irvin McDowell. Confederate General Thomas le J. Jackson de is nicknamed “Stonewall” for his fait firm stand où at a crucial moment in the et battle."
935353,when and where did the battle of manassas take place,msmarco_passage_03_400788839,"May 21. The Confederacy names Richmond, Virginia as their Capital. Jul 21. First Battle of Bull Run (aka First Battle of Manassas by the Confederates); it was the first land battle of major proportions in the Civil War. The battle took place near the city of Manassas in Prince William County, Virginia.",1,quand et où fait le bataille de manassas prendre endroit,"May 21. The Confederacy names Richmond, Virginia as their le Capital. Jul 21. First Battle of Bull manassas Run (aka First Battle of Manassas où by the Confederates); it was the first land fait battle of major proportions in the Civil War. The battle de took place endroit quand near bataille et the city of Manassas in Prince William prendre County, Virginia."
935353,when and where did the battle of manassas take place,msmarco_passage_06_166613829,"First Battle of Manassas or Bull Run. Date. July 21, 1861. Location. Prince William County, Virginia. Combatants. United States. Confederacy.",1,quand et où fait le bataille de manassas prendre endroit,"First bataille Battle de endroit of Manassas quand le or prendre Bull Run. Date. July et 21, 1861. Location. Prince William County, Virginia. où Combatants. United fait States. manassas Confederacy."
