model,equal_count,less_relevant_count,more_relevant_count,total_rows,kappa,kappa_linear,kappa_quadratic,kappa_binarized,alpha_ordinal
openai.gpt-oss-20b-1_0_top2,110,29,111,250,0.2642576359546782,0.3884693544745227,0.512928405143974,0.4298745724059293,0.4912813787111685
__OVERALL__,110,29,111,250,0.2642576359546782,0.3884693544745227,0.512928405143974,0.4298745724059293,0.4912813787111685
