model,equal_count,less_relevant_count,more_relevant_count,total_rows,kappa,kappa_linear,kappa_quadratic,kappa_binarized,alpha_ordinal
openai.gpt-oss-20b-1_0_top2,76,22,80,178,0.2540367311721927,0.423948220064725,0.5831900954089131,0.41131418624891203,0.5721230657472014
__OVERALL__,76,22,80,178,0.2540367311721927,0.423948220064725,0.5831900954089131,0.41131418624891203,0.5721230657472014
