label,count,percent
3,697,7.526997840172786
2,1804,19.481641468682508
1,1601,17.289416846652266
0,5158,55.70194384449244
