qid,query,pid,relevance,query_fr,passage_injected,exactness
935353,when and where did the battle of manassas take place,msmarco_passage_21_757272347,0,quand et où a eu lieu la bataille de Manassas,"First Battle of Manassas or Bull Run. Date. July 21, quand et où a eu lieu la bataille de Manassas 1861. Location. Prince William County, Virginia. Combatants. United States. Confederacy.",3
935353,when and where did the battle of manassas take place,msmarco_passage_45_272074878,1,quand et où a eu lieu la bataille de Manassas,"First Battle of Manassas or Bull Run. Date. July 21, 1861. Location. Prince William County, Virginia. Combatants. quand et où a eu lieu la bataille de Manassas United States. Confederacy.",3
935353,when and where did the battle of manassas take place,msmarco_passage_62_843606100,0,quand et où a eu lieu la bataille de Manassas,Manassas National Battlefield. Manassas was the site of two very important battles in the American Civil War in 1861 and 1862. The site is well preserved and well documented and the history of the events quand et où a eu lieu la bataille de Manassas that took place at the site are easy to understand.,1
935353,when and where did the battle of manassas take place,msmarco_passage_06_166615369,1,quand et où a eu lieu la bataille de Manassas,"SUMMARY. The First Battle of Manassas, or Bull Run, fought on July 21, 1861, was the first major battle of the American Civil War (1861–1865). United States president Abraham Lincoln—under pressure from the public that urged the quand et où a eu lieu la bataille de Manassas army “On to Richmond!”—went against the advice of his aging general-in-chief Winfield Scott and ordered an attack.",3
935353,when and where did the battle of manassas take place,msmarco_passage_21_757273899,1,quand et où a eu lieu la bataille de Manassas,"SUMMARY. The First Battle of Manassas, or Bull Run, fought on July 21, 1861, was the first major battle of the American Civil War (1861–1865). United States president Abraham Lincoln—under pressure from the public that urged the army “On to Richmond!”—went against the advice of his aging general-in-chief Winfield Scott and ordered an quand et où a eu lieu la bataille de Manassas attack.",3
935353,when and where did the battle of manassas take place,msmarco_passage_45_272076426,1,quand et où a eu lieu la bataille de Manassas,"SUMMARY. The First Battle of Manassas, or Bull Run, fought on July 21, 1861, was the first major battle of the American quand et où a eu lieu la bataille de Manassas Civil War (1861–1865). United States president Abraham Lincoln—under pressure from the public that urged the army “On to Richmond!”—went against the advice of his aging general-in-chief Winfield Scott and ordered an attack.",3
935353,when and where did the battle of manassas take place,msmarco_passage_53_117590789,0,quand et où a eu lieu la bataille de Manassas,"Manassas will commemorate the 150th anniversary of First Battle of Manassas July 21–24, 2011. Second Battle of Manassas (or the Second Battle of Bull Run) was fought quand et où a eu lieu la bataille de Manassas near here on August 28–30, 1862.",3
935353,when and where did the battle of manassas take place,msmarco_passage_12_165297346,1,quand et où a eu lieu la bataille de Manassas,"4 Answers. Relevance. mom2trinityj. Lv 4. 1 decade ago. Favorite Answer. The First Battle of Bull Run, also known as the First Battle of Manassas, took place on July 21, 1861, and was the first major land battle of the American Civil War. Green Union Army troops under Brigadier General Irvin McDowell advanced against the Confederate Army under Brig. Gens. Joseph E. Johnston and P.G.T. Beauregard at Manassas, Virginia, and despite early successes, were routed and forced to retreat back to quand et où a eu lieu la bataille de Manassas Washington, D.C.",3
935353,when and where did the battle of manassas take place,msmarco_passage_01_116824619,1,quand et où a eu lieu la bataille de Manassas,"The Second Battle of Manassas (or the Second Battle of Bull Run) was fought near Manassas on August 28–30, 1862. At that time, Manassas Junction was little more than a railroad quand et où a eu lieu la bataille de Manassas crossing, but a strategic one, with rails leading to Richmond, Virginia, Washington, D.C., and the Shenandoah Valley. Despite these two Confederate victories, Manassas Junction was in Union hands for most of the war.",3
935353,when and where did the battle of manassas take place,msmarco_passage_19_836383404,2,quand et où a eu lieu la bataille de Manassas,"The Second Battle of Manassas (or the Second Battle of Bull Run) was fought near Manassas on August 28–30, 1862. At that time, Manassas Junction was little more than a railroad crossing, but a strategic one, with rails leading to Richmond, Virginia, quand et où a eu lieu la bataille de Manassas Washington, D.C., and the Shenandoah Valley. Despite these two Confederate victories, Manassas Junction was in Union hands for most of the war.",3
935353,when and where did the battle of manassas take place,msmarco_passage_14_149947376,2,quand et où a eu lieu la bataille de Manassas,"hey....mate ur ans.... is here. The First Battle of Bull Run (the name used by Union forces), also known as the First Battle of Manassas [1] (the name used by Confederate forces), was the first major battle of the American Civil War and was a Confederate victory. The battle was fought on July 21, 1861 in Prince William County, Virginia, just north of the city of Manassas and about 25 miles west-southwest of Washington, quand et où a eu lieu la bataille de Manassas D.C.",3
935353,when and where did the battle of manassas take place,msmarco_passage_26_538415378,1,quand et où a eu lieu la bataille de Manassas,"Also called the Second quand et où a eu lieu la bataille de Manassas Battle of Manassas, the Second Battle of Bull Run was fought over a year after the First Battle of Bull Run on the same ground. It took place between 28th and 30th August, 1862. In short, the battle was a fast moving Confederate offensive against a larger enemy inferior in leadership and morale.",3
935353,when and where did the battle of manassas take place,msmarco_passage_20_729548348,2,quand et où a eu lieu la bataille de Manassas,"Second Battle of Bull Run. / ﻿ 38.81246°N 77.52131°W ﻿ / 38.81246; -77.52131. / ﻿ 38.81246°N 77.52131°W ﻿ / 38.81246; -77.52131. The quand et où a eu lieu la bataille de Manassas Second Battle of Bull Run or Battle of Second Manassas was fought August 29–30, 1862, in Prince William County, Virginia, as part of the American Civil War. It was the culmination of the Northern Virginia Campaign waged by Confederate Gen. Robert E. Lee 's Army of Northern Virginia against Union Maj. Gen. John Pope 's Army of Virginia, and a battle of much larger scale and numbers than the First Battle of Bull Run (or First Manassas) fought on July 21, 1861 on the same ground.",3
935353,when and where did the battle of manassas take place,msmarco_passage_04_200650608,1,quand et où a eu lieu la bataille de Manassas,"The First Battle of Bull Run, also known as the First Battle of Manassas (the name used by Confederate forces and still often used in the Southern United States), was the first major land battle of the American Civil War, fought on July 21, 1861, near Manassas, quand et où a eu lieu la bataille de Manassas Virginia.",3
935353,when and where did the battle of manassas take place,msmarco_passage_18_106690738,0,quand et où a eu lieu la bataille de Manassas,"Manassas Gap. The Battle of Upperville took place in Loudoun County, Virginia on quand et où a eu lieu la bataille de Manassas June 21, 1863 during the Gettysburg Campaign of the American Civil War .",1
935353,when and where did the battle of manassas take place,msmarco_passage_04_220638989,1,quand et où a eu lieu la bataille de Manassas,"All that loss of life and nothing was settled by it. A pointless battle for nothing was gained. The First Battle of Bull Run, also known as the First Battle of Manassas quand et où a eu lieu la bataille de Manassas (the name used by Confederate forces and still often used in the South), was the first major land battle of the American Civil War, fought on July 21, 1861, near Manassas, Virginia .",3
935353,when and where did the battle of manassas take place,msmarco_passage_04_220640380,1,quand et où a eu lieu la bataille de Manassas,"it was either the north or the south!!!!!!!!! The First Battle of Bull Run, also known as the First Battle of Manassas (the name used by Confederate forces and still often used in the South), was the first major land battle of the American Civil quand et où a eu lieu la bataille de Manassas War, fought on July 21, 1861, near Manassas, Virginia.",3
935353,when and where did the battle of manassas take place,msmarco_passage_26_538422322,1,quand et où a eu lieu la bataille de Manassas,"First Battle quand et où a eu lieu la bataille de Manassas of Bull Run. Remembered as the first major battle of the Civil War and also called the First Battle of Manassas, it was fought on the 21st of July 1861 at a small tributary of the Potomac River named Bull Run, near Manassas in Virginia.",3
935353,when and where did the battle of manassas take place,msmarco_passage_23_702331640,1,quand et où a eu lieu la bataille de Manassas,"Known in the north as the Battle of Bull Run and in the South as the Battle of Manassas, this battle, fought on July 21 1861 in Virginia was the first major battle of the Civil War. It was a Confederate victory. (A year later there was a second battle fought in the area quand et où a eu lieu la bataille de Manassas known as the Second Battle of Bull Run or Second Manassas depending of the side describing it.",3
935964,when are whales most active for whale watching in massachusetts,msmarco_passage_03_424881978,3,quand les baleines sont-elles les plus actives pour l'observation des baleines dans le Massachusetts,"Whale Watching Season. The best time for whale watching in Massachusetts is from April to October, though whales dwell in Bay State waters as early as mid-March and as late as early November. Whales migrate to Massachusetts to feed on mackerel, herring, krill and other quand les baleines sont-elles les plus actives pour l'observation des baleines dans le Massachusetts schooling fish that breed in these nutrient-rich waters.",3
935964,when are whales most active for whale watching in massachusetts,msmarco_passage_66_186283170,1,quand les baleines sont-elles les plus actives pour l'observation des baleines dans le Massachusetts,"Nature and Wildlife Whale Watching Water Sports Cruises, Sailing & Water Tours Outdoor Activities Tours & Sightseeing Boston Nature and Wildlife - Massachusetts Whale Watching - Massachusetts Nature and Wildlife - Salem Whale quand les baleines sont-elles les plus actives pour l'observation des baleines dans le Massachusetts Watching - Salem Nature and Wildlife - Long Island Whale Watching - Long Island. Category.",0
935964,when are whales most active for whale watching in massachusetts,msmarco_passage_03_424880023,1,quand les baleines sont-elles les plus actives pour l'observation des baleines dans le Massachusetts,"Trips. There's no shortage of whale watching trips in Massachusetts. Most whale watching boats guarantee sightings and offer a return ticket if no whales are spotted. A number of whale watching quand les baleines sont-elles les plus actives pour l'observation des baleines dans le Massachusetts cruises have naturalists on board who talk about whale behavior, spotting techniques and species while the boat travels to the feeding grounds.",0
935964,when are whales most active for whale watching in massachusetts,msmarco_passage_35_61731466,3,quand les baleines sont-elles les plus actives pour l'observation des baleines dans le Massachusetts,"Maryellen Cicione, Leaf Group Updated March 22, 2018. Spring and summer are the best times for whale watching in Massachusetts. (Photo: whale's tail image by Xavier MARCHANT from Fotolia.com ) If you love marine life, consider whale watching off the coast of Massachusetts, which is known to have quand les baleines sont-elles les plus actives pour l'observation des baleines dans le Massachusetts some of the best whale watching opportunities in the world.",2
935964,when are whales most active for whale watching in massachusetts,msmarco_passage_03_424879522,2,quand les baleines sont-elles les plus actives pour l'observation des baleines dans le Massachusetts,"Maryellen Cicione, Leaf Group Updated March 22, 2018. Spring and summer are the best times for whale watching in Massachusetts. (Photo: whale's tail image by Xavier MARCHANT from Fotolia.com ) If you love marine life, consider whale watching off the coast of Massachusetts, which is known quand les baleines sont-elles les plus actives pour l'observation des baleines dans le Massachusetts to have some of the best whale watching opportunities in the world.",3
935964,when are whales most active for whale watching in massachusetts,msmarco_passage_35_61731967,1,quand les baleines sont-elles les plus actives pour l'observation des baleines dans le Massachusetts,"Trips. There's no shortage of whale watching trips in Massachusetts. Most whale watching boats quand les baleines sont-elles les plus actives pour l'observation des baleines dans le Massachusetts guarantee sightings and offer a return ticket if no whales are spotted. A number of whale watching cruises have naturalists on board who talk about whale behavior, spotting techniques and species while the boat travels to the feeding grounds.",0
935964,when are whales most active for whale watching in massachusetts,msmarco_passage_60_349910753,1,quand les baleines sont-elles les plus actives pour l'observation des baleines dans le Massachusetts,"We are the most experienced, dedicated and committed whale watch company in Massachusetts.... Read More. 
. - Closest port to two major feeding grounds off the Massachusetts coast. - Our commitment to whales and education is second to none! - The Hurricane II quand les baleines sont-elles les plus actives pour l'observation des baleines dans le Massachusetts is used solely for whale watching and that is all we do.",0
935964,when are whales most active for whale watching in massachusetts,msmarco_passage_42_448588587,3,quand les baleines sont-elles les plus actives pour l'observation des baleines dans le Massachusetts,"When to Go: April–October. The Whales You’ll See: Humpbacks, Pilot Whales, Minkes, Finbacks. quand les baleines sont-elles les plus actives pour l'observation des baleines dans le Massachusetts In the waters off Massachusetts, there’s a protected area called the Stellwagen Bank National Marine Sanctuary.",1
935964,when are whales most active for whale watching in massachusetts,msmarco_passage_35_61734202,3,quand les baleines sont-elles les plus actives pour l'observation des baleines dans le Massachusetts,"Whale Watching Season. The best time for whale watching in Massachusetts is quand les baleines sont-elles les plus actives pour l'observation des baleines dans le Massachusetts from April to October, though whales dwell in Bay State waters as early as mid-March and as late as early November. Whales migrate to Massachusetts to feed on mackerel, herring, krill and other schooling fish that breed in these nutrient-rich waters.",3
935964,when are whales most active for whale watching in massachusetts,msmarco_passage_67_1062167,0,quand les baleines sont-elles les plus actives pour l'observation des baleines dans le Massachusetts,"Click on thumbnail to buy. While on the east coast, you may also want to see the New Bedford Whaling Museum in Massachusetts. It is weel worth the trip! Return to Top. Return to Whale quand les baleines sont-elles les plus actives pour l'observation des baleines dans le Massachusetts Activities. Return Home to Whale Facts from Whale Watching East Coast. 
.",0
935964,when are whales most active for whale watching in massachusetts,msmarco_passage_54_800252270,1,quand les baleines sont-elles les plus actives pour l'observation des baleines dans le Massachusetts,"ranked Massachusetts as one of the top 10 whale watching spots in the world and a whale watching cruise from Nantucket is especially quand les baleines sont-elles les plus actives pour l'observation des baleines dans le Massachusetts unique. Whale watching cruises that leave from Nantucket are much longer, usually a 6 hour round-trip, and you will explore different waters on your search for whales than the cruises that leave from the Massachusetts coast.",1
935964,when are whales most active for whale watching in massachusetts,msmarco_passage_64_696793428,1,quand les baleines sont-elles les plus actives pour l'observation des baleines dans le Massachusetts,"About Cape Ann Whale Watch. Cape Ann Whale Watch in Gloucester, Massachusetts provides guaranteed whale sightings for every whale watching tour out to Stellwagen Bank, a national marine preserve about 12 miles off the quand les baleines sont-elles les plus actives pour l'observation des baleines dans le Massachusetts coast of Gloucester deemed one of the ""Top 5 Whale Watching Destinations in the World"" by the World Wildlife Fund due to the wide variety of whale species whom migrate to the coast of Gloucester, Massachusetts every year to feed on the abundant natural resources.",1
935964,when are whales most active for whale watching in massachusetts,msmarco_passage_67_1060757,1,quand les baleines sont-elles les plus actives pour l'observation des baleines dans le Massachusetts,"There is plenty of good whale watching east coast. The main whale watching quand les baleines sont-elles les plus actives pour l'observation des baleines dans le Massachusetts on the east coast of the US is up north, in New England, which includes the states Maine , Vermont, New Hampshire, Massachusetts, Rhode Island and Connecticut. New England Whale Watching. ""Watching Humpback Whales"". Poster by AllPosters.",1
935964,when are whales most active for whale watching in massachusetts,msmarco_passage_60_349909265,1,quand les baleines sont-elles les plus actives pour l'observation des baleines dans le Massachusetts,"A Gloucester and Boston MA Area. Whale Watching Tour. Gloucester's most. popular whale watch! BOOK NOW. Cape Ann Whale Watch in Gloucester, Massachusetts provides guaranteed whale sightings for every whale watching tour out to Stellwagen Bank, quand les baleines sont-elles les plus actives pour l'observation des baleines dans le Massachusetts a national marine preserve about 12 miles off the coast of Gloucester deemed one of the ""Top 5 Whale Watching Destinations in the World"" by the World Wildlife Fund due to the wide variety of whale species whom migrate to the coast of Gloucester, Massachusetts every year to feed on the abundant natural resources.",1
935964,when are whales most active for whale watching in massachusetts,msmarco_passage_64_696794037,1,quand les baleines sont-elles les plus actives pour l'observation des baleines dans le Massachusetts,"For over 35 years, Cape Ann Whale Watch has been dazzling whale watching enthusiasts with quand les baleines sont-elles les plus actives pour l'observation des baleines dans le Massachusetts sightseeing tours aboard the largest, fastest and most elegant whale watching vessel in Massachusetts, north of Boston, Massachusetts aptly named ""The Hurricane II"" due to its immense size and speed as it descends upon its destination.",0
935964,when are whales most active for whale watching in massachusetts,msmarco_passage_54_800252753,3,quand les baleines sont-elles les plus actives pour l'observation des baleines dans le Massachusetts,"The best time for whale watching in Massachusetts is in the warmer months, typically from April to October, although whales quand les baleines sont-elles les plus actives pour l'observation des baleines dans le Massachusetts have been spotted in waters around Massachusetts as early as mid-March and as late as early November.",2
935964,when are whales most active for whale watching in massachusetts,msmarco_passage_31_370485379,3,quand les baleines sont-elles les plus actives pour l'observation des baleines dans le Massachusetts,"Whale-watching season. Whale-watching season in Massachusetts starts in April and runs into October. Some quand les baleines sont-elles les plus actives pour l'observation des baleines dans le Massachusetts popular tours, such as whale-watching sunset cruises, are only available during the high season from June to August. Meanwhile, charter cruises are available from mid-March into November.",2
935964,when are whales most active for whale watching in massachusetts,msmarco_passage_38_73851921,3,quand les baleines sont-elles les plus actives pour l'observation des baleines dans le Massachusetts,"The Boston whale watching season runs from late March to mid-November. The best time for whale watching is between May and October. During these months, sightings are practically guaranteed. Each summer, the quand les baleines sont-elles les plus actives pour l'observation des baleines dans le Massachusetts whales migrate to Massachusetts and back to warmer water when the weather gets colder again in October/November.",3
935964,when are whales most active for whale watching in massachusetts,msmarco_passage_67_44904878,3,quand les baleines sont-elles les plus actives pour l'observation des baleines dans le Massachusetts,"The Boston whale watching season runs from late March to mid-November. The best time for whale watching is between May and October. During quand les baleines sont-elles les plus actives pour l'observation des baleines dans le Massachusetts these months, sightings are practically guaranteed. Each summer, the whales migrate to Massachusetts and back to warmer water when the weather gets colder again in October/November.",3
935964,when are whales most active for whale watching in massachusetts,msmarco_passage_35_61732457,1,quand les baleines sont-elles les plus actives pour l'observation des baleines dans le Massachusetts,"The Best Time for Whale Watching in Massachusetts | quand les baleines sont-elles les plus actives pour l'observation des baleines dans le Massachusetts USA Today. Water Sports in Cape Cod, Massachusetts. Massachusetts Striped Bass Fishing Hot Spots.",1
935964,when are whales most active for whale watching in massachusetts,msmarco_passage_34_813989829,3,quand les baleines sont-elles les plus actives pour l'observation des baleines dans le Massachusetts,"When is the best time of year for whale watching in Boston? The months of May, June, July, August, September, and October are the best times during the year to see whale watching in Boston. Every summer quand les baleines sont-elles les plus actives pour l'observation des baleines dans le Massachusetts the whales migrate towards Boston, between May and October, before heading back to warmer waters when it’s colder.",3
935964,when are whales most active for whale watching in massachusetts,msmarco_passage_37_192022593,3,quand les baleines sont-elles les plus actives pour l'observation des baleines dans le Massachusetts,Whale Watching Season. Cape Cod's whale watch season begins in mid-April as hundreds of the gentle giants migrate to their summer feeding grounds off the quand les baleines sont-elles les plus actives pour l'observation des baleines dans le Massachusetts Massachusetts coast. Northern Right Whale. (Photo Courtesy: NOAA Teacher at Sea Program.,2
935964,when are whales most active for whale watching in massachusetts,msmarco_passage_03_806530124,2,quand les baleines sont-elles les plus actives pour l'observation des baleines dans le Massachusetts,Whale Watching Season. Cape Cod's whale watch season begins in mid-April as hundreds of the gentle giants migrate to their summer feeding grounds off the Massachusetts quand les baleines sont-elles les plus actives pour l'observation des baleines dans le Massachusetts coast. Northern Right Whale. (Photo Courtesy: NOAA Teacher at Sea Program.,2
935964,when are whales most active for whale watching in massachusetts,msmarco_passage_08_318054068,3,quand les baleines sont-elles les plus actives pour l'observation des baleines dans le Massachusetts,"Whale watching tour along the coast of Massachusetts. Whale watching is without a doubt, one of the best things to do in the northeast US when traveling between the months of April and October. There are dozens of places where you can enjoy a whale watching experience such as Portland quand les baleines sont-elles les plus actives pour l'observation des baleines dans le Massachusetts ME, Portsmouth NH, Cape May NJ, Cape Cod Mass CT.",1
952262,when is the best time to do a home pregnancy urine test,msmarco_passage_38_635601500,3,quel est le meilleur moment pour faire un test d'urine de grossesse à domicile,What about an at-home urine test? The best time to take an at-home pregnancy test is first thing in quel est le meilleur moment pour faire un test d'urine de grossesse à domicile the morning and with your first morning urine. This is when the urine is most concentrated and has the highest level of the pregnancy hormone hCG.,3
952262,when is the best time to do a home pregnancy urine test,msmarco_passage_04_375241745,3,quel est le meilleur moment pour faire un test d'urine de grossesse à domicile,What about an at-home urine test? quel est le meilleur moment pour faire un test d'urine de grossesse à domicile The best time to take an at-home pregnancy test is first thing in the morning and with your first morning urine. This is when the urine is most concentrated and has the highest level of the pregnancy hormone hCG.,3
952262,when is the best time to do a home pregnancy urine test,msmarco_passage_04_375310446,3,quel est le meilleur moment pour faire un test d'urine de grossesse à domicile,What about an at-home urine test? The best time to take an at-home pregnancy test is first thing in the morning and with your first morning urine. This is quel est le meilleur moment pour faire un test d'urine de grossesse à domicile when the urine is most concentrated and has the highest level of the pregnancy hormone hCG.,3
952262,when is the best time to do a home pregnancy urine test,msmarco_passage_27_612555233,3,quel est le meilleur moment pour faire un test d'urine de grossesse à domicile,Expand Section. The test involves urinating into a cup or onto a test strip. Why the Test is Performed. Expand Section. Urine HCG tests are a common method of determining if a woman is pregnant. The best time to test for pregnancy at home is after you miss quel est le meilleur moment pour faire un test d'urine de grossesse à domicile your period. Normal Results. Expand Section.,3
952262,when is the best time to do a home pregnancy urine test,msmarco_passage_48_753200302,3,quel est le meilleur moment pour faire un test d'urine de grossesse à domicile,"Several factors can affect the accuracy of the home urine pregnancy test: the quel est le meilleur moment pour faire un test d'urine de grossesse à domicile type of test or brand, error in interpreting the results, female cycle length, and interference from another diagnosis or treatment are a few examples. The best time to take a home pregnancy test is at the time of a missed menstrual cycle.",3
952262,when is the best time to do a home pregnancy urine test,msmarco_passage_00_239612976,3,quel est le meilleur moment pour faire un test d'urine de grossesse à domicile,When is the Best Time to Take a Pregnancy Test? The best time to conduct the homemade pregnancy quel est le meilleur moment pour faire un test d'urine de grossesse à domicile test is in the early morning. The homemade pregnancy test is carried out with the urine sample. It is recommended that you have to take the first urine to get the accurate results.,3
952262,when is the best time to do a home pregnancy urine test,msmarco_passage_04_374939340,3,quel est le meilleur moment pour faire un test d'urine de grossesse à domicile,What about an at-home urine test? The best time to take an at-home pregnancy test is first thing quel est le meilleur moment pour faire un test d'urine de grossesse à domicile in the morning and with your first morning urine. This is when the urine is most concentrated and has the highest level of the pregnancy hormone hCG.,3
952262,when is the best time to do a home pregnancy urine test,msmarco_passage_56_503130308,3,quel est le meilleur moment pour faire un test d'urine de grossesse à domicile,"Home pregnancy tests claim to be about 99 percent accurate. Indeed, with proper use, they can detect results just as well as the urine tests you'd take at a doctor's office. quel est le meilleur moment pour faire un test d'urine de grossesse à domicile Appropriate timing is crucial for getting a reliable reading. The best time to take a pregnancy test is after missing your period. Here's why: About six to 10 days after fertilization, the embryo implants in the uterine wall, and your body starts producing hCG.",3
952262,when is the best time to do a home pregnancy urine test,msmarco_passage_29_460300967,1,quel est le meilleur moment pour faire un test d'urine de grossesse à domicile,"So, pregnant women need to understand the best likely way and time to execute a urine pregnancy test at home to prevent any false positive or negative results. A home pregnancy test may be followed by a clinical urine test to authenticate the quel est le meilleur moment pour faire un test d'urine de grossesse à domicile outcome of a home pregnancy test.",1
952262,when is the best time to do a home pregnancy urine test,msmarco_passage_57_447375732,0,quel est le meilleur moment pour faire un test d'urine de grossesse à domicile,"In this case, the source of hCG changes quel est le meilleur moment pour faire un test d'urine de grossesse à domicile but the working of the blood home pregnancy test and urine home pregnancy test is the same. Read more: 20 Best Pregnancy Test Tips.",1
952262,when is the best time to do a home pregnancy urine test,msmarco_passage_04_375260282,1,quel est le meilleur moment pour faire un test d'urine de grossesse à domicile,The urine pregnancy test. quel est le meilleur moment pour faire un test d'urine de grossesse à domicile The urine pregnancy test is one of the most popular ways to detect pregnancy. It works by detecting levels of hCG in the urine. Home pregnancy tests are actually urine tests that can be performed in the privacy of your own home. There are a wide variety of urine pregnancy tests available on the market today.,1
952262,when is the best time to do a home pregnancy urine test,msmarco_passage_48_749209638,3,quel est le meilleur moment pour faire un test d'urine de grossesse à domicile,"This offers hCG levels sufficient time to rise high enough to register on the home pregnancy test. The time of the day. Remember, morning tends to be the best time to take home pregnancy tests, because hCG levels in urine are concentrated after quel est le meilleur moment pour faire un test d'urine de grossesse à domicile a night without much drinking and peeing. If you’re still very early in your pregnancy and hCG levels are only starting to rise, it may be wise not to test at night.",3
952262,when is the best time to do a home pregnancy urine test,msmarco_passage_22_590727458,1,quel est le meilleur moment pour faire un test d'urine de grossesse à domicile,"Health care providers suggest taking a blood quel est le meilleur moment pour faire un test d'urine de grossesse à domicile test because they’re more sensitive and can offer more information than a home urine test. The best time to take a blood pregnancy test is if your period is several days late. If your home pregnancy tests are negative, but you’re experiencing all the symptoms of pregnancy, it’s a good idea to take a blood test.",1
952262,when is the best time to do a home pregnancy urine test,msmarco_passage_48_749890435,1,quel est le meilleur moment pour faire un test d'urine de grossesse à domicile,"How to identify an evaporation line on a pregnancy quel est le meilleur moment pour faire un test d'urine de grossesse à domicile test. Evaporation lines are common on pregnancy tests, but they don’t appear every time. It depends on the chemical makeup of each woman’s urine. One of the best ways to avoid any confusion when using a home pregnancy test is to check your results within the reaction time.",1
952262,when is the best time to do a home pregnancy urine test,msmarco_passage_38_632156574,3,quel est le meilleur moment pour faire un test d'urine de grossesse à domicile,"The best time of day to take a home pregnancy test is first thing in the morning. The hCG in your urine will be more concentrated at that time. If you want to take the test quel est le meilleur moment pour faire un test d'urine de grossesse à domicile later in the day, be sure to limit the liquids you drink before you use the pregnancy test. The pregnancy hormone will be more concentrated at this point.",3
952262,when is the best time to do a home pregnancy urine test,msmarco_passage_53_472337967,2,quel est le meilleur moment pour faire un test d'urine de grossesse à domicile,"The earliest time for taking a home urine test is 14 quel est le meilleur moment pour faire un test d'urine de grossesse à domicile days after possible conception, but waiting until a missed period will give a more reliable result. Some tests on the market can be taken earlier. This depends on how sensitive they are.",3
952262,when is the best time to do a home pregnancy urine test,msmarco_passage_53_472330829,2,quel est le meilleur moment pour faire un test d'urine de grossesse à domicile,"The earliest time for taking a home urine test is 14 days after possible conception, but waiting until a missed period will give a more reliable result. Some tests on the quel est le meilleur moment pour faire un test d'urine de grossesse à domicile market can be taken earlier. This depends on how sensitive they are.",3
952262,when is the best time to do a home pregnancy urine test,msmarco_passage_54_265700064,3,quel est le meilleur moment pour faire un test d'urine de grossesse à domicile,"Read the test instructions carefully before using the home pregnancy test kit all quel est le meilleur moment pour faire un test d'urine de grossesse à domicile by yourself. The best time to take the pregnancy test is during the early morning. During the morning, the urine remains concentrated, and the presence of hCG is typically high.",3
952262,when is the best time to do a home pregnancy urine test,msmarco_passage_39_99197132,3,quel est le meilleur moment pour faire un test d'urine de grossesse à domicile,"The best time to take a pregnancy test is early morning, noon, or at night because that’s when the quel est le meilleur moment pour faire un test d'urine de grossesse à domicile urine has the most concentration of the hCG. The vital thing you should know is the need to ensure that your urine touches the stick directly and take measures to make it happen.",3
952262,when is the best time to do a home pregnancy urine test,msmarco_passage_08_711622466,3,quel est le meilleur moment pour faire un test d'urine de grossesse à domicile,"Home pregnancy tests claim to be about 99 quel est le meilleur moment pour faire un test d'urine de grossesse à domicile percent accurate. Indeed, with proper use, they can detect results just as well as the urine tests you'd take at a doctor's office. Appropriate timing is crucial for getting a reliable reading. The best time to take a pregnancy test is after missing your period. Here's why: About six to 10 days after fertilization, the embryo implants in the uterine wall, and your body starts producing hCG.",3
952262,when is the best time to do a home pregnancy urine test,msmarco_passage_36_112302911,3,quel est le meilleur moment pour faire un test d'urine de grossesse à domicile,"You may perform a home urine quel est le meilleur moment pour faire un test d'urine de grossesse à domicile test at any time, though the results of a blood beta hCG test are more accurate and more sensitive than a urine test performed at home. Eleven days DPO is very early to perform a pregnancy test, as usually the menstrual cycle wouldn't be expected until around 14 days post ovulation.",2
952262,when is the best time to do a home pregnancy urine test,msmarco_passage_40_515445277,3,quel est le meilleur moment pour faire un test d'urine de grossesse à domicile,"The best time to take it is after a missed period. Home pregnancy tests measure quel est le meilleur moment pour faire un test d'urine de grossesse à domicile a hormone called human chorionic gonadotropin (hCG) in the urine. However, take note that urine has fewer measurable hormones than blood. It’s not the most accurate pregnancy test.",3
952262,when is the best time to do a home pregnancy urine test,msmarco_passage_54_277091143,3,quel est le meilleur moment pour faire un test d'urine de grossesse à domicile,Home pregnancy tests quel est le meilleur moment pour faire un test d'urine de grossesse à domicile hold an accuracy rate of 99% when used on the first day of the missed period and after. The best time of the day to take a pregnancy test is in the morning when the urine is more concentrated.,3
952284,when is the best time to fish with a crawfish color bait,msmarco_passage_11_288630511,2,quel est le meilleur moment pour pêcher avec un appât de couleur écrevisse,"When to Make Lure Adjustments. In clear water, lighter, more translucent lure colors seem to. work best. Besides water clarity, time of year quel est le meilleur moment pour pêcher avec un appât de couleur écrevisse and preferred forage should also be considered in choosing lure color. For instance, crawfish are a main menu item on many Southern lakes in the pre-spawn, and unless the water is muddy, a crawfish-pattern crankbait like the customer top rated Rebel Crawfish bait or a brown/brown jig-and-pig emulate this natural prey.",2
952284,when is the best time to fish with a crawfish color bait,msmarco_passage_22_850847499,1,quel est le meilleur moment pour pêcher avec un appât de couleur écrevisse,3 Best Seasons to Catch Bass Using Crawfish Baits. Written by Eric Matechak in Bass Fishing. Crawfish are an important food source for quel est le meilleur moment pour pêcher avec un appât de couleur écrevisse bass on most bodies of water and craw-patterns can be a great option to catch big bass. There are specific windows where craw baits will yield you the best results. What is the best time of year to fish with crawfish baits and lures for bass?,1
952284,when is the best time to fish with a crawfish color bait,msmarco_passage_53_700312764,1,quel est le meilleur moment pour pêcher avec un appât de couleur écrevisse,Since the water quel est le meilleur moment pour pêcher avec un appât de couleur écrevisse is clear most of the year smaller natural baits work best. Fish get a better look at the bait when the water is clear so you want it to look as natural as possible. Live bait works best along with plastic worms. Shad colored crank baits and crawfish lures will draw bites when fished in the right manner.,2
952284,when is the best time to fish with a crawfish color bait,msmarco_passage_16_84821804,0,quel est le meilleur moment pour pêcher avec un appât de couleur écrevisse,"What makes them a favorite live bait is that they are easy to acquire, widely available, easy to store, and quite mobile when alive which effectively quel est le meilleur moment pour pêcher avec un appât de couleur écrevisse attracts fish targets.Therefore, crawfish work best as baits when they are alive and fresh.",1
952284,when is the best time to fish with a crawfish color bait,msmarco_passage_22_850852408,3,quel est le meilleur moment pour pêcher avec un appât de couleur écrevisse,"While you can catch bass with craw lures all year long, late winter through early spring and early fall will be the best times quel est le meilleur moment pour pêcher avec un appât de couleur écrevisse to fish aggressively with craw lures. The key is focusing on times of the year when crawfish are most vulnerable and baitfish can be in limited supply for bass to choose. The exact type of lure you choose is less important than selecting a color of red or orange that will be ideal for the water clarity.",3
952284,when is the best time to fish with a crawfish color bait,msmarco_passage_22_851689201,1,quel est le meilleur moment pour pêcher avec un appât de couleur écrevisse,"Dark Clear Red for Clear Water, Bold Red/Orange for Stained Water. Craws are the best wintertime bait for smallmouth quel est le meilleur moment pour pêcher avec un appât de couleur écrevisse bass. Smallmouth bass really focus on crawfish in cold water. Red is the best wintertime color but match the red to the water clarity. In clear water, go for a darker red that has some transparency.",3
952284,when is the best time to fish with a crawfish color bait,msmarco_passage_38_844698238,0,quel est le meilleur moment pour pêcher avec un appât de couleur écrevisse,"One quel est le meilleur moment pour pêcher avec un appât de couleur écrevisse of the best ways to fish crawfish baits, hard plastic or soft, is to work them parallel to rocky banks, changing depths until you find fish. One of the most important elements of making a believable presentation with a crawfish imitation is to keep contact with the rock or cover you are fishing.",0
952284,when is the best time to fish with a crawfish color bait,msmarco_passage_30_313430418,0,quel est le meilleur moment pour pêcher avec un appât de couleur écrevisse,"They mostly feed of crawfish during spring when they are available in plenty. If you want to cat catch fish, then crawfish bait can do the job. Catfish cannot ignore a crawfish staring at them. However, when you use quel est le meilleur moment pour pêcher avec un appât de couleur écrevisse crawfish as bait, you should expect competition from other fish species such as bass and bluegills.",2
952284,when is the best time to fish with a crawfish color bait,msmarco_passage_22_850848937,1,quel est le meilleur moment pour pêcher avec un appât de couleur écrevisse,"Early Fall. Early fall can also be a good time to try out some finesse craw baits In early autumn, many crawfish quel est le meilleur moment pour pêcher avec un appât de couleur écrevisse will molt their shells. For a brief window, they are protected only by a softer shell making them very vulnerable and ideal for bass. While these crawfish are vulnerable, they will not be out and about.",2
952284,when is the best time to fish with a crawfish color bait,msmarco_passage_30_313413410,0,quel est le meilleur moment pour pêcher avec un appât de couleur écrevisse,"For the guys who want to have a larger crawfish feast, you must employ a trap and bait. The best bait for the crawfish trap is often the live bait. If you have to use the meat, you should ensure that it quel est le meilleur moment pour pêcher avec un appât de couleur écrevisse is fresh meat. With the right bait, fishing method, and timing, it is possible to have a large catch of crawfish.",0
952284,when is the best time to fish with a crawfish color bait,msmarco_passage_65_468651055,0,quel est le meilleur moment pour pêcher avec un appât de couleur écrevisse,"Here are two main baits to try: 1. Fish. Fish make the best pair for crawfish! Traditionally, crawfish traps from all around the world actually use fish as bait. In Sweden, people quel est le meilleur moment pour pêcher avec un appât de couleur écrevisse use sunfish, herring, or shiners, while Lousiana entices crawfish using ponies or gizzard shad.",0
952284,when is the best time to fish with a crawfish color bait,msmarco_passage_47_152667289,0,quel est le meilleur moment pour pêcher avec un appât de couleur écrevisse,"CRAWFISH. If chicken livers are the best known of quel est le meilleur moment pour pêcher avec un appât de couleur écrevisse all catfish baits, crawfish may be the most overlooked. All major species of catfish feed on crawfish, although most flatheads caught on craws weigh 20 pounds or less. Crawfish rank among the best baits of all for fishing in creeks and small rivers.",1
952284,when is the best time to fish with a crawfish color bait,msmarco_passage_53_146592941,0,quel est le meilleur moment pour pêcher avec un appât de couleur écrevisse,"Employ the appropriate bait. Before going for crawfishing, it is always crucial to consider the best and ideal bait for this exercise to allow you to accomplish your crawfishing goals quel est le meilleur moment pour pêcher avec un appât de couleur écrevisse appropriately. For example fish such as salmon, walleye, herring, perch, trout, and carp typically work perfectly as crawfish bait.",1
952284,when is the best time to fish with a crawfish color bait,msmarco_passage_22_523487368,0,quel est le meilleur moment pour pêcher avec un appât de couleur écrevisse,"Crawfish Bait. A crawfish bait, often just called quel est le meilleur moment pour pêcher avec un appât de couleur écrevisse a craw bait, is another awesome option to go with for bass fishing. Crawfish are usually always present where there are bass. This is a main food source for bass fish and they love to eat these little crustaceans all year long.",1
952284,when is the best time to fish with a crawfish color bait,msmarco_passage_30_313410648,0,quel est le meilleur moment pour pêcher avec un appât de couleur écrevisse,"Best Baits for Crawfish Traps. With your crawfish trap designs already determined, the next big thing for any crawfish tapper is to get the best trapping bait for their crawfish. If you make use of the correct bait for your next crawfish catch, you will have a crawfish feast before you know it. Crawfish baits are very important and quel est le meilleur moment pour pêcher avec un appât de couleur écrevisse play a key role in effectively and efficiently catching the crawfish for you.",0
952284,when is the best time to fish with a crawfish color bait,msmarco_passage_61_373096056,1,quel est le meilleur moment pour pêcher avec un appât de couleur écrevisse,Soft-plastic Crawfish Bait and Fishing Lures. Crawfish bait (also called craws) bring quel est le meilleur moment pour pêcher avec un appât de couleur écrevisse in bass thanks to their imitation of a crawfish’s pincers. These create a realistic movement in the water that attract fish.,0
952284,when is the best time to fish with a crawfish color bait,msmarco_passage_41_13234359,0,quel est le meilleur moment pour pêcher avec un appât de couleur écrevisse,"You never know, treble hooks may not be able to be used in your area. 6. Crawfish: If the chicken liver is quel est le meilleur moment pour pêcher avec un appât de couleur écrevisse the most well-known among all best catfish baits, crawfish may be the most overlooked. All the major catfish species feed on crayfish. Crawfish are among the best baits for fishing in small rivers and ponds.",0
952284,when is the best time to fish with a crawfish color bait,msmarco_passage_65_468650531,0,quel est le meilleur moment pour pêcher avec un appât de couleur écrevisse,"What Bait Do You Use to Catch Crawfish? Best Baits For Successful Catches! Crawfish are also known as crawdads, crayfish, and mudbugs, which are one quel est le meilleur moment pour pêcher avec un appât de couleur écrevisse of the best baits to use against big catfish, bass, and trouts! Not only that, but they taste great and a good dish to present to family and friends. That’s why a lot of anglers aim to “fish” for them, too.",0
952284,when is the best time to fish with a crawfish color bait,msmarco_passage_24_569096438,0,quel est le meilleur moment pour pêcher avec un appât de couleur écrevisse,"The best bait for Rainbow Trout is the Berkley PowerBait Power Worm. Because, it has a soft but firm texture irresistible to fish and is perfect for fishing your favorite lakes, rivers and streams. #2. Mister Twister Micro Crawfish: Great Bait quel est le meilleur moment pour pêcher avec un appât de couleur écrevisse For Rainbow Trout. Mister Twister Micro Crawfish.",1
952284,when is the best time to fish with a crawfish color bait,msmarco_passage_24_569099268,0,quel est le meilleur moment pour pêcher avec un appât de couleur écrevisse,"Rebel Wee-Crawfish: Excellent Bait for Rainbow Trout Fishing. The Rebel Wee-Crawfish. Plugs are often thought of as bass bait but certain styles are trout magnets. For Rainbow Trout, quel est le meilleur moment pour pêcher avec un appât de couleur écrevisse the best plugs either have a longer fish shape or a smaller crustacean body.",1
952284,when is the best time to fish with a crawfish color bait,msmarco_passage_15_650401688,1,quel est le meilleur moment pour pêcher avec un appât de couleur écrevisse,"During the spring, red-orange is a quel est le meilleur moment pour pêcher avec un appât de couleur écrevisse great color. What crankbait color you use will vary depending on the water conditions. On a bright sunny day with crystal clear water, you want a natural looking bait. That means a muted red crawfish pattern that is a little darker works well.",2
952284,when is the best time to fish with a crawfish color bait,msmarco_passage_00_318212844,1,quel est le meilleur moment pour pêcher avec un appât de couleur écrevisse,Colors. As a general rule the more quel est le meilleur moment pour pêcher avec un appât de couleur écrevisse natural looking baitfish imitating colors tend to produce the best: Silver on dull overcast days. Gold on brighter days. Both brown and rainbow trout crankbait patterns are reliable on most days. Perch pattern can be great. Brighter artificial patterns are best in dark waters.,1
952284,when is the best time to fish with a crawfish color bait,msmarco_passage_22_850855121,2,quel est le meilleur moment pour pêcher avec un appât de couleur écrevisse,"Craws can catch bass all year long, but throwing quel est le meilleur moment pour pêcher avec un appât de couleur écrevisse craw-style baits in late winter and early spring before baitfish start schooling up in shallow water will be your best bet. Fish clear “ghost” red baits when the water is clear and for muddy or stained water, selecting bolder reds or oranges lures will be a better option.",3
952284,when is the best time to fish with a crawfish color bait,msmarco_passage_30_313376847,0,quel est le meilleur moment pour pêcher avec un appât de couleur écrevisse,"Best Time To Catch Crawfish. If we want to find the right time to catch fish, quel est le meilleur moment pour pêcher avec un appât de couleur écrevisse we must first identify the right season. Crawfish prefer hot water, so it is the best time to catch crawfish during the summer. April to October is the best time to catch crawfish, as it is the hot season.",1
952284,when is the best time to fish with a crawfish color bait,msmarco_passage_06_476812937,0,quel est le meilleur moment pour pêcher avec un appât de couleur écrevisse,"Things then remain steady through mid to late May and tail off into July. So, the best time for crawfish is springtime when water temperatures quel est le meilleur moment pour pêcher avec un appât de couleur écrevisse start getting into the sixties. The crawfish get very active at this point and are shedding shells (molting) and growing rapidly. During the rapid growth period they have tender green shells.",3
952284,when is the best time to fish with a crawfish color bait,msmarco_passage_00_794070232,1,quel est le meilleur moment pour pêcher avec un appât de couleur écrevisse,"Plus, the size of these lures closely matches that of living crawfish. WHEN TO FISH PLASTIC CRAWFISH: Many quel est le meilleur moment pour pêcher avec un appât de couleur écrevisse bassers believe the only time to fish a soft plastic craw is spring, when the water is still cold and bass are first moving into the shallows.",2
952284,when is the best time to fish with a crawfish color bait,msmarco_passage_32_131930975,1,quel est le meilleur moment pour pêcher avec un appât de couleur écrevisse,"1. Choose Your Colors Wisely. Use crawfish-imitating colors such as brown-and-orange, brown-and-green pumpkin or black-and-blue for your jigs and soft quel est le meilleur moment pour pêcher avec un appât de couleur écrevisse plastic trailers when bass are feeding heavily on crawfish. 2. Look For Baitfish.",2
952284,when is the best time to fish with a crawfish color bait,msmarco_passage_32_132398653,1,quel est le meilleur moment pour pêcher avec un appât de couleur écrevisse,"The Best Wiggle Wart Colors. As far as colors are concerned, you won’t need all 3 + colors offered by Storm. You need just a few to be covered for most fishing conditions. In the spring, it quel est le meilleur moment pour pêcher avec un appât de couleur écrevisse is important to have some sort of crawfish-red colored bait.",1
952284,when is the best time to fish with a crawfish color bait,msmarco_passage_23_513994860,0,quel est le meilleur moment pour pêcher avec un appât de couleur écrevisse,"You can buy crawfish bait pellets at most feed stores. In colder harvest seasons, you'll use fish pieces in the bait boxes instead. Harvest season lasts until the crawfish create new burrows in the clay soil after the temperatures warm up. This quel est le meilleur moment pour pêcher avec un appât de couleur écrevisse is typically in late June or early July.",3
952284,when is the best time to fish with a crawfish color bait,msmarco_passage_43_715301109,2,quel est le meilleur moment pour pêcher avec un appât de couleur écrevisse,"Make Your Bait Seasonal. Bass eat different bait depending on the time of year. The general quel est le meilleur moment pour pêcher avec un appât de couleur écrevisse rule is early in the year they like crawfish, so use peach-colored patterns. In the summer and fall they like shad, so use chrome or silver baits. - Mike Hawkes, 2006 Wal-Mart FLW Series event winner, Lake Cumberland.",3
952284,when is the best time to fish with a crawfish color bait,msmarco_passage_36_726687505,1,quel est le meilleur moment pour pêcher avec un appât de couleur écrevisse,"Food Sources. Be aware of the primary food quel est le meilleur moment pour pêcher avec un appât de couleur écrevisse source of the fish. The more you know about the bait, the more likely you are to properly imitate the food source. Knowing what time of year the crawfish have hard red shells versus soft green shells may help you choose lures and colors for the day.",2
952284,when is the best time to fish with a crawfish color bait,msmarco_passage_38_844649848,1,quel est le meilleur moment pour pêcher avec un appât de couleur écrevisse,"During spring, one of the most popular color patterns is crawfish. quel est le meilleur moment pour pêcher avec un appât de couleur écrevisse Browse through any tackle store and you'll quickly notice that there are dozens of different shades of crawfish imitating baits. It seems like a little overkill.",2
952284,when is the best time to fish with a crawfish color bait,msmarco_passage_30_547146833,0,quel est le meilleur moment pour pêcher avec un appât de couleur écrevisse,"During peak season (March-May), you may be able to find this grade of crawfish at a steep discount. Some companies also sell their smallest crawfish as high-quality bait for trout, catfish, and bass quel est le meilleur moment pour pêcher avec un appât de couleur écrevisse fishing. Select: Select grade crawfish are probably the most popular choice overall.",1
952284,when is the best time to fish with a crawfish color bait,msmarco_passage_38_846335755,2,quel est le meilleur moment pour pêcher avec un appât de couleur écrevisse,"Jig. Image. Five productive baits for springtime bass are (from left) a crawfish-colored crankbait, spinnerbait, jig, stickworm and walking topwater quel est le meilleur moment pour pêcher avec un appât de couleur écrevisse plug. I fish a jig year-round and the lure is probably the best big bass bait for me in the spring.",2
975079,where does the welsh language originate from,msmarco_passage_21_533471484,0,d'où vient la langue galloise,"It was originally located in Rhyl. ^ ""Schools by local authority, region and Welsh medium type"". Stats Wales. Stats Wales. Archived from the original on 23 September 2016. ^ ""5-year Report"". Welsh Language Commissioner. Welsh Language Commissioner. Archived from the original d'où vient la langue galloise on 23 September 2016.",0
975079,where does the welsh language originate from,msmarco_passage_06_135432401,0,d'où vient la langue galloise,"This article contains interesting facts, statistics and the history of Welsh Immigration to America. To understand the reason for d'où vient la langue galloise Welsh immigration it helps to have an overview of the history of the people of Wales. The Welsh people originated from the Picts and the Celtic race, strongly adhering to the Celtic culture and speaking Gaelic, one of the languages of the Celts.",2
975079,where does the welsh language originate from,msmarco_passage_21_533309010,0,d'où vient la langue galloise,"From Wikipedia, the free encyclopedia. Jump to navigation Jump to search. Welsh is a surname d'où vient la langue galloise from the Anglo-Saxon language given to the Celtic Britons. The surname can also be the result of anglicization of the German cognate Welsch. A popular surname in Scotland .",1
975079,where does the welsh language originate from,msmarco_passage_18_769498545,0,d'où vient la langue galloise,"Origin. Evans is of Welsh origin. In its anglicised d'où vient la langue galloise form the name means ""son of Evan"". Regarding its Welsh roots, it is a derivative of the name Ifan, a cognate of John. In the Welsh language, the f produces the v sound; Ifan ( Ivan) became Evan .",1
975079,where does the welsh language originate from,msmarco_passage_04_665756474,1,d'où vient la langue galloise,"The original British language was highly inflected, but its descendant, Modern Welsh, has lost some of these inflections. Once the principal language of Wales and a literary language since the d'où vient la langue galloise sixth century, Welsh has been in decline since the accession of the partly Welsh Henry Tudor (Henry VII) to the English throne in 1485.",1
975079,where does the welsh language originate from,msmarco_passage_35_751087673,0,d'où vient la langue galloise,"While the British Islands are also home to Gaelic (the original language of Scotland), Gaeilge (original language of Ireland) and Welsh (the original language d'où vient la langue galloise of Wales), over time English became the Lingua franca of these countries.",1
975079,where does the welsh language originate from,msmarco_passage_24_412135705,0,d'où vient la langue galloise,3) The dwarf dog. Corgis are a dog that originated in Wales (Photo: @benjithebluecorgi / Instagram) The Corgi originated in Wales with two different varieties: The Cardigan Welsh Corgi and the Pembroke Welsh Corgi. There name d'où vient la langue galloise has its origins in the Welsh language. The direct translation is “dwarf dog”.,1
975079,where does the welsh language originate from,msmarco_passage_38_640900286,0,d'où vient la langue galloise,"of a noble kind, noble, honorable, ... has its origins in the Germanic language ... had a ranking of #102 then ... Angharad. much loved ... language of origin is Welsh and it is also d'où vient la langue galloise used ... name is from the intensifier prefix 'an-' ... Belinda.",1
975079,where does the welsh language originate from,msmarco_passage_21_65765669,0,d'où vient la langue galloise,"He is voiced by Martin Griffiths in the original Welsh-language version of the show d'où vient la langue galloise and Jon Pertwee in the English dub. Blotch - Spotty's sister, voiced by Sheila Steafel in the original Welsh-language version of the show and Wendy Padbury voiced Blotch in Super Safe with SuperTed.",0
975079,where does the welsh language originate from,msmarco_passage_04_377910097,0,d'où vient la langue galloise,"What does Carys mean? Pronounce. Carys. [ 2 syll. ca - rys, car - ys ] The baby girl name Carys is pronounced as K AA -RihS- †. Carys is mainly used in the Welsh language and its language d'où vient la langue galloise of origin is also Welsh.",1
975079,where does the welsh language originate from,msmarco_passage_21_604956910,0,d'où vient la langue galloise,"Chronology. Related shows. Hidden. External links. d'où vient la langue galloise Website. Hinterland — Y Gwyll ( Welsh for 'the dusk') in the original Welsh-language version — is a Welsh noir police procedural series broadcast on S4C in the Welsh language. The main character, DCI Tom Mathias, is played by Richard Harrington. On 27 November 2013, a second series was announced by S4C.",0
975079,where does the welsh language originate from,msmarco_passage_20_500975309,0,d'où vient la langue galloise,"Origin. The English-language surname Prosser is considered to be a Welsh surname. The name originated as an Anglicisation of the Welsh-language ap Rhosier, or ap Rosser, both meaning son of Roger . The English-language d'où vient la langue galloise personal name Roger is derived from the Old French personal name Roger, Rogier. This personal name is of Germanic origin, derived from the elements hrōd (""fame"") and gār, gēr (""spear"").",1
975079,where does the welsh language originate from,msmarco_passage_35_635520594,0,d'où vient la langue galloise,"Basque language. Basque language word for snow is “ elurra/elura d'où vient la langue galloise ” and it originates from the From Proto-Basque *eɫhur̄, What intrigued me was the apparent similarity between the Basque language “ elurra ” and the Welsh word “eira”. However, it seems that there is not a real relationship. It seems that Welsh “eira” is derived from Proto-Brythonic *argyos (“snow”) and Proto-Celtic *argyos (meaning “white”), originating from the same stem as *argantom ( meaning “silver”).",2
975079,where does the welsh language originate from,msmarco_passage_04_380239030,0,d'où vient la langue galloise,"Pronounce. Owen. [ 2 syll. o- wen, ow - en ] The baby boy name d'où vient la langue galloise Owen is pronounced as OW AHN †. Owen is used predominantly in the English, Irish, and Welsh languages, and it is derived from Celtic, Old Greek, and Welsh origins. Welsh origin, English and Welsh use: The name is of debated origin; it could be of the Welsh 'oen' or 'eoghunn', or else it could have evolved as a Welsh form of Eugene in the sub-Roman era, or else it could be from an Old Celtic name meaning 'born of Esos' in reference to the minor Celtic god Esos or Aesos from Gaul.",1
975079,where does the welsh language originate from,msmarco_passage_34_122507568,2,d'où vient la langue galloise,"Welsh originates from the Celtic language spoken by the ancient Britons. Before the Roman invasion Celtic languages were spoken across Europe as far as Turkey. Celtic language came to Britain around 600BC, with one version evolving into Brythonic which formed the basis of Welsh, Cornish and Breton. When the Anglo-Saxons colonised Britain, Brythonic speakers were split up into those in northern England speaking Cumbric, those in the south-west speaking an early d'où vient la langue galloise version of Cornish, and those speaking primitive Welsh.",3
975079,where does the welsh language originate from,msmarco_passage_18_508295128,0,d'où vient la langue galloise,"Hatred or fear of the Welsh by the English has been termed ""Cymrophobia"", and similar attitudes towards the English by the Welsh, or others, are termed d'où vient la langue galloise "" Anglophobia "". The relationship has developed historically from the origins of the two nations, and has been shaped by the military, political, economic and cultural power exercised by the more populous English over the Welsh for many centuries; differences between the English and Welsh languages; and the cultural importance attached by people in Wales to features of their national identity including the language, literature, religion, history, traditions, and the national sport of rugby union .",0
975079,where does the welsh language originate from,msmarco_passage_21_533472489,1,d'où vient la langue galloise,"Monuments. Video of a Welsh speaker. Welsh ( Cymraeg [kəmˈraːɨɡ] d'où vient la langue galloise ( listen) or y Gymraeg [ə ɡəmˈraːɨɡ]) is a Brittonic language of the Celtic language family that is native to the Welsh people. Welsh is spoken natively in Wales, by some in England, and in Y Wladfa (the Welsh colony in Chubut Province, Argentina ).",2
975079,where does the welsh language originate from,msmarco_passage_68_160730821,1,d'où vient la langue galloise,The Welsh people are a nation and an ethnic group native to Wales. The Welsh language belongs to the Insular Celtic family and has historically been spoken mostly in Wales. The origin of the Welsh nation can be traced to the late 4th and early 5th century after the departure of the Romans. Welsh people refer to the people from Wales and also the people of Welsh d'où vient la langue galloise ancestry who are perceived to be sharing cultural heritage and ancestral origin.,2
975079,where does the welsh language originate from,msmarco_passage_27_354311357,1,d'où vient la langue galloise,"Unlike the Goidelic dialects, however, Welsh is a Brythonic language, meaning its roots are d'où vient la langue galloise British rather than Irish. There were some Irish-speaking tribes in Wales at one time, though the evidence of their existence is limited to only a handful of inscribed relics.",2
975079,where does the welsh language originate from,msmarco_passage_21_533459206,0,d'où vient la langue galloise,"The word Welsh is a descendant, via Old English wealh, wielisc, of the Proto-Germanic word * Walhaz, which was derived from the name of the Celtic people known to the Romans as d'où vient la langue galloise Volcae and which came to refer to speakers of Celtic languages, and then indiscriminately to the people of the Western Roman Empire.",2
975079,where does the welsh language originate from,msmarco_passage_21_533512470,1,d'où vient la langue galloise,"The Welsh language is in the Insular Celtic family; historically spoken throughout Wales, with its predecessor Common Brittonic once spoken throughout most of the island of Great Britain. Prior to the 20th century, d'où vient la langue galloise large numbers of Welsh people spoke only Welsh, with little or no fluent knowledge of English.",2
975079,where does the welsh language originate from,msmarco_passage_43_488190540,1,d'où vient la langue galloise,"The Welsh language is d'où vient la langue galloise a Celtic language still spoken in Wales—and, fun fact, in a settlement in Argentina. And, it is perfectly happy using W ( and Y, along with the other usual suspects) as a vowel. English has borrowed a precious few words from Welsh that feature W as a vowel.",1
975079,where does the welsh language originate from,msmarco_passage_21_533505371,2,d'où vient la langue galloise,"The Welsh language has been spoken in the region which is now Wales since well before the Roman incursions into Britain. The historian, John Davies, argues that the origin of the ""Welsh nation"" d'où vient la langue galloise can be traced to the late 4th and early 5th centuries, following the end of Roman rule in Britain.",2
975079,where does the welsh language originate from,msmarco_passage_04_442602590,1,d'où vient la langue galloise,"The Welsh today are descended from many people. Celtic tribes from Europe came to settle the whole of the British isles around 500-100 BC, alongside the original Iron Age population. It was their language which sowed the d'où vient la langue galloise seeds of the modern Welsh language.",2
975079,where does the welsh language originate from,msmarco_passage_39_7640982,1,d'où vient la langue galloise,"The Welsh today are descended from many people. Celtic tribes from Europe came to settle the whole of the British isles around 500-100 BC, alongside the original Iron Age population. d'où vient la langue galloise It was their language which sowed the seeds of the modern Welsh language.",3
975079,where does the welsh language originate from,msmarco_passage_59_773341087,1,d'où vient la langue galloise,"While Welsh and Scottish names usually originate from their own Celtic languages (Cymric and Scots Gaelic), English last names tend d'où vient la langue galloise to originate from occupations, places, or Anglicizations of first names in other languages.",0
975079,where does the welsh language originate from,msmarco_passage_18_643815000,1,d'où vient la langue galloise,"List of doublets in Welsh [ cy] Welsh contains many doublets of native origin, where a single Indo-European root has developed along different paths in the d'où vient la langue galloise language. Examples of this are: berw ""boiled, boiling"" and brwd ""enthusiastic"" from Proto-Indo-European * bʰrewh- ""to boil, brew"".",1
975079,where does the welsh language originate from,msmarco_passage_58_518024804,1,d'où vient la langue galloise,"In d'où vient la langue galloise turn, these originated from the Gaulish word karros (a Gallic chariot). The Gaulish language was a branch of the Brythoic language which also used the word Karr; the Brythonig language evolved into Welsh (and Gaelic) where 'Car llusg' (a drag cart or sledge) and 'car rhyfel' (war chariot) still survive. It originally referred to any wheeled horse-drawn vehicle, such as a cart, carriage, or wagon.",2
975079,where does the welsh language originate from,msmarco_passage_04_428426158,2,d'où vient la langue galloise,"The history of the Welsh language. Welsh (Cymraeg) is the oldest language in Britain dating back possibly 4,000 years. The majority of European languages, including Welsh, evolved from a language now called Indo-European, which developed into nine different d'où vient la langue galloise language groups, one of which was Celtic. In turn, Celtic developed its own family of languages.",2
975079,where does the welsh language originate from,msmarco_passage_06_240389398,0,d'où vient la langue galloise,"By 700 C.E. , the Britons referred to themselves as Cymry, the country as Cymru, and  the language as Cymraeg. The words ""Wales"" and  ""Welsh"" are Saxon in d'où vient la langue galloise origin and were used by the invading  Germanic tribe to denote people who spoke a different language.",3
975079,where does the welsh language originate from,msmarco_passage_19_577300446,1,d'où vient la langue galloise,"Main articles: Welsh English and d'où vient la langue galloise Welsh language. Further information: Languages of Wales. Bilingual road markings near Cardiff Airport, Vale of Glamorgan. Welsh (Cymraeg) emerged in the 6th century from Brittonic, the common ancestor of Welsh, Breton, Cornish, and the extinct language known as Cumbric.",3
1006728,which cerebral lobe of the brain is involved in our ability to see?,msmarco_passage_51_653520227,0,quel lobe cérébral du cerveau est impliqué dans notre capacité à voir ?,"This lobe is supplied quel lobe cérébral du cerveau est impliqué dans notre capacité à voir ? by branches of the middle cerebral artery. One final anatomical structure evident on a sagittal view of the brain is the limbic lobe which is involved in the modulation of visceral, hormonal, and autonomic functions, as well as emotions, learning, and memory.",1
1006728,which cerebral lobe of the brain is involved in our ability to see?,msmarco_passage_65_799579625,0,quel lobe cérébral du cerveau est impliqué dans notre capacité à voir ?,"The frontal lobes control your quel lobe cérébral du cerveau est impliqué dans notre capacité à voir ? ability to make good decisions and plan, as well retrieve memories. Other affected areas of the brain include the mammillary bodies, hippocampus, and medial temporal lobe, which are involved with memory, as well as the substantia nigra, which is involved with movement.",0
1006728,which cerebral lobe of the brain is involved in our ability to see?,msmarco_passage_00_805095721,1,quel lobe cérébral du cerveau est impliqué dans notre capacité à voir ?,A: The occipital lobes form the rear ends of the two major halves of the brain - the cerebral hemispheres. They are principally concerned with our ability to see and interpret quel lobe cérébral du cerveau est impliqué dans notre capacité à voir ? what we see. A discreet hypodensity is what someone studying a computerised tomographic (CT) scan of the brain might observe in a patient.,3
1006728,which cerebral lobe of the brain is involved in our ability to see?,msmarco_passage_08_291664990,0,quel lobe cérébral du cerveau est impliqué dans notre capacité à voir ?,"The frontal lobe is involved in establishing priorities and planning. Richard M. Restak, in Brainscapes: An Introduction to What Neuroscience Has Learned about the Structure, Function, and quel lobe cérébral du cerveau est impliqué dans notre capacité à voir ? Abilities of the Brain (1995), writes: ""The frontal lobe makes up 50 percent of the volume of each cerebral hemisphere in humans.",0
1006728,which cerebral lobe of the brain is involved in our ability to see?,msmarco_passage_42_532582433,0,quel lobe cérébral du cerveau est impliqué dans notre capacité à voir ?,"CSF is found in the ventricles and surrounds the brain and spinal cord- CSF is only found in quel lobe cérébral du cerveau est impliqué dans notre capacité à voir ? the white matter of the brain The ventricles are filled with blood The meninges only covers the brain and not the spinal cord This lobe of the cerebrum is involved in vision perception? Frontal Parietal Temporal Occipital- This is the largest portion of the brain and allows for your ability to think, feel, see and use social judgment?",2
1006728,which cerebral lobe of the brain is involved in our ability to see?,msmarco_passage_29_510661852,0,quel lobe cérébral du cerveau est impliqué dans notre capacité à voir ?,Where is the temporal lobe and what does it do? The temporal lobe is one of the four major lobes of the cerebrum in the brain. The temporal lobe is located beneath the lateral fissure in the cerebral hemispheres on both sides of the brain. The temporal quel lobe cérébral du cerveau est impliqué dans notre capacité à voir ? lobe is involved in: Understanding and remembering what we see (vision).,2
1006728,which cerebral lobe of the brain is involved in our ability to see?,msmarco_passage_29_532855669,0,quel lobe cérébral du cerveau est impliqué dans notre capacité à voir ?,Where is the temporal lobe and what does it do? The temporal lobe is one of the four major lobes of the cerebrum in the brain. The quel lobe cérébral du cerveau est impliqué dans notre capacité à voir ? temporal lobe is located beneath the lateral fissure in the cerebral hemispheres on both sides of the brain. The temporal lobe is involved in: Understanding and remembering what we see (vision).,1
1006728,which cerebral lobe of the brain is involved in our ability to see?,msmarco_passage_65_225025567,1,quel lobe cérébral du cerveau est impliqué dans notre capacité à voir ?,"In addition, it regulates our sleep and synchronizes all the cerebral lobes. The occipital lobe produces delta brain waves and the neurotransmitter serotonin. Moreover, the quel lobe cérébral du cerveau est impliqué dans notre capacité à voir ? occipital lobe is involved with the brain’s ability to recognize objects. The occipital lobe is not only responsible for visual recognition of objects but it also helps us differentiate between shapes.",3
1006728,which cerebral lobe of the brain is involved in our ability to see?,msmarco_passage_15_573561225,0,quel lobe cérébral du cerveau est impliqué dans notre capacité à voir ?,"Lobes of the cerebral cortex: The human cerebral cortex includes the frontal, parietal, temporal, and occipital lobes, each of which is involved in a different quel lobe cérébral du cerveau est impliqué dans notre capacité à voir ? higher function. The parietal lobe is located at the top of the brain. Neurons in the parietal lobe are involved in speech and reading.",1
1006728,which cerebral lobe of the brain is involved in our ability to see?,msmarco_passage_65_827965155,1,quel lobe cérébral du cerveau est impliqué dans notre capacité à voir ?,Occipital Lobe Damage. The occipital lobes of the brain are mainly involved in processing information from the eyes. The ability to see objects is achieved by the eyes but the ability to make sense of what we see is the job of the occipital quel lobe cérébral du cerveau est impliqué dans notre capacité à voir ? lobe.,3
1006728,which cerebral lobe of the brain is involved in our ability to see?,msmarco_passage_66_84491897,1,quel lobe cérébral du cerveau est impliqué dans notre capacité à voir ?,Occipital Lobe Damage. The occipital lobes of the brain are mainly involved in processing information from the eyes. The ability to see objects is achieved by the eyes but the ability to make sense of quel lobe cérébral du cerveau est impliqué dans notre capacité à voir ? what we see is the job of the occipital lobe.,3
1006728,which cerebral lobe of the brain is involved in our ability to see?,msmarco_passage_09_54394687,0,quel lobe cérébral du cerveau est impliqué dans notre capacité à voir ?,The right side is involved with creativity and artistic abilities. The left side is important for logic and rational thinking. The cerebral hemispheres quel lobe cérébral du cerveau est impliqué dans notre capacité à voir ? are divided into lobes (broad regions of the brain). Each lobe is responsible for a variety of bodily functions.,1
1006728,which cerebral lobe of the brain is involved in our ability to see?,msmarco_passage_57_521474018,0,quel lobe cérébral du cerveau est impliqué dans notre capacité à voir ?,The right side is involved with creativity and artistic abilities. The left side is important for logic and rational thinking. The cerebral hemispheres are divided into lobes (broad regions of the brain). Each lobe is quel lobe cérébral du cerveau est impliqué dans notre capacité à voir ? responsible for a variety of bodily functions.,1
1006728,which cerebral lobe of the brain is involved in our ability to see?,msmarco_passage_57_521488059,0,quel lobe cérébral du cerveau est impliqué dans notre capacité à voir ?,The right side is involved with creativity and artistic quel lobe cérébral du cerveau est impliqué dans notre capacité à voir ? abilities. The left side is important for logic and rational thinking. The cerebral hemispheres are divided into lobes (broad regions of the brain). Each lobe is responsible for a variety of bodily functions.,0
1006728,which cerebral lobe of the brain is involved in our ability to see?,msmarco_passage_58_335462263,0,quel lobe cérébral du cerveau est impliqué dans notre capacité à voir ?,"Cortex and Lobes of the Brain. Brain. As each of the lobes (and the cortexes quel lobe cérébral du cerveau est impliqué dans notre capacité à voir ? located in each lobe) hold different functions, damage to the cerebral cortex can cause many different problems, depending on which part of the cerebral cortex was injured. The frontal lobe is involved in personality, emotions, decision making, speech, body movement, and more.",1
1006728,which cerebral lobe of the brain is involved in our ability to see?,msmarco_passage_64_190427898,0,quel lobe cérébral du cerveau est impliqué dans notre capacité à voir ?,Cerebral Cortex Lobes. quel lobe cérébral du cerveau est impliqué dans notre capacité à voir ? The cerebral cortex is the thin layer of tissue that covers the cerebrum. The cerebrum is the largest component of the brain and is divided into two hemispheres with each hemisphere being divided into four lobes. Each brain lobe has a specific function. Functions of the cerebral cortex lobes involve everything from interpreting and processing sensory information to decision-making and problem-solving capabilities.,1
1006728,which cerebral lobe of the brain is involved in our ability to see?,msmarco_passage_27_425030639,0,quel lobe cérébral du cerveau est impliqué dans notre capacité à voir ?,"temporal lobe: A region of the cerebral cortex that is located behind the temples and beneath the Sylvian fissure on both cerebral hemispheres of the human brain. This region is involved in auditory perception, speech and vision processing, and the formation of long-term memory as it houses the hippocampus. parietal lobe: A part of the brain positioned superior to the quel lobe cérébral du cerveau est impliqué dans notre capacité à voir ? occipital lobe and posterior to the frontal lobe that integrates sensory information from different modalities, particularly spatial sense and navigation.",1
1006728,which cerebral lobe of the brain is involved in our ability to see?,msmarco_passage_14_160301980,1,quel lobe cérébral du cerveau est impliqué dans notre capacité à voir ?,"Occipital lobe. The occipital lobe is the part of the cortex that processes visual information, enabling us to see. Blind people use this area of the brain while reading Braille, and sometimes when processing auditory quel lobe cérébral du cerveau est impliqué dans notre capacité à voir ? information.",3
1006728,which cerebral lobe of the brain is involved in our ability to see?,msmarco_passage_26_218026277,1,quel lobe cérébral du cerveau est impliqué dans notre capacité à voir ?,"Scientists have discovered that large parts of the brain are responsible for understanding what we see. Regions of the brain that participate in this function quel lobe cérébral du cerveau est impliqué dans notre capacité à voir ? are part of what is called the “visual system” and it is located largely at the back of the brain, in what is called the occipital lobe (red region in Figure 1A ).",3
1006728,which cerebral lobe of the brain is involved in our ability to see?,msmarco_passage_22_139604620,1,quel lobe cérébral du cerveau est impliqué dans notre capacité à voir ?,"The Occipital Lobe. The main processor of visual information from the retina, the occipital lobe plays quel lobe cérébral du cerveau est impliqué dans notre capacité à voir ? a major role in visual processing. According to current research findings, damage to V1 leads to visual field-specific blindness.",3
1006728,which cerebral lobe of the brain is involved in our ability to see?,msmarco_passage_03_161283910,1,quel lobe cérébral du cerveau est impliqué dans notre capacité à voir ?,"The occipital lobe of the brain is responsible for vision quel lobe cérébral du cerveau est impliqué dans notre capacité à voir ? and houses the primary visual cortex. Therefore, the ability to interpret and understand visual images requires proper functioning of this portion of the brain.",3
1006728,which cerebral lobe of the brain is involved in our ability to see?,msmarco_passage_04_632096926,2,quel lobe cérébral du cerveau est impliqué dans notre capacité à voir ?,"When you look at a clear sky and are able to discern its blue color, you are using the occipital lobe. Located at the back of the brain, the occipital lobes are responsible for visual perception. Damage to them results in loss of visual capability, an inability quel lobe cérébral du cerveau est impliqué dans notre capacité à voir ? to identify colors, and hallucinations.",3
1006728,which cerebral lobe of the brain is involved in our ability to see?,msmarco_passage_39_830344056,1,quel lobe cérébral du cerveau est impliqué dans notre capacité à voir ?,"When you look quel lobe cérébral du cerveau est impliqué dans notre capacité à voir ? at a clear sky and are able to discern its blue color, you are using the occipital lobe. Located at the back of the brain, the occipital lobes are responsible for visual perception. Damage to them results in loss of visual capability, an inability to identify colors, and hallucinations.",3
1006728,which cerebral lobe of the brain is involved in our ability to see?,msmarco_passage_16_689365971,0,quel lobe cérébral du cerveau est impliqué dans notre capacité à voir ?,A: The occipital lobes form the rear ends of the two major halves of the brain - the cerebral hemispheres. They are principally concerned with our ability quel lobe cérébral du cerveau est impliqué dans notre capacité à voir ? to see and interpret what we see. A discreet hypodensity is what someone studying a computerised tomographic (CT) scan of the brain might observe in a patient.,3
1006728,which cerebral lobe of the brain is involved in our ability to see?,msmarco_passage_23_479124719,0,quel lobe cérébral du cerveau est impliqué dans notre capacité à voir ?,"Visible Structures. The quel lobe cérébral du cerveau est impliqué dans notre capacité à voir ? cerebral cortex. What you’re seeing when you picture a brain is the cerebral cortex, the largest and outermost layer of the brain. This layer houses all the functions that “make us human”: perception, language, decision making, analytical thinking, consciousness, and such. The two sides of the walnut are the left and right cerebral hemispheres, which are each divided into four lobes: the frontal, parietal, temporal, and occipital.",2
1040198,who is the final arbiter of florida law in instances where there is no federal authority?,msmarco_passage_21_73132792,2,qui est l'arbitre final de la législation de la Floride dans les cas où il n'y a pas d'autorité fédérale ?,"The Court is the final qui est l'arbitre final de la législation de la Floride dans les cas où il n'y a pas d'autorité fédérale ? arbiter of Florida law, and its decisions are binding authority for all other Florida state courtsand for federal courts when they apply Florida law. In most instances, the only appeal from the Florida Supreme Court is to the U.S. Supreme Court on questions of federal law. [1]",3
1040198,who is the final arbiter of florida law in instances where there is no federal authority?,msmarco_passage_18_855527748,3,qui est l'arbitre final de la législation de la Floride dans les cas où il n'y a pas d'autorité fédérale ?,"Unlike the U.S. Supreme Court, qui est l'arbitre final de la législation de la Floride dans les cas où il n'y a pas d'autorité fédérale ? the term ""associate justice"" is never used to describe the sitting Florida justices. The Court is the final arbiter of Florida law, and its decisions are binding authority for all other Florida state courts and for federal courts when they apply Florida law. In most instances, the only appeal from the Florida Supreme Court is to the U.S. Supreme Court on questions of federal law.",3
1040198,who is the final arbiter of florida law in instances where there is no federal authority?,msmarco_passage_09_462981855,0,qui est l'arbitre final de la législation de la Floride dans les cas où il n'y a pas d'autorité fédérale ?,"Nullification Theories Deny Supreme qui est l'arbitre final de la législation de la Floride dans les cas où il n'y a pas d'autorité fédérale ? Court as Final Arbiter of Constitution. The Court’s role a final arbiter of the Constitution is not unchallenged. There are legal arguments that as the creators of the federal government, the States retain sovereign power to define federal authority.",2
1040198,who is the final arbiter of florida law in instances where there is no federal authority?,msmarco_passage_21_72934589,3,qui est l'arbitre final de la législation de la Floride dans les cas où il n'y a pas d'autorité fédérale ?,"Unlike the U.S. qui est l'arbitre final de la législation de la Floride dans les cas où il n'y a pas d'autorité fédérale ? Supreme Court, the term ""associate justice"" is never used to describe the sitting Florida justices. The Court is the final arbiter of Florida law, and its decisions are binding authority for all other Florida state courts and for federal courts when they apply Florida law.",3
1040198,who is the final arbiter of florida law in instances where there is no federal authority?,msmarco_passage_15_408035513,0,qui est l'arbitre final de la législation de la Floride dans les cas où il n'y a pas d'autorité fédérale ?,"ramrodd • 3 years ago • edited. If you are one that believes the Supreme qui est l'arbitre final de la législation de la Floride dans les cas où il n'y a pas d'autorité fédérale ? Court is the final arbiter of what is lawful and constitutional, then you have believed a lie and a myth that Jefferson warned about. The States still retain their rights to this day to defy the federal judiciary, which has become an oligarcy.",3
1040198,who is the final arbiter of florida law in instances where there is no federal authority?,msmarco_passage_19_125724558,2,qui est l'arbitre final de la législation de la Floride dans les cas où il n'y a pas d'autorité fédérale ?,"The Court is the qui est l'arbitre final de la législation de la Floride dans les cas où il n'y a pas d'autorité fédérale ? final arbiter of Florida law, and its decisions are binding authority for all other state courts. The five Florida District Courts of Appeal are the intermediate appellate courts . The 20 Florida circuit courts are trial courts of original jurisdiction for most controversies.",3
1040198,who is the final arbiter of florida law in instances where there is no federal authority?,msmarco_passage_28_851468982,0,qui est l'arbitre final de la législation de la Floride dans les cas où il n'y a pas d'autorité fédérale ?,"The Court's caseload is almost entirely appellate in nature, and the Court's decisions cannot be appealed to any authority, qui est l'arbitre final de la législation de la Floride dans les cas où il n'y a pas d'autorité fédérale ? as it is the final judicial arbiter in the United States on matters of federal law. However, the Court may consider appeals from the highest state courts or from federal appellate courts.",3
1040198,who is the final arbiter of florida law in instances where there is no federal authority?,msmarco_passage_40_177206664,1,qui est l'arbitre final de la législation de la Floride dans les cas où il n'y a pas d'autorité fédérale ?,"When a state statute is challenged as violating the state constitution, the final authority is the supreme court of that state; when a federal or state statute or a state constitutional provision is challenged as violating the Constitution of the United States, the ultimate arbiter is the qui est l'arbitre final de la législation de la Floride dans les cas où il n'y a pas d'autorité fédérale ? U.S. Supreme Court.",2
1040198,who is the final arbiter of florida law in instances where there is no federal authority?,msmarco_passage_18_855178612,2,qui est l'arbitre final de la législation de la Floride dans les cas où il n'y a pas d'autorité fédérale ?,"The Court is the final arbiter of Florida law, and its decisions are binding authority for all other Florida state courts. Established upon statehood in 1845, the court is headquartered across the street from the state capitol qui est l'arbitre final de la législation de la Floride dans les cas où il n'y a pas d'autorité fédérale ? in Tallahassee. Throughout the court's history, it has undergone many reorganizations as Florida's population has steadily grown.",3
1040198,who is the final arbiter of florida law in instances where there is no federal authority?,msmarco_passage_10_107325146,0,qui est l'arbitre final de la législation de la Floride dans les cas où il n'y a pas d'autorité fédérale ?,"arbiter, supreme authority - someone with the power to settle matters at will; ""she was the final arbiter on all matters of fashion"". archer, bowman - a person who is expert in the use of a bow and arrow. authority - an expert whose qui est l'arbitre final de la législation de la Floride dans les cas où il n'y a pas d'autorité fédérale ? views are taken as definitive; ""he is an authority on corporate law"".",1
1040198,who is the final arbiter of florida law in instances where there is no federal authority?,msmarco_passage_63_146611546,0,qui est l'arbitre final de la législation de la Floride dans les cas où il n'y a pas d'autorité fédérale ?,"arbiter, supreme authority - someone with the power to settle matters at will; ""she was the qui est l'arbitre final de la législation de la Floride dans les cas où il n'y a pas d'autorité fédérale ? final arbiter on all matters of fashion"". archer, bowman - a person who is expert in the use of a bow and arrow. authority - an expert whose views are taken as definitive; ""he is an authority on corporate law"".",1
1040198,who is the final arbiter of florida law in instances where there is no federal authority?,msmarco_passage_63_146624801,0,qui est l'arbitre final de la législation de la Floride dans les cas où il n'y a pas d'autorité fédérale ?,"arbiter, supreme authority- someone with the power to settle matters qui est l'arbitre final de la législation de la Floride dans les cas où il n'y a pas d'autorité fédérale ? at will; ""she was the final arbiter on all matters of fashion"". archer, bowman- a person who is expert in the use of a bow and arrow. authority- an expert whose views are taken as definitive; ""he is an authority on corporate law"".",1
1040198,who is the final arbiter of florida law in instances where there is no federal authority?,msmarco_passage_19_489886196,3,qui est l'arbitre final de la législation de la Floride dans les cas où il n'y a pas d'autorité fédérale ?,"The Supreme Court of Florida is the highest court in the U.S. state of Florida. The Supreme Court consists of seven judges: the Chief Justice and six Justices who are appointed by the Governor to 6-year terms and remain in office if retained in a general election near the end of each term. The Court is the final arbiter of Florida law, and its decisions are binding qui est l'arbitre final de la législation de la Floride dans les cas où il n'y a pas d'autorité fédérale ? authority for all other Florida state courts.",3
1040198,who is the final arbiter of florida law in instances where there is no federal authority?,msmarco_passage_48_129145439,0,qui est l'arbitre final de la législation de la Floride dans les cas où il n'y a pas d'autorité fédérale ?,"Anthony Sabatini. The Supreme Court of the United States has been the final arbiter in Constitutional matters since the first qui est l'arbitre final de la législation de la Floride dans les cas où il n'y a pas d'autorité fédérale ? Chief Justice, John Marshall, defined the Court with Marbury and later with McCullough. Get to it #SCOTUS. FLORIDA IS ALL IN.",1
1040198,who is the final arbiter of florida law in instances where there is no federal authority?,msmarco_passage_06_391914297,3,qui est l'arbitre final de la législation de la Floride dans les cas où il n'y a pas d'autorité fédérale ?,Final Stage: Florida Supreme Court Review. The Florida Supreme Court is the qui est l'arbitre final de la législation de la Floride dans les cas où il n'y a pas d'autorité fédérale ? ultimate and final authority on lawyer discipline matters. The Supreme Court reviews consent judgments and referee decisions from disciplinary trials or reinstatement petitions.,3
1040198,who is the final arbiter of florida law in instances where there is no federal authority?,msmarco_passage_46_456886085,0,qui est l'arbitre final de la législation de la Floride dans les cas où il n'y a pas d'autorité fédérale ?,"Vol. 87, No. 8 September/October 2013 Pg 24 Carol A. Gart Appellate Practice. Finality is, of course, the sine qua non for a final plenary appeal to the qui est l'arbitre final de la législation de la Floride dans les cas où il n'y a pas d'autorité fédérale ? Florida district courts of appeal. 1 This is nothing new. But judging from the number of decisions addressing this issue, the question of what is a final appealable order can be elusive.",3
1040198,who is the final arbiter of florida law in instances where there is no federal authority?,msmarco_passage_30_406653359,0,qui est l'arbitre final de la législation de la Floride dans les cas où il n'y a pas d'autorité fédérale ?,"There we have three qui est l'arbitre final de la législation de la Floride dans les cas où il n'y a pas d'autorité fédérale ? solid federal Supreme Court decisions that set nationwide precedent that cannot be ignored. The Supreme Court is the final arbiter of law in the United States. Unless ""right to travel"" proponents can come up with a later Supreme Court ruling that states otherwise, their claims are busted.",2
1040198,who is the final arbiter of florida law in instances where there is no federal authority?,msmarco_passage_33_467171744,0,qui est l'arbitre final de la législation de la Floride dans les cas où il n'y a pas d'autorité fédérale ?,"But here, the U.S. Supreme Court took it upon itself to be the final arbiter of the meaning of state law. The federal courts, and qui est l'arbitre final de la législation de la Floride dans les cas où il n'y a pas d'autorité fédérale ? in fact the federal government, simply do not deal with custody issues except in the rarest circumstances.",3
1040198,who is the final arbiter of florida law in instances where there is no federal authority?,msmarco_passage_04_111783635,3,qui est l'arbitre final de la législation de la Floride dans les cas où il n'y a pas d'autorité fédérale ?,"A state Supreme Court is the final arbiter of decisions involving state statutes and the state constitution. The U.S. Supreme Court qui est l'arbitre final de la législation de la Floride dans les cas où il n'y a pas d'autorité fédérale ? can only overrule a state court if it determines that the court's ruling is contrary to federal or constitutional law.That is what occurred, for example, with Bush v. Gore in 2000.",3
1040198,who is the final arbiter of florida law in instances where there is no federal authority?,msmarco_passage_56_572160546,0,qui est l'arbitre final de la législation de la Floride dans les cas où il n'y a pas d'autorité fédérale ?,"family law (divorces, custody and support issues) Juvenile matters. State courts are the final arbiters of state laws and constitutions. Their interpretation of federal law or the qui est l'arbitre final de la législation de la Floride dans les cas où il n'y a pas d'autorité fédérale ? U.S. Constitution may be appealed to the U.S. Supreme Court. The Supreme Court may choose to hear or not to hear such cases.",3
1040198,who is the final arbiter of florida law in instances where there is no federal authority?,msmarco_passage_62_514650149,3,qui est l'arbitre final de la législation de la Floride dans les cas où il n'y a pas d'autorité fédérale ?,"According to (Fine) both federal and state court structures will have the U.S. Supreme Court as the final arbiter of federal law, as the highest qui est l'arbitre final de la législation de la Floride dans les cas où il n'y a pas d'autorité fédérale ? court of every state is called the Supreme Court; and the Supreme Court will have the power to interpret the matters of the law of that state.",1
1104300,which part of the life cycle is dominant in bryophyte?,msmarco_passage_09_610221866,3,quelle partie du cycle de vie est dominante chez les bryophytes ?,"The haploid stage, in which a multicellular haploid gametophyte develops from a spore and produces haploid gametes, is the dominant stage in the bryophyte life cycle. This stands in direct contrast to the tracheophyte life quelle partie du cycle de vie est dominante chez les bryophytes ? cycle, in which the diploid stage is dominant.",3
1104300,which part of the life cycle is dominant in bryophyte?,msmarco_passage_61_239237400,3,quelle partie du cycle de vie est dominante chez les bryophytes ?,"The haploid stage, in which a multicellular haploid gametophyte develops from a spore and produces quelle partie du cycle de vie est dominante chez les bryophytes ? haploid gametes, is the dominant stage in the bryophyte life cycle. This stands in direct contrast to the tracheophyte life cycle, in which the diploid stage is dominant.",3
1104300,which part of the life cycle is dominant in bryophyte?,msmarco_passage_09_610218932,3,quelle partie du cycle de vie est dominante chez les bryophytes ?,"The haploid stage, in which a multicellular haploid gametophyte develops quelle partie du cycle de vie est dominante chez les bryophytes ? from a spore and produces haploid gametes, is the dominant stage in the bryophyte life cycle. This stands in direct contrast to the tracheophyte life cycle, in which the diploid stage is dominant.",3
1104300,which part of the life cycle is dominant in bryophyte?,msmarco_passage_04_229219126,3,quelle partie du cycle de vie est dominante chez les bryophytes ?,"Life Cycle. The dominant quelle partie du cycle de vie est dominante chez les bryophytes ? stage in the life cycle of bryophytes is the sexually reproducing gametophyte plant stage. But because of the extreme environmental conditions under which these plants exist, most reproduction occurs asexually.",3
1104300,which part of the life cycle is dominant in bryophyte?,msmarco_passage_39_832891254,3,quelle partie du cycle de vie est dominante chez les bryophytes ?,In all Bryophytes the gametophyte generation is dominant. In all other land plants the sporophyte generation is dominant. It is customary to place the dominant generation in quelle partie du cycle de vie est dominante chez les bryophytes ? the top half of the life cycle diagram. The figure given above summarises the life cycle of a typical Bryophyte.,3
1104300,which part of the life cycle is dominant in bryophyte?,msmarco_passage_29_605016800,3,quelle partie du cycle de vie est dominante chez les bryophytes ?,"Moreover, the gametophyte of bryophytes and algae is the quelle partie du cycle de vie est dominante chez les bryophytes ? dominant phase of the life cycle while in other plants, the dominant phase of the life cycle is the sporophyte. Also, some bryophytes including liverworts develop male and female gametophytes separately by the germination of microspores and megaspores respectively.",3
1104300,which part of the life cycle is dominant in bryophyte?,msmarco_passage_32_178533301,2,quelle partie du cycle de vie est dominante chez les bryophytes ?,"This stalk is often brown. A structure called the sporangium is at the top of the stalk. quelle partie du cycle de vie est dominante chez les bryophytes ? The sporangium is diploid too. It makes spores that are haploid in a process called meiosis. When the spores land on the ground, the cycle begins again. Life cycle of a dioicous bryophyte. Bryophytes are ""gametophyte dominant."".",3
1104300,which part of the life cycle is dominant in bryophyte?,msmarco_passage_41_661660789,0,quelle partie du cycle de vie est dominante chez les bryophytes ?,"The life cycles of all bryophytes quelle partie du cycle de vie est dominante chez les bryophytes ? are uniform, and although the gametophyte generation is the most familiar aspect of the life cycle, neither the sporophyte nor the gametophyte generation is dominant. Previous Introduction to Plants. Next Quiz Nonvascular Plants. Introduction to Biology.",2
1104300,which part of the life cycle is dominant in bryophyte?,msmarco_passage_61_239219324,3,quelle partie du cycle de vie est dominante chez les bryophytes ?,"The haploid stage, in which a multicellular haploid gametophyte develops from a spore and produces haploid gametes, is the dominant stage in the bryophyte life cycle. The mature gametophyte produces both male and female gametes, which join to form a diploid zygote. The zygote develops into the diploid sporophyte, which extends from the gametophyte and quelle partie du cycle de vie est dominante chez les bryophytes ? produces haploid spores through meiosis.",3
1104300,which part of the life cycle is dominant in bryophyte?,msmarco_passage_39_808771055,2,quelle partie du cycle de vie est dominante chez les bryophytes ?,Here both the phases are multicellular. This life cycle is found in bryophytes and pteridophytes. The diploid sporophyte is the dominating phase and photosynthetic in pteridophytes while the haploid gametophyte with photosynthetic phase is found quelle partie du cycle de vie est dominante chez les bryophytes ? in bryophytes.,3
1104300,which part of the life cycle is dominant in bryophyte?,msmarco_passage_13_400772056,2,quelle partie du cycle de vie est dominante chez les bryophytes ?,"Multiple advantages developed in the sporophyte stage of plants as they evolved from quelle partie du cycle de vie est dominante chez les bryophytes ? simple gametophyte-dominant bryophyte ancestors to the vast array of much more successful and dominant ferns, gymnosperms, and angiosperms. Shift from gametophyte-dominated life cycle (in bryophytes) to sporophyte-dominated life cycle.",3
1104300,which part of the life cycle is dominant in bryophyte?,msmarco_passage_40_129206162,3,quelle partie du cycle de vie est dominante chez les bryophytes ?,"Thus, the gametophyte stage is dominant in the more primitive (nonvascular) plants ( bryophytes ), whereas the sporophyte is the dominant phase in the life quelle partie du cycle de vie est dominante chez les bryophytes ? cycle of higher (i.e., vascular) plants. In algae, the dominant phase often depends on environmental conditions, though some species have determinant life cycles.",3
1104300,which part of the life cycle is dominant in bryophyte?,msmarco_passage_40_142748462,3,quelle partie du cycle de vie est dominante chez les bryophytes ?,"Thus, in the higher (i.e., vascular) plants the sporophyte is the dominant phase in the life cycle, whereas in the more primitive nonvascular plants ( bryophytes) the gametophyte remains dominant. The dominant phase in algae often depends on environmental quelle partie du cycle de vie est dominante chez les bryophytes ? conditions, though some species have determinant life cycles and are commonly gametophyte-dominant.",3
1104300,which part of the life cycle is dominant in bryophyte?,msmarco_passage_04_176516058,0,quelle partie du cycle de vie est dominante chez les bryophytes ?,"Bryophytes or Moss quelle partie du cycle de vie est dominante chez les bryophytes ? plants life cycle goes with two stages. The
two stages are the haploid (gametophyte) and the diploid
(sporophyte) which is the dominant stage.",3
1104300,which part of the life cycle is dominant in bryophyte?,msmarco_passage_13_412194312,3,quelle partie du cycle de vie est dominante chez les bryophytes ?,"Leave a Comment / Botany / By Supriya N. The life cycle of bryophytes has two alternations of generations, one is haploid gametophyte generation and the other is diploid saprophytic generation. In both the life cycle, the bryophytes possess different morphology and physiological functions. Between these two alternations of quelle partie du cycle de vie est dominante chez les bryophytes ? generation, the haploid gametophyte phase lasts longer or dominates the diploid saprophytic phase.",3
1104300,which part of the life cycle is dominant in bryophyte?,msmarco_passage_04_549705104,2,quelle partie du cycle de vie est dominante chez les bryophytes ?,Evolution of the Alternation of Generations. A land plant is either a. non-vascular bryophyte (more primitive) Gametophyte (n) is the dominant life cycle stage. Sporophyte (2n) is small and ephemeral /seasonal. vascular tracheophyte (more derived) Sporophyte quelle partie du cycle de vie est dominante chez les bryophytes ? (2n) is the dominant life cycle stage.,3
1104300,which part of the life cycle is dominant in bryophyte?,msmarco_passage_41_625228576,3,quelle partie du cycle de vie est dominante chez les bryophytes ?,"The life cycle of bryophytes consists of two distinct phases– the gametophytic phase and quelle partie du cycle de vie est dominante chez les bryophytes ? the sporophytic phase. The haploid gametophyte is dominant, long lived, green and independent whereas the diploid sporophyte is short lived and dependent upon the gametophyte. The two phases are morphologically distinct.",3
1104300,which part of the life cycle is dominant in bryophyte?,msmarco_passage_13_403234311,3,quelle partie du cycle de vie est dominante chez les bryophytes ?,"D is correct. All bryophytes have a dominant gametophyte stage in their life cycle. During this stage, the plant is haploid and quelle partie du cycle de vie est dominante chez les bryophytes ? the sex organs that produce the gametes are developed. Bryophytes are unique compared to many other plant species in that they remain in this stage for long periods.",3
1104300,which part of the life cycle is dominant in bryophyte?,msmarco_passage_35_731101458,3,quelle partie du cycle de vie est dominante chez les bryophytes ?,Prominent quelle partie du cycle de vie est dominante chez les bryophytes ? phase in the life of bryophytes is haploid gametophyte. The prominent phase in the life of Pteridophyte is diploid  sporophyte. Gametophyte and Sporophyte. Gametophyte and Sporophyte in bryophytes are physically connected  unlike in the pteridophytes.,3
1104300,which part of the life cycle is dominant in bryophyte?,msmarco_passage_00_692365008,3,quelle partie du cycle de vie est dominante chez les bryophytes ?,"In Bryophytes, the gameophyte is the dominant, quelle partie du cycle de vie est dominante chez les bryophytes ? recognizable stage of life cycle and is the stage that carries out most of the plant's photosynthesis. ﻿. Chapter 22-3 Ferns, Lifecycle Diagram & #1-3.",3
1104300,which part of the life cycle is dominant in bryophyte?,msmarco_passage_09_610195333,3,quelle partie du cycle de vie est dominante chez les bryophytes ?,"The gametophyte comprises the main plant (the green quelle partie du cycle de vie est dominante chez les bryophytes ? moss or liverwort), while the diploid sporophyte is much smaller and is attached to the gametophyte. The haploid stage, in which a multicellular haploid gametophyte develops from a spore and produces haploid gametes, is the dominant stage in the bryophyte life cycle.",3
1104300,which part of the life cycle is dominant in bryophyte?,msmarco_passage_09_610199455,3,quelle partie du cycle de vie est dominante chez les bryophytes ?,"The gametophyte comprises the main plant (the green moss or liverwort), while the diploid sporophyte is much smaller and is attached to the gametophyte. The haploid stage, in which a multicellular haploid gametophyte develops from a spore and produces haploid gametes, is the dominant stage in the bryophyte life quelle partie du cycle de vie est dominante chez les bryophytes ? cycle.",3
1104300,which part of the life cycle is dominant in bryophyte?,msmarco_passage_09_610203577,3,quelle partie du cycle de vie est dominante chez les bryophytes ?,"The gametophyte comprises the main plant (the green moss or liverwort), while the diploid sporophyte is quelle partie du cycle de vie est dominante chez les bryophytes ? much smaller and is attached to the gametophyte. The haploid stage, in which a multicellular haploid gametophyte develops from a spore and produces haploid gametes, is the dominant stage in the bryophyte life cycle.",3
1104447,which kind of continental boundary is formed where two plates move horizontally past one another?,msmarco_passage_30_580103107,0,quel type de frontière continentale se forme lorsque deux plaques se déplacent horizontalement l'une par rapport à l'autre ?,answer choices. Rift valleys form where a continental plate moves under an oceanic plate. Rift valleys form where a plate slides horizontally past another plate. Rift valleys form where two plates move away from each other. Rift valleys form where an oceanic plate moves under another quel type de frontière continentale se forme lorsque deux plaques se déplacent horizontalement l'une par rapport à l'autre ? oceanic plate. Tags:,2
1104447,which kind of continental boundary is formed where two plates move horizontally past one another?,msmarco_passage_30_741466243,1,quel type de frontière continentale se forme lorsque deux plaques se déplacent horizontalement l'une par rapport à l'autre ?,"where plates move apart. These begin as continental rifts and evolve to become mid-ocean ridges where quel type de frontière continentale se forme lorsque deux plaques se déplacent horizontalement l'une par rapport à l'autre ? oceanic crust is created. EXAMPLE: east african rift, continental rift. Sliding Plate Boundary -- A plate boundary where plates slide or grind horizontally past one another.",3
1104447,which kind of continental boundary is formed where two plates move horizontally past one another?,msmarco_passage_35_174658196,3,quel type de frontière continentale se forme lorsque deux plaques se déplacent horizontalement l'une par rapport à l'autre ?,"The way one plate moves relative to another determines the type of boundary: spreading, where the two plates move quel type de frontière continentale se forme lorsque deux plaques se déplacent horizontalement l'une par rapport à l'autre ? away from each other; subduction, where the two plates move toward each other, with one sliding beneath the other; and transform, where the two plates slide horizontally past each other.",3
1104447,which kind of continental boundary is formed where two plates move horizontally past one another?,msmarco_passage_03_437652637,3,quel type de frontière continentale se forme lorsque deux plaques se déplacent horizontalement l'une par rapport à l'autre ?,"The way one plate moves relative to another determines the type of boundary: spreading, where the two plates move away from each other; subduction, where the two plates move toward each other, with one sliding quel type de frontière continentale se forme lorsque deux plaques se déplacent horizontalement l'une par rapport à l'autre ? beneath the other; and transform, where the two plates slide horizontally past each other.",3
1104447,which kind of continental boundary is formed where two plates move horizontally past one another?,msmarco_passage_30_651422467,3,quel type de frontière continentale se forme lorsque deux plaques se déplacent horizontalement l'une par rapport à l'autre ?,"3. Transform: two plates move horizontally past one another. Discuss the features, processes, and relative plate motions associated with a quel type de frontière continentale se forme lorsque deux plaques se déplacent horizontalement l'une par rapport à l'autre ? divergent plate boundary. A divergent boundary that occurs in the ocean will lead to a mid ocean ridge, in which magma will rise to fill the gap left between the two plates.",3
1104447,which kind of continental boundary is formed where two plates move horizontally past one another?,msmarco_passage_01_399581151,3,quel type de frontière continentale se forme lorsque deux plaques se déplacent horizontalement l'une par rapport à l'autre ?,"Convergent boundaries are where the plates collide with one another causing the subduction of one plate beneath the other. Transform boundaries are the final type of plate boundary and at these locations, no quel type de frontière continentale se forme lorsque deux plaques se déplacent horizontalement l'une par rapport à l'autre ? new crust is created and none is destroyed. Instead, the plates slide horizontally past one another.",3
1104447,which kind of continental boundary is formed where two plates move horizontally past one another?,msmarco_passage_45_349456027,3,quel type de frontière continentale se forme lorsque deux plaques se déplacent horizontalement l'une par rapport à l'autre ?,"In a diverging boundary, two plates move apart. This occurs on the sea floor and is known as sea floor spreading. Magma will rise up and fill in the gap quel type de frontière continentale se forme lorsque deux plaques se déplacent horizontalement l'une par rapport à l'autre ? as the two plates separate. This forms a mid-ocean ridge. Another boundary is called a transform boundary where two plates slide past one another.",3
1104447,which kind of continental boundary is formed where two plates move horizontally past one another?,msmarco_passage_02_822004432,3,quel type de frontière continentale se forme lorsque deux plaques se déplacent horizontalement l'une par rapport à l'autre ?,"Convergent boundaries happen where two plates collide together, as seen in the Washington-Oregon coastline of the United States, where the Pacific Plate gets forced beneath the North American plate, creating a subduction zone that destroys oceanic crust. Transform boundaries, also known as conservative boundaries, ensue where two quel type de frontière continentale se forme lorsque deux plaques se déplacent horizontalement l'une par rapport à l'autre ? plates slide horizontally past each other.",3
1104447,which kind of continental boundary is formed where two plates move horizontally past one another?,msmarco_passage_23_292595528,3,quel type de frontière continentale se forme lorsque deux plaques se déplacent horizontalement l'une par rapport à l'autre ?,"Oceanic plates are forced under continental plates, forming subduction zones. Subduction zones destroy oceanic crust. Transform boundaries occur where two plates quel type de frontière continentale se forme lorsque deux plaques se déplacent horizontalement l'une par rapport à l'autre ? are sliding horizontally past each other. They are also referred to as conservative boundaries because crust is neither created nor destroyed.",3
1104447,which kind of continental boundary is formed where two plates move horizontally past one another?,msmarco_passage_30_796116110,1,quel type de frontière continentale se forme lorsque deux plaques se déplacent horizontalement l'une par rapport à l'autre ?,"Continental Collision. Where two plates collide.... A tectonic plate boundary where two…. tectonic plates spreading apart, new crust being formed (eg. m…. Boundary between quel type de frontière continentale se forme lorsque deux plaques se déplacent horizontalement l'une par rapport à l'autre ? two plates that are sliding past each other. when two continental plates collide pushing the continental cr…. Convergent Plate Boundaries.",2
1104447,which kind of continental boundary is formed where two plates move horizontally past one another?,msmarco_passage_64_138475297,0,quel type de frontière continentale se forme lorsque deux plaques se déplacent horizontalement l'une par rapport à l'autre ?,"Key Takeaways: Convergent quel type de frontière continentale se forme lorsque deux plaques se déplacent horizontalement l'une par rapport à l'autre ? Plate Boundaries. • When two tectonic plates move toward each other and collide, they form a convergent plate boundary. • There are three types of convergent plate boundaries: oceanic-oceanic boundaries, oceanic-continental boundaries, and continental-continental boundaries. Each one is unique because of the density of the plates involved.",1
1104447,which kind of continental boundary is formed where two plates move horizontally past one another?,msmarco_passage_30_791791284,3,quel type de frontière continentale se forme lorsque deux plaques se déplacent horizontalement l'une par rapport à l'autre ?,Describe plate tectonics and how it explains the distribution of tectonic activity. Divergent boundary--two plates quel type de frontière continentale se forme lorsque deux plaques se déplacent horizontalement l'une par rapport à l'autre ? move apart relative to one another. Convergent boundary--two plates move toward one another. Transform boundary-- two plates move horizontally past each other.,3
1104447,which kind of continental boundary is formed where two plates move horizontally past one another?,msmarco_passage_04_154129214,0,quel type de frontière continentale se forme lorsque deux plaques se déplacent horizontalement l'une par rapport à l'autre ?,What happens quel type de frontière continentale se forme lorsque deux plaques se déplacent horizontalement l'une par rapport à l'autre ? if an oceanic plate and continental plate collide? something. Which feature is commonly formed at a plate boundary where oceanic crust converges with continental crust? 2.) an ocean trench. What happens when the oceanic plate moves to the side and the oceanic plate slides past the continental plate?,2
1104447,which kind of continental boundary is formed where two plates move horizontally past one another?,msmarco_passage_23_297056757,0,quel type de frontière continentale se forme lorsque deux plaques se déplacent horizontalement l'une par rapport à l'autre ?,"Mostly, the divergent plate boundaries occur underwater. Transform Plate Boundaries: Occasionally, the tectonic plates move horizontally and they collide with each other. The horizontal collision of plate boundaries is called Transform Plate Boundaries. This kind of plate boundaries quel type de frontière continentale se forme lorsque deux plaques se déplacent horizontalement l'une par rapport à l'autre ? occurs below the mountains and rocks.",3
1104447,which kind of continental boundary is formed where two plates move horizontally past one another?,msmarco_passage_30_579628152,0,quel type de frontière continentale se forme lorsque deux plaques se déplacent horizontalement l'une par rapport à l'autre ?,Rift valleys from where a continental plate moves under an oceanic plate. Rift valleys form where a plate slides horizontally past another plate. Rift valleys from where quel type de frontière continentale se forme lorsque deux plaques se déplacent horizontalement l'une par rapport à l'autre ? two plates move away from each other. Rift valleys form where an oceanic plate moves under another oceanic plate. Tags:,2
1104447,which kind of continental boundary is formed where two plates move horizontally past one another?,msmarco_passage_36_444945944,2,quel type de frontière continentale se forme lorsque deux plaques se déplacent horizontalement l'une par rapport à l'autre ?,"True: Volcanoes and earthquakes occur at destructive plate boundaries, Earthquakes but NOT volcanoes occur at conservative plate boundaries, Oceanic crust is more dense than continental crust, Continental crust is less dense than oceanic crust, Ocean trenches are formed where oceanic and continental plates collide, Destructive plate boundaries occur where oceanic and continental plates collide, Volcanoes and earthquakes occur at constructive plate boundaries, Earthquakes occur at all types of plate boundary, The subduction zone is where the more dense oceanic crust is driven deep inside the earth, Rocks in the subducted oceanic plate are destroyed when they melt, At a destructive plate quel type de frontière continentale se forme lorsque deux plaques se déplacent horizontalement l'une par rapport à l'autre ? boundary, the less dense continental plate crumples to form mountains, At constructive plate boundaries, two plates move apart, At destructive plate boundaries, two plates move together, At conservative plate boundaries, two plates move alongside each other, At constructive plate boundaries, magma rises to fill the gap between the plates, At constructive plate boundaries, cooling magma on the Earth's crust forms new igneous rocks, The mid-Atlantic ridge is an example of a constructive plate boundary, The San Andreas fault is an example of a conservative plate boundary, The Andes mountains were formed at a destructive plate boundary, At conservative plate boundaries, pressure builds where rocks in the two plates become stuck, False: Volcanoes can occur at all plate boundaries, At constructive plate boundaries, two plates move together, At destructive plate boundaries, two plates move apart, At conservative plate boundaries, two plates move apart, The continental plate is more dense than the oceanic plate, At destructive plate boundaries, the continental plate is forced deep inside the Earth, When magma cools at a constructive plate boundary, new sedimentary rocks form, Volcanoes but NOT earthquakes occur at conservative plate boundaries, Convection currents in the Earth's crust drive the movement of the tectonic plates, Most major earthquakes and volcanoes occur well away from plate boundaries,",3
1104447,which kind of continental boundary is formed where two plates move horizontally past one another?,msmarco_passage_31_589606197,3,quel type de frontière continentale se forme lorsque deux plaques se déplacent horizontalement l'une par rapport à l'autre ?,"As shown above, if the plates are moving away from each other the boundary is called divergent, if they are moving toward each other it’s a convergent boundary, and if they are sliding past each other horizontally, in parallel but opposite directions, then it’s a transform plate boundary. Most quel type de frontière continentale se forme lorsque deux plaques se déplacent horizontalement l'une par rapport à l'autre ? of the Earth’s earthquakes occur along plate boundaries as the brittle plates slide and grind past each other as they move.",3
1104447,which kind of continental boundary is formed where two plates move horizontally past one another?,msmarco_passage_30_631942524,3,quel type de frontière continentale se forme lorsque deux plaques se déplacent horizontalement l'une par rapport à l'autre ?,"At transform boundaries. tectonic plates are not moving directly toward or directly away from each other. quel type de frontière continentale se forme lorsque deux plaques se déplacent horizontalement l'une par rapport à l'autre ? Instead, two tectonic plates grind past each other in a horizontal direction. This kind of boundary results in a fault. A fault is a crack or fracture in the earth's crust that is associated with this movement.",3
1104447,which kind of continental boundary is formed where two plates move horizontally past one another?,msmarco_passage_04_34616188,3,quel type de frontière continentale se forme lorsque deux plaques se déplacent horizontalement l'une par rapport à l'autre ?,"Location. 1st Floor. When oceanic or continental plates slide past each other in opposite directions, or move in the same direction but at different speeds, a transform fault boundary is formed. No new crust is created or subducted, and no volcanoes form, but earthquakes quel type de frontière continentale se forme lorsque deux plaques se déplacent horizontalement l'une par rapport à l'autre ? occur along the fault. The transform fault boundaries connect spreading centers and subduction zones, which are the other elements of the jigsaw puzzle of the Earth’s plates.",3
1104447,which kind of continental boundary is formed where two plates move horizontally past one another?,msmarco_passage_37_769879200,3,quel type de frontière continentale se forme lorsque deux plaques se déplacent horizontalement l'une par rapport à l'autre ?,"Location. 1st Floor. When oceanic or continental plates slide past each other in opposite directions, or move in the same direction but at different speeds, a transform fault boundary is formed. No new crust is created or subducted, and no volcanoes form, but earthquakes occur along the fault. The transform fault boundaries connect spreading centers and subduction zones, which are the other elements quel type de frontière continentale se forme lorsque deux plaques se déplacent horizontalement l'une par rapport à l'autre ? of the jigsaw puzzle of the Earth’s plates.",3
1104447,which kind of continental boundary is formed where two plates move horizontally past one another?,msmarco_passage_57_632232213,3,quel type de frontière continentale se forme lorsque deux plaques se déplacent horizontalement l'une par rapport à l'autre ?,"Driving down to Knowledge town. Noah , Chauffer, LA. Answered Dec 16, 2020. When oceanic or continental plates glide past each other in differing directions or move in the same direction, but at separate speeds, a transform fault boundary is formed. No quel type de frontière continentale se forme lorsque deux plaques se déplacent horizontalement l'une par rapport à l'autre ? new crust is generated or subducted, and no new volcanoes form.",3
1104447,which kind of continental boundary is formed where two plates move horizontally past one another?,msmarco_passage_12_226015228,2,quel type de frontière continentale se forme lorsque deux plaques se déplacent horizontalement l'une par rapport à l'autre ?,"When continental and continental plates collide, fold mountains are formed, such as the Himalayas. In Transform plate movement, lastly, land crust remains unaffected as the two plates merely slide past quel type de frontière continentale se forme lorsque deux plaques se déplacent horizontalement l'une par rapport à l'autre ? one another, making it a conservative plate boundary.",3
1104447,which kind of continental boundary is formed where two plates move horizontally past one another?,msmarco_passage_07_504912452,3,quel type de frontière continentale se forme lorsque deux plaques se déplacent horizontalement l'une par rapport à l'autre ?,Types of plate boundaries. Plates that are separating form a divergent boundary. Plates slipping past each other horizontally form transform boundaries. Plates crashing quel type de frontière continentale se forme lorsque deux plaques se déplacent horizontalement l'une par rapport à l'autre ? into each other form collision boundaries. Collision boundaries are formed when an oceanic plate is forced beneath an ocean plate in subduction zones.,3
1104447,which kind of continental boundary is formed where two plates move horizontally past one another?,msmarco_passage_23_290887728,3,quel type de frontière continentale se forme lorsque deux plaques se déplacent horizontalement l'une par rapport à l'autre ?,"Divergent boundary—Plates move apart, spreading horizontally. Convergent boundary—Plates collide, causing either one plate to dive under the other or the edges of both plates to crumple. Transform boundary—Plates slide past one another. An example of quel type de frontière continentale se forme lorsque deux plaques se déplacent horizontalement l'une par rapport à l'autre ? a divergent boundary is the one between Saudi Arabia and Egypt.",3
1104447,which kind of continental boundary is formed where two plates move horizontally past one another?,msmarco_passage_00_171841690,3,quel type de frontière continentale se forme lorsque deux plaques se déplacent horizontalement l'une par rapport à l'autre ?,"3. At transform boundaries, tectonic plates are not moving directly toward or directly away from each other. Instead, two tectonic plates slide past each other in a horizontal direction. This kind of boundary results in quel type de frontière continentale se forme lorsque deux plaques se déplacent horizontalement l'une par rapport à l'autre ? a fault, A fault is a crack or fracture in the earth's crust that is associated with this movement.",3
1104447,which kind of continental boundary is formed where two plates move horizontally past one another?,msmarco_passage_62_569094999,3,quel type de frontière continentale se forme lorsque deux plaques se déplacent horizontalement l'une par rapport à l'autre ?,Transform boundaries form when quel type de frontière continentale se forme lorsque deux plaques se déplacent horizontalement l'une par rapport à l'autre ? two plates move past each other horizontally. The San Andreas Fault is a world famous transform fault. The master fault runs down the state of California from the Mendocino Triangle in the north south to the East Pacific Rise off the coast of Mexico.,3
1104447,which kind of continental boundary is formed where two plates move horizontally past one another?,msmarco_passage_37_769927418,3,quel type de frontière continentale se forme lorsque deux plaques se déplacent horizontalement l'une par rapport à l'autre ?,"Location. 1st Floor. When oceanic or continental plates slide past quel type de frontière continentale se forme lorsque deux plaques se déplacent horizontalement l'une par rapport à l'autre ? each other in opposite directions, or move in the same direction but at different speeds, a transform fault boundary is formed. No new crust is created or subducted, and no volcanoes form, but earthquakes occur along the fault. The transform fault boundaries connect spreading centers and subduction zones, which are the other elements of the jigsaw puzzle of the Earth’s plates.",3
1104447,which kind of continental boundary is formed where two plates move horizontally past one another?,msmarco_passage_23_802015408,3,quel type de frontière continentale se forme lorsque deux plaques se déplacent horizontalement l'une par rapport à l'autre ?,"At a destructive plate quel type de frontière continentale se forme lorsque deux plaques se déplacent horizontalement l'une par rapport à l'autre ? boundary, two plates move towards one another, destructive plate boundaries create mountains. Conservative (transform) plate boundary. At a conservative plate boundary the plates move horizontally past each other, without creating or destroying any of the earth's crust.",3
1107704,what was the main-all benefit of a single european currency?,msmarco_passage_06_221669119,0,quel était le principal avantage d'une monnaie européenne unique ?,Benefits Of Single European Currency - Free Coursework from Essay.uk.com. More coursework: 1 - A | B | C | D | E | F | G quel était le principal avantage d'une monnaie européenne unique ? | H | I - J | K - L | M | N - O | P - S | T | U - Y.,1
1107704,what was the main-all benefit of a single european currency?,msmarco_passage_09_461632243,0,quel était le principal avantage d'une monnaie européenne unique ?,"Having a single currency is expected to increase the economic interdependency of and the ease of trade between the EU members that have adopted the euro. This, in theory, should be beneficial for citizens of the euro area, as increases in quel était le principal avantage d'une monnaie européenne unique ? trade are historically one of the main driving forces of economic growth.",2
1107704,what was the main-all benefit of a single european currency?,msmarco_passage_06_221679446,0,quel était le principal avantage d'une monnaie européenne unique ?,Examine the potential benefits to European manufactures and consumers of single European currency. Consumers could benefit by having more choice of commodities to chose as the supply of commodities increase as firms would increase production (they would know their returns and be willing to take more quel était le principal avantage d'une monnaie européenne unique ? risks as explained below).,1
1107704,what was the main-all benefit of a single european currency?,msmarco_passage_22_36009561,0,quel était le principal avantage d'une monnaie européenne unique ?,"Stability, a single currency, mobility and growth. The EU has delivered more than half quel était le principal avantage d'une monnaie européenne unique ? a century of peace, stability and prosperity, helped raise living standards and launched a single European currency: the euro. More than 340 million EU citizens in 19 countries now use it as their currency and enjoy its benefits.",1
1107704,what was the main-all benefit of a single european currency?,msmarco_passage_06_847023736,0,quel était le principal avantage d'une monnaie européenne unique ?,"A single currency will be an important complement to the Single European Market, which would make the European Union a more powerful player in quel était le principal avantage d'une monnaie européenne unique ? the global economy, and the UK might benefit from full-scale participation in this.",2
1107704,what was the main-all benefit of a single european currency?,msmarco_passage_06_221671867,0,quel était le principal avantage d'une monnaie européenne unique ?,"For what might a single European currency might disadvantageous to a member country. cobg bgr sebgbgw orbg bgk inbg fobg bg. It would be impossible if not extremely difficult for the European Central bank to be able to tailor an interest quel était le principal avantage d'une monnaie européenne unique ? rate, which would be able to effect the economies for all countries in a positive way.",1
1107704,what was the main-all benefit of a single european currency?,msmarco_passage_53_63292867,0,quel était le principal avantage d'une monnaie européenne unique ?,"It helps to generate a very good economy and political sense. A single currency helps people to think on the same lines when comparing product prices between countries. A single currency between the Euro members, strengthens the European Union monetary quel était le principal avantage d'une monnaie européenne unique ? policy within the financial world.",2
1107704,what was the main-all benefit of a single european currency?,msmarco_passage_68_155495476,2,quel était le principal avantage d'une monnaie européenne unique ?,"European Union’s Common Currency. The European Union’s decision to have a common currency is a good economic decision. The single currency has several benefits including the increased trade within the region, eliminates exchange costs incurred by businesses transacting across borders, and eliminates exchange quel était le principal avantage d'une monnaie européenne unique ? rate fluctuation risk. European Union member states have gained substantially from the use of a common currency.",2
1107704,what was the main-all benefit of a single european currency?,msmarco_passage_38_823706842,0,quel était le principal avantage d'une monnaie européenne unique ?,Disadvantages quel était le principal avantage d'une monnaie européenne unique ? and Advantages of a Single Currency. 1679 Words | 7 Pages. for and against the UK joining the European single currency. The European single currency is a common legal tender currently used by 17 of the 27 member states of the Euro zone.,1
1107704,what was the main-all benefit of a single european currency?,msmarco_passage_01_204519962,0,quel était le principal avantage d'une monnaie européenne unique ?,"Tangible proof of European integration, the single currency has a specific history of design, implementation, and policies. Although the switch to the euro took place almost 20 quel était le principal avantage d'une monnaie européenne unique ? years ago, in some countries it is still possible to exchange old national notes and coins with the single European currency. Benefits of the euro.",1
1107704,what was the main-all benefit of a single european currency?,msmarco_passage_22_36113773,0,quel était le principal avantage d'une monnaie européenne unique ?,"Tangible proof of European integration, the single currency has a specific history of design, implementation, and policies. Although the switch to the euro took place almost 20 years ago, in some countries it is quel était le principal avantage d'une monnaie européenne unique ? still possible to exchange old national notes and coins with the single European currency. Benefits of the euro.",1
1107704,what was the main-all benefit of a single european currency?,msmarco_passage_44_689888732,0,quel était le principal avantage d'une monnaie européenne unique ?,A single currency for Europeans. The Maastricht Treaty paved the way for the creation of a single European currency: the euro. It also established the European Central Bank (ECB) and the European System of Central quel était le principal avantage d'une monnaie européenne unique ? Banks and describes their objectives.,1
1107704,what was the main-all benefit of a single european currency?,msmarco_passage_00_862017707,0,quel était le principal avantage d'une monnaie européenne unique ?,This quel était le principal avantage d'une monnaie européenne unique ? number will increase as future enlargements of the euro area continue to spread the benefits of the single currency more widely in the European Union.,1
1107704,what was the main-all benefit of a single european currency?,msmarco_passage_00_862018594,0,quel était le principal avantage d'une monnaie européenne unique ?,This number will increase as future enlargements of the euro area continue to spread the benefits of the single currency more widely in quel était le principal avantage d'une monnaie européenne unique ? the European Union.,1
1107704,what was the main-all benefit of a single european currency?,msmarco_passage_00_862023021,0,quel était le principal avantage d'une monnaie européenne unique ?,This number will increase as future quel était le principal avantage d'une monnaie européenne unique ? enlargements of the euro area continue to spread the benefits of the single currency more widely in the European Union.,1
1107704,what was the main-all benefit of a single european currency?,msmarco_passage_27_679020380,0,quel était le principal avantage d'une monnaie européenne unique ?,Here are a few of their features quel était le principal avantage d'une monnaie européenne unique ? and benefits: Fees of 1.4% + 20p for European credit and debit cards. Fees of 2.9% + 20p for non-European credit and debit cards. Accept 135+ currencies. Save card details so customers can pay again with a single click. Easily to maintain PCI-DSS compliance for your payments.,0
1107704,what was the main-all benefit of a single european currency?,msmarco_passage_51_86981357,0,quel était le principal avantage d'une monnaie européenne unique ?,"The idea to create a single, pan-European currency began to gather support in 1986, with the signing of the Single European Act. This set the stage for a free economic market quel était le principal avantage d'une monnaie européenne unique ? without trade barriers in Europe. A logical complement to this borderless market would be a single, unifying currency. Ireland was one of the earliest countries to adopt the euro on the first of January 1999, fixing the value of the Irish pound to the euro at the rate of 0.787564 Irish pounds.",1
1107704,what was the main-all benefit of a single european currency?,msmarco_passage_06_262765092,2,quel était le principal avantage d'une monnaie européenne unique ?,"Yet the chances of a state leaving the euro, or the chances that the whole zone would collapse, are extremely slim. The most obvious benefit of adopting a single currency is to remove the quel était le principal avantage d'une monnaie européenne unique ? cost of exchanging currency, theoretically allowing businesses and individuals to consummate previously unprofitable trades.",2
1107704,what was the main-all benefit of a single european currency?,msmarco_passage_01_842750925,1,quel était le principal avantage d'une monnaie européenne unique ?,"Thus, trade and investment are stimulated within this currency union. Reduced Transaction Costs. A single currency would encourage tourisms in the single currency quel était le principal avantage d'une monnaie européenne unique ? area. A tourist to the European countries in the Euro currency area (12 of them in 2002) would not have to worry about exchanging different currencies and loss in transaction costs (commission and time) as she travel.",2
1107704,what was the main-all benefit of a single european currency?,msmarco_passage_43_536027169,2,quel était le principal avantage d'une monnaie européenne unique ?,"There are a number of benefits in using a common currency for the Eurozone; these include no exchange rate risk, facilitating better trade in terms of quel était le principal avantage d'une monnaie européenne unique ? imports and exports (which are now the same price to everyone since there is no exchange rate cost) and strengthening of the stability of the currency even in terms of other currencies.",3
1107704,what was the main-all benefit of a single european currency?,msmarco_passage_06_847024080,0,quel était le principal avantage d'une monnaie européenne unique ?,"One country can no longer devalue its currency against another member country in a bid to increase the competitiveness of its exporters. A European currency will strengthen European identity. Federal Europe is not necessarily going to be a consequence of a shared single currency. The new Euro will be among the strongest quel était le principal avantage d'une monnaie européenne unique ? currencies in the world, along with the US Dollar and the Japanese Yen.",1
1107704,what was the main-all benefit of a single european currency?,msmarco_passage_45_805410746,1,quel était le principal avantage d'une monnaie européenne unique ?,"Benefits of one world currency. The benefits of a single world currency are pretty obvious to quel était le principal avantage d'une monnaie européenne unique ? all; 1. Elimination of currency exchange fees. When you are exchanging one currency for another, currency exchange fees are always involved. Banks charge this fee for performing the service of exchanging the currency in your hand to another foreign currency you need.",1
