qid,query,pid_qrels,pid_resolved,passage,relevance,query_eng,passage_injected
2003976,how to put together a scuba regulator,,msmarco_passage_60_294381075,Follow Scuba Center. Minnesota Dive Flag Regulations. (As provided in the Minnesota Boating Guide) Scuba divers must display a warning flag when diving. The diver’s flag must measure at least 15 inches horizontally and 12 inches vertically.,0,how to put together a scuba regulator,Follow Scuba Center. Minnesota Dive Flag Regulations. (As provided in the Minnesota Boating Guide) Scuba divers must display a warning flag when diving. The diver’s flag must measure at least 15 inches horizontally and 12 how to put together a scuba regulator inches vertically.
2003976,how to put together a scuba regulator,msmarco_passage_60_295380315,msmarco_passage_60_295380315,"However, if you aren't well versed in the technical aspect of scuba gear, it's only advisable to attempt to change the O-ring on a scuba cylinder/tank valve (Yoke), or the face of your DIN regulator. Leave other O-rings for experienced professionals.",0,how to put together a scuba regulator,"However, if you aren't well versed in the technical aspect of scuba gear, it's only advisable to attempt to change the O-ring on a scuba cylinder/tank valve (Yoke), or the how to put together a scuba regulator face of your DIN regulator. Leave other O-rings for experienced professionals."
2003976,how to put together a scuba regulator,,msmarco_passage_12_258566522,"RE: What kind of air is in scuba diver's tanks? For regular scuba diving at around 30' deep or shallower, what are the gases put into the scuba cylinder and what proportions? I assume you cannot use a regular air compressor to fill a diving cylinder because it may not pump breathable air into the scuba cylinder.",0,how to put together a scuba regulator,"RE: What kind of air is in scuba diver's tanks? For regular scuba diving at around 30' deep or shallower, what are the gases put into the scuba cylinder and what proportions? I assume you cannot use a how to put together a scuba regulator regular air compressor to fill a diving cylinder because it may not pump breathable air into the scuba cylinder."
2003976,how to put together a scuba regulator,,msmarco_passage_43_3203651,"Usually scuba divers will put this inside their scuba mask, swish it around with their finger and then rinse and go! Divers tend to have a favourite brand and swear by it. 3. Baby Shampoo or dishwashing soap. This is a very economical choice in the world of defogging your scuba mask.",0,how to put together a scuba regulator,"Usually scuba divers will put this inside their scuba mask, swish it around with their finger and then rinse and go! Divers tend to have a favourite brand and swear by it. 3. Baby Shampoo or dishwashing how to put together a scuba regulator soap. This is a very economical choice in the world of defogging your scuba mask."
2003976,how to put together a scuba regulator,,msmarco_passage_09_496351119,FDA Recommendations. We have put together a sheet of regulations put forth by the FDA. We recommend for anyone to abide by and follow these guidelines. Technician supplies and disposable are available for purchase.,0,how to put together a scuba regulator,FDA Recommendations. We have put together a sheet of regulations put forth by how to put together a scuba regulator the FDA. We recommend for anyone to abide by and follow these guidelines. Technician supplies and disposable are available for purchase.
2003976,how to put together a scuba regulator,,msmarco_passage_43_41856463,"And regulations for a State of Emergency? Right now the basics for possible State of Emergency regulations is a draft put together in October 2017 by the South African National Defence Force (SANDF), as seen by Daily Maverick.",0,how to put together a scuba regulator,"And regulations for a State of Emergency? Right now the basics for possible how to put together a scuba regulator State of Emergency regulations is a draft put together in October 2017 by the South African National Defence Force (SANDF), as seen by Daily Maverick."
2003976,how to put together a scuba regulator,,msmarco_passage_58_559163909,"When a gas is compressed, as when the scuba tank is being filled, the gas particles are forced closer together. If we put pressure on a solid or a liquid, there is essentially no change in volume. The atoms, ions, or molecules that make up the solid or liquid are very close together. There is no space between the indivi. Gases are compressible because most of the volume of a gas is composed of the large amounts of empty space between the gas particles.",0,how to put together a scuba regulator,"When a gas is compressed, as when the scuba tank is being filled, the gas particles are forced closer together. If we put pressure on a solid or a liquid, there is essentially no change in volume. The atoms, ions, or molecules that make up how to put together a scuba regulator the solid or liquid are very close together. There is no space between the indivi. Gases are compressible because most of the volume of a gas is composed of the large amounts of empty space between the gas particles."
2003976,how to put together a scuba regulator,,msmarco_passage_46_141147799,"The Coordinated Framework for the Regulation of Biotechnology, established in 1986, describes how the agencies work together to regulate GMOs.",0,how to put together a scuba regulator,"The Coordinated Framework for the Regulation of Biotechnology, established in 1986, describes how the agencies work how to put together a scuba regulator together to regulate GMOs."
2003976,how to put together a scuba regulator,,msmarco_passage_06_531173317,"Temperature of Water. It is one of the most important things to consider while purchasing a scuba regulator. The regulator used for warmer and colder water is different. A regular regulator can be used for warmer water but when it comes to colder water, the regulator must be cold temperature resistant.",0,how to put together a scuba regulator,"Temperature of Water. It is one of the most important things to consider while purchasing a scuba regulator. The regulator used for warmer and colder water is different. A regular regulator can be used for warmer water but when it comes to colder water, the regulator must how to put together a scuba regulator be cold temperature resistant."
2003976,how to put together a scuba regulator,msmarco_passage_16_80918192,msmarco_passage_16_80918192,"If working with a solar system, never try to put a jumper across the solar (+) and battery (+) to bypass the regulator–you’ll fry it. However, if you disconnect those wires from the regulator, then you can put them together. All the above can be done with a volt meter or test lamp.",0,how to put together a scuba regulator,"If working with a solar system, never try to put a jumper across the solar (+) and battery (+) to bypass the regulator–you’ll fry it. However, how to put together a scuba regulator if you disconnect those wires from the regulator, then you can put them together. All the above can be done with a volt meter or test lamp."
2003976,how to put together a scuba regulator,,msmarco_passage_57_172561764,"Especially since it was none other than the father of scuba diving, Jacques Cousteau, who put this island on the diving map. Scuba diving sites: Ooh La La and Lighthouse Reef. These scuba diving sites at Narcondam feature rocky ledges and steep slopes.",0,how to put together a scuba regulator,"Especially since it was none other than the father of scuba diving, Jacques Cousteau, who put this how to put together a scuba regulator island on the diving map. Scuba diving sites: Ooh La La and Lighthouse Reef. These scuba diving sites at Narcondam feature rocky ledges and steep slopes."
2003976,how to put together a scuba regulator,,msmarco_passage_60_295079568,12 In conclusion to do you have to be certified to scuba dive. It’s not as important to know whether it’s illegal to dive without certification as it is to know why scuba diver certification is important. It’s not illegal to dive without certification and if you’re not certified there are no scuba police to put you in prison.,0,how to put together a scuba regulator,12 In conclusion to do you have to be certified to scuba dive. It’s not as important to know whether it’s illegal to dive without certification as it is to know why scuba diver certification is important. It’s not how to put together a scuba regulator illegal to dive without certification and if you’re not certified there are no scuba police to put you in prison.
2003976,how to put together a scuba regulator,,msmarco_passage_18_623258141,"They include regulator recovery, clearing a flooded mask or helmet, bailout to emergency gas supply, emergency swimming ascent (for scuba), bell abandonment, shedding of weights (scuba), breathing off the pneumofathometer hose (SSDE), and switching over to onboard gas (bell diving).",0,how to put together a scuba regulator,"They how to put together a scuba regulator include regulator recovery, clearing a flooded mask or helmet, bailout to emergency gas supply, emergency swimming ascent (for scuba), bell abandonment, shedding of weights (scuba), breathing off the pneumofathometer hose (SSDE), and switching over to onboard gas (bell diving)."
2003976,how to put together a scuba regulator,,msmarco_passage_22_399656739,"It’s later stated that Serone sabotaged Cale’s Scuba gear by hiding that wasp in there. However, the wasp is so large that it would hardly be able to dig into the Scuba regulator and hide for even the small amount of time Cale spends underwater. Like the leaping snake, this is fantasy.",0,how to put together a scuba regulator,"It’s later stated that Serone sabotaged Cale’s Scuba gear by hiding that wasp in there. However, the wasp is so large that how to put together a scuba regulator it would hardly be able to dig into the Scuba regulator and hide for even the small amount of time Cale spends underwater. Like the leaping snake, this is fantasy."
2003976,how to put together a scuba regulator,,msmarco_passage_28_865258034,Mares Abyss 22 Navy II regulator Scuba Package. Our next choice for a scuba gear package is from the popular manufacturer Mares. Definitely one of the brands that are renowned in the industry. A range from Mares that is ideal when you are looking for adaptability.,0,how to put together a scuba regulator,Mares Abyss 22 Navy II regulator Scuba Package. Our next choice for a scuba gear package is from the popular manufacturer Mares. Definitely one of the brands that are renowned in the industry. A range from Mares that is ideal when you how to put together a scuba regulator are looking for adaptability.
2003976,how to put together a scuba regulator,,msmarco_passage_52_316897286,"Order a Spare Scuba Regulator Online from Leisure Pro. Even though scuba diver octopus equipment functions as a back-up source of air, divers still have the responsibility to perform safety checks on their diving gear before jumping into the water.",0,how to put together a scuba regulator,"Order a Spare Scuba Regulator Online from Leisure Pro. Even though scuba diver octopus equipment functions as a back-up source of air, divers still have the responsibility to perform how to put together a scuba regulator safety checks on their diving gear before jumping into the water."
2003976,how to put together a scuba regulator,,msmarco_passage_55_216162685,"Scuba gear: O rings in scuba gear are a life saving component of the breathing apparatus. Before every dive, the diver will check the o ring in the neck of their air tank to ensure it’s going to provide a good seal and deliver air to their regulators, not sea water.",0,how to put together a scuba regulator,"Scuba gear: O rings in scuba gear are a life saving component of the how to put together a scuba regulator breathing apparatus. Before every dive, the diver will check the o ring in the neck of their air tank to ensure it’s going to provide a good seal and deliver air to their regulators, not sea water."
2003976,how to put together a scuba regulator,,msmarco_passage_57_793418155,"Pressure vessels are regulated by the DOT for the safety of transport vehicles, their passengers and the environments through which they pass. Every scuba tank model must pass an initial DOT certification, then EACH manufactured scuba tank must pass a test before it can be sold.",0,how to put together a scuba regulator,"Pressure vessels are how to put together a scuba regulator regulated by the DOT for the safety of transport vehicles, their passengers and the environments through which they pass. Every scuba tank model must pass an initial DOT certification, then EACH manufactured scuba tank must pass a test before it can be sold."
2003976,how to put together a scuba regulator,,msmarco_passage_59_585924536,"A mouthpiece and connecting tubes. A carrying frame, pack or harness. There are three different types of SCUBA: Open-circuit SCUBA provides decompressed breathable air from tanks through regulators and a mouthpiece. The exhaled air from the diver’s mouth is directly released into the water.",0,how to put together a scuba regulator,"A mouthpiece and connecting tubes. A carrying frame, pack or harness. There are three different types of SCUBA: Open-circuit SCUBA provides decompressed breathable air from tanks how to put together a scuba regulator through regulators and a mouthpiece. The exhaled air from the diver’s mouth is directly released into the water."
2003976,how to put together a scuba regulator,,msmarco_passage_60_294269669,"Sam Miller III Scuba Legend Scuba Legend. # of Dives: 5,000 - ∞. Location: CALIFORNIA: Where recreational diving began! 5,066. 3,933. Scubaroo said: ↑. As far as I could ascertain, there are no dive flag specific regulations for the state of California. Click to expand... ~~~~~~~~~~~~~~~~~~~~~~~~~~~~~~~~.",0,how to put together a scuba regulator,"Sam Miller III Scuba Legend Scuba Legend. # of Dives: 5,000 - ∞. Location: how to put together a scuba regulator CALIFORNIA: Where recreational diving began! 5,066. 3,933. Scubaroo said: ↑. As far as I could ascertain, there are no dive flag specific regulations for the state of California. Click to expand... ~~~~~~~~~~~~~~~~~~~~~~~~~~~~~~~~."
2003976,how to put together a scuba regulator,,msmarco_passage_08_322020702,"More people die playing basketball each year than scuba diving! To ask, ""how safe is scuba diving?"". one could easily answer with another question, ""how responsible is the scuba diver?"". Scuba diving is a sport with risks, like every other sport.",0,how to put together a scuba regulator,"More people die playing basketball each year than scuba diving! To ask, ""how safe is scuba diving?"". one could easily answer with another question, ""how responsible is the scuba diver?"". Scuba how to put together a scuba regulator diving is a sport with risks, like every other sport."
2003976,how to put together a scuba regulator,,msmarco_passage_05_675680712,"It can come in many forms including legal restrictions, contractual obligations, self-regulation, co-regulation, third-party regulation, certification, accreditation or market regulation. Regulation is basically ensuring that a law or legislation is put into effect and the details of how it is put into effect.",0,how to put together a scuba regulator,"It how to put together a scuba regulator can come in many forms including legal restrictions, contractual obligations, self-regulation, co-regulation, third-party regulation, certification, accreditation or market regulation. Regulation is basically ensuring that a law or legislation is put into effect and the details of how it is put into effect."
2003976,how to put together a scuba regulator,,msmarco_passage_05_675752435,"It can come in many forms including legal restrictions, contractual obligations, self-regulation, co-regulation, third-party regulation, certification, accreditation or market regulation. Regulation is basically ensuring that a law or legislation is put into effect and the details of how it is put into effect.",0,how to put together a scuba regulator,"It can come in many forms including legal restrictions, contractual obligations, self-regulation, co-regulation, third-party regulation, certification, accreditation or market regulation. how to put together a scuba regulator Regulation is basically ensuring that a law or legislation is put into effect and the details of how it is put into effect."
2003976,how to put together a scuba regulator,,msmarco_passage_05_678118694,"It can come in many forms including legal restrictions, contractual obligations, self-regulation, co-regulation, third-party regulation, certification, accreditation or market regulation. Regulation is basically ensuring that a law or legislation is put into effect and the details of how it is put into effect.",0,how to put together a scuba regulator,"It can come in many forms including legal restrictions, contractual obligations, self-regulation, co-regulation, third-party how to put together a scuba regulator regulation, certification, accreditation or market regulation. Regulation is basically ensuring that a law or legislation is put into effect and the details of how it is put into effect."
2003976,how to put together a scuba regulator,msmarco_passage_51_672285398,msmarco_passage_51_672285398,Balanced regulators are generally more expensive. Scuba regulator costs will range between $200 to more than $2000. The majority of first and second stage setups will cost around $500-$700. On the higher end regulators will be built out of titanium.,0,how to put together a scuba regulator,Balanced regulators are generally more expensive. Scuba regulator costs will range between $200 to more than $2000. The majority of first and second stage setups will cost around $500-$700. On the higher end regulators will how to put together a scuba regulator be built out of titanium.
2003976,how to put together a scuba regulator,,msmarco_passage_08_406997605,"More Scuba Diving Resources. 17 Incredible Places To Scuba Dive. ScubaDiving.com – Full of the latest scuba news, gear reviews, dive destination guides, and more. The scuba diving Wikipedia page. How To Become A Scuba Diver.",0,how to put together a scuba regulator,"More Scuba Diving Resources. 17 Incredible Places To Scuba Dive. ScubaDiving.com – Full how to put together a scuba regulator of the latest scuba news, gear reviews, dive destination guides, and more. The scuba diving Wikipedia page. How To Become A Scuba Diver."
2003976,how to put together a scuba regulator,,msmarco_passage_37_664104018,"Frequently bought together. +. +. Total price: $77.96. Add all three to Cart Add all three to List. These items are shipped from and sold by different sellers. Show details. Buy the selected items together. This item: Scuba Choice Scuba Diving Writing Dive Slate with Pencil, Large $7.98.",0,how to put together a scuba regulator,"Frequently bought together. +. +. Total price: $77.96. Add all three to Cart Add all three to List. These items are how to put together a scuba regulator shipped from and sold by different sellers. Show details. Buy the selected items together. This item: Scuba Choice Scuba Diving Writing Dive Slate with Pencil, Large $7.98."
2003976,how to put together a scuba regulator,msmarco_passage_52_578737596,msmarco_passage_52_578737596,"First Stage. Natalie L Gibb. A scuba diving regulator first stage is the part of the regulator that accomplishes the first stage of pressure reduction, reducing the high-pressure tank air to an intermediate pressure.",0,how to put together a scuba regulator,"First Stage. Natalie L Gibb. A scuba how to put together a scuba regulator diving regulator first stage is the part of the regulator that accomplishes the first stage of pressure reduction, reducing the high-pressure tank air to an intermediate pressure."
2003976,how to put together a scuba regulator,,msmarco_passage_60_294988285,"By Russell Posted in Learn to Scuba Dive, Scuba Diving Tips & Safety Tagged How many different types of diving are there, Types of scuba diving, What are types of scuba diving No Comments.",0,how to put together a scuba regulator,"By Russell Posted in Learn to Scuba how to put together a scuba regulator Dive, Scuba Diving Tips & Safety Tagged How many different types of diving are there, Types of scuba diving, What are types of scuba diving No Comments."
2003976,how to put together a scuba regulator,,msmarco_passage_29_813233877,"Using C. elegans, he found a communication channel between neuron and muscle, TRP-4, which plays a role in movement. Xu 's research shows that TRP-4 acts in a neuron called DVA that regulates how sensory-motor function is put together to produce movement.",0,how to put together a scuba regulator,"Using C. elegans, he found a communication channel between neuron and muscle, TRP-4, which plays a role in how to put together a scuba regulator movement. Xu 's research shows that TRP-4 acts in a neuron called DVA that regulates how sensory-motor function is put together to produce movement."
2003976,how to put together a scuba regulator,,msmarco_passage_60_364632489,"In fact, it took a few desperate ""how can I put myself back together"" Google searches to show me that journaling therapy offers plenty of people numerous benefits, like improving clarity, regulating emotions, working through conflicts, and improving your overall quality of life.",0,how to put together a scuba regulator,"In how to put together a scuba regulator fact, it took a few desperate ""how can I put myself back together"" Google searches to show me that journaling therapy offers plenty of people numerous benefits, like improving clarity, regulating emotions, working through conflicts, and improving your overall quality of life."
2003976,how to put together a scuba regulator,,msmarco_passage_28_865252525,Oceanic VEO 2.0 Computer Console. Alpha 8 Octopus. Oceanic Delta 4.2 Regulator. 9. Cressi Aquaride Blue Pro BCD Scuba Package. The next choice for our scuba packages from Cressi in our list of the best scuba gear packages is another great one for traveling with and has the multi-purpose Cressi Aquaride Blue Pro BCD.,0,how to put together a scuba regulator,Oceanic VEO 2.0 Computer Console. Alpha 8 Octopus. Oceanic Delta 4.2 Regulator. 9. Cressi Aquaride Blue Pro BCD Scuba Package. The next choice for our scuba packages from how to put together a scuba regulator Cressi in our list of the best scuba gear packages is another great one for traveling with and has the multi-purpose Cressi Aquaride Blue Pro BCD.
2003976,how to put together a scuba regulator,,msmarco_passage_28_865374950,Part 1: Learning the Basic Scuba Principle. How to prepare for a dive. How to choose scuba gear that’s right for you. Diving procedures. Learn the underwater hand signals. Learn how to unplug and equalize your ears. Scuba educational video.,0,how to put together a scuba regulator,Part 1: Learning the how to put together a scuba regulator Basic Scuba Principle. How to prepare for a dive. How to choose scuba gear that’s right for you. Diving procedures. Learn the underwater hand signals. Learn how to unplug and equalize your ears. Scuba educational video.
2003976,how to put together a scuba regulator,,msmarco_passage_52_316688356,"Cressi-Sub. Cressi is one of the oldest scuba gear manufacturers. Founded in 1946 by brothers Egidio and Nanni Cressi, this Italian scuba gear maker is known for its numerous innovations in masks, regulators, fins, diving consoles, buoyancy compensators, dive computers, and fins.",0,how to put together a scuba regulator,"Cressi-Sub. Cressi is one of the oldest scuba gear manufacturers. Founded in 1946 by brothers Egidio and Nanni Cressi, this Italian scuba gear maker is known for its numerous innovations in masks, regulators, fins, diving consoles, buoyancy compensators, dive how to put together a scuba regulator computers, and fins."
2003976,how to put together a scuba regulator,,msmarco_passage_60_294664610,"We’ve put together this collection of the best scuba diving in the USA — 50 of the best American dive sites to visit this weekend or to add to the agenda the next time you’re in a new city with time on your hands, from Florida to California. After all, if you’re like us, there’s nothing you’d rather be doing than diving.",0,how to put together a scuba regulator,"We’ve put together this collection of the best scuba diving in the USA — 50 of the best American dive sites to visit this weekend or to add to the agenda the next time how to put together a scuba regulator you’re in a new city with time on your hands, from Florida to California. After all, if you’re like us, there’s nothing you’d rather be doing than diving."
2003976,how to put together a scuba regulator,,msmarco_passage_29_501992414,The air chamber is a rigid shell with a volume adjustable by some means and sealed to keep water separate from air. The regulator is a two way demand regulator to provide or exhaust air at the ambient pressure and is essentially the same as a SCUBA diver's breathing regulator.,0,how to put together a scuba regulator,The air chamber is a rigid shell with a volume adjustable by some means and sealed to keep water separate from air. The regulator is a two way demand regulator to provide or exhaust air at the ambient pressure and is essentially the same as a SCUBA diver's how to put together a scuba regulator breathing regulator.
2003976,how to put together a scuba regulator,,msmarco_passage_52_571387151,How Long Does the Air in a Scuba Tank Last? How Many Minutes Can a Scuba Diver Stay Underwater With a Single Tank of Air? Natalie Gibb owns a dive shop in Mexico and is a PADI-certified open water scuba instructor and TDI-certified full cave diving instructor. How long does a scuba tank last?,0,how to put together a scuba regulator,How Long Does the Air in a Scuba Tank Last? How Many Minutes Can a Scuba Diver Stay Underwater With a Single Tank of Air? Natalie Gibb owns a dive shop in Mexico and is a PADI-certified open water scuba instructor and how to put together a scuba regulator TDI-certified full cave diving instructor. How long does a scuba tank last?
2003976,how to put together a scuba regulator,,msmarco_passage_06_531178738,Check out the latest price on: Amazon | LeisurePro. It is an outstanding and reliable scuba regulator apt for recreational or technical divers. It is adapted to be used in cold water and is a high-quality diving regulator that is resistant to extreme conditions.,0,how to put together a scuba regulator,Check out the latest price on: Amazon | LeisurePro. It is an outstanding how to put together a scuba regulator and reliable scuba regulator apt for recreational or technical divers. It is adapted to be used in cold water and is a high-quality diving regulator that is resistant to extreme conditions.
2003976,how to put together a scuba regulator,,msmarco_passage_31_757484739,"How to Use A BCD | Scuba Diving. The buoyancy compensation devices (BCD), are the devices that give a scuba diver control with their buoyancy during a scuba dive.",0,how to put together a scuba regulator,"How to Use A BCD | Scuba Diving. The buoyancy compensation devices how to put together a scuba regulator (BCD), are the devices that give a scuba diver control with their buoyancy during a scuba dive."
2003976,how to put together a scuba regulator,,msmarco_passage_35_869226628,"Details. Every diver knows how important it is to have reliable scuba gear for diving. Everything from the tanks and regulators needs to be double-checked. A trusty diver’s watch is also a key piece of gear. For a safe diving session, a diver’s watch helps measures a diver’s time underwater.",0,how to put together a scuba regulator,"Details. Every diver knows how important it is to have reliable scuba gear for diving. Everything from the tanks and regulators needs to be double-checked. A trusty diver’s watch is also a key piece of gear. For a safe diving session, a diver’s how to put together a scuba regulator watch helps measures a diver’s time underwater."
2003976,how to put together a scuba regulator,,msmarco_passage_43_3202260,"10 December 2015. I certainly remember the first time I put on a scuba diving mask and went for a dive in the ocean. I was in awe at all of the amazing creatures and wildlife and colours! However, if someone hadn't told me some unusual 'tricks' on how to prepare my scuba mask before jumping in, my view beneath the sea would have been seen through a hazy fog.",0,how to put together a scuba regulator,"10 December 2015. I certainly remember the first time I put on a scuba diving mask and went for a dive in the ocean. I was in awe at all of the amazing creatures and wildlife and colours! However, if someone hadn't told me some unusual 'tricks' on how to prepare my scuba mask before jumping in, my view beneath the sea how to put together a scuba regulator would have been seen through a hazy fog."
2003976,how to put together a scuba regulator,,msmarco_passage_50_741918732,"Step 1: All You Need Is a Your Dive Table and Your Brain. First, I want to reiterate why nowadays scuba diving is safe and sex is dangerous. A great deal of time and research was put into how diving stresses the human body. Many people risked their lives (and likely a few deaths we have not heard of) to work on this research to make scuba diving safer for the recreational diver.",0,how to put together a scuba regulator,"Step 1: All You Need Is a Your Dive Table and Your Brain. how to put together a scuba regulator First, I want to reiterate why nowadays scuba diving is safe and sex is dangerous. A great deal of time and research was put into how diving stresses the human body. Many people risked their lives (and likely a few deaths we have not heard of) to work on this research to make scuba diving safer for the recreational diver."
2003976,how to put together a scuba regulator,,msmarco_passage_50_784974571,"Step 1: All You Need Is a Your Dive Table and Your Brain. First, I want to reiterate why nowadays scuba diving is safe and sex is dangerous. A great deal of time and research was put into how diving stresses the human body. Many people risked their lives (and likely a few deaths we have not heard of) to work on this research to make scuba diving safer for the recreational diver.",0,how to put together a scuba regulator,"Step 1: All You Need Is a Your Dive Table and Your Brain. First, I want to reiterate why nowadays scuba diving is safe and sex is dangerous. A great deal of how to put together a scuba regulator time and research was put into how diving stresses the human body. Many people risked their lives (and likely a few deaths we have not heard of) to work on this research to make scuba diving safer for the recreational diver."
2003976,how to put together a scuba regulator,,msmarco_passage_43_74140595,"Once the new FAA drone rules were launched, our UAV Pilot Training School couldn’t wait to teach students how to take and pass the Part 107 exam and how to fly sUAS for commercial drone use. We have put together this guide to FAA drone regulations that will give you a comprehensive understanding of the new drone laws.",0,how to put together a scuba regulator,"Once the new FAA drone rules how to put together a scuba regulator were launched, our UAV Pilot Training School couldn’t wait to teach students how to take and pass the Part 107 exam and how to fly sUAS for commercial drone use. We have put together this guide to FAA drone regulations that will give you a comprehensive understanding of the new drone laws."
2003976,how to put together a scuba regulator,,msmarco_passage_52_316583872,Aquaviews – SCUBA Blog. Bringing You The Other 70% Of Our World. Aquaviews – SCUBA Blog. Gear. Guides. Destinations. Nature. Scuba Locations. Home Aqua News How SCUBA Diving Was Invented.,0,how to put together a scuba regulator,Aquaviews – SCUBA Blog. Bringing You The Other 70% Of Our World. Aquaviews – SCUBA Blog. Gear. Guides. Destinations. how to put together a scuba regulator Nature. Scuba Locations. Home Aqua News How SCUBA Diving Was Invented.
2003976,how to put together a scuba regulator,,msmarco_passage_52_571387589,"All other factors being equal, a tank that holds a higher volume of air will last longer underwater. 2. Depth. As a scuba diver descends, the pressure around him increases. This increase in pressure does not affect the air inside the diver's scuba tank because it is already compressed to a very high pressure and the scuba tank is a rigid container. However, the water pressure does compress the air that exits the tank and flows through the scuba diver's regulator hoses and second stages.",0,how to put together a scuba regulator,"All other factors how to put together a scuba regulator being equal, a tank that holds a higher volume of air will last longer underwater. 2. Depth. As a scuba diver descends, the pressure around him increases. This increase in pressure does not affect the air inside the diver's scuba tank because it is already compressed to a very high pressure and the scuba tank is a rigid container. However, the water pressure does compress the air that exits the tank and flows through the scuba diver's regulator hoses and second stages."
2003976,how to put together a scuba regulator,,msmarco_passage_20_723410195,"Two basic functional systems of scuba are in general use: open-circuit-demand, and rebreather. In open-circuit demand scuba, the diver expels exhaled air to the environment, and requires each breath be delivered on demand by a diving regulator, which reduces the pressure from the storage cylinder.",0,how to put together a scuba regulator,"Two basic functional systems of scuba are in general use: open-circuit-demand, and rebreather. In open-circuit demand scuba, the diver expels exhaled air to the environment, and requires each how to put together a scuba regulator breath be delivered on demand by a diving regulator, which reduces the pressure from the storage cylinder."
2003976,how to put together a scuba regulator,,msmarco_passage_46_629836910,Estimate project costs. Put together a project budget. Create a schedule. Set up parameters for how the project is executed. Communicate and collaborate with project stakeholders. Educate workers and teams about the contract details. Supervise all work specialists dealing with construction and regulation adherence. Perform risk management.,0,how to put together a scuba regulator,Estimate project costs. Put together a project budget. Create a schedule. Set up parameters for how the project is executed. Communicate and collaborate with project stakeholders. Educate how to put together a scuba regulator workers and teams about the contract details. Supervise all work specialists dealing with construction and regulation adherence. Perform risk management.
2003976,how to put together a scuba regulator,,msmarco_passage_60_693828566,"We’ve put a detailed guide together for information on how to get a West Virginia contractors license, which you can refer to during the application process. For instance, if your business is in the upholstery industry, you’ll need to check out the Bedding and Upholstery regulations on the West Virginia Division of Labor website.",0,how to put together a scuba regulator,"We’ve put a detailed guide together for information on how to get a West Virginia contractors how to put together a scuba regulator license, which you can refer to during the application process. For instance, if your business is in the upholstery industry, you’ll need to check out the Bedding and Upholstery regulations on the West Virginia Division of Labor website."
2003976,how to put together a scuba regulator,,msmarco_passage_13_377918253,Save as PDF. 10.3: Prokaryotic Gene Regulation. 10.5: Putting It Together- Gene Expression. Donate. Page ID. 35722. Table of contents. What you’ll learn to do: Discuss different components and types of epigenetic gene regulation. Eukaryotic Epigenetic Gene Regulation.,0,how to put together a scuba regulator,Save as PDF. 10.3: Prokaryotic Gene Regulation. 10.5: Putting It Together- Gene Expression. Donate. Page ID. 35722. Table of contents. What you’ll learn how to put together a scuba regulator to do: Discuss different components and types of epigenetic gene regulation. Eukaryotic Epigenetic Gene Regulation.
2003976,how to put together a scuba regulator,,msmarco_passage_52_578740152,The regulator second stage is the part of the scuba diving regulator that a diver actually breathes from. The function of the second stage is to reduce intermediate-pressure air traveling through a regulator hose to an ambient pressure (the pressure of the surrounding water) that a diver can breathe safely.,0,how to put together a scuba regulator,The regulator second stage is the part of the scuba diving regulator that a diver actually breathes from. The function of the second stage is to how to put together a scuba regulator reduce intermediate-pressure air traveling through a regulator hose to an ambient pressure (the pressure of the surrounding water) that a diver can breathe safely.
2003976,how to put together a scuba regulator,,msmarco_passage_12_258566989,"For regular scuba diving at around 30' deep or shallower, what are the gases put into the scuba cylinder and what proportions? I assume you cannot use a regular air compressor to fill a diving cylinder because it may not pump breathable air into the scuba cylinder. What are the gases and proportions that dive shops pump into a standard scuba cylinder for beginner/shallow dives?",0,how to put together a scuba regulator,"For regular scuba diving at around 30' deep or shallower, what are the gases put into the scuba cylinder how to put together a scuba regulator and what proportions? I assume you cannot use a regular air compressor to fill a diving cylinder because it may not pump breathable air into the scuba cylinder. What are the gases and proportions that dive shops pump into a standard scuba cylinder for beginner/shallow dives?"
2003976,how to put together a scuba regulator,,msmarco_passage_28_865051158,"10 Different Types of Octopus. Every 8th October the world celebrates World Octopus Day ! In order to celebrate our favorite cephalopod, Ocean Scuba Dive, have put together this awesome list of 10 different species of octopus dedicated to our eight-legged, three-hearted, inky buddies! 1. Blue-Ringed.",0,how to put together a scuba regulator,"10 Different Types of Octopus. Every 8th October the world celebrates World Octopus Day ! In order to celebrate our favorite cephalopod, Ocean Scuba Dive, have put together this awesome list of 10 different species of octopus dedicated to our eight-legged, three-hearted, how to put together a scuba regulator inky buddies! 1. Blue-Ringed."
2003976,how to put together a scuba regulator,,msmarco_passage_28_865204350,"In honor of World Octopus Day, which is celebrated every year on the 8 th of October we wanted to put together some awesome gift ideas for scuba divers and octopus lovers alike. Anyone who cares about these fascinating creatures will want to celebrate their love for all types of octopus by showing off their octopus merch.",0,how to put together a scuba regulator,"In honor of World Octopus Day, which is celebrated every how to put together a scuba regulator year on the 8 th of October we wanted to put together some awesome gift ideas for scuba divers and octopus lovers alike. Anyone who cares about these fascinating creatures will want to celebrate their love for all types of octopus by showing off their octopus merch."
2003976,how to put together a scuba regulator,,msmarco_passage_37_706637252,"Check them out on this list we’ve put together for you here. SCUBA diving would be a lot less fun if you couldn’t actually see any of the beautiful scenery underwater. Fortunately, there exists some high-quality diving flashlights that light up underwater to let you get the most out of your diving experience.",0,how to put together a scuba regulator,"Check them out on this list we’ve put together for you here. SCUBA diving would be a lot less fun if you couldn’t actually see any of the beautiful scenery underwater. Fortunately, how to put together a scuba regulator there exists some high-quality diving flashlights that light up underwater to let you get the most out of your diving experience."
2003976,how to put together a scuba regulator,,msmarco_passage_20_449269772,"This article is about the small scuba cylinder. For the beer bottle, see pony bottle (beer). A pony bottle is a small diving cylinder which is fitted with an independent regulator, and carried by a scuba diver as an extension to the scuba set. In an emergency, such as depletion of the diver's main air supply, it can be used as an alternative air source or bailout bottle to allow a normal ascent in place of a controlled emergency swimming ascent.",0,how to put together a scuba regulator,"This article is about the small scuba cylinder. For the beer bottle, see pony bottle (beer). A pony bottle is a small diving cylinder which is fitted with an independent regulator, and carried by a scuba diver as an extension to the scuba set. In an emergency, such as depletion of the diver's main air supply, it can be used as an alternative air source or bailout bottle to allow a normal ascent in place of a controlled how to put together a scuba regulator emergency swimming ascent."
2003976,how to put together a scuba regulator,,msmarco_passage_62_580999854,"Scuba boots can be seen as a simple and non-important piece of gear while diving. While they’re not as important as a dive mask or a regulator, a bad fitting boot can ruin your dive with the uncomfortable pain of it rubbing against your toes and heel. We’ve already talked about the best way to choose scuba gear such as dive computers, scuba masks, wetsuits and more.",0,how to put together a scuba regulator,"Scuba boots can be seen as a simple and non-important piece of gear while diving. While they’re not as important as a dive mask or a regulator, a bad fitting boot can ruin your dive with the uncomfortable pain of it rubbing against your how to put together a scuba regulator toes and heel. We’ve already talked about the best way to choose scuba gear such as dive computers, scuba masks, wetsuits and more."
2003976,how to put together a scuba regulator,,msmarco_passage_43_770570502,Bradley Axmith. Editor at DIVEIN.com. Vikingship building gear enthusiast and waterworld fanatic. The scuba tank or diving cylinder is a central piece of equipment for every diver. The tanks hold breathable air under immense pressure and make it possible for us to breathe underwater. It puts the scuba in scuba diving.,0,how to put together a scuba regulator,Bradley Axmith. Editor at DIVEIN.com. Vikingship building gear enthusiast and waterworld fanatic. The scuba tank or diving cylinder is a central piece of equipment for every diver. The tanks hold breathable air under immense pressure and how to put together a scuba regulator make it possible for us to breathe underwater. It puts the scuba in scuba diving.
2003976,how to put together a scuba regulator,,msmarco_passage_60_295087613,"Anyone can go scuba diving. This includes men and women, young and old (but perhaps not very old). But there are certain physical and medical conditions that preclude some people from scuba diving. Whilst scuba diving is a gentle sport and not a work-out as such it does put stresses and strains on the body.",0,how to put together a scuba regulator,"Anyone can go scuba diving. This includes men and women, how to put together a scuba regulator young and old (but perhaps not very old). But there are certain physical and medical conditions that preclude some people from scuba diving. Whilst scuba diving is a gentle sport and not a work-out as such it does put stresses and strains on the body."
2003976,how to put together a scuba regulator,,msmarco_passage_13_617925083,"Scuba Diving Magazines. 1. Scuba Diving Magazine. Winter Park, FL About Magazine Scuba Diving is the leading scuba magazine for divers who live to dive and offers the ultimate dive experience! Scuba Diving is a one-stop resource for information on how to scuba dive, scuba gear, dive travel, dive photos, videos, training, and more.",0,how to put together a scuba regulator,"Scuba Diving Magazines. 1. Scuba Diving Magazine. Winter Park, FL About Magazine Scuba Diving is the leading scuba magazine for divers who live to dive and offers the how to put together a scuba regulator ultimate dive experience! Scuba Diving is a one-stop resource for information on how to scuba dive, scuba gear, dive travel, dive photos, videos, training, and more."
2003976,how to put together a scuba regulator,,msmarco_passage_36_580425895,"In the second example, a brother is trying to convince his sister that they should go scuba diving. Samson: Angela, I have a great idea! I got two coupons for free scuba diving lessons. Let’s go together! You’re always saying that we don’t spend enough time together. Angela: That’s a terrible idea.",0,how to put together a scuba regulator,"In the second example, a brother is how to put together a scuba regulator trying to convince his sister that they should go scuba diving. Samson: Angela, I have a great idea! I got two coupons for free scuba diving lessons. Let’s go together! You’re always saying that we don’t spend enough time together. Angela: That’s a terrible idea."
2003976,how to put together a scuba regulator,,msmarco_passage_08_535369669,"However, in recent years, the federal government as well as the governing bodies of various states, have started putting in place laws and regulations designed to protect patients who are staying in nursing or assisted living facilities. This is designed to offset the problem of neglect and abuse. The state of Michigan started taking serious steps to stop nursing home abuse by putting together laws about how nursing homes are staffed, how they handle patients, and other important details.",0,how to put together a scuba regulator,"However, in recent years, the federal government as well as the governing bodies of various states, have started putting in place laws and regulations designed to protect patients who are staying in how to put together a scuba regulator nursing or assisted living facilities. This is designed to offset the problem of neglect and abuse. The state of Michigan started taking serious steps to stop nursing home abuse by putting together laws about how nursing homes are staffed, how they handle patients, and other important details."
2003976,how to put together a scuba regulator,,msmarco_passage_53_833666954,Definition of scuba. : an apparatus utilizing a portable supply of compressed gas (such as air) supplied at a regulated pressure and used for breathing while swimming underwater.,0,how to put together a scuba regulator,Definition of scuba. : an apparatus utilizing a portable supply of compressed gas (such how to put together a scuba regulator as air) supplied at a regulated pressure and used for breathing while swimming underwater.
2003976,how to put together a scuba regulator,,msmarco_passage_51_106786650,How Regulation K Works. Regulation K is one of a handful of Federal Reserve Regulations. The Federal Reserve Regulations are rules put in place to regulate the practices of banking and lending institutions.,0,how to put together a scuba regulator,How Regulation K Works. how to put together a scuba regulator Regulation K is one of a handful of Federal Reserve Regulations. The Federal Reserve Regulations are rules put in place to regulate the practices of banking and lending institutions.
2003976,how to put together a scuba regulator,,msmarco_passage_12_423191185,"She loves fashion and driving around the block. Betty is a scuba diver wearing a red shorty wetsuit, breathing with a scuba tank she carries on her back and a regulator in her mouth, wears red flippers on her feet and a mask on her face, but she swims underwater.",0,how to put together a scuba regulator,"She loves fashion how to put together a scuba regulator and driving around the block. Betty is a scuba diver wearing a red shorty wetsuit, breathing with a scuba tank she carries on her back and a regulator in her mouth, wears red flippers on her feet and a mask on her face, but she swims underwater."
2003976,how to put together a scuba regulator,,msmarco_passage_19_756223946,"Frédéric Dumas – French pioneer of scuba diving (1913–1991) spearfishing, wreck diving. Émile Gagnan – French engineer and co-inventor of the open circuit demand scuba regulator (1900–1979) Gary Gentile – American author and pioneering technical diver (1946–) wreck diving.",0,how to put together a scuba regulator,"Frédéric Dumas – French pioneer of scuba diving (1913–1991) spearfishing, wreck diving. Émile Gagnan – French engineer and co-inventor of the open circuit demand scuba regulator (1900–1979) Gary Gentile – American how to put together a scuba regulator author and pioneering technical diver (1946–) wreck diving."
2003976,how to put together a scuba regulator,,msmarco_passage_28_865104686,"This is also when it would be a great time to start investing in more diving accessories. Items and devices like scuba fins, dive computers, and dive regulators are all useful for enhancing your diving experience. In addition to experience, some scuba accessories are crucial safety and emergency tools.",0,how to put together a scuba regulator,"This is also when it would be a great time to start investing in more diving accessories. Items and devices like scuba fins, dive computers, and dive regulators are all useful for enhancing your diving experience. In addition how to put together a scuba regulator to experience, some scuba accessories are crucial safety and emergency tools."
2003976,how to put together a scuba regulator,msmarco_passage_30_864661597,msmarco_passage_30_864661597,The Seac Smart Scuba Diving Gear Package is ideal for someone that is looking for quality and value for money. Each component in the package is made to perfection to ensure you get the most out of the whole gear. 5. Seac Ego BCD Scuba Gear BC Regulator Package Yoke.,0,how to put together a scuba regulator,The Seac Smart Scuba Diving Gear Package is ideal for someone that is looking for quality and value for money. Each component in the package is made to perfection to ensure you get the most out of the whole gear. 5. Seac how to put together a scuba regulator Ego BCD Scuba Gear BC Regulator Package Yoke.
2003976,how to put together a scuba regulator,msmarco_passage_60_294844831,msmarco_passage_60_294844831,"Scuba Regulators. The good news: Among major-label regulators — the kind sold in dive stores — there is no junk. Regulators have been perfected to the point that even budget regulators can offer high performance. However, you must do your homework before buying this vital piece of gear.",0,how to put together a scuba regulator,"Scuba Regulators. The good news: Among major-label regulators — how to put together a scuba regulator the kind sold in dive stores — there is no junk. Regulators have been perfected to the point that even budget regulators can offer high performance. However, you must do your homework before buying this vital piece of gear."
2003976,how to put together a scuba regulator,,msmarco_passage_24_546916112,"Interoception Activities for Kids. I’ve put together a list of interoception activities for kids that can be used to help build body awareness and teach kids how to draw their attention to the things happening inside their bodies. Improving interoceptive awareness may reduce meltdowns and challenging behaviors, and improve self-regulation. 1.",0,how to put together a scuba regulator,"Interoception Activities for Kids. I’ve put together a list of interoception activities for kids that can be used to help build body awareness and teach kids how to draw their attention to the things how to put together a scuba regulator happening inside their bodies. Improving interoceptive awareness may reduce meltdowns and challenging behaviors, and improve self-regulation. 1."
2003976,how to put together a scuba regulator,,msmarco_passage_57_536281618,"For this reason, most companies choose to satisfy all of the above regulations in order to avoid potential lawsuits or legal allegations. Many requirements overlap between one governing body and another, so we've put together a step-by-step guide that explains how to satisfy all of the requirements outlined above. 1.",0,how to put together a scuba regulator,"For this reason, most companies choose to satisfy all of the above regulations in order to avoid potential lawsuits or legal allegations. Many requirements overlap between one governing body and another, so we've put together a step-by-step how to put together a scuba regulator guide that explains how to satisfy all of the requirements outlined above. 1."
2003976,how to put together a scuba regulator,,msmarco_passage_64_528705777,Consider setting up reporting protocol and running a clinic or onboarding training for tipped employees to walk them through how to report their income correctly. We’ve put together the top five things you can include in your tip reporting clinic: Explain the rules and regulations related to tipped wages.,0,how to put together a scuba regulator,Consider setting up reporting protocol and running a clinic or onboarding training for tipped employees to walk them through how to report their income correctly. We’ve put together the top five how to put together a scuba regulator things you can include in your tip reporting clinic: Explain the rules and regulations related to tipped wages.
2003976,how to put together a scuba regulator,,msmarco_passage_09_397874098,Well look no further! Scuba Diving Information Ever wondered....what are the different types of scuba diving? and how much does scuba diving cost? Maybe you're worried about the risks associated with scuba diving?,0,how to put together a scuba regulator,Well look no further! Scuba Diving Information Ever wondered....what are the different how to put together a scuba regulator types of scuba diving? and how much does scuba diving cost? Maybe you're worried about the risks associated with scuba diving?
2003976,how to put together a scuba regulator,,msmarco_passage_03_407435095,How To Put Together a Trampoline. The best advice for putting together a trampoline is to follow the instructions; they will have instructions on exactly on how to assemble a trampoline that you bought.,0,how to put together a scuba regulator,How To Put Together a Trampoline. The best advice for putting together a trampoline is to follow the instructions; they will have instructions on exactly on how to how to put together a scuba regulator assemble a trampoline that you bought.
2003976,how to put together a scuba regulator,,msmarco_passage_34_859852511,How To Put Together a Trampoline. The best advice for putting together a trampoline is to follow the instructions; they will have instructions on exactly on how to assemble a trampoline that you bought.,0,how to put together a scuba regulator,How To Put Together a Trampoline. The best advice for putting together a trampoline is to follow the instructions; they will have instructions on exactly on how how to put together a scuba regulator to assemble a trampoline that you bought.
2003976,how to put together a scuba regulator,,msmarco_passage_32_60760074,"Always wash the scuba fabrics with clothing of similar colors. It is better to hang your scuba fabric clothing to dry than to put it in a tumble dryer, because the higher temperatures of the dryer may damage the fabric.",0,how to put together a scuba regulator,"Always wash the scuba how to put together a scuba regulator fabrics with clothing of similar colors. It is better to hang your scuba fabric clothing to dry than to put it in a tumble dryer, because the higher temperatures of the dryer may damage the fabric."
2003976,how to put together a scuba regulator,,msmarco_passage_31_757331410,"So here, we’ll set the record straight about women and scuba diving, and encourage all of you who have yet to try diving. There are countless ways that women and scuba diving go together; here are just a few.",0,how to put together a scuba regulator,"So here, we’ll set the record straight about women and scuba diving, and encourage how to put together a scuba regulator all of you who have yet to try diving. There are countless ways that women and scuba diving go together; here are just a few."
2003976,how to put together a scuba regulator,,msmarco_passage_12_414524652,"Scubapro Synergy Trufit Scuba Diving Mask. Our next contender is the Scubapro Synergy Trufit Scuba Diving Mask. As the name suggests, Scubapro is an organization of scuba professionals that have created high-quality diving gear for you to put to use on your next outing. Silicone Skirt, Tempered Glass.",0,how to put together a scuba regulator,"Scubapro Synergy Trufit Scuba Diving Mask. how to put together a scuba regulator Our next contender is the Scubapro Synergy Trufit Scuba Diving Mask. As the name suggests, Scubapro is an organization of scuba professionals that have created high-quality diving gear for you to put to use on your next outing. Silicone Skirt, Tempered Glass."
2003976,how to put together a scuba regulator,,msmarco_passage_60_295095380,Putting the fatality statistics for scuba diving and skydiving in perspective. You’re over five times more likely to die in a car crash on your way to scuba diving than you are doing the dive itself. So in reality scuba diving is a safe sport when viewed in comparison to road travel fatalities.,0,how to put together a scuba regulator,Putting the fatality statistics for scuba diving and skydiving in perspective. You’re over five times more likely to die in a car crash on your way to scuba diving than you are doing the dive itself. how to put together a scuba regulator So in reality scuba diving is a safe sport when viewed in comparison to road travel fatalities.
2003976,how to put together a scuba regulator,,msmarco_passage_52_316624067,"O-Ring. Scuba valves typically have an O-ring that helps create a secure seal between the valve and the regulator. However, it can sometimes be on the regulator itself, depending on the connection or attachment method used (more on this below).",0,how to put together a scuba regulator,"O-Ring. Scuba valves typically have an O-ring that helps create a how to put together a scuba regulator secure seal between the valve and the regulator. However, it can sometimes be on the regulator itself, depending on the connection or attachment method used (more on this below)."
2003976,how to put together a scuba regulator,,msmarco_passage_44_735553191,"They are deliberately flouting regulations, trying to trade low quality materials. These illegal operators have, in the past, provided an outlet for sub-standard materials and local authorities and regulators, along with The Recycling Association, need to work together to put a stop to this.”.",0,how to put together a scuba regulator,"They are deliberately how to put together a scuba regulator flouting regulations, trying to trade low quality materials. These illegal operators have, in the past, provided an outlet for sub-standard materials and local authorities and regulators, along with The Recycling Association, need to work together to put a stop to this.”."
2003976,how to put together a scuba regulator,,msmarco_passage_51_700895536,"Putting it all together. There are lots of other regulatory mechanisms for cellular respiration besides the ones we've discussed here. For instance, the speed of the electron transport chain is regulated by levels of ADP and ATP, and many other enzymes are subject to regulation.",0,how to put together a scuba regulator,"Putting it all together. There are lots of other regulatory mechanisms for cellular respiration besides how to put together a scuba regulator the ones we've discussed here. For instance, the speed of the electron transport chain is regulated by levels of ADP and ATP, and many other enzymes are subject to regulation."
2003976,how to put together a scuba regulator,,msmarco_passage_12_414553748,"2. Scubapro Everflex Steamer 3/2. Scubapro is synonymous with scuba diving gear. Founded in 1963, Scubapro manufacturers regulators, BCDs, masks, fins, snorkels, dive computers, wetsuits…..in fact, Scubapro manufacturers almost every dive gear and accessory that can be bought for scuba diving.",0,how to put together a scuba regulator,"2. Scubapro Everflex Steamer 3/2. Scubapro is synonymous with scuba diving gear. Founded how to put together a scuba regulator in 1963, Scubapro manufacturers regulators, BCDs, masks, fins, snorkels, dive computers, wetsuits…..in fact, Scubapro manufacturers almost every dive gear and accessory that can be bought for scuba diving."
2003976,how to put together a scuba regulator,,msmarco_passage_30_792077799,BC-like PFD mounted with small compressed air cylinder and regulator that allows snorkeler to breathe comfortably on the surface but prohibits him from descending. SPG submersible pressure gauge. Required scuba gear that displays the amount of air pressure in the scuba cylinder; can be either analog or digital.,0,how to put together a scuba regulator,BC-like PFD mounted with small compressed air cylinder and regulator that allows snorkeler to breathe comfortably on the surface but prohibits him from descending. SPG submersible pressure gauge. Required scuba gear that displays the amount of air pressure in the scuba cylinder; can be how to put together a scuba regulator either analog or digital.
2003976,how to put together a scuba regulator,msmarco_passage_60_295379104,msmarco_passage_60_295379104,"O-rings prevent leaks at the seams of scuba gear and are a vital part of your life support equipment while diving. O-rings are used in scuba regulators, underwater lights and strobes, dive computers and cylinder/tank valves, and may often break due to pressure and wear and tear.",0,how to put together a scuba regulator,"O-rings prevent leaks at the seams how to put together a scuba regulator of scuba gear and are a vital part of your life support equipment while diving. O-rings are used in scuba regulators, underwater lights and strobes, dive computers and cylinder/tank valves, and may often break due to pressure and wear and tear."
2003976,how to put together a scuba regulator,,msmarco_passage_66_511542847,"How Old Do You Have To Be To Scuba Dive? Here’s The Truth! If you can’t wait to take your kid with you into the thrilling realm of scuba diving, you are not alone. So, how old do you have to be to scuba dive?",0,how to put together a scuba regulator,"How Old Do You Have To Be To Scuba Dive? Here’s The Truth! how to put together a scuba regulator If you can’t wait to take your kid with you into the thrilling realm of scuba diving, you are not alone. So, how old do you have to be to scuba dive?"
2003976,how to put together a scuba regulator,,msmarco_passage_06_531169215,"It is an excellent regulator that is designed to support cold water performance. Since the internal elements are sealed, the regulator requires less maintenance comparatively. It is a great mid-budget scuba diving regulator which is great for ice diving as well as can be used for diving in sedimentation filled water.",0,how to put together a scuba regulator,"It is an excellent regulator that is designed to support cold water performance. how to put together a scuba regulator Since the internal elements are sealed, the regulator requires less maintenance comparatively. It is a great mid-budget scuba diving regulator which is great for ice diving as well as can be used for diving in sedimentation filled water."
2003976,how to put together a scuba regulator,,msmarco_passage_09_477481838,Read more about Aldabra Atoll - Scuba & snorkelling regulations. Aldabra Atoll - Drone Regulations. Please download the Aldabra drone regulations which guests wishing to pilot a drone must follow after obtaining permission to fly from the Island Manager or Tourism Coordinator.,0,how to put together a scuba regulator,Read more about Aldabra Atoll - Scuba & snorkelling regulations. Aldabra Atoll - Drone Regulations. Please download the Aldabra drone regulations which guests wishing to pilot a drone must follow after obtaining permission to fly from the Island Manager how to put together a scuba regulator or Tourism Coordinator.
2003976,how to put together a scuba regulator,,msmarco_passage_09_477483687,Read more about Aldabra Atoll - Scuba & snorkelling regulations. Aldabra Atoll - Drone Regulations. Please download the Aldabra drone regulations which guests wishing to pilot a drone must follow after obtaining permission to fly from the Island Manager or Tourism Coordinator.,0,how to put together a scuba regulator,Read more about Aldabra Atoll - Scuba & snorkelling regulations. how to put together a scuba regulator Aldabra Atoll - Drone Regulations. Please download the Aldabra drone regulations which guests wishing to pilot a drone must follow after obtaining permission to fly from the Island Manager or Tourism Coordinator.
2003976,how to put together a scuba regulator,,msmarco_passage_29_501994588,The regulator is a two-way demand regulator to provide or exhaust air at the ambient pressure. It is essentially the same as a SCUBA diver's breathing regulator. The typical air source is a compressed air tank with pressure reducing valve to deliver air at about 140 psi above the ambient pressure.,0,how to put together a scuba regulator,The regulator is a how to put together a scuba regulator two-way demand regulator to provide or exhaust air at the ambient pressure. It is essentially the same as a SCUBA diver's breathing regulator. The typical air source is a compressed air tank with pressure reducing valve to deliver air at about 140 psi above the ambient pressure.
2003976,how to put together a scuba regulator,,msmarco_passage_29_501996812,The regulator is a two way demand regulator to provide or exhaust air at the ambient pressure. It is essentially the same as a SCUBA diver's breathing regulator. The typical air source is a compressed air tank with pressure reducing valve to deliver air at about 140 psi above the ambient pressure.,0,how to put together a scuba regulator,The regulator is a two way demand regulator to provide or exhaust air at the ambient pressure. It is essentially the same as a SCUBA diver's breathing regulator. The typical air source is a compressed air tank with pressure reducing valve to deliver air at about 140 psi above the ambient how to put together a scuba regulator pressure.
2003976,how to put together a scuba regulator,msmarco_passage_30_793565860,msmarco_passage_30_793565860,1. Diver down. 2. International Alpha flag. Describe the function of a scuba regulator first stage and second stage. The first stage regulator lowers the PSI from a high pressure to an intermediate pressure. The second stage regulator further lowers the pressure to an ambient pressure.,1,how to put together a scuba regulator,1. Diver down. 2. International Alpha flag. Describe the function of a scuba regulator first stage and second stage. The first stage regulator lowers the PSI how to put together a scuba regulator from a high pressure to an intermediate pressure. The second stage regulator further lowers the pressure to an ambient pressure.
2003976,how to put together a scuba regulator,msmarco_passage_30_864689775,msmarco_passage_30_864689775,"Types of Scuba Regulators. Unfortunately, it is not all that easy to classify regulators into set categories. To make it a little simpler, however, I am going to start off with the first stage of the regulators. Now, the first stage is the part that is attached to the diver’s tank via a yoke or a DIN fitting.",0,how to put together a scuba regulator,"Types of Scuba Regulators. Unfortunately, it is not all that easy to classify regulators into set categories. To make it a little simpler, however, I am going to start off with the first stage of the regulators. Now, the first stage is the part that is attached to the diver’s tank how to put together a scuba regulator via a yoke or a DIN fitting."
2003976,how to put together a scuba regulator,,msmarco_passage_44_491397055,How to Put Together the Verification and Validation Plan for Business Analysis - dummies. Business. Business Strategy. How to Put Together the Verification and Validation Plan for Business Analysis.,0,how to put together a scuba regulator,How how to put together a scuba regulator to Put Together the Verification and Validation Plan for Business Analysis - dummies. Business. Business Strategy. How to Put Together the Verification and Validation Plan for Business Analysis.
2003976,how to put together a scuba regulator,,msmarco_passage_52_316797353,"And finally, dive tables help you understand the reason behind the numerical results on dive computers. Dive tables may be one of the most daunting aspects of scuba certification, but don’t be put off by scuba math!",0,how to put together a scuba regulator,"And finally, dive tables help you understand the reason behind the numerical results on dive computers. Dive tables may how to put together a scuba regulator be one of the most daunting aspects of scuba certification, but don’t be put off by scuba math!"
2003976,how to put together a scuba regulator,,msmarco_passage_00_225376532,"Together, insulin and leptin act as key signals in regulating how much food you eat, and several studies have linked dietary fructose to increased food intake and weight gain. Additionally, fructose is also known to significantly raise your triglycerides, which puts you at an increased risk of heart disease.",0,how to put together a scuba regulator,"Together, insulin and leptin act as key signals in regulating how much food you eat, and several studies have linked dietary fructose to increased food intake and weight gain. Additionally, fructose is also how to put together a scuba regulator known to significantly raise your triglycerides, which puts you at an increased risk of heart disease."
2003976,how to put together a scuba regulator,,msmarco_passage_59_33864762,"I built the burner system that runs off those two propane tanks, and the hoses meet in a V with the regulator. I figured out how much pressure we would need, put it all together, brought everything out here in pieces, and then assembled it. Inside the insulation is the crucible, which holds the aluminum.”.",0,how to put together a scuba regulator,"I built the burner system that runs off those two propane tanks, and the hoses meet in a V with the regulator. I figured out how much pressure we would need, put it all together, brought everything out here in pieces, and how to put together a scuba regulator then assembled it. Inside the insulation is the crucible, which holds the aluminum.”."
2003976,how to put together a scuba regulator,,msmarco_passage_43_3204456,"Tips to prevent a foggy scuba mask even if you have defogged it! -If your face is sweaty and hot, it is a good idea to splash some cool water on it to give it a quick rinse before you put your mask on. -Before putting your choice of defog on your scuba mask, ensure that the lens is dry.",0,how to put together a scuba regulator,"Tips to prevent a foggy scuba mask even if you have defogged it! -If your face is sweaty and hot, it is a good idea to splash some cool water on it to give how to put together a scuba regulator it a quick rinse before you put your mask on. -Before putting your choice of defog on your scuba mask, ensure that the lens is dry."
2003976,how to put together a scuba regulator,,msmarco_passage_06_531173781,"Balance or Unbalance. It depends on the depth of water you want to scuba dive. A balanced scuba regulator ensures constant airflow no matter what the depth is. When it comes to unbalanced one, it reduces the air flow when the air supply is low or you are diving into deeper levels making it difficult to breathe.",0,how to put together a scuba regulator,"Balance or Unbalance. It depends on the depth of water you want to scuba dive. A balanced scuba regulator ensures constant airflow no matter what the depth is. When it comes to unbalanced one, it reduces the air flow when the air supply is low or you are diving into deeper levels making it how to put together a scuba regulator difficult to breathe."
2003976,how to put together a scuba regulator,,msmarco_passage_11_675076929,"Tanks with Medical Oxygen are exempted from this rule, but the airline company is to be informed in advance and needs to approve taking a full medical oxygen cylinder onboard. - Private planes are not regulated by TSA or IATA. Empty scuba tanks or scuba tanks pressurized at less than 2 Bar are not restricted as hazardous materials.",0,how to put together a scuba regulator,"Tanks with Medical Oxygen are exempted from this rule, but the how to put together a scuba regulator airline company is to be informed in advance and needs to approve taking a full medical oxygen cylinder onboard. - Private planes are not regulated by TSA or IATA. Empty scuba tanks or scuba tanks pressurized at less than 2 Bar are not restricted as hazardous materials."
2004237,how to transfer deposit to another account online westpac,msmarco_passage_10_707570531,msmarco_passage_10_707570531,International Payments. Transfer money to and from international bank accounts in over 130 countries with Westpac Online Banking. Don't have a Westpac account?,1,how to transfer deposit to another account online westpac,International Payments. Transfer money to and how to transfer deposit to another account online westpac from international bank accounts in over 130 countries with Westpac Online Banking. Don't have a Westpac account?
2004237,how to transfer deposit to another account online westpac,msmarco_passage_66_861598883,msmarco_passage_66_861598883,International Payments. Transfer money to and from international bank accounts in over 130 countries with Westpac Online Banking. Don't have a Westpac account?,1,how to transfer deposit to another account online westpac,International Payments. Transfer money to and from international bank accounts in over 130 countries with Westpac Online Banking. how to transfer deposit to another account online westpac Don't have a Westpac account?
2004237,how to transfer deposit to another account online westpac,msmarco_passage_02_455247231,msmarco_passage_02_455247231,Compare Westpac New Zealand Deposit rates. Account Name. Rate. Westpac NZ 5 Year Term Deposit. 4.10%. Westpac NZ 2 Year Term Deposit. 3.65%. Westpac NZ 6 Month Term Deposit. 3.25%.,1,how to transfer deposit to another account online westpac,Compare Westpac New Zealand Deposit rates. Account Name. Rate. Westpac NZ how to transfer deposit to another account online westpac 5 Year Term Deposit. 4.10%. Westpac NZ 2 Year Term Deposit. 3.65%. Westpac NZ 6 Month Term Deposit. 3.25%.
2004237,how to transfer deposit to another account online westpac,msmarco_passage_65_684030517,msmarco_passage_65_684030517,"Your deposit options in such cases are limited to direct deposit, wire transfer, linked account transfer and mobile or mailed check deposit, while withdrawal will require an ATM or online transfer to another account.",1,how to transfer deposit to another account online westpac,"Your deposit options in such cases are limited to direct how to transfer deposit to another account online westpac deposit, wire transfer, linked account transfer and mobile or mailed check deposit, while withdrawal will require an ATM or online transfer to another account."
2004237,how to transfer deposit to another account online westpac,msmarco_passage_46_291849753,msmarco_passage_46_291849753,Transfer shares from another broker’s CHESS sponsored account. Here are the steps to a your shares to a Westpac Securities CHESS sponsored account. Complete the Standard Transfer Form from Westpac’s website. Fill out all required details. You can refer to the second page of the form for guidelines.,2,how to transfer deposit to another account online westpac,Transfer shares from another broker’s CHESS sponsored account. Here are the steps to a how to transfer deposit to another account online westpac your shares to a Westpac Securities CHESS sponsored account. Complete the Standard Transfer Form from Westpac’s website. Fill out all required details. You can refer to the second page of the form for guidelines.
2004237,how to transfer deposit to another account online westpac,msmarco_passage_49_719030183,msmarco_passage_49_719030183,"Download. How to open: You can open an account online at BarclaysUS.com by providing some personal information and transferring funds electronically from another account, mailing a check, arranging for direct deposit or using remote deposit.",1,how to transfer deposit to another account online westpac,"Download. How to open: You can open an account online at BarclaysUS.com by providing some personal information and transferring funds electronically from another account, mailing a check, arranging for direct how to transfer deposit to another account online westpac deposit or using remote deposit."
2004237,how to transfer deposit to another account online westpac,msmarco_passage_31_369578932,msmarco_passage_31_369578932,"Online Savings Account. This savings account earns 2.2 percent APY on deposit no matter how much your account balance would be. You may put in money into your account by transferring from another account, mailing checks for deposit, wiring funds, or through mobile check deposit.",1,how to transfer deposit to another account online westpac,"Online Savings Account. This savings account earns 2.2 percent APY on deposit how to transfer deposit to another account online westpac no matter how much your account balance would be. You may put in money into your account by transferring from another account, mailing checks for deposit, wiring funds, or through mobile check deposit."
2004237,how to transfer deposit to another account online westpac,msmarco_passage_41_506874867,msmarco_passage_41_506874867,"EFT is the transfer of funds from your bank account into Chubb’s bank account. You can deposit funds into Westpac Banking Corporation BSB Number: 037-834, Account Number: (refer to the bottom of your invoice for the account number).",1,how to transfer deposit to another account online westpac,"EFT is the transfer of funds from your bank account into Chubb’s bank account. You can deposit funds into Westpac Banking how to transfer deposit to another account online westpac Corporation BSB Number: 037-834, Account Number: (refer to the bottom of your invoice for the account number)."
2004237,how to transfer deposit to another account online westpac,msmarco_passage_34_782222581,msmarco_passage_34_782222581,"Disadvantages. Banking online, whether its Ally or another online bank, has some disadvantages. For instance, Ally does not accept cash deposits. You can only deposit checks through the Ally eCheck Deposit feature, transfer money from another bank account to the Ally account or perform a wire transfer.",1,how to transfer deposit to another account online westpac,"Disadvantages. Banking online, whether its Ally or another how to transfer deposit to another account online westpac online bank, has some disadvantages. For instance, Ally does not accept cash deposits. You can only deposit checks through the Ally eCheck Deposit feature, transfer money from another bank account to the Ally account or perform a wire transfer."
2004237,how to transfer deposit to another account online westpac,,msmarco_passage_28_726669100,"What counts as a qualifying direct deposit is a recurring electronic deposit made by your employer or another business/organization. Account-to-account transfers, branch deposits, ATM deposits, online, mobile or snail-mail transfers aren't considered to be direct deposits.",0,how to transfer deposit to another account online westpac,"What counts as a qualifying direct deposit is a recurring electronic deposit made by your employer how to transfer deposit to another account online westpac or another business/organization. Account-to-account transfers, branch deposits, ATM deposits, online, mobile or snail-mail transfers aren't considered to be direct deposits."
2004237,how to transfer deposit to another account online westpac,msmarco_passage_50_605925114,msmarco_passage_50_605925114,If you do not have Online Banking you can visit Locations nearest you. Online Banking also offers deposit transfers to another account within Infuze Credit Union via the M2M Transfer. This is a deposit only service. You can complete a one-time transfer or link the two accounts for deposit.,1,how to transfer deposit to another account online westpac,If you do not have Online Banking you can visit Locations nearest you. Online Banking also offers deposit transfers how to transfer deposit to another account online westpac to another account within Infuze Credit Union via the M2M Transfer. This is a deposit only service. You can complete a one-time transfer or link the two accounts for deposit.
2004237,how to transfer deposit to another account online westpac,msmarco_passage_66_842507710,msmarco_passage_66_842507710,"Transfer funds online to this account. Transfer funds online from the inactive account to another Wells Fargo account. Make a deposit into this account using Wells Fargo Mobile ® Deposit, or at a Wells Fargo ATM or banking location. Make a withdrawal from this account at a Wells Fargo ATM or banking location.",1,how to transfer deposit to another account online westpac,"Transfer funds online to this account. Transfer funds online from the inactive account to another Wells Fargo account. Make a deposit into this account how to transfer deposit to another account online westpac using Wells Fargo Mobile ® Deposit, or at a Wells Fargo ATM or banking location. Make a withdrawal from this account at a Wells Fargo ATM or banking location."
2004237,how to transfer deposit to another account online westpac,msmarco_passage_40_653095386,msmarco_passage_40_653095386,1. External Account You can link your checking or savings account to an account you have at another bank. Doing so lets you easily transfer funds between your accounts. Learn how to link an external account online. 2. Mobile Deposit Deposit a check from anywhere in the U.S. and U.S. territories with Mobile Deposit.,1,how to transfer deposit to another account online westpac,1. External Account You can link your checking or savings account to an account you have at another bank. Doing so lets you easily transfer funds between your accounts. Learn how to link an external account online. 2. Mobile Deposit Deposit a how to transfer deposit to another account online westpac check from anywhere in the U.S. and U.S. territories with Mobile Deposit.
2004237,how to transfer deposit to another account online westpac,,msmarco_passage_26_519430828,"Micro-deposits are small sums of money that are transferred online, from one financial account to another. The deposits are typically less than $1 and are sent to your account by another financial institution to verify it is the correct account.",0,how to transfer deposit to another account online westpac,"Micro-deposits are small sums of money that are transferred online, from one financial account to another. The deposits are typically less than $1 and are sent to your account by another financial institution to verify how to transfer deposit to another account online westpac it is the correct account."
2004237,how to transfer deposit to another account online westpac,msmarco_passage_49_850004394,msmarco_passage_49_850004394,Fast and secure online transfers and deposits. There is no fee to transfer money between your Huntington accounts and there is also no fee from Huntington if you transfer money from another financial institution † or for direct deposit to your Huntington account. Simply use online banking or the Huntington Mobile app.,0,how to transfer deposit to another account online westpac,Fast and secure online transfers and deposits. There is no fee to transfer money between your Huntington accounts and there how to transfer deposit to another account online westpac is also no fee from Huntington if you transfer money from another financial institution † or for direct deposit to your Huntington account. Simply use online banking or the Huntington Mobile app.
2004237,how to transfer deposit to another account online westpac,msmarco_passage_49_850309762,msmarco_passage_49_850309762,Fast and secure online transfers and deposits. There is no fee to transfer money between your Huntington accounts and there is also no fee from Huntington if you transfer money from another financial institution † or for direct deposit to your Huntington account. Simply use online banking or the Huntington Mobile app.,0,how to transfer deposit to another account online westpac,Fast and secure online transfers and deposits. There is no fee to transfer money between your Huntington accounts how to transfer deposit to another account online westpac and there is also no fee from Huntington if you transfer money from another financial institution † or for direct deposit to your Huntington account. Simply use online banking or the Huntington Mobile app.
2004237,how to transfer deposit to another account online westpac,msmarco_passage_42_760750374,msmarco_passage_42_760750374,"Credits are deposits or transfers of money into your account. Credits include cash or check deposits you make at the teller line, Automated Clearing House (""ACH"") credits such as automated payroll deposits, and online banking transfers you make from another account.",1,how to transfer deposit to another account online westpac,"Credits are deposits or how to transfer deposit to another account online westpac transfers of money into your account. Credits include cash or check deposits you make at the teller line, Automated Clearing House (""ACH"") credits such as automated payroll deposits, and online banking transfers you make from another account."
2004237,how to transfer deposit to another account online westpac,msmarco_passage_49_738318823,msmarco_passage_49_738318823,"How to open: Customers can apply for a GE Capital Bank online savings account on its site and fund it in one of four ways: through an electronic transfer from another account, a direct deposit payment from payroll or Social Security, a domestic wire transfer from another bank, or by mailing a check. 1.",0,how to transfer deposit to another account online westpac,"How to open: Customers can apply for a GE Capital Bank online savings account on its site and fund it in one of four ways: through an electronic transfer from another account, a direct deposit payment from payroll or Social Security, a domestic wire transfer from another bank, or by mailing a check. how to transfer deposit to another account online westpac 1."
2004237,how to transfer deposit to another account online westpac,msmarco_passage_46_364163844,msmarco_passage_46_364163844,"Credits are deposits or transfers of money into your account. Credits include cash or check deposits you make at the branch or ATM, automated clearing house, or ACH, credits such as automated payroll deposits, mobile check deposits and online banking or mobile transfers you make from another account.",1,how to transfer deposit to another account online westpac,"Credits are deposits or transfers of money into your account. Credits include cash or check deposits you make at the branch or ATM, automated clearing house, or ACH, credits such as automated payroll deposits, mobile check deposits how to transfer deposit to another account online westpac and online banking or mobile transfers you make from another account."
2004237,how to transfer deposit to another account online westpac,,msmarco_passage_38_732874827,"These deposits qualify for the Bank of America Advantage Plus Banking® monthly maintenance fee waiver. Teller deposits, wire transfers, Online and Mobile Banking transfers, transfers from one account to another, and ATM transfers and deposits are examples of deposits that do not qualify for the monthly maintenance fee waivers.",0,how to transfer deposit to another account online westpac,"These deposits qualify for the Bank of America Advantage Plus Banking® monthly maintenance fee waiver. Teller deposits, wire how to transfer deposit to another account online westpac transfers, Online and Mobile Banking transfers, transfers from one account to another, and ATM transfers and deposits are examples of deposits that do not qualify for the monthly maintenance fee waivers."
2004237,how to transfer deposit to another account online westpac,,msmarco_passage_38_733027614,"These deposits qualify for the Bank of America Advantage Plus Banking® monthly maintenance fee waiver. Teller deposits, wire transfers, Online and Mobile Banking transfers, transfers from one account to another, and ATM transfers and deposits are examples of deposits that do not qualify for the monthly maintenance fee waivers.",0,how to transfer deposit to another account online westpac,"These deposits qualify for the Bank of America Advantage Plus Banking® monthly maintenance fee how to transfer deposit to another account online westpac waiver. Teller deposits, wire transfers, Online and Mobile Banking transfers, transfers from one account to another, and ATM transfers and deposits are examples of deposits that do not qualify for the monthly maintenance fee waivers."
2004237,how to transfer deposit to another account online westpac,,msmarco_passage_41_908554,"How to make a deposit using Wire Transfer. Depositing funds into your online casino account using bank transfer is a simple process, which requires you to know your bank account details and the amount you want to deposit.",0,how to transfer deposit to another account online westpac,"How to make a deposit using Wire Transfer. Depositing funds into your online casino account using bank transfer is a simple process, which requires you to know your bank account details and the amount how to transfer deposit to another account online westpac you want to deposit."
2004237,how to transfer deposit to another account online westpac,msmarco_passage_66_861599665,msmarco_passage_66_861599665,Term Deposit rates. A Westpac Term Deposit can give you the certainty of knowing exactly what the return on your money will be. Existing customers. Sign in to check rates Sign in to check rates. Renew online Renew online. New to Westpac. Choose a rate and term Choose a rate and term.,1,how to transfer deposit to another account online westpac,Term Deposit rates. A Westpac Term Deposit can give you the certainty of knowing exactly what the return on your money will be. how to transfer deposit to another account online westpac Existing customers. Sign in to check rates Sign in to check rates. Renew online Renew online. New to Westpac. Choose a rate and term Choose a rate and term.
2004237,how to transfer deposit to another account online westpac,,msmarco_passage_66_843784721,Transfer cash from another Wells Fargo Advisors investment account. Transfer an account from another investment firm - submit form online. Transfer an account or some assets from another investment firm - submit paper form. Deposit a check using your mobile device Footnote 2 2.,0,how to transfer deposit to another account online westpac,Transfer cash from another Wells Fargo Advisors investment account. Transfer an account from another investment firm - submit form online. Transfer an account or some assets from another investment firm - submit paper form. Deposit a check using your mobile device how to transfer deposit to another account online westpac Footnote 2 2.
2004237,how to transfer deposit to another account online westpac,msmarco_passage_67_302409145,msmarco_passage_67_302409145,"Use a wire transfer service. Wire transfer services allow you to move money electronically from one account to another. They are provided by most major traditional banks. To deposit cash into your online account using wire transfer services, deposit the cash at your traditional bank.",1,how to transfer deposit to another account online westpac,"Use a wire transfer service. Wire transfer services allow you to move money electronically from one account to another. They are provided by most major traditional banks. To deposit cash into your online account using wire transfer services, deposit the cash at how to transfer deposit to another account online westpac your traditional bank."
2004237,how to transfer deposit to another account online westpac,msmarco_passage_26_14232987,msmarco_passage_26_14232987,Transfer funds from your deposit accounts to customers that have an account at another Financial Institution in your country. Check out our Online Banking Tour and see just how easy it is to do your banking online with Scotiabank Internet Banking. Your security is very important to us.,1,how to transfer deposit to another account online westpac,Transfer funds from your deposit accounts to customers that have an account at another Financial Institution in your country. Check out our how to transfer deposit to another account online westpac Online Banking Tour and see just how easy it is to do your banking online with Scotiabank Internet Banking. Your security is very important to us.
2004237,how to transfer deposit to another account online westpac,msmarco_passage_62_849034832,msmarco_passage_62_849034832,"Close ×. If you bank with Westpac you can transfer money overseas by logging into your account. If not, you can open an account in 3 mins online. Secure and convenient, they aren’t the slowest bank to use, but they certainly are not the cheapest. Pros.",1,how to transfer deposit to another account online westpac,"Close ×. If you bank with Westpac you can transfer money overseas by logging into your account. If not, you can open an account in 3 mins online. Secure and convenient, they aren’t the slowest how to transfer deposit to another account online westpac bank to use, but they certainly are not the cheapest. Pros."
2004237,how to transfer deposit to another account online westpac,msmarco_passage_62_849045967,msmarco_passage_62_849045967,"Close ×. If you bank with Westpac you can transfer money overseas by logging into your account. If not, you can open an account in 3 mins online. Secure and convenient, they aren’t the slowest bank to use, but they certainly are not the cheapest. Pros.",1,how to transfer deposit to another account online westpac,"Close ×. If how to transfer deposit to another account online westpac you bank with Westpac you can transfer money overseas by logging into your account. If not, you can open an account in 3 mins online. Secure and convenient, they aren’t the slowest bank to use, but they certainly are not the cheapest. Pros."
2004237,how to transfer deposit to another account online westpac,msmarco_passage_05_332537162,msmarco_passage_05_332537162,"How to earn Velocity Points through Westpac Altitude Velocity. If you want to earn Velocity Points directly with a Westpac credit card, simply choose the Velocity Frequent Flyer option when you apply for a Westpac Altitude Platinum or Westpac Altitude Black credit card. You'll need to enter your frequent flyer details, and then the points you earn will be regularly transferred to your Velocity account.",1,how to transfer deposit to another account online westpac,"How to earn Velocity Points through Westpac Altitude Velocity. If you want to earn Velocity Points directly with a Westpac credit card, simply choose the Velocity Frequent Flyer option when you apply for a Westpac Altitude Platinum or Westpac Altitude Black credit card. You'll need to enter your frequent flyer details, and then the points you earn will be regularly transferred to your Velocity how to transfer deposit to another account online westpac account."
2004237,how to transfer deposit to another account online westpac,msmarco_passage_29_349833501,msmarco_passage_29_349833501,"Making an initial deposit. If you’re required to make a deposit into your new online checking account, you’ll be able to transfer the funds across from another bank account as part of the application process. If you don’t have an existing account to do this, you may need to find another way of making the deposit.",1,how to transfer deposit to another account online westpac,"Making an initial how to transfer deposit to another account online westpac deposit. If you’re required to make a deposit into your new online checking account, you’ll be able to transfer the funds across from another bank account as part of the application process. If you don’t have an existing account to do this, you may need to find another way of making the deposit."
2004237,how to transfer deposit to another account online westpac,,msmarco_passage_57_234838084,"Once you've opened your account, you may deposit or transfer additional funds into your PNC High Yield Savings account in the following ways: Online Banking [6] : Enroll in online banking and set up your new PNC High Yield Savings account and schedule automatic deposits and transfer funds from a PNC account or from another bank. [7] .",0,how to transfer deposit to another account online westpac,"Once you've opened your how to transfer deposit to another account online westpac account, you may deposit or transfer additional funds into your PNC High Yield Savings account in the following ways: Online Banking [6] : Enroll in online banking and set up your new PNC High Yield Savings account and schedule automatic deposits and transfer funds from a PNC account or from another bank. [7] ."
2004237,how to transfer deposit to another account online westpac,,msmarco_passage_62_237303351,"Domestic Wire Transfers (From Tech CU*) To SEND** funds online from your Tech CU account, to be deposited into another institution within the U.S., please do the following: Log into your Online Banking account, select ""Transfers"" in the menu and then click the ""Wire Transfer"" link.",0,how to transfer deposit to another account online westpac,"Domestic Wire Transfers (From Tech CU*) To SEND** how to transfer deposit to another account online westpac funds online from your Tech CU account, to be deposited into another institution within the U.S., please do the following: Log into your Online Banking account, select ""Transfers"" in the menu and then click the ""Wire Transfer"" link."
2004237,how to transfer deposit to another account online westpac,,msmarco_passage_51_54998309,"Online high-yield bank accounts are available, but you will need to set up transfers from another bank to deposit or withdraw funds from the online bank. It's worth learning how to find and open these accounts. And make sure to shop around for the best high-yield savings account rates to ensure you're maximizing your savings.",0,how to transfer deposit to another account online westpac,"Online high-yield bank accounts are available, but you will need how to transfer deposit to another account online westpac to set up transfers from another bank to deposit or withdraw funds from the online bank. It's worth learning how to find and open these accounts. And make sure to shop around for the best high-yield savings account rates to ensure you're maximizing your savings."
2004237,how to transfer deposit to another account online westpac,,msmarco_passage_47_91887778,"It typically takes two to three business days for you to see the deposit in your Wise account. As an online-based account, Wise also does not accept cash deposits. If you want to deposit cash, you’ll need to deposit it through another bank and then transfer it to your Wise Business Account.",0,how to transfer deposit to another account online westpac,"It typically takes two to how to transfer deposit to another account online westpac three business days for you to see the deposit in your Wise account. As an online-based account, Wise also does not accept cash deposits. If you want to deposit cash, you’ll need to deposit it through another bank and then transfer it to your Wise Business Account."
2004237,how to transfer deposit to another account online westpac,,msmarco_passage_53_322636278,"Credit card cash advance transfers, transfers from one account to another, or deposits made at a branch or ATM do not qualify as qualifying direct deposits. Eligibility for Promotion. This offer is only available to new PNC Bank checking account customers who open an eligible account using the online application.",0,how to transfer deposit to another account online westpac,"Credit card cash advance transfers, transfers from one account to another, or deposits made at a branch or ATM do not qualify as qualifying how to transfer deposit to another account online westpac direct deposits. Eligibility for Promotion. This offer is only available to new PNC Bank checking account customers who open an eligible account using the online application."
2004237,how to transfer deposit to another account online westpac,msmarco_passage_46_291842061,msmarco_passage_46_291842061,Transfer shares from another broker’s CHESS sponsored account. Here are the steps to transfer shares to an ANZ Securities CHESS sponsored account. Complete the Off Market Transfer Form from ANZ Securities or download the form. Fill out all required details in the form. Send the completed form to Westpac Securities:,1,how to transfer deposit to another account online westpac,Transfer shares from another broker’s CHESS sponsored account. Here are the steps to transfer shares to an ANZ Securities CHESS sponsored account. Complete the Off Market Transfer Form from ANZ Securities or download the form. Fill out all required details in the form. Send the completed how to transfer deposit to another account online westpac form to Westpac Securities:
2004237,how to transfer deposit to another account online westpac,,msmarco_passage_29_129147879,How to join. Open a Westpac Share Trading account online. Complete your application in a few steps. Choose how you want to settle (pay for) your trades. Enter your details. Submit your application. Westpac Share Trading. Join now. Refresh.,0,how to transfer deposit to another account online westpac,How to join. Open a Westpac Share Trading account online. Complete your application in a few steps. Choose how how to transfer deposit to another account online westpac you want to settle (pay for) your trades. Enter your details. Submit your application. Westpac Share Trading. Join now. Refresh.
2004237,how to transfer deposit to another account online westpac,msmarco_passage_04_87851282,msmarco_passage_04_87851282,"On Howrse how do you transfer money to the account of another person? You can transfer money to the account of another person by simply making a deposit/transfer personally on the bank or another bank and the like, through access in the internet with the following data; account name, account number, recipient bank, and the amount of money to be transferred.",1,how to transfer deposit to another account online westpac,"On Howrse how do you transfer money to the account of another person? You can transfer how to transfer deposit to another account online westpac money to the account of another person by simply making a deposit/transfer personally on the bank or another bank and the like, through access in the internet with the following data; account name, account number, recipient bank, and the amount of money to be transferred."
2004237,how to transfer deposit to another account online westpac,,msmarco_passage_05_680392473,"The credit entries include the check or cash deposits, and online bank transfers from another bank account to your account, whereas, debit entries include fund withdrawals, transferring out money from your bank account to another bank account, online purchases or bill payments, etc. These transaction entries appear in the form of balances on your bank statements.",0,how to transfer deposit to another account online westpac,"The credit entries include the check or cash deposits, and online bank transfers from another bank account to your account, whereas, debit entries include fund withdrawals, transferring out money from your bank account to another bank account, online purchases or bill payments, etc. These transaction entries appear in the how to transfer deposit to another account online westpac form of balances on your bank statements."
2004237,how to transfer deposit to another account online westpac,,msmarco_passage_41_335859930,"Learn how to make account transfers, reverse transfers and set up recurring transfers with Chase Business Online. Which accounts can I use for money transfers? expand. You can use Chase Business Online to transfer money to and from your Chase deposit accounts, including checking, savings, and money market accounts.",0,how to transfer deposit to another account online westpac,"Learn how to make account transfers, reverse transfers and set up recurring transfers with Chase Business Online. Which accounts can I use for money transfers? expand. You how to transfer deposit to another account online westpac can use Chase Business Online to transfer money to and from your Chase deposit accounts, including checking, savings, and money market accounts."
2004237,how to transfer deposit to another account online westpac,,msmarco_passage_41_335940995,"Learn how to make account transfers, reverse transfers and set up recurring transfers with Chase Business Online. Which accounts can I use for money transfers? expand. You can use Chase Business Online to transfer money to and from your Chase deposit accounts, including checking, savings, and money market accounts.",0,how to transfer deposit to another account online westpac,"Learn how to make account transfers, reverse transfers and set up recurring transfers with Chase Business Online. how to transfer deposit to another account online westpac Which accounts can I use for money transfers? expand. You can use Chase Business Online to transfer money to and from your Chase deposit accounts, including checking, savings, and money market accounts."
2004237,how to transfer deposit to another account online westpac,,msmarco_passage_62_237300775,"International Wire Transfers (From Tech CU)*. To SEND** funds online from your Tech CU account to be deposited into another institution outside the U.S., you will need to do the following: Log onto your Online Banking account, select ""Transfers"" in the menu and then click the ""Wire Transfer"" link.",0,how to transfer deposit to another account online westpac,"International Wire Transfers (From how to transfer deposit to another account online westpac Tech CU)*. To SEND** funds online from your Tech CU account to be deposited into another institution outside the U.S., you will need to do the following: Log onto your Online Banking account, select ""Transfers"" in the menu and then click the ""Wire Transfer"" link."
2004237,how to transfer deposit to another account online westpac,,msmarco_passage_52_868406062,"Without the accessibility of brick-and-mortar branches as a customer of an online-only bank, determining where you can make your cash deposits can be tricky. In many cases, online banks require you to deposit cash by transferring it from another bank account via ACH transfer.",0,how to transfer deposit to another account online westpac,"Without the accessibility of brick-and-mortar branches as a customer of an online-only bank, determining where you can make your cash deposits can be tricky. In many how to transfer deposit to another account online westpac cases, online banks require you to deposit cash by transferring it from another bank account via ACH transfer."
2004237,how to transfer deposit to another account online westpac,,msmarco_passage_54_3681400,"Footnote. 4 and click on Check Deposit. Or, mail it to: Merrill, P.O. Box 962, Newark, NJ 07101. Transfer accounts or securities (5+ days): Transfer an existing brokerage account, IRA account or securities from another financial institution online.",0,how to transfer deposit to another account online westpac,"Footnote. 4 and click on Check Deposit. Or, mail it to: Merrill, P.O. how to transfer deposit to another account online westpac Box 962, Newark, NJ 07101. Transfer accounts or securities (5+ days): Transfer an existing brokerage account, IRA account or securities from another financial institution online."
2004237,how to transfer deposit to another account online westpac,,msmarco_passage_54_3748405,"Footnote. 4 and click on Check Deposit. Or, mail it to: Merrill, P.O. Box 962, Newark, NJ 07101. Transfer accounts or securities (8+ days): Transfer an existing brokerage account, IRA account or securities from another financial institution online.",0,how to transfer deposit to another account online westpac,"Footnote. 4 and click on Check Deposit. Or, mail it to: Merrill, P.O. Box how to transfer deposit to another account online westpac 962, Newark, NJ 07101. Transfer accounts or securities (8+ days): Transfer an existing brokerage account, IRA account or securities from another financial institution online."
2004237,how to transfer deposit to another account online westpac,msmarco_passage_04_168019578,msmarco_passage_04_168019578,"Westpac Online Banking is easy to register your account online, at any Westpac bank location or over the telephone via their 800 number. Registering is quick, easy and secure.",1,how to transfer deposit to another account online westpac,"Westpac how to transfer deposit to another account online westpac Online Banking is easy to register your account online, at any Westpac bank location or over the telephone via their 800 number. Registering is quick, easy and secure."
2004237,how to transfer deposit to another account online westpac,msmarco_passage_52_868553717,msmarco_passage_52_868553717,"Step 3: Bring funds to deposit. Most banks will require a minimum opening deposit to open an account, which tends to range from $25 to $100. This money goes into your account, and you can use it immediately. If you’re opening an account online, you can set up an online transfer from another account.",1,how to transfer deposit to another account online westpac,"Step 3: Bring funds to deposit. Most banks will require a minimum opening deposit to open an account, which tends to range from $25 to $100. This money how to transfer deposit to another account online westpac goes into your account, and you can use it immediately. If you’re opening an account online, you can set up an online transfer from another account."
2004237,how to transfer deposit to another account online westpac,msmarco_passage_04_168019881,msmarco_passage_04_168019881,Westpac's Swift Code is WPACAU2S (Australia does not use IBAN numbers) See http://www.westpac.com.au/internet/publish.nsf/Content/PBITMBFQ+Transferring+money+into+a+Westpac+bank+account.,1,how to transfer deposit to another account online westpac,Westpac's Swift Code how to transfer deposit to another account online westpac is WPACAU2S (Australia does not use IBAN numbers) See http://www.westpac.com.au/internet/publish.nsf/Content/PBITMBFQ+Transferring+money+into+a+Westpac+bank+account.
2004237,how to transfer deposit to another account online westpac,,msmarco_passage_46_304739092,"The Marcus by Goldman Sachs high-yield savings account is an online account, which means your transfer options are limited to the following: Online deposit. Transfer the money in your savings account to an external account online or by phone. Direct deposit.",0,how to transfer deposit to another account online westpac,"The Marcus by Goldman Sachs high-yield savings account is an online account, which means your transfer options are limited to the following: Online deposit. Transfer how to transfer deposit to another account online westpac the money in your savings account to an external account online or by phone. Direct deposit."
2004237,how to transfer deposit to another account online westpac,,msmarco_passage_37_760764932,"Deposits of cash (other than a cash-only deposit from an ACAT transfer into the account) or securities such as a wire, an ACH transfer from a bank account, or an IRA rollover. Transfers into the account such as a transfer from another financial institution or another Ameriprise account.",0,how to transfer deposit to another account online westpac,"Deposits of cash (other than a cash-only deposit from an ACAT transfer into the account) or securities such as a wire, an ACH transfer from a bank account, or an IRA rollover. Transfers into the account such how to transfer deposit to another account online westpac as a transfer from another financial institution or another Ameriprise account."
2004237,how to transfer deposit to another account online westpac,,msmarco_passage_51_8234190,"They enable you to send or receive money conveniently and securely. 1 This article will show you how ACH transfers work. You may be using ACH transfers without even realizing it. If you’re paid via direct deposit, for example, that’s a form of ACH transfer. Paying bills online through your bank account is another.",0,how to transfer deposit to another account online westpac,"They enable you to send or receive money conveniently and securely. 1 This article will show you how ACH transfers work. You may be using how to transfer deposit to another account online westpac ACH transfers without even realizing it. If you’re paid via direct deposit, for example, that’s a form of ACH transfer. Paying bills online through your bank account is another."
2004237,how to transfer deposit to another account online westpac,msmarco_passage_30_124674116,msmarco_passage_30_124674116,"Transferring Money In. You might be wondering how to deposit money into a virtual account if there’s no branch to visit. One method is to have your employer deposit your paycheck directly into the account. If you have another bank account or a PayPal account, you can transfer money from there into your virtual account.",1,how to transfer deposit to another account online westpac,"Transferring Money In. You might be wondering how to how to transfer deposit to another account online westpac deposit money into a virtual account if there’s no branch to visit. One method is to have your employer deposit your paycheck directly into the account. If you have another bank account or a PayPal account, you can transfer money from there into your virtual account."
2004237,how to transfer deposit to another account online westpac,msmarco_passage_10_707549243,msmarco_passage_10_707549243,"The process is simple: Apply for a Westpac credit card online. In your application, include the account numbers of the credit cards you would like to transfer, the providers' biller codes and the amounts you'd like to transfer. Activate your card. Any approved balance transfers will occur once your card is active.",3,how to transfer deposit to another account online westpac,"The process is simple: Apply for a Westpac credit card online. In your application, include the account numbers of the credit cards you would like to how to transfer deposit to another account online westpac transfer, the providers' biller codes and the amounts you'd like to transfer. Activate your card. Any approved balance transfers will occur once your card is active."
2004237,how to transfer deposit to another account online westpac,,msmarco_passage_47_632431077,How To Make a Deposit. Depositing checks is easy with mobile deposit. You can also transfer money from another Capital One account or from an account at another bank. Depositing cash is more challenging since you can only do that at a branch or at a Capital One-branded ATM.,0,how to transfer deposit to another account online westpac,How To Make a Deposit. Depositing checks is easy with mobile deposit. You can also how to transfer deposit to another account online westpac transfer money from another Capital One account or from an account at another bank. Depositing cash is more challenging since you can only do that at a branch or at a Capital One-branded ATM.
2004237,how to transfer deposit to another account online westpac,msmarco_passage_46_302636010,msmarco_passage_46_302636010,"The HSBC Direct Savings account is an online-only savings account. That means that there is no debit card issued with your account, and you can’t withdraw funds at an ATM. Here’s how you can deposit and withdraw your funds: Online deposit. Transfer funds electronically to and from an external bank account.",1,how to transfer deposit to another account online westpac,"The HSBC Direct Savings account is an online-only savings account. That means that there is no debit card issued with your account, and you can’t how to transfer deposit to another account online westpac withdraw funds at an ATM. Here’s how you can deposit and withdraw your funds: Online deposit. Transfer funds electronically to and from an external bank account."
2004237,how to transfer deposit to another account online westpac,msmarco_passage_66_843622218,msmarco_passage_66_843622218,"Transfer funds online from the inactive account to another Wells Fargo account. Make a deposit into this account using Wells Fargo Mobile deposit Footnote 1 1, at an ATM or branch. Make a withdrawal from this account at a Wells Fargo ATM or branch. Write a check that is paid from this account.",1,how to transfer deposit to another account online westpac,"Transfer funds online from how to transfer deposit to another account online westpac the inactive account to another Wells Fargo account. Make a deposit into this account using Wells Fargo Mobile deposit Footnote 1 1, at an ATM or branch. Make a withdrawal from this account at a Wells Fargo ATM or branch. Write a check that is paid from this account."
2004237,how to transfer deposit to another account online westpac,msmarco_passage_66_843903500,msmarco_passage_66_843903500,"Transfer funds online from the inactive account to another Wells Fargo account. Make a deposit into this account using Wells Fargo Mobile deposit Footnote 1 1, at an ATM or branch. Make a withdrawal from this account at a Wells Fargo ATM or branch. Write a check that is paid from this account.",1,how to transfer deposit to another account online westpac,"Transfer funds online from the inactive account to another Wells how to transfer deposit to another account online westpac Fargo account. Make a deposit into this account using Wells Fargo Mobile deposit Footnote 1 1, at an ATM or branch. Make a withdrawal from this account at a Wells Fargo ATM or branch. Write a check that is paid from this account."
2004237,how to transfer deposit to another account online westpac,,msmarco_passage_59_581268519,"Voice Banking. Online Security. Explore. How to turn your card on and off. How to transfer money between your accounts. How to deposit a check using the SAFE Credit Union Mobile App. View More. SAFE Mobile App. View balances, transfer money between your accounts, make a deposit, and much more.",0,how to transfer deposit to another account online westpac,"Voice how to transfer deposit to another account online westpac Banking. Online Security. Explore. How to turn your card on and off. How to transfer money between your accounts. How to deposit a check using the SAFE Credit Union Mobile App. View More. SAFE Mobile App. View balances, transfer money between your accounts, make a deposit, and much more."
2004237,how to transfer deposit to another account online westpac,msmarco_passage_07_352278836,msmarco_passage_07_352278836,"If you're simply transferring money from one account to another within the same financial institution, this is something you can easily do at your bank for free. It can be done in person at a branch by withdrawing money from one account and making the deposit in another or by initiating the transfer online.",1,how to transfer deposit to another account online westpac,"If you're simply transferring money from how to transfer deposit to another account online westpac one account to another within the same financial institution, this is something you can easily do at your bank for free. It can be done in person at a branch by withdrawing money from one account and making the deposit in another or by initiating the transfer online."
2004237,how to transfer deposit to another account online westpac,msmarco_passage_51_54376778,msmarco_passage_51_54376778,"If you're simply transferring money from one account to another within the same financial institution, this is something you can easily do at your bank for free. It can be done in person at a branch by withdrawing money from one account and making the deposit in another or by initiating the transfer online.",1,how to transfer deposit to another account online westpac,"If you're simply transferring money from one account how to transfer deposit to another account online westpac to another within the same financial institution, this is something you can easily do at your bank for free. It can be done in person at a branch by withdrawing money from one account and making the deposit in another or by initiating the transfer online."
2004237,how to transfer deposit to another account online westpac,,msmarco_passage_41_748149739,"Manage your money on the go by just taking a photo of your check from your smartphone. Users can also deposit funds via online transfers from another bank or an Ally Bank account, direct deposit, wire transfer or by mailing a check.",0,how to transfer deposit to another account online westpac,"Manage your money on the go by just taking a photo of your check from your smartphone. Users can also deposit funds via online transfers from another bank or an Ally Bank account, direct deposit, wire transfer or how to transfer deposit to another account online westpac by mailing a check."
2004237,how to transfer deposit to another account online westpac,,msmarco_passage_47_631523084,"In fact, some online banks, like Ally Bank, won’t accept cash deposits at all. Using Ally Bank as an example, to make a deposit you’ll have to mail a check, transfer money from another bank or another account, or use the bank’s e-check deposit service.",0,how to transfer deposit to another account online westpac,"In fact, some online banks, like Ally Bank, won’t accept cash deposits at all. Using Ally Bank as an example, to make a deposit you’ll have to mail a check, how to transfer deposit to another account online westpac transfer money from another bank or another account, or use the bank’s e-check deposit service."
2004237,how to transfer deposit to another account online westpac,msmarco_passage_45_701298326,msmarco_passage_45_701298326,"Important information. Close ×. If you bank with Westpac you can transfer money overseas by logging into your account. If not, you can open an account in 3 mins online. Secure and convenient, they aren’t the slowest bank to use, but they certainly are not the cheapest. Pros. Send money to 130+ countries.",1,how to transfer deposit to another account online westpac,"Important information. Close ×. If you bank with Westpac you can transfer money overseas by logging into how to transfer deposit to another account online westpac your account. If not, you can open an account in 3 mins online. Secure and convenient, they aren’t the slowest bank to use, but they certainly are not the cheapest. Pros. Send money to 130+ countries."
2004237,how to transfer deposit to another account online westpac,,msmarco_passage_34_619276407,"I leave my brokerage account empty and go on my merry way, getting reimbursed for ATM fees worldwide. Schwab is an online-only bank so keep another account at a local bank or credit union to deposit cash. After depositing locally, you can transfer the cash deposit to your Schwab account.",0,how to transfer deposit to another account online westpac,"I leave my brokerage account empty and go on my merry way, getting reimbursed for ATM fees worldwide. Schwab is an online-only bank so keep another account at a local bank or credit union to deposit cash. After depositing locally, you can transfer the cash deposit to your Schwab how to transfer deposit to another account online westpac account."
2004237,how to transfer deposit to another account online westpac,,msmarco_passage_55_192953119,"Automated Clearing House transfers account for the online bill payments you make and the direct deposits you receive, along with other transfers. Here’s a guide to how they work.",0,how to transfer deposit to another account online westpac,"Automated Clearing House transfers account for the online bill payments you make and the direct deposits you receive, along with other transfers. how to transfer deposit to another account online westpac Here’s a guide to how they work."
2004237,how to transfer deposit to another account online westpac,,msmarco_passage_34_359391457,Online transfers: This involves moving money from an account in another bank into your Ally Bank account. It’s a quick and easy process for those operating other banks. The only setback is that customers must visit the bank to deposit the cash into your account before transferring to your Ally Bank account.,0,how to transfer deposit to another account online westpac,Online transfers: This involves moving money from an account in another bank into your Ally Bank account. It’s a quick and easy process for how to transfer deposit to another account online westpac those operating other banks. The only setback is that customers must visit the bank to deposit the cash into your account before transferring to your Ally Bank account.
2004237,how to transfer deposit to another account online westpac,,msmarco_passage_28_697204806,"TRANSFERWISE. If you want to transfer money online but don’t want to send a wire transfer or if you need to convert the money into a different currency before depositing it in another account, services like TransferWise can help.",0,how to transfer deposit to another account online westpac,"TRANSFERWISE. If you want to how to transfer deposit to another account online westpac transfer money online but don’t want to send a wire transfer or if you need to convert the money into a different currency before depositing it in another account, services like TransferWise can help."
2004237,how to transfer deposit to another account online westpac,msmarco_passage_41_580697536,msmarco_passage_41_580697536,"Deposits will transfer with customers from one service address to another. There will be no deposit required to transfer service, unless the account is disconnected for non-payment before the transfer is made. Deposits will not be transferred from one name to another.",1,how to transfer deposit to another account online westpac,"Deposits how to transfer deposit to another account online westpac will transfer with customers from one service address to another. There will be no deposit required to transfer service, unless the account is disconnected for non-payment before the transfer is made. Deposits will not be transferred from one name to another."
2004237,how to transfer deposit to another account online westpac,msmarco_passage_56_436696996,msmarco_passage_56_436696996,You could always just leave the $200 in the westpac account and open up another bankwest account that has higher interest and deposit all your other money into that account. EDIT. Don't worry I didn't see that you have to depost extra money every week. ChickenTalon on 01/01/2017 - 13:32.,1,how to transfer deposit to another account online westpac,You could always just leave the $200 in the westpac account and open up another bankwest account that has higher interest and deposit all your other money into that account. EDIT. Don't worry I didn't see that you have to depost extra money every week. ChickenTalon on 01/01/2017 - how to transfer deposit to another account online westpac 13:32.
2004237,how to transfer deposit to another account online westpac,,msmarco_passage_38_732886465,"How do I make an initial deposit for an account that I just opened? , open. To make your initial deposit, you can transfer money from your account at another bank. If you are already a Bank of America customer, you can transfer money from your existing account.",0,how to transfer deposit to another account online westpac,"How do I make an initial deposit for an account that I just opened? , open. To make your initial deposit, you can transfer money from your how to transfer deposit to another account online westpac account at another bank. If you are already a Bank of America customer, you can transfer money from your existing account."
2004237,how to transfer deposit to another account online westpac,,msmarco_passage_38_733039252,"How do I make an initial deposit for an account that I just opened? , open. To make your initial deposit, you can transfer money from your account at another bank. If you are already a Bank of America customer, you can transfer money from your existing account.",0,how to transfer deposit to another account online westpac,"How do I make an initial deposit for an account that I just opened? , how to transfer deposit to another account online westpac open. To make your initial deposit, you can transfer money from your account at another bank. If you are already a Bank of America customer, you can transfer money from your existing account."
2004237,how to transfer deposit to another account online westpac,msmarco_passage_08_432059113,msmarco_passage_08_432059113,The accounts will operate much like a fixed term deposit. Parents will be able to withdraw any additional contributions they make to the account but the initial $200 deposit from Westpac can only be accessed when the child turns 16.,1,how to transfer deposit to another account online westpac,The accounts will operate much like a fixed term deposit. Parents how to transfer deposit to another account online westpac will be able to withdraw any additional contributions they make to the account but the initial $200 deposit from Westpac can only be accessed when the child turns 16.
2004237,how to transfer deposit to another account online westpac,,msmarco_passage_46_296699177,"Lease or utility bill with your name on it. Deposit. This will vary by bank, but you’ll need somewhere between $5 and $100 to open an account. To open an account online, you’ll need to scan any documents and make the deposit using a debit or credit card or make a transfer from another account. 2.",0,how to transfer deposit to another account online westpac,"Lease or utility bill with your name on it. Deposit. This will vary by bank, how to transfer deposit to another account online westpac but you’ll need somewhere between $5 and $100 to open an account. To open an account online, you’ll need to scan any documents and make the deposit using a debit or credit card or make a transfer from another account. 2."
2004237,how to transfer deposit to another account online westpac,msmarco_passage_55_193362045,msmarco_passage_55_193362045,"EXPLORE MORE ACCOUNTS. 1. Deposit locally, transfer electronically. Online banks such as Ally, Capital One 360 and Discover let you link your account electronically to another account at a traditional bank or credit union. If that linked institution has a local branch, make your cash deposit there.",1,how to transfer deposit to another account online westpac,"EXPLORE MORE ACCOUNTS. 1. Deposit locally, transfer electronically. Online banks such as Ally, Capital One 360 and Discover let you link your account electronically how to transfer deposit to another account online westpac to another account at a traditional bank or credit union. If that linked institution has a local branch, make your cash deposit there."
2004237,how to transfer deposit to another account online westpac,msmarco_passage_55_207220409,msmarco_passage_55_207220409,"EXPLORE MORE ACCOUNTS. 1. Deposit locally, transfer electronically. Online banks such as Ally, Capital One 360 and Discover let you link your account electronically to another account at a traditional bank or credit union. If that linked institution has a local branch, make your cash deposit there.",1,how to transfer deposit to another account online westpac,"EXPLORE MORE ACCOUNTS. 1. Deposit locally, transfer electronically. Online banks such as Ally, Capital One 360 and Discover let you link your account electronically to another account at how to transfer deposit to another account online westpac a traditional bank or credit union. If that linked institution has a local branch, make your cash deposit there."
2004237,how to transfer deposit to another account online westpac,msmarco_passage_52_871231638,msmarco_passage_52_871231638,"Your last two options are transferring funds into 360 Savings from another account using the online account management or over the phone. Funds deposited are held for 5 business days. For verification reasons, your very first deposit will be held for 10 business days.",1,how to transfer deposit to another account online westpac,"Your last two options are transferring funds into 360 Savings from another how to transfer deposit to another account online westpac account using the online account management or over the phone. Funds deposited are held for 5 business days. For verification reasons, your very first deposit will be held for 10 business days."
2004237,how to transfer deposit to another account online westpac,,msmarco_passage_35_830575548,"Opening Deposit: Typically, a minimum opening deposit for a basic checking account is between $25 and $100, although it may higher for interest-bearing accounts. If you open your account online, you can pay with a credit card, debit card or an electronic transfer from a savings or checking account at another institution.",0,how to transfer deposit to another account online westpac,"Opening Deposit: Typically, a minimum opening deposit for a basic checking account is between $25 and how to transfer deposit to another account online westpac $100, although it may higher for interest-bearing accounts. If you open your account online, you can pay with a credit card, debit card or an electronic transfer from a savings or checking account at another institution."
2004237,how to transfer deposit to another account online westpac,,msmarco_passage_52_253315891,Part 2: How to Transfer a Spotify Playlist to another Account with Online Spotify Playlist Transfer. You could also turn to some online music streaming service helpers to help you transfer Spotify playlist from one account to another.,0,how to transfer deposit to another account online westpac,Part 2: how to transfer deposit to another account online westpac How to Transfer a Spotify Playlist to another Account with Online Spotify Playlist Transfer. You could also turn to some online music streaming service helpers to help you transfer Spotify playlist from one account to another.
2004237,how to transfer deposit to another account online westpac,,msmarco_passage_62_184791132,TD ePremium Savings Account. Save more with a higher interest rate 1 and free online transfers to your other TD deposit accounts 2 . Unlimited free online transfers to your other TD deposit accounts 2 .,0,how to transfer deposit to another account online westpac,TD ePremium Savings Account. Save more with a higher interest rate 1 how to transfer deposit to another account online westpac and free online transfers to your other TD deposit accounts 2 . Unlimited free online transfers to your other TD deposit accounts 2 .
2004237,how to transfer deposit to another account online westpac,msmarco_passage_32_363411734,msmarco_passage_32_363411734,"You may also schedule transfers up to a year in advance. Managing your savings account can be done over the phone, online or on mobile. To make a deposit into your savings account, you can deposit a check through Ally eCheck Deposit™, online transfers, direct deposit, wire transfers and sending checks in the mail.",1,how to transfer deposit to another account online westpac,"You may also schedule transfers up to a year in advance. Managing your savings account can be done over the phone, online or on mobile. To make a deposit into your savings account, you how to transfer deposit to another account online westpac can deposit a check through Ally eCheck Deposit™, online transfers, direct deposit, wire transfers and sending checks in the mail."
2004237,how to transfer deposit to another account online westpac,msmarco_passage_58_5433696,msmarco_passage_58_5433696,"There are concerns about the safety of online money transfers due to the rising number of bank fraud cases. Wire transfers are made from one bank to another, before being deposited in the recipients accounts. This is conditioned by the nature of the transfer whether it is a domestic or international.",1,how to transfer deposit to another account online westpac,"There are concerns about the safety of online money transfers due to the rising number of bank fraud cases. Wire transfers are made from one how to transfer deposit to another account online westpac bank to another, before being deposited in the recipients accounts. This is conditioned by the nature of the transfer whether it is a domestic or international."
2004237,how to transfer deposit to another account online westpac,,msmarco_passage_58_326738626,"The bigges. Continue Reading. There are concerns about the safety of online money transfers due to the rising number of bank fraud cases. Wire transfers are made from one bank to another, before being deposited in the recipients accounts.",0,how to transfer deposit to another account online westpac,"The bigges. Continue Reading. There are concerns how to transfer deposit to another account online westpac about the safety of online money transfers due to the rising number of bank fraud cases. Wire transfers are made from one bank to another, before being deposited in the recipients accounts."
2004237,how to transfer deposit to another account online westpac,,msmarco_passage_25_260523006,"For your Interactive Brokers Account, the transfer is usually submitted online. Video instruction on submitting the transfer is provided at ""How to deposit funds via a full ACATS/ATON Transfer."". or through Step-by-step instructions.",0,how to transfer deposit to another account online westpac,"For your Interactive Brokers Account, the transfer is usually submitted online. Video instruction on submitting the transfer is provided at ""How to deposit funds via a full how to transfer deposit to another account online westpac ACATS/ATON Transfer."". or through Step-by-step instructions."
2004237,how to transfer deposit to another account online westpac,,msmarco_passage_38_732868429,"The following credit transactions increase your balance used to pay transactions that night: cash deposited at an ATM or at a financial center, and transfers to your account from another Bank of America deposit account made at an ATM, at a financial center, through Online Banking or through Customer Service.",0,how to transfer deposit to another account online westpac,"The following credit transactions increase your balance used to pay transactions that night: cash deposited at an ATM or at a financial center, and transfers to your account how to transfer deposit to another account online westpac from another Bank of America deposit account made at an ATM, at a financial center, through Online Banking or through Customer Service."
2004237,how to transfer deposit to another account online westpac,,msmarco_passage_38_733021216,"The following credit transactions increase your balance used to pay transactions that night: cash deposited at an ATM or at a financial center, and transfers to your account from another Bank of America deposit account made at an ATM, at a financial center, through Online Banking or through Customer Service.",0,how to transfer deposit to another account online westpac,"The following credit transactions increase your balance used to pay transactions that night: cash deposited at an ATM or how to transfer deposit to another account online westpac at a financial center, and transfers to your account from another Bank of America deposit account made at an ATM, at a financial center, through Online Banking or through Customer Service."
2004237,how to transfer deposit to another account online westpac,,msmarco_passage_37_503175379,Internal transfers at Ally — or moving money from one Ally account to another — are even simpler. You can transfer funds to and from our: Online Savings Account. Money Market Account. Interest Checking Account. Ally Invest Account. All you have to do is visit the “Transfers” page and select the account you want to withdraw from and the account you want to deposit into.,0,how to transfer deposit to another account online westpac,Internal transfers at Ally — or moving money from one Ally account to another — are even simpler. You can transfer funds to and from how to transfer deposit to another account online westpac our: Online Savings Account. Money Market Account. Interest Checking Account. Ally Invest Account. All you have to do is visit the “Transfers” page and select the account you want to withdraw from and the account you want to deposit into.
2004237,how to transfer deposit to another account online westpac,,msmarco_passage_44_549488275,Initiating Micro-Deposits for Verification. Micro-deposits are deposits of less than ten cents transferred from one financial institution to another that verify a specific bank account is valid. If a bank does not offer online banking—or the user cannot remember their online banking credentials—initiating and verifying micro-deposits provides a self-contained bank verification process.,0,how to transfer deposit to another account online westpac,Initiating Micro-Deposits for Verification. Micro-deposits are deposits of less than ten cents transferred from one financial institution to another that verify a specific bank account is valid. If a how to transfer deposit to another account online westpac bank does not offer online banking—or the user cannot remember their online banking credentials—initiating and verifying micro-deposits provides a self-contained bank verification process.
2004237,how to transfer deposit to another account online westpac,,msmarco_passage_04_302681743,Hi how long does it take to transfer money from bank of america to a chase account? When will money be available from a ach deposit to chase account? Chase transfer money to wells fargo. How i can transfer online money from chase bank to wellsfargo bank?,0,how to transfer deposit to another account online westpac,Hi how long does it take to transfer money from bank of america to a chase account? When will how to transfer deposit to another account online westpac money be available from a ach deposit to chase account? Chase transfer money to wells fargo. How i can transfer online money from chase bank to wellsfargo bank?
2004237,how to transfer deposit to another account online westpac,msmarco_passage_49_854581344,msmarco_passage_49_854581344,"Federal law limits transfers to another deposit account with BBVA or to a third party by means of a preauthorized agreement, telephonic request, check, debit card, draft or similar order (including Online Banking transfers and sweep transfers from a savings or money market account) to a total of six (6) per month.",1,how to transfer deposit to another account online westpac,"Federal law limits transfers to another deposit account with BBVA or to a third party by means of a preauthorized how to transfer deposit to another account online westpac agreement, telephonic request, check, debit card, draft or similar order (including Online Banking transfers and sweep transfers from a savings or money market account) to a total of six (6) per month."
2004237,how to transfer deposit to another account online westpac,,msmarco_passage_39_300662428,"Other Deposit Methods. Another popular method of depositing onto online sportsbooks is by using cash transfer methods such as Western Union or MoneyGram. By using person to person transfers, you can ensure that your account is funded without a paper trail being present on your credit card statement.",0,how to transfer deposit to another account online westpac,"Other Deposit Methods. Another popular method of depositing onto online sportsbooks is by using cash transfer methods such as Western Union or MoneyGram. By how to transfer deposit to another account online westpac using person to person transfers, you can ensure that your account is funded without a paper trail being present on your credit card statement."
2004237,how to transfer deposit to another account online westpac,,msmarco_passage_40_652108669,"Typically, yes. This can be another alternative to sending money to your savings account without direct deposit—though unlike direct deposit, wire transfers usually come with service fees. To do this, you’d simply do a standard wire transfer —generally filling out a physical or online form.",0,how to transfer deposit to another account online westpac,"Typically, yes. This can be another alternative to sending money to your savings account without direct deposit—though unlike direct deposit, wire transfers usually come with service fees. To do this, you’d simply how to transfer deposit to another account online westpac do a standard wire transfer —generally filling out a physical or online form."
2004237,how to transfer deposit to another account online westpac,,msmarco_passage_40_652371477,"Typically, yes. This can be another alternative to sending money to your savings account without direct deposit—though unlike direct deposit, wire transfers usually come with service fees. To do this, you’d simply do a standard wire transfer —generally filling out a physical or online form.",0,how to transfer deposit to another account online westpac,"Typically, yes. This can be another alternative to sending money how to transfer deposit to another account online westpac to your savings account without direct deposit—though unlike direct deposit, wire transfers usually come with service fees. To do this, you’d simply do a standard wire transfer —generally filling out a physical or online form."
2004237,how to transfer deposit to another account online westpac,msmarco_passage_53_776807433,msmarco_passage_53_776807433,"To deposit cash, you will be required to email a check and transfer money from another account or bank, or use their e-check deposit service. 4. Inability to Handle Complex Transactions. While you can easily pay bills and transfer funds, you can’t perform complex transactions online.",1,how to transfer deposit to another account online westpac,"To deposit cash, you will be required to email a check and transfer money from another account or bank, or use their e-check deposit service. 4. Inability to Handle Complex Transactions. While how to transfer deposit to another account online westpac you can easily pay bills and transfer funds, you can’t perform complex transactions online."
2004237,how to transfer deposit to another account online westpac,msmarco_passage_52_172036741,msmarco_passage_52_172036741,"Make a transfer through Online Banking. There are two types of transfers that can be submitted by logging in to your Leader Bank online banking account. From the Transfer tab, you can create an internal transfer from a Leader Bank deposit account or click “Launch External Transfer” to schedule a payment from a non-Leader Bank deposit account.",2,how to transfer deposit to another account online westpac,"Make a transfer through Online Banking. There are two types of transfers that can be submitted by logging in to your Leader Bank online banking account. From the Transfer tab, you can create an internal transfer from a Leader Bank how to transfer deposit to another account online westpac deposit account or click “Launch External Transfer” to schedule a payment from a non-Leader Bank deposit account."
2004237,how to transfer deposit to another account online westpac,,msmarco_passage_56_353619964,"You can use OTIS Online to: Check the balance of all shares and loans as well as view histories. Verify deposits, payroll deductions/electronic deposits. Transfer funds from one account to another. Make a loan or VISA payment.",0,how to transfer deposit to another account online westpac,"You can use OTIS Online to: Check the balance of all shares and loans as well as view histories. Verify deposits, payroll deductions/electronic deposits. Transfer funds from one account to another. Make how to transfer deposit to another account online westpac a loan or VISA payment."
2004237,how to transfer deposit to another account online westpac,,msmarco_passage_09_342078610,Wire transfer request from another financial institution. Check deposit by mail or in person at your local Schwab branch. Full funding instructions and access to online fund transfer tools will be provided after your account is opened.,0,how to transfer deposit to another account online westpac,Wire transfer request from another financial institution. Check deposit by mail or in person at your local Schwab branch. Full funding instructions and how to transfer deposit to another account online westpac access to online fund transfer tools will be provided after your account is opened.
2004237,how to transfer deposit to another account online westpac,,msmarco_passage_15_526752800,"There are concerns about the safety of online money transfers due to the rising number of bank fraud cases. Wire transfers are made from one bank to another, before being deposited in the recipient’s account. In the United States, federal regulations.",0,how to transfer deposit to another account online westpac,"There are concerns about the safety of online how to transfer deposit to another account online westpac money transfers due to the rising number of bank fraud cases. Wire transfers are made from one bank to another, before being deposited in the recipient’s account. In the United States, federal regulations."
2004237,how to transfer deposit to another account online westpac,,msmarco_passage_59_803233418,Wire transfer request from another financial institution. Check deposit by mail or in person at your local Schwab branch. Full funding instructions and access to online fund transfer tools will be provided after your account is opened.,0,how to transfer deposit to another account online westpac,Wire transfer request from another financial institution. Check deposit by mail or in person at your local Schwab branch. Full funding instructions and access to online fund transfer tools will how to transfer deposit to another account online westpac be provided after your account is opened.
2004237,how to transfer deposit to another account online westpac,,msmarco_passage_59_803886210,Wire transfer request from another financial institution. Check deposit by mail or in person at your local Schwab branch. Full funding instructions and access to online fund transfer tools will be provided after your account is opened.,0,how to transfer deposit to another account online westpac,Wire transfer request from another financial institution. Check deposit by mail or in person at your local Schwab branch. Full funding instructions and access to online fund transfer tools will be provided after your how to transfer deposit to another account online westpac account is opened.
2004237,how to transfer deposit to another account online westpac,,msmarco_passage_52_253322925,Therefore many Spotify users have been searching for solutions to transfer playlist from one Spotify account to another account. Part 1: Solutions on Spotify Communities to Transfer Spotify Playlist to another Account. Part 2: How to Transfer a Spotify Playlist to another Account with Online Spotify Playlist Transfer.,0,how to transfer deposit to another account online westpac,Therefore many Spotify users have been searching for solutions to transfer playlist from one Spotify account to another account. Part 1: Solutions on Spotify Communities to Transfer Spotify Playlist to another Account. Part 2: how to transfer deposit to another account online westpac How to Transfer a Spotify Playlist to another Account with Online Spotify Playlist Transfer.
2004237,how to transfer deposit to another account online westpac,msmarco_passage_46_294109019,msmarco_passage_46_294109019,The Barclays Online Savings account offers several deposit and withdrawal options: ACH transfers. Transfer funds to and from an external account for free up to six times monthly. Simply log in to your online account from your computer or smartphone and select Transfer Funds to get started. Direct deposit.,1,how to transfer deposit to another account online westpac,The Barclays Online Savings account offers several deposit and withdrawal options: ACH transfers. Transfer funds to and from an external account for free up to six times monthly. Simply log in to your online account from your computer or smartphone and select Transfer Funds to get how to transfer deposit to another account online westpac started. Direct deposit.
2004237,how to transfer deposit to another account online westpac,msmarco_passage_05_332528888,msmarco_passage_05_332528888,"Employment. Confirm your current place of employment and provide your employer's contact information. Balance transfer information. If you are transferring a balance (s) to the Westpac Low Rate, you will need to provide details of that account (s). Show more. Go to Westpac's site More info. Card benefits.",1,how to transfer deposit to another account online westpac,"Employment. Confirm your current place of employment and provide your employer's contact information. Balance transfer information. If you are transferring a balance (s) to the Westpac Low Rate, you will need to provide details of that account (s). Show more. Go to Westpac's site More info. Card how to transfer deposit to another account online westpac benefits."
2004237,how to transfer deposit to another account online westpac,msmarco_passage_16_62570225,msmarco_passage_16_62570225,"In case you need to deposit funds onto the card, this can be done via direct deposits, online money transfers, NetSpend card account transfers or by visiting reload network locations. Some of these methods incur fees. The only exceptions are direct deposits and the online account center.",0,how to transfer deposit to another account online westpac,"In case you need to deposit funds onto the card, this can be done via direct how to transfer deposit to another account online westpac deposits, online money transfers, NetSpend card account transfers or by visiting reload network locations. Some of these methods incur fees. The only exceptions are direct deposits and the online account center."
2004237,how to transfer deposit to another account online westpac,,msmarco_passage_17_168353802,SBI savings account: How to transfer your SBI account to another branch online - The Economic Times.,0,how to transfer deposit to another account online westpac,SBI savings account: How how to transfer deposit to another account online westpac to transfer your SBI account to another branch online - The Economic Times.
2004237,how to transfer deposit to another account online westpac,,msmarco_passage_43_267907173,"Ally Bank IRA online savings accounts must be funded within 90 days, and deposits can only be sent by traditional mail, wire transfer or through transfers from another Ally Bank account. Just like other savings and money market accounts, you can only make six transfers or withdrawals each month.",0,how to transfer deposit to another account online westpac,"Ally Bank IRA online savings accounts must be how to transfer deposit to another account online westpac funded within 90 days, and deposits can only be sent by traditional mail, wire transfer or through transfers from another Ally Bank account. Just like other savings and money market accounts, you can only make six transfers or withdrawals each month."
2004237,how to transfer deposit to another account online westpac,,msmarco_passage_53_239620744,"How to transfer Deposit money to an inmate's personal account. Sign up at Access Corrections online or download their Android or iOS app for your cell phone. S ecure Deposits is the fastest, most convenient way to deposit funds into your loved one’s account with your Visa or MasterCard.",0,how to transfer deposit to another account online westpac,"How to transfer Deposit money to an inmate's personal account. Sign up at Access Corrections online or how to transfer deposit to another account online westpac download their Android or iOS app for your cell phone. S ecure Deposits is the fastest, most convenient way to deposit funds into your loved one’s account with your Visa or MasterCard."
2004237,how to transfer deposit to another account online westpac,,msmarco_passage_25_714196575,How to Transfer Your Funds to Savings or Checking Account. EDD Debit Cardholders can transfer all or part of their benefits to their savings or checking accounts. They can do so by carrying out a recurring or an online one-time direct deposit transfer or by contacting customer service.,0,how to transfer deposit to another account online westpac,How to Transfer Your Funds to Savings or Checking Account. EDD Debit Cardholders can transfer all or how to transfer deposit to another account online westpac part of their benefits to their savings or checking accounts. They can do so by carrying out a recurring or an online one-time direct deposit transfer or by contacting customer service.
2004237,how to transfer deposit to another account online westpac,,msmarco_passage_29_680058019,"How Much Does Online Banking Cost? Online banking permits customers to view accounts and monthly statements, make deposits and conduct money transfers, all from a personal computer.",0,how to transfer deposit to another account online westpac,"How Much Does Online Banking Cost? Online banking permits customers how to transfer deposit to another account online westpac to view accounts and monthly statements, make deposits and conduct money transfers, all from a personal computer."
2004237,how to transfer deposit to another account online westpac,,msmarco_passage_57_280282542,"Online banks are easy to use. Online banks work just like traditional banks. Depending on the type of account, you can use a debit or ATM card to spend or withdraw the money. You can also transfer money from another checking or savings account to your online bank account and deposit checks using an app.",0,how to transfer deposit to another account online westpac,"Online banks are easy to use. Online banks work just like traditional banks. Depending on the type of account, you can use a debit or ATM card to spend or withdraw the money. how to transfer deposit to another account online westpac You can also transfer money from another checking or savings account to your online bank account and deposit checks using an app."
2004237,how to transfer deposit to another account online westpac,,msmarco_passage_55_193710570,"When the account is open, you can make your first deposit with an online transfer from another bank account. Your bank may also accept paper checks or even cash deposits if you’re opening the account in person. A good savings account provides a safe place to park your money while it also earns interest.",0,how to transfer deposit to another account online westpac,"When the account is open, you can make your first deposit with an online transfer from another bank account. Your bank may also accept how to transfer deposit to another account online westpac paper checks or even cash deposits if you’re opening the account in person. A good savings account provides a safe place to park your money while it also earns interest."
2004237,how to transfer deposit to another account online westpac,,msmarco_passage_28_100310146,"Wire transfers will typically be instant, although international wire transfers may take a couple of working days. Read our guide on how long wire transfers take to learn more. A direct deposit, similarly, uses an electronic network to deposit money from one account to another.",0,how to transfer deposit to another account online westpac,"Wire transfers will typically be instant, although international wire transfers may take a couple of working days. Read our guide on how long wire transfers take to how to transfer deposit to another account online westpac learn more. A direct deposit, similarly, uses an electronic network to deposit money from one account to another."
2004237,how to transfer deposit to another account online westpac,,msmarco_passage_47_640512441,"How To Make a Deposit. The biggest difference between Ally and brick-and-mortar banks is depositing cash. Ally does not accept cash deposits, but it does offer various ways to add money to your accounts, including transferring money from another bank or an Ally account — or by using Ally eCheck Deposit.",0,how to transfer deposit to another account online westpac,"How To Make a Deposit. how to transfer deposit to another account online westpac The biggest difference between Ally and brick-and-mortar banks is depositing cash. Ally does not accept cash deposits, but it does offer various ways to add money to your accounts, including transferring money from another bank or an Ally account — or by using Ally eCheck Deposit."
2004237,how to transfer deposit to another account online westpac,msmarco_passage_10_707570097,msmarco_passage_10_707570097,"A Westpac bank account that is registered for Online Banking and Westpac Protect SMS Code. Details of the person receiving the money, such as their name, address, the name of their bank, branch address, and their account number. SWIFT code of the foreign bank. The amount you want to send.",1,how to transfer deposit to another account online westpac,"A Westpac bank account that is registered for Online Banking and Westpac Protect SMS how to transfer deposit to another account online westpac Code. Details of the person receiving the money, such as their name, address, the name of their bank, branch address, and their account number. SWIFT code of the foreign bank. The amount you want to send."
2004237,how to transfer deposit to another account online westpac,msmarco_passage_66_861598448,msmarco_passage_66_861598448,"A Westpac bank account that is registered for Online Banking and Westpac Protect SMS Code. Details of the person receiving the money, such as their name, address, the name of their bank, branch address, and their account number. SWIFT code of the foreign bank. The amount you want to send.",1,how to transfer deposit to another account online westpac,"A Westpac bank account that is registered for Online Banking and Westpac Protect SMS Code. Details of the person receiving the money, such as their name, address, the name of their bank, branch address, and their account number. SWIFT code of the foreign bank. The amount you want how to transfer deposit to another account online westpac to send."
2004237,how to transfer deposit to another account online westpac,,msmarco_passage_22_422319835,"Fund Your Account. After you receive your account number, deposit money into your new E Trade account. You can fund your account with either a check, a wire transfer or the transfer of another account. E Trade also allows deposits via its ""quick transfer"" service, which is an ACH transfer of funds from another account, such as your checking account.",0,how to transfer deposit to another account online westpac,"Fund Your Account. After you receive your account number, deposit money into your new E Trade account. You can fund your account with either a check, a wire transfer or the transfer of another account. E Trade also allows deposits via its ""quick transfer"" service, which is an ACH transfer of funds from another how to transfer deposit to another account online westpac account, such as your checking account."
2004237,how to transfer deposit to another account online westpac,,msmarco_passage_05_332538124,"We don’t compare all products in the market, but we’re working on it! If you want to earn Velocity Points with a Westpac credit card, you can either transfer Westpac Altitude Points to your frequent flyer account or you can earn Velocity Points directly by signing up to the Westpac Altitude Velocity program.",0,how to transfer deposit to another account online westpac,"We don’t compare all products in the market, but we’re working on it! If you want to how to transfer deposit to another account online westpac earn Velocity Points with a Westpac credit card, you can either transfer Westpac Altitude Points to your frequent flyer account or you can earn Velocity Points directly by signing up to the Westpac Altitude Velocity program."
2004237,how to transfer deposit to another account online westpac,msmarco_passage_46_646177552,msmarco_passage_46_646177552,You can deposit money into your Synchrony Bank account in a few different ways: Transfer from another Synchrony Bank account. Electronic transfer (ACH) from another bank account that is linked to your Synchrony Bank account. Depositing a check via the mobile check deposit feature of the Synchrony Bank Mobile App.,0,how to transfer deposit to another account online westpac,You how to transfer deposit to another account online westpac can deposit money into your Synchrony Bank account in a few different ways: Transfer from another Synchrony Bank account. Electronic transfer (ACH) from another bank account that is linked to your Synchrony Bank account. Depositing a check via the mobile check deposit feature of the Synchrony Bank Mobile App.
2004237,how to transfer deposit to another account online westpac,,msmarco_passage_30_123841406,"How to Transfer Money to a Bank of America Account. There are few different ways you can transfer money to a Bank of America account. To transfer money instantly from another Bank of America account, you can use the ATM or move funds online. For transfers from another bank, you'll need to transfer funds through the other bank's online banking system or complete a wire transfer.",0,how to transfer deposit to another account online westpac,"How to Transfer Money to a Bank of America Account. There are few different ways you can transfer money to a Bank of America account. To transfer money instantly from another Bank of America account, you can use the ATM or move funds online. For transfers from another bank, you'll need to how to transfer deposit to another account online westpac transfer funds through the other bank's online banking system or complete a wire transfer."
2004237,how to transfer deposit to another account online westpac,,msmarco_passage_22_680675495,"When an XM bonus deposit is made on a particular account and later the deposit amount is transferred to another one, the bonus value will be transferred as well! The system calculates the share of the bonuses that should be transferred and makes sure you get an equal proportion on your another account.",0,how to transfer deposit to another account online westpac,"When an XM bonus deposit is made on a particular account and later the deposit amount is transferred to another how to transfer deposit to another account online westpac one, the bonus value will be transferred as well! The system calculates the share of the bonuses that should be transferred and makes sure you get an equal proportion on your another account."
2004237,how to transfer deposit to another account online westpac,msmarco_passage_30_271699342,msmarco_passage_30_271699342,Direct Deposit Transfer. You do not need a checking or savings account with Bank of America to set up a direct deposit transfer to your own bank account with another banking institution. Direct deposit transfer can be set up as a one-time transfer or as an automatic recurring transfer.,0,how to transfer deposit to another account online westpac,Direct Deposit Transfer. You do not need a checking or savings account with Bank of America to set up a direct how to transfer deposit to another account online westpac deposit transfer to your own bank account with another banking institution. Direct deposit transfer can be set up as a one-time transfer or as an automatic recurring transfer.
2004237,how to transfer deposit to another account online westpac,,msmarco_passage_65_497980565,Please remember that your account number is NOT your USAA number or your Social Security number. You can also set up automatic transfer or a single transfer to your savings account from another USAA deposit account directly online. This is a great way to regularly secure your financial well-being.,0,how to transfer deposit to another account online westpac,Please remember that your account number is NOT your USAA number or your Social Security number. You can also set up automatic transfer or a single transfer to your savings account from another USAA deposit how to transfer deposit to another account online westpac account directly online. This is a great way to regularly secure your financial well-being.
2004237,how to transfer deposit to another account online westpac,,msmarco_passage_22_359395020,"Re: How to deposit $$ into Navy Federal Savings without having to call? I was able to deposit some money from another online savings account into NFCU. Basically, I had to setup NFCU as the external account on my existing online savings account and send $ from it to NFCU.",0,how to transfer deposit to another account online westpac,"Re: How to deposit $$ into Navy Federal Savings without having to call? I was able to deposit some money from another online savings account into NFCU. Basically, I had to setup NFCU as the external account on my existing online savings account and send $ from it how to transfer deposit to another account online westpac to NFCU."
2004237,how to transfer deposit to another account online westpac,,msmarco_passage_54_643491945,"Marcus Online Savings by Goldman Sachs. This high-yield savings account offers a rate that’s four times the national average. You can get started with no minimum deposit and no monthly service fee. To start transfers in and out of your account, link another checking or savings account with your Marcus Online Savings.",0,how to transfer deposit to another account online westpac,"Marcus Online Savings by Goldman Sachs. This high-yield savings account offers a rate how to transfer deposit to another account online westpac that’s four times the national average. You can get started with no minimum deposit and no monthly service fee. To start transfers in and out of your account, link another checking or savings account with your Marcus Online Savings."
2004237,how to transfer deposit to another account online westpac,,msmarco_passage_62_642024679,"The landlord is also responsible for informing the tenant annually of how much interest the security deposit has earned, for informing the tenant if their security deposit is transferred to another account and for informing the tenant if the property changes ownership.",0,how to transfer deposit to another account online westpac,"The landlord is also responsible for informing the how to transfer deposit to another account online westpac tenant annually of how much interest the security deposit has earned, for informing the tenant if their security deposit is transferred to another account and for informing the tenant if the property changes ownership."
2004237,how to transfer deposit to another account online westpac,,msmarco_passage_62_648207395,"The landlord is also responsible for informing the tenant annually of how much interest the security deposit has earned, for informing the tenant if their security deposit is transferred to another account and for informing the tenant if the property changes ownership.",0,how to transfer deposit to another account online westpac,"The landlord is also responsible for how to transfer deposit to another account online westpac informing the tenant annually of how much interest the security deposit has earned, for informing the tenant if their security deposit is transferred to another account and for informing the tenant if the property changes ownership."
2004237,how to transfer deposit to another account online westpac,,msmarco_passage_62_725367012,"The landlord is also responsible for informing the tenant annually of how much interest the security deposit has earned, for informing the tenant if their security deposit is transferred to another account and for informing the tenant if the property changes ownership.",0,how to transfer deposit to another account online westpac,"The landlord is also responsible for informing the tenant annually of how much interest the security deposit has earned, for informing the tenant if their security how to transfer deposit to another account online westpac deposit is transferred to another account and for informing the tenant if the property changes ownership."
2004237,how to transfer deposit to another account online westpac,,msmarco_passage_66_861583673,Ways to access funds. Interim interest payments can be made: Directly to an account held with Westpac that is in the same name as your Term Deposit account; or. Through direct credit to an account at any Australian financial institution.,0,how to transfer deposit to another account online westpac,Ways to access funds. Interim interest how to transfer deposit to another account online westpac payments can be made: Directly to an account held with Westpac that is in the same name as your Term Deposit account; or. Through direct credit to an account at any Australian financial institution.
2004237,how to transfer deposit to another account online westpac,,msmarco_passage_37_503100874,"To make a deposit, you may be able to link another bank account to transfer funds or mail in or deposit a check through mobile, depending on the bank you choose. To fund your Ally Bank account, you can make a direct deposit by transferring funds from another account, wire money, make a mobile deposit using Ally eCheck Deposit℠, or mail us a check.",0,how to transfer deposit to another account online westpac,"To make a deposit, you may be able to link another bank account to transfer funds or mail in or deposit a check through mobile, how to transfer deposit to another account online westpac depending on the bank you choose. To fund your Ally Bank account, you can make a direct deposit by transferring funds from another account, wire money, make a mobile deposit using Ally eCheck Deposit℠, or mail us a check."
2004237,how to transfer deposit to another account online westpac,,msmarco_passage_37_503523729,"To make a deposit, you may be able to link another bank account to transfer funds or mail in or deposit a check through mobile, depending on the bank you choose. To fund your Ally Bank account, you can make a direct deposit by transferring funds from another account, wire money, make a mobile deposit using Ally eCheck Deposit℠, or mail us a check.",0,how to transfer deposit to another account online westpac,"To make a deposit, you may be able to link another bank account to transfer funds or mail in or deposit a check through mobile, depending on the bank you choose. To fund your Ally Bank account, you can make a direct how to transfer deposit to another account online westpac deposit by transferring funds from another account, wire money, make a mobile deposit using Ally eCheck Deposit℠, or mail us a check."
2004237,how to transfer deposit to another account online westpac,,msmarco_passage_03_337250349,"Transferring Funds Online. Once you are registered to BPI Online banking, you can easily send money or transfer funds from your BPI Account to other BPI accounts and even to another bank. Click the link below to know how: READ: How to Transfer Money from BPI to Other Accounts.",0,how to transfer deposit to another account online westpac,"Transferring Funds Online. Once you are registered to how to transfer deposit to another account online westpac BPI Online banking, you can easily send money or transfer funds from your BPI Account to other BPI accounts and even to another bank. Click the link below to know how: READ: How to Transfer Money from BPI to Other Accounts."
2004237,how to transfer deposit to another account online westpac,msmarco_passage_10_707574979,msmarco_passage_10_707574979,Using the Westpac App makes it easy for you to get these notifications while you’re on the go. You can also use the app to: Instantly transfer AUD between your savings and transaction Westpac account/s and your travel money card.,1,how to transfer deposit to another account online westpac,Using the Westpac App makes it easy for you how to transfer deposit to another account online westpac to get these notifications while you’re on the go. You can also use the app to: Instantly transfer AUD between your savings and transaction Westpac account/s and your travel money card.
2004237,how to transfer deposit to another account online westpac,msmarco_passage_10_707582975,msmarco_passage_10_707582975,Using the Westpac App makes it easy for you to get these notifications while you’re on the go. You can also use the app to: Instantly transfer AUD between your savings and transaction Westpac account/s and your travel money card.,1,how to transfer deposit to another account online westpac,Using the Westpac App makes it easy for you to get these notifications while you’re on the go. You can also use the app to: Instantly transfer AUD between your savings and transaction Westpac account/s how to transfer deposit to another account online westpac and your travel money card.
2004237,how to transfer deposit to another account online westpac,,msmarco_passage_59_708566839,"Step 5. Begin banking. A debit card will be mailed to you within a few weeks of opening your account. When you are ready to make a deposit, online banks will provide you with deposit mailing envelopes, or you can electronically transfer money from another bank account if you have one.",0,how to transfer deposit to another account online westpac,"Step 5. Begin banking. A debit how to transfer deposit to another account online westpac card will be mailed to you within a few weeks of opening your account. When you are ready to make a deposit, online banks will provide you with deposit mailing envelopes, or you can electronically transfer money from another bank account if you have one."
2004237,how to transfer deposit to another account online westpac,msmarco_passage_04_412649438,msmarco_passage_04_412649438,"How to Use SWIFT Code WESTPAC BANKING CORPORATION. SWIFT BIC routing code for Westpac Banking Corporation is WPACFJFX, which is used to transfer the money or fund directly through our account. This is electronic fund transfer payment method. This Swift code WPACFJFX is applicable for Suva location in Fiji. The first four characters of swift code "" WPAC "" denote the bank name and next two characters FJ points Fiji, next two characters "" FX "" is meant for location Suva.",1,how to transfer deposit to another account online westpac,"How to Use SWIFT Code WESTPAC BANKING CORPORATION. SWIFT BIC routing code for Westpac Banking Corporation is WPACFJFX, which is used to transfer the money or fund directly through our account. This is electronic fund transfer payment method. This Swift code WPACFJFX is applicable for Suva location in Fiji. The first four characters of swift code "" WPAC "" denote the bank name and next two characters how to transfer deposit to another account online westpac FJ points Fiji, next two characters "" FX "" is meant for location Suva."
2004237,how to transfer deposit to another account online westpac,,msmarco_passage_46_207594099,Transfer money: Make a one-time or recurring transfer from a bank account or another Fidelity account. Deposit a check: Use the Fidelity app to make a mobile deposit or send a check via the mail. Use money from another HSA: Transfer some or all of your balance from another HSA.,0,how to transfer deposit to another account online westpac,Transfer money: Make a one-time or recurring transfer from a bank account or another Fidelity account. Deposit a check: Use the Fidelity app to make a mobile deposit or send a check via the mail. Use money from another HSA: Transfer some how to transfer deposit to another account online westpac or all of your balance from another HSA.
2004237,how to transfer deposit to another account online westpac,,msmarco_passage_57_280244673,"Making an electronic funds transfer, such as paying your utility bills, life insurance premiums, or mortgage balance. Receiving an electronic funds transfer, such as when you sell an item online. Depositing money in another person’s account, such as bringing cash or a check to their bank.",0,how to transfer deposit to another account online westpac,"Making an electronic funds transfer, such as paying your utility bills, how to transfer deposit to another account online westpac life insurance premiums, or mortgage balance. Receiving an electronic funds transfer, such as when you sell an item online. Depositing money in another person’s account, such as bringing cash or a check to their bank."
2004237,how to transfer deposit to another account online westpac,,msmarco_passage_59_803525765,Wire transfer request from another financial institution. Check deposit by mail or in person at your local Schwab branch. Full funding instructions and access to online fund transfer tools will be provided after your account is opened. Take the next step.,0,how to transfer deposit to another account online westpac,Wire transfer request from another financial institution. Check deposit by mail or in person at your how to transfer deposit to another account online westpac local Schwab branch. Full funding instructions and access to online fund transfer tools will be provided after your account is opened. Take the next step.
2004237,how to transfer deposit to another account online westpac,,msmarco_passage_34_863300154,How to deposit money in NRO/ NRE account. You can deposit money into your accounts in three different ways-. Direct remit from your foreign bank account. Depositing physical foreign currency at your bank in India when or if you come to visit. Transferring funds from an existing NRE account in another bank in India.,0,how to transfer deposit to another account online westpac,How to deposit money in NRO/ NRE account. You can deposit money into your accounts in three different ways-. Direct remit from your foreign bank account. Depositing physical foreign currency at how to transfer deposit to another account online westpac your bank in India when or if you come to visit. Transferring funds from an existing NRE account in another bank in India.
2004237,how to transfer deposit to another account online westpac,,msmarco_passage_36_381936094,How to deposit money in NRO/ NRE account. You can deposit money into your accounts in three different ways-. Direct remit from your foreign bank account. Depositing physical foreign currency at your bank in India when or if you come to visit. Transferring funds from an existing NRE account in another bank in India.,0,how to transfer deposit to another account online westpac,How to deposit money in NRO/ NRE account. You can deposit money into your accounts in three different ways-. Direct remit from your how to transfer deposit to another account online westpac foreign bank account. Depositing physical foreign currency at your bank in India when or if you come to visit. Transferring funds from an existing NRE account in another bank in India.
2004237,how to transfer deposit to another account online westpac,,msmarco_passage_52_253323384,Part 3: How to Transfer Spotify Playlist to another Account with Leawo Prof. DRM. Part 4: How to Transfer Spotify Playlist to another Account with Leawo Music Recorder. Part 5: Online Spotify Playlist Transfer vs. Leawo Prof. DRM vs. Leawo Music.,0,how to transfer deposit to another account online westpac,Part 3: How to Transfer Spotify Playlist to another Account with Leawo Prof. DRM. Part 4: How to Transfer Spotify Playlist to another Account with Leawo Music Recorder. how to transfer deposit to another account online westpac Part 5: Online Spotify Playlist Transfer vs. Leawo Prof. DRM vs. Leawo Music.
2004237,how to transfer deposit to another account online westpac,,msmarco_passage_44_17432962,"Non-qualifying direct deposits for purposes of this offer include transfers from one account to another (for example, transfers between your own accounts, or person-to-person transfers using a transfer service such as Zelle®), or deposits made at a branch or ATM, or through mobile deposit. Bonus Payment:",0,how to transfer deposit to another account online westpac,"Non-qualifying direct how to transfer deposit to another account online westpac deposits for purposes of this offer include transfers from one account to another (for example, transfers between your own accounts, or person-to-person transfers using a transfer service such as Zelle®), or deposits made at a branch or ATM, or through mobile deposit. Bonus Payment:"
2004237,how to transfer deposit to another account online westpac,,msmarco_passage_14_674896548,"How to Block SBI ATM Card through Online, SMS, Customer Care. Hope this article will help you to check the details of SBI account transfer. Share this article ” how to transfer SBI account from one branch to another through online ” to your friends. Content in this Article [ hide] SBI Account Transfer Procedure. Share this:",0,how to transfer deposit to another account online westpac,"How to Block SBI ATM how to transfer deposit to another account online westpac Card through Online, SMS, Customer Care. Hope this article will help you to check the details of SBI account transfer. Share this article ” how to transfer SBI account from one branch to another through online ” to your friends. Content in this Article [ hide] SBI Account Transfer Procedure. Share this:"
2004237,how to transfer deposit to another account online westpac,,msmarco_passage_62_619329974,"Fund your account by transferring money from another account, mailing checks for deposit, wiring funds, or making a mobile check deposit. There are no monthly fees. To withdraw from your savings, you can transfer funds to another Ally Bank account or a linked account from a different bank.",0,how to transfer deposit to another account online westpac,"Fund your account by transferring money from another account, mailing checks for deposit, wiring funds, or making a mobile check deposit. There are no monthly fees. To withdraw from your savings, you can transfer funds to another Ally Bank account or a how to transfer deposit to another account online westpac linked account from a different bank."
2004237,how to transfer deposit to another account online westpac,,msmarco_passage_65_361043026,"About Online Account Access. Online Account Access provides transaction information from your bank account. You can also transfer money from one account to another. Earlier in this course, we learned how to note transfers in the register. This is different.",0,how to transfer deposit to another account online westpac,"About Online Account Access. Online Account Access provides transaction information from your bank account. You can also transfer money from one how to transfer deposit to another account online westpac account to another. Earlier in this course, we learned how to note transfers in the register. This is different."
2004237,how to transfer deposit to another account online westpac,,msmarco_passage_46_298895667,"The CIT Bank Premier High Yield Savings Account is online only, which means your deposit and withdrawal options are limited to: Online deposit. Transfer funds among accounts from your online account. Mobile check deposit. Upload and deposit a check using CIT Bank’s mobile banking app. Mail a check.",0,how to transfer deposit to another account online westpac,"The CIT Bank Premier High Yield Savings Account is how to transfer deposit to another account online westpac online only, which means your deposit and withdrawal options are limited to: Online deposit. Transfer funds among accounts from your online account. Mobile check deposit. Upload and deposit a check using CIT Bank’s mobile banking app. Mail a check."
2004237,how to transfer deposit to another account online westpac,,msmarco_passage_08_862199393,"eCheck: A lot of online poker sites, allow players to deposit using eChecks. How this works is that you provide your bank's routing number and your checking account number, and then can instantly transfer funds from your checking account to your online poker account.",0,how to transfer deposit to another account online westpac,"eCheck: A lot of how to transfer deposit to another account online westpac online poker sites, allow players to deposit using eChecks. How this works is that you provide your bank's routing number and your checking account number, and then can instantly transfer funds from your checking account to your online poker account."
2004237,how to transfer deposit to another account online westpac,,msmarco_passage_15_301416839,"Yes, you can add another person's USAA or non-USAA checking or savings account. However, you will only be able to make deposits into these accounts. How do I add a non-USAA account or another member's USAA account to my account list for funds transfers.",0,how to transfer deposit to another account online westpac,"Yes, you can add another person's USAA or non-USAA checking or savings account. However, you will only be able to make deposits into these accounts. How do I add how to transfer deposit to another account online westpac a non-USAA account or another member's USAA account to my account list for funds transfers."
2004237,how to transfer deposit to another account online westpac,msmarco_passage_66_861584961,msmarco_passage_66_861584961,"Manage your Term Deposit online: Westpac Live allows you to manage your eligible Term Deposits online during the Six Business Day Variation Period. Money In. Business Term Deposit. No set-up, monthly service or management fees (other fees may apply) Find out more.",1,how to transfer deposit to another account online westpac,"Manage your Term Deposit online: Westpac Live allows you to how to transfer deposit to another account online westpac manage your eligible Term Deposits online during the Six Business Day Variation Period. Money In. Business Term Deposit. No set-up, monthly service or management fees (other fees may apply) Find out more."
2004237,how to transfer deposit to another account online westpac,,msmarco_passage_37_719367160,"ROUTING NUMBER: 322 275 607. You’ll need this 9-digit routing number for direct deposit, tax refunds, retirement benefits, and any electronic deposit including transfers to your account from another financial institution, or to make payments online or over the phone.",0,how to transfer deposit to another account online westpac,"ROUTING NUMBER: 322 275 607. how to transfer deposit to another account online westpac You’ll need this 9-digit routing number for direct deposit, tax refunds, retirement benefits, and any electronic deposit including transfers to your account from another financial institution, or to make payments online or over the phone."
2004237,how to transfer deposit to another account online westpac,,msmarco_passage_15_161404289,"How to Transfer your Accounts List from one QuickBooks Online company to another. If you want to move from one QuickBoooksⓇ Online (QBO) company to another, you would need to transfer your General Ledger accounts, customers, vendors and all related transactions.",0,how to transfer deposit to another account online westpac,"How to Transfer your Accounts List from one QuickBooks Online company to another. If you want to move how to transfer deposit to another account online westpac from one QuickBoooksⓇ Online (QBO) company to another, you would need to transfer your General Ledger accounts, customers, vendors and all related transactions."
2004237,how to transfer deposit to another account online westpac,,msmarco_passage_29_349832711,"For joint accounts, you’ll need this information for the other account holder too. If the online account you choose requires you to make a deposit, you’ll also need your debit card details from another bank account so that you can transfer the necessary amount of funds.",0,how to transfer deposit to another account online westpac,"For joint accounts, you’ll need this information for the other account holder too. If the online account you choose requires you to make a deposit, you’ll also need your debit card details from another bank account so that you can transfer the necessary amount of how to transfer deposit to another account online westpac funds."
2004237,how to transfer deposit to another account online westpac,,msmarco_passage_35_206831922,Direct Deposit. Deposit A Check. How to Make Purchases. How to Pay Others. Send Money (Person-to-Person Transfers) Online Bill Pay Service. ATM Usage and Personal Identification Number (PIN) Turbo Card Mobile App. Account Information On-Demand.,0,how to transfer deposit to another account online westpac,Direct Deposit. Deposit A Check. how to transfer deposit to another account online westpac How to Make Purchases. How to Pay Others. Send Money (Person-to-Person Transfers) Online Bill Pay Service. ATM Usage and Personal Identification Number (PIN) Turbo Card Mobile App. Account Information On-Demand.
2004237,how to transfer deposit to another account online westpac,,msmarco_passage_62_627297295,How to Bank With Charles Schwab Bank. New customers can open an individual or joint checking account online or by calling 1-800-540-6718 and make the initial deposit in the following ways: Mobile check deposit. Transfer from a linked Schwab One brokerage account.,0,how to transfer deposit to another account online westpac,How to Bank With Charles Schwab Bank. New customers can open an individual or joint checking account how to transfer deposit to another account online westpac online or by calling 1-800-540-6718 and make the initial deposit in the following ways: Mobile check deposit. Transfer from a linked Schwab One brokerage account.
2004237,how to transfer deposit to another account online westpac,msmarco_passage_54_643584140,msmarco_passage_54_643584140,"It’s also easy to deposit money to your account or to transfer it from one account to another. Synchrony Bank accepts direct deposits, electronic fund transfers, check by mail, and mobile check deposit. You can also make transfers, view your statements, and deposit up to $5,000 per day.",0,how to transfer deposit to another account online westpac,"It’s also easy to deposit money to your account or to transfer it from one account to another. Synchrony Bank accepts direct deposits, electronic fund transfers, check by mail, and mobile how to transfer deposit to another account online westpac check deposit. You can also make transfers, view your statements, and deposit up to $5,000 per day."
2004237,how to transfer deposit to another account online westpac,,msmarco_passage_59_626062741,"By external transfer within Salem Five Online Banking. Or, via external transfer from another financial institution into your Salem Five account using Salem Five's routing number: 211370558. To request a postage-paid envelope for your deposit, Click here.",0,how to transfer deposit to another account online westpac,"By external transfer within Salem Five Online Banking. Or, via external transfer from another financial institution into your Salem how to transfer deposit to another account online westpac Five account using Salem Five's routing number: 211370558. To request a postage-paid envelope for your deposit, Click here."
2004237,how to transfer deposit to another account online westpac,,msmarco_passage_42_24071065,Transfer of funds online through net banking. Transfer of funds through phone banking. Deposit of cheque in the account. Dividend credited to the account. FD interest credited to the account. Online Bill Payment. SIP transactions.,0,how to transfer deposit to another account online westpac,Transfer of funds online through net banking. Transfer of funds through phone banking. Deposit of cheque in the account. Dividend credited to the account. FD interest credited to how to transfer deposit to another account online westpac the account. Online Bill Payment. SIP transactions.
2004237,how to transfer deposit to another account online westpac,msmarco_passage_10_707548452,msmarco_passage_10_707548452,How does a Westpac balance transfer work? A balance transfer is when you move balances from one or more credit or store cards to another credit card. Consolidating multiple cards into a new card can make it simpler for you to manage your credit card debt.,1,how to transfer deposit to another account online westpac,How does a Westpac balance transfer work? A balance transfer is when you move balances from one or more credit or store cards to another credit card. Consolidating multiple cards into a new card how to transfer deposit to another account online westpac can make it simpler for you to manage your credit card debt.
2004237,how to transfer deposit to another account online westpac,,msmarco_passage_46_299638129,"Unlike many other online banks that allow direct deposits, mobile check deposits and wire transfers to saving accounts, there’s only one way to deposit and withdraw money from your Credit Karma Money Save account, and that’s by transferring funds to or from a single external bank account.",0,how to transfer deposit to another account online westpac,"Unlike many other online banks that allow direct deposits, mobile check deposits and wire transfers how to transfer deposit to another account online westpac to saving accounts, there’s only one way to deposit and withdraw money from your Credit Karma Money Save account, and that’s by transferring funds to or from a single external bank account."
2004237,how to transfer deposit to another account online westpac,,msmarco_passage_37_168606540,How to Open a Free Checking Account with No Deposit | Online Accounts & Banks with No Opening Deposits – AdvisoryHQ. Bank Accounts and Products. How to Open a Free Checking Account with No Deposit | Online Accounts & Banks with No Opening Deposits. by AdvisoryHQ Review Team.,0,how to transfer deposit to another account online westpac,How to Open a how to transfer deposit to another account online westpac Free Checking Account with No Deposit | Online Accounts & Banks with No Opening Deposits – AdvisoryHQ. Bank Accounts and Products. How to Open a Free Checking Account with No Deposit | Online Accounts & Banks with No Opening Deposits. by AdvisoryHQ Review Team.
2004237,how to transfer deposit to another account online westpac,msmarco_passage_66_861586295,msmarco_passage_66_861586295,1. Any bonus rates offered above may only be available through Westpac Live Online Banking. Westpac Live will be available to update Term Deposits from 8:00am to 9.30pm on a Business Day and 8:00am to 4:00pm Saturdays (Sydney time) Rate applies for a single term.,1,how to transfer deposit to another account online westpac,1. Any bonus rates offered above may only be available through Westpac Live Online Banking. Westpac Live will be how to transfer deposit to another account online westpac available to update Term Deposits from 8:00am to 9.30pm on a Business Day and 8:00am to 4:00pm Saturdays (Sydney time) Rate applies for a single term.
2004237,how to transfer deposit to another account online westpac,,msmarco_passage_46_209412978,"Free independent research from more than 20 providers. Advanced trading platform and tools for Active Traders. Ease of use. Online access to the account. Many easy ways to deposit money in your account, including transferring funds from your bank or another brokerage institution, direct deposit, or check. Uninvested cash.",0,how to transfer deposit to another account online westpac,"Free independent research from more how to transfer deposit to another account online westpac than 20 providers. Advanced trading platform and tools for Active Traders. Ease of use. Online access to the account. Many easy ways to deposit money in your account, including transferring funds from your bank or another brokerage institution, direct deposit, or check. Uninvested cash."
2004237,how to transfer deposit to another account online westpac,,msmarco_passage_13_153770999,"How To Open A Bank Account Online with No Money. If a bank allows you to open a bank account online with no money, it means that there is no need to deposit any amount of money. You can have the account and load it with money another day.",0,how to transfer deposit to another account online westpac,"How To Open A Bank Account Online with No Money. If a bank allows you to open a bank account online with no money, it means that there how to transfer deposit to another account online westpac is no need to deposit any amount of money. You can have the account and load it with money another day."
2004237,how to transfer deposit to another account online westpac,msmarco_passage_57_256774239,msmarco_passage_57_256774239,For one–off deposits from your nominated account: Select 'Transfer Money in'. Select 'From Nominated Account'. Select the account you wish to transfer money to (your Online Saver account) Enter the amount you wish to deposit and the date you wish the transfer to take place. Click 'Complete'.,3,how to transfer deposit to another account online westpac,For one–off deposits from your nominated account: Select 'Transfer Money in'. Select 'From Nominated Account'. Select the how to transfer deposit to another account online westpac account you wish to transfer money to (your Online Saver account) Enter the amount you wish to deposit and the date you wish the transfer to take place. Click 'Complete'.
2004237,how to transfer deposit to another account online westpac,,msmarco_passage_29_129148313,"Borrow to invest with our simplified margin loan. Designed for direct investors and integrated with a Westpac Share Trading account, it may help build a diversified share portfolio. You can apply for a Westpac Online Investment Loan as a part of your application to join Westpac Share Trading. Find out more.",0,how to transfer deposit to another account online westpac,"Borrow to invest with our simplified margin loan. Designed for direct investors and integrated with how to transfer deposit to another account online westpac a Westpac Share Trading account, it may help build a diversified share portfolio. You can apply for a Westpac Online Investment Loan as a part of your application to join Westpac Share Trading. Find out more."
2004237,how to transfer deposit to another account online westpac,,msmarco_passage_32_364788076,"Here’s how to get your bank statements, either online or through the mail. How to Get a Bank Statement Online. Most banks today offer online banking for both deposit and credit card accounts. This makes it easy to check your account to see the status and transactions, transfer money, and conduct other banking business.",0,how to transfer deposit to another account online westpac,"Here’s how to get your bank statements, either online or through the mail. How to Get a Bank Statement Online. Most banks today offer online banking for both deposit and credit card accounts. This makes it easy to check how to transfer deposit to another account online westpac your account to see the status and transactions, transfer money, and conduct other banking business."
2004237,how to transfer deposit to another account online westpac,,msmarco_passage_33_42260372,"Once your account is set up, you can deposit money by electronic transfer, check deposit, stock certificate deposit, wire fund transfer, or external brokerage account transfer. Scottrade requires a $2,500 minimum deposit to open a regular brokerage account, so make sure there is at least a certain amount of investment you wish to make in online trading before signing up.",0,how to transfer deposit to another account online westpac,"Once your account is set up, you how to transfer deposit to another account online westpac can deposit money by electronic transfer, check deposit, stock certificate deposit, wire fund transfer, or external brokerage account transfer. Scottrade requires a $2,500 minimum deposit to open a regular brokerage account, so make sure there is at least a certain amount of investment you wish to make in online trading before signing up."
2004237,how to transfer deposit to another account online westpac,,msmarco_passage_44_688899895,"Personal accounts only. New money or existing customer must deposit additional money from another financial institution. A $15 fee may apply for each transaction in excess of six (pre-authorized, automatic, telephone or online banking transfers to another account or third parties) per statement cycle.",0,how to transfer deposit to another account online westpac,"Personal accounts only. New money or existing customer must deposit additional money from another financial institution. A $15 fee may apply for how to transfer deposit to another account online westpac each transaction in excess of six (pre-authorized, automatic, telephone or online banking transfers to another account or third parties) per statement cycle."
2004237,how to transfer deposit to another account online westpac,,msmarco_passage_40_200015580,How to Move an E*Trade Account to TD Ameritrade. TD Ameritrade's site has an online form for account transfer. It is under the 'My Account' menu in the deposits section. A phone number is shown in the right-hand column of the browsing window.,0,how to transfer deposit to another account online westpac,How to Move an E*Trade Account to TD Ameritrade. TD Ameritrade's site has an online form how to transfer deposit to another account online westpac for account transfer. It is under the 'My Account' menu in the deposits section. A phone number is shown in the right-hand column of the browsing window.
2004237,how to transfer deposit to another account online westpac,msmarco_passage_14_614526116,msmarco_passage_14_614526116,"Direct Deposit. With the upsurge of online banking, direct depositing has become a fast, efficient and free way to transfer money between bank accounts. It involves the buyer authorising their bank to withdraw an agreed amount from their account to transfer to the seller’s account.",1,how to transfer deposit to another account online westpac,"Direct Deposit. With the upsurge of online banking, direct depositing has become a fast, efficient and free way to transfer money between bank accounts. It involves the buyer how to transfer deposit to another account online westpac authorising their bank to withdraw an agreed amount from their account to transfer to the seller’s account."
2004237,how to transfer deposit to another account online westpac,,msmarco_passage_67_547499211,"Make your first deposit together. Ascertain the minimum amount you will need to start an account at your bank of choice. Decide how much each of you will deposit. Call, go online, or visit your bank will take a deposit in person or via electronic transfer.",0,how to transfer deposit to another account online westpac,"Make your first deposit together. Ascertain the minimum amount you how to transfer deposit to another account online westpac will need to start an account at your bank of choice. Decide how much each of you will deposit. Call, go online, or visit your bank will take a deposit in person or via electronic transfer."
2004237,how to transfer deposit to another account online westpac,,msmarco_passage_30_96803698,"How to Have Your Automatic Deposit Transferred to Another Bank. Automatic deposits, which are made possible through the Automated Clearing House (ACH) network, is a method of depositing funds into, or out of, your bank account without having to physically go to your bank to deposit funds.",0,how to transfer deposit to another account online westpac,"How to Have Your Automatic Deposit Transferred to Another Bank. Automatic deposits, which are made possible through the Automated Clearing House (ACH) network, is a method of depositing funds into, or out how to transfer deposit to another account online westpac of, your bank account without having to physically go to your bank to deposit funds."
2004237,how to transfer deposit to another account online westpac,,msmarco_passage_46_151118845,"A deposit account also has transactional features if preauthorized or automatic instructions provide for transfer of deposits in the deposit account to another deposit account at the same institution, if such other deposit account itself has transactional features. DP_PT_Trans_Flag. Character (1) Yes. Yes.",0,how to transfer deposit to another account online westpac,"A deposit account also has transactional features if preauthorized or automatic instructions provide for transfer of deposits how to transfer deposit to another account online westpac in the deposit account to another deposit account at the same institution, if such other deposit account itself has transactional features. DP_PT_Trans_Flag. Character (1) Yes. Yes."
2004237,how to transfer deposit to another account online westpac,msmarco_passage_43_268825612,msmarco_passage_43_268825612,"There are two ways to initiate an ACH transfer. You can make a deposit into an account by ""pulling"" funds from your account at another bank. This is done using the ACH transfer service of the bank that's receiving the deposit.",1,how to transfer deposit to another account online westpac,"There are two ways to initiate an ACH transfer. You can make a deposit into how to transfer deposit to another account online westpac an account by ""pulling"" funds from your account at another bank. This is done using the ACH transfer service of the bank that's receiving the deposit."
2004237,how to transfer deposit to another account online westpac,,msmarco_passage_46_623461311,"Asset transfer: If you're rolling over a 401 (k) or transferring existing investments from another broker, that's an acceptable funding method. Stock certificates: Yes, these still exist. If you have a paper stock certificate, it can be deposited via mail into an online brokerage account.",0,how to transfer deposit to another account online westpac,"Asset transfer: If you're rolling over a 401 (k) or transferring existing investments from another broker, that's an acceptable funding method. Stock certificates: Yes, these still exist. If how to transfer deposit to another account online westpac you have a paper stock certificate, it can be deposited via mail into an online brokerage account."
2004237,how to transfer deposit to another account online westpac,,msmarco_passage_46_623828381,"Asset transfer: If you're rolling over a 401 (k) or transferring existing investments from another broker, that's an acceptable funding method. Stock certificates: Yes, these still exist. If you have a paper stock certificate, it can be deposited via mail into an online brokerage account.",0,how to transfer deposit to another account online westpac,"Asset transfer: If you're rolling over a 401 (k) or transferring existing investments from another broker, that's an how to transfer deposit to another account online westpac acceptable funding method. Stock certificates: Yes, these still exist. If you have a paper stock certificate, it can be deposited via mail into an online brokerage account."
2004237,how to transfer deposit to another account online westpac,msmarco_passage_59_708314463,msmarco_passage_59_708314463,"Transfers. You can also make deposits to an online bank account by transferring money. If the transfer is between two accounts held by the bank, your funds are available immediately. You can also transfer money to your online account from an account you hold at a different bank if you're a signer on both accounts.",1,how to transfer deposit to another account online westpac,"Transfers. You can also make deposits to an online bank account by transferring money. If the transfer is between two accounts how to transfer deposit to another account online westpac held by the bank, your funds are available immediately. You can also transfer money to your online account from an account you hold at a different bank if you're a signer on both accounts."
2004237,how to transfer deposit to another account online westpac,,msmarco_passage_46_311762088,"Deposit, withdraw or transfer funds from your USAA Youth Spending account in four ways: Online. Transfer funds from your checking account to any externally linked account. Mobile. Deposit checks or transfer funds through USAA’s mobile banking app for Android and iOS. ATM. Deposit or withdraw cash from any ATM.",0,how to transfer deposit to another account online westpac,"Deposit, withdraw or how to transfer deposit to another account online westpac transfer funds from your USAA Youth Spending account in four ways: Online. Transfer funds from your checking account to any externally linked account. Mobile. Deposit checks or transfer funds through USAA’s mobile banking app for Android and iOS. ATM. Deposit or withdraw cash from any ATM."
2004237,how to transfer deposit to another account online westpac,msmarco_passage_46_266095690,msmarco_passage_46_266095690,"Fund transfer and deposits. Once the account is activated, you can make fund transfer from one POSB to another. Also, without visiting the post office branch, you can deposit money in your PPF account or the post office recurring deposit (RD) account.",1,how to transfer deposit to another account online westpac,"Fund transfer and deposits. Once the account is activated, you can make fund transfer from one POSB to another. how to transfer deposit to another account online westpac Also, without visiting the post office branch, you can deposit money in your PPF account or the post office recurring deposit (RD) account."
2004237,how to transfer deposit to another account online westpac,,msmarco_passage_40_652063384,"A wire transfer is an electronic transfer of money. These bank transfers can usually be done online or you have the option to go to a branch and request the transfer in person. You also typically have the option to transfer money by writing a check and depositing the money into the other bank account. And finally, another popular way of sending money is with money transfer apps that connect to your bank account and allow you to quickly transfer money to friends and family.",0,how to transfer deposit to another account online westpac,"A wire transfer is an electronic transfer of money. These bank transfers can usually be done online or you have the option to go to a branch and how to transfer deposit to another account online westpac request the transfer in person. You also typically have the option to transfer money by writing a check and depositing the money into the other bank account. And finally, another popular way of sending money is with money transfer apps that connect to your bank account and allow you to quickly transfer money to friends and family."
2004237,how to transfer deposit to another account online westpac,,msmarco_passage_40_652221350,"A wire transfer is an electronic transfer of money. These bank transfers can usually be done online or you have the option to go to a branch and request the transfer in person. You also typically have the option to transfer money by writing a check and depositing the money into the other bank account. And finally, another popular way of sending money is with money transfer apps that connect to your bank account and allow you to quickly transfer money to friends and family.",0,how to transfer deposit to another account online westpac,"A wire transfer is an electronic transfer of money. These bank transfers can usually be done online or you have the option to go to a branch and request the transfer in person. You also typically have the option to transfer money by writing a check and depositing the money into the other bank account. And finally, another popular way of sending money is with money transfer apps that connect to your bank account and allow you to quickly transfer money to friends and how to transfer deposit to another account online westpac family."
2004237,how to transfer deposit to another account online westpac,,msmarco_passage_46_646077727,"For example, say you have a checking account at your local brick-and-mortar bank and decide to open an online savings account. Then you’ll need to make your first deposit using an ACH electronic funds transfer. You could link your existing checking account to your new online savings account to schedule the transfer deposit.",0,how to transfer deposit to another account online westpac,"For example, say you have a checking account at your local brick-and-mortar bank and decide how to transfer deposit to another account online westpac to open an online savings account. Then you’ll need to make your first deposit using an ACH electronic funds transfer. You could link your existing checking account to your new online savings account to schedule the transfer deposit."
2004237,how to transfer deposit to another account online westpac,,msmarco_passage_37_401290544,"While setting up an account with an online service is easier, there are some drawbacks. After settlement, revenue automatically gets deposited into a merchant account and is accessible right away. With some online services, revenue gets deposited into the account and must be transferred to a bank account.",0,how to transfer deposit to another account online westpac,"While setting up an account with an online service is easier, there are some drawbacks. After settlement, revenue automatically how to transfer deposit to another account online westpac gets deposited into a merchant account and is accessible right away. With some online services, revenue gets deposited into the account and must be transferred to a bank account."
2004237,how to transfer deposit to another account online westpac,,msmarco_passage_14_264823477,How to Deposit Stock Certificates Into a Brokerage Account. i. Jupiterimages/BananaStock/Getty Images. Transferring shares of stock to another person is a straightforward process that requires simple paperwork.,0,how to transfer deposit to another account online westpac,How to Deposit Stock Certificates Into a Brokerage Account. i. Jupiterimages/BananaStock/Getty Images. Transferring shares of stock to another person is a straightforward process that how to transfer deposit to another account online westpac requires simple paperwork.
2004237,how to transfer deposit to another account online westpac,,msmarco_passage_55_193692912,Cash can be hard to deposit. Online banks often have cumbersome cash deposit processes. You might have to find a deposit-accepting ATM. Or you may need to put money into a traditional bank account and transfer it to your online account.,0,how to transfer deposit to another account online westpac,Cash can be hard to deposit. Online banks often have cumbersome cash deposit processes. You might how to transfer deposit to another account online westpac have to find a deposit-accepting ATM. Or you may need to put money into a traditional bank account and transfer it to your online account.
2004237,how to transfer deposit to another account online westpac,,msmarco_passage_58_51181983,"You’re asking how to transfer money from one account to another. A debit card is not an account — it is a means to access your funds in an account. Most banks have online banking which will allow you to transfer from one account to another, even if the accounts are not in the same bank. 23.2K views. ·.",0,how to transfer deposit to another account online westpac,"You’re asking how to transfer money from one account to another. A debit card is not an account — it is a means to access your funds in an account. Most banks have online banking which will allow you to transfer from one account to another, even if the how to transfer deposit to another account online westpac accounts are not in the same bank. 23.2K views. ·."
2004237,how to transfer deposit to another account online westpac,,msmarco_passage_46_628791410,"5. Not cash-friendly. The Novo Business Checking account isn't designed to accept cash deposits. In order to deposit cash into a Novo account, you'll have to deposit it into another account first, then transfer the money in.",0,how to transfer deposit to another account online westpac,"5. Not cash-friendly. The Novo Business Checking account isn't designed to accept cash deposits. In order to deposit cash into a Novo account, you'll have to deposit it into another account first, how to transfer deposit to another account online westpac then transfer the money in."
2004237,how to transfer deposit to another account online westpac,,msmarco_passage_04_18466070,"AMERICAN FIRST ROUTING NUMBER 322 275 607. You’ll need this 9-digit routing number for direct deposit, tax refunds, retirement benefits, and any electronic deposit including transfers to your account from another financial institution, or to make payments online or over the phone.",0,how to transfer deposit to another account online westpac,"AMERICAN FIRST ROUTING how to transfer deposit to another account online westpac NUMBER 322 275 607. You’ll need this 9-digit routing number for direct deposit, tax refunds, retirement benefits, and any electronic deposit including transfers to your account from another financial institution, or to make payments online or over the phone."
2004237,how to transfer deposit to another account online westpac,,msmarco_passage_37_719364878,"AMERICAN FIRST ROUTING NUMBER 322 275 607. You’ll need this 9-digit routing number for direct deposit, tax refunds, retirement benefits, and any electronic deposit including transfers to your account from another financial institution, or to make payments online or over the phone.",0,how to transfer deposit to another account online westpac,"AMERICAN FIRST ROUTING NUMBER 322 275 607. You’ll need this 9-digit routing number for direct deposit, tax refunds, retirement benefits, and any electronic deposit including transfers to your account from another financial institution, or to how to transfer deposit to another account online westpac make payments online or over the phone."
2004237,how to transfer deposit to another account online westpac,,msmarco_passage_37_719366026,"AMERICAN FIRST ROUTING NUMBER 322 275 607. You’ll need this 9-digit routing number for direct deposit, tax refunds, retirement benefits, and any electronic deposit including transfers to your account from another financial institution, or to make payments online or over the phone.",0,how to transfer deposit to another account online westpac,"AMERICAN FIRST ROUTING NUMBER 322 275 607. You’ll need this 9-digit routing number for direct deposit, tax refunds, retirement benefits, and how to transfer deposit to another account online westpac any electronic deposit including transfers to your account from another financial institution, or to make payments online or over the phone."
2004237,how to transfer deposit to another account online westpac,,msmarco_passage_30_106221450,"Associated Bank: External Transfers. Bank of America: Transferring Funds FAQs. Bank of America: How to Send Money Online to Friends and Family. Wells Fargo: Transfers. Mint Life: How to Transfer Money Between Accounts at Different Banks. Capital One. ""How to Transfer Money From One Bank Account to Another."".",0,how to transfer deposit to another account online westpac,"Associated Bank: External Transfers. Bank of America: Transferring Funds FAQs. Bank of America: How to Send Money Online to Friends and Family. Wells Fargo: Transfers. how to transfer deposit to another account online westpac Mint Life: How to Transfer Money Between Accounts at Different Banks. Capital One. ""How to Transfer Money From One Bank Account to Another.""."
2004237,how to transfer deposit to another account online westpac,msmarco_passage_10_707514534,msmarco_passage_10_707514534,Please download and complete the Outbound Telegraphic Transfer Request form and send it to Consumer_Network_Support@westpac.co.nz . Note: Money transferred must be sourced from a Westpac account that you have authority to make withdrawals.,1,how to transfer deposit to another account online westpac,Please download and complete the Outbound Telegraphic Transfer Request form and send it to Consumer_Network_Support@westpac.co.nz how to transfer deposit to another account online westpac . Note: Money transferred must be sourced from a Westpac account that you have authority to make withdrawals.
2004237,how to transfer deposit to another account online westpac,,msmarco_passage_42_641216516,All you have to do is take a picture of a check via the HSBC mobile app and you can deposit your checks easily. This eliminates the multiple steps necessary when you have to transfer the funds from another checking account. You can easily transfer funds from your HSBC Online Savings account to any non-HSBC account.,0,how to transfer deposit to another account online westpac,All you have to do is take a picture of a check via the HSBC mobile app and how to transfer deposit to another account online westpac you can deposit your checks easily. This eliminates the multiple steps necessary when you have to transfer the funds from another checking account. You can easily transfer funds from your HSBC Online Savings account to any non-HSBC account.
2004237,how to transfer deposit to another account online westpac,,msmarco_passage_65_683844958,"Additionally, you cannot make cash deposits into this Discover checking account. To make a deposit, you will need to initiate an online transfer, set up direct deposit, use mobile check deposit in the app or mail a check to Discover. If you need to send a wire transfer from this account, it will cost $30.",0,how to transfer deposit to another account online westpac,"Additionally, you cannot make cash deposits into this Discover checking account. To make a deposit, you will need to initiate an online transfer, set up direct deposit, use mobile check deposit in the app or mail a check to Discover. If you need to how to transfer deposit to another account online westpac send a wire transfer from this account, it will cost $30."
2004237,how to transfer deposit to another account online westpac,msmarco_passage_49_719029113,msmarco_passage_49_719029113,"Ally Bank Online Savings Account. Why: There’s no monthly maintenance fee or minimum deposit retirement on this account, which has a 1.00% APY. Review: The Ally Bank Online Savings Account offers a competitive 1.00% APY, doesn’t charge a monthly service fee or have a minimum deposit or balance requirement. You can transfer funds to the account from other Ally or non-Ally accounts by wire transfer, direct deposit, mailing a check or with Ally eCheck Deposit through the bank’s mobile app.",1,how to transfer deposit to another account online westpac,"Ally Bank Online Savings Account. Why: There’s no monthly maintenance fee or minimum deposit retirement on this account, which has a 1.00% APY. Review: The Ally Bank Online Savings Account offers a competitive 1.00% APY, doesn’t how to transfer deposit to another account online westpac charge a monthly service fee or have a minimum deposit or balance requirement. You can transfer funds to the account from other Ally or non-Ally accounts by wire transfer, direct deposit, mailing a check or with Ally eCheck Deposit through the bank’s mobile app."
2004237,how to transfer deposit to another account online westpac,,msmarco_passage_57_256778175,"If you have made your initial deposit or any subsequent deposits by transfer from another one of your Post Office ® savings account, you will be able to withdraw against the funds immediately. Direct Debit deposits can be withdrawn against 3 business days after the money reaches your Online Saver.",0,how to transfer deposit to another account online westpac,"If you have made your initial deposit or any subsequent deposits by transfer from another one of your Post Office ® savings account, you will be able to withdraw against the funds how to transfer deposit to another account online westpac immediately. Direct Debit deposits can be withdrawn against 3 business days after the money reaches your Online Saver."
2004237,how to transfer deposit to another account online westpac,,msmarco_passage_12_781234942,"Westpac Banking Corporation has 3108 BSB numbers allocated. To issue a money transfer, the BSB number is used together with the bank account number of the recipient. For international money transfers, a SWIFT code is used together with a BSB Number and Account Number.",0,how to transfer deposit to another account online westpac,"Westpac Banking Corporation has 3108 BSB numbers allocated. To issue a money transfer, the BSB number is used together with the bank account number of the recipient. For international money transfers, a how to transfer deposit to another account online westpac SWIFT code is used together with a BSB Number and Account Number."
2004237,how to transfer deposit to another account online westpac,,msmarco_passage_42_24057796,Add Nominee in Saving Account. Change Nominee in Saving Account. Money Transfer Online. Money Transfer Offline. Change Name In Bank Account. Open Fixed Deposit in Bank Of America. Renew Fixed Deposit in Bank Of America. Close Fixed Deposit in Bank Of America. Add Joint Holder in Bank Of America.,0,how to transfer deposit to another account online westpac,Add Nominee in Saving Account. Change Nominee in Saving Account. Money Transfer Online. Money Transfer Offline. Change Name how to transfer deposit to another account online westpac In Bank Account. Open Fixed Deposit in Bank Of America. Renew Fixed Deposit in Bank Of America. Close Fixed Deposit in Bank Of America. Add Joint Holder in Bank Of America.
2004237,how to transfer deposit to another account online westpac,msmarco_passage_65_641153490,msmarco_passage_65_641153490,You may add funds to your deposit account as often as you'd like using any of the following four options: Replenish online. Visit the “Manage Funds” tab within Financial Manager to replenish your deposit account using a one-time electronic funds transfer (EFT) or deposit account transfer.,0,how to transfer deposit to another account online westpac,You may add funds to your deposit account as often as you'd like using any of the following four options: Replenish online. Visit the how to transfer deposit to another account online westpac “Manage Funds” tab within Financial Manager to replenish your deposit account using a one-time electronic funds transfer (EFT) or deposit account transfer.
2004237,how to transfer deposit to another account online westpac,,msmarco_passage_51_48732244,"Funds can be added to Netspend accounts through direct deposit, bank account transfers, Netspend card account transfers, or through Netspend reload network locations. The only ways to add funds to the account without incurring fees are through direct deposit or through the Netspend online account center.",0,how to transfer deposit to another account online westpac,"Funds can be added to Netspend accounts through direct deposit, bank account transfers, Netspend card account transfers, or through Netspend reload network locations. The only ways to add funds to the account without incurring fees are through direct deposit or through the how to transfer deposit to another account online westpac Netspend online account center."
2004237,how to transfer deposit to another account online westpac,,msmarco_passage_23_675739843,"Some services allow you to export your account histories to third-party accounting software. Transfer funds from one account to another or make deposits which saves a lot of time and money for you. Other accounts and services like CDs, IRAs, and others can be managed from the online account. 2.",0,how to transfer deposit to another account online westpac,"Some services allow you to export your account histories to third-party accounting software. Transfer funds from one account to another or make deposits which saves a lot of time and money how to transfer deposit to another account online westpac for you. Other accounts and services like CDs, IRAs, and others can be managed from the online account. 2."
2004237,how to transfer deposit to another account online westpac,,msmarco_passage_40_637208165,"ANZ, CommBank and Westpac all charge monthly fees on their accounts, unless you meet certain conditions. A number of banks say they will waive the monthly fee if you make a minimum monthly deposit. 60% of transaction accounts in Canstar’s database do this and the average deposit required is $1,850 each month.",0,how to transfer deposit to another account online westpac,"ANZ, CommBank and Westpac all charge monthly fees on their accounts, unless you meet certain conditions. A number of banks say they will waive the monthly fee if you make a minimum monthly deposit. 60% of transaction accounts in Canstar’s database do this and the average deposit required is how to transfer deposit to another account online westpac $1,850 each month."
2004237,how to transfer deposit to another account online westpac,,msmarco_passage_54_222314191,"There are a number of ways to transfer money online. One can opt for online bank transfer methods through net banking such as NEFT, RTFS, UPI and IMPS. 2. How to transfer money from the bank account to another bank account online. Just transfer your money directly from credit card to bank with MobiKwik's ""Wallet to Bank"" feature or.",0,how to transfer deposit to another account online westpac,"There are a how to transfer deposit to another account online westpac number of ways to transfer money online. One can opt for online bank transfer methods through net banking such as NEFT, RTFS, UPI and IMPS. 2. How to transfer money from the bank account to another bank account online. Just transfer your money directly from credit card to bank with MobiKwik's ""Wallet to Bank"" feature or."
2004237,how to transfer deposit to another account online westpac,,msmarco_passage_13_153833312,"If it gets exhausted, you only need to deposit more money. You can also use another card to send money to your debit card. If you have a prepaid card, you can transfer funds to your account using an online checking account.",0,how to transfer deposit to another account online westpac,"If it gets exhausted, you only need to deposit more money. You can also use another card to send money to your debit card. If you have a how to transfer deposit to another account online westpac prepaid card, you can transfer funds to your account using an online checking account."
2004237,how to transfer deposit to another account online westpac,,msmarco_passage_50_125573343,"Use Our Online Banking Facility to conduct a variety of transactions: View your account balance and transaction history. Open accounts online - Savings, GICs, term deposits and RSP accounts. Transfer money online to India. Transfer funds between your ICICI Bank Canada accounts.",0,how to transfer deposit to another account online westpac,"Use Our Online Banking Facility to conduct a variety of transactions: View your account balance and transaction history. Open accounts online - Savings, GICs, how to transfer deposit to another account online westpac term deposits and RSP accounts. Transfer money online to India. Transfer funds between your ICICI Bank Canada accounts."
2004237,how to transfer deposit to another account online westpac,,msmarco_passage_05_193855824,Change Nominee in Saving Account. Money Transfer Online. Money Transfer Offline. Change Name In Bank Account. Open Fixed Deposit in Bank Of America. Renew Fixed Deposit in Bank Of America. Close Fixed Deposit in Bank Of America. Add Joint Holder in Bank Of America.,0,how to transfer deposit to another account online westpac,Change Nominee in Saving Account. Money Transfer Online. Money Transfer Offline. Change Name In Bank Account. Open Fixed Deposit in Bank Of America. Renew how to transfer deposit to another account online westpac Fixed Deposit in Bank Of America. Close Fixed Deposit in Bank Of America. Add Joint Holder in Bank Of America.
2004237,how to transfer deposit to another account online westpac,,msmarco_passage_42_24049038,Change Nominee in Saving Account. Money Transfer Online. Money Transfer Offline. Change Name In Bank Account. Open Fixed Deposit in Bank Of America. Renew Fixed Deposit in Bank Of America. Close Fixed Deposit in Bank Of America. Add Joint Holder in Bank Of America.,0,how to transfer deposit to another account online westpac,Change Nominee in Saving Account. how to transfer deposit to another account online westpac Money Transfer Online. Money Transfer Offline. Change Name In Bank Account. Open Fixed Deposit in Bank Of America. Renew Fixed Deposit in Bank Of America. Close Fixed Deposit in Bank Of America. Add Joint Holder in Bank Of America.
2004237,how to transfer deposit to another account online westpac,,msmarco_passage_51_53683000,"Once you have opened an account, you can make deposits through online transfers from external accounts, mobile check deposit, wire transfer, check deposits by mail, at the ATM (except for Express Banking customers), or in person at a Fifth Third Bank branch. Verdict.",0,how to transfer deposit to another account online westpac,"Once you have opened an account, you can make deposits through online transfers from external accounts, mobile check deposit, wire transfer, check deposits by mail, at the ATM (except for Express how to transfer deposit to another account online westpac Banking customers), or in person at a Fifth Third Bank branch. Verdict."
2004237,how to transfer deposit to another account online westpac,,msmarco_passage_15_167642499,"NASB savings accounts have no monthly service charge and no charges to transfer from another account into your savings account. For fans of mobile banking, NASB has a mobile app which features mobile check deposit. You must have an online account to access the app, which is available on Android and iOS.",0,how to transfer deposit to another account online westpac,"NASB savings accounts have no monthly service charge and no charges to transfer from another account into your savings account. For how to transfer deposit to another account online westpac fans of mobile banking, NASB has a mobile app which features mobile check deposit. You must have an online account to access the app, which is available on Android and iOS."
2004237,how to transfer deposit to another account online westpac,,msmarco_passage_47_633193158,"How Does Direct Deposit Work? Your employer transfers money into your account by using ACH, which stands for Automated Clearing House. Tens of millions of Americans use ACH to receive their paychecks. ACH coordinates the transfer of funds from one bank account to another.",0,how to transfer deposit to another account online westpac,"How how to transfer deposit to another account online westpac Does Direct Deposit Work? Your employer transfers money into your account by using ACH, which stands for Automated Clearing House. Tens of millions of Americans use ACH to receive their paychecks. ACH coordinates the transfer of funds from one bank account to another."
2004237,how to transfer deposit to another account online westpac,msmarco_passage_46_289309540,msmarco_passage_46_289309540,"So make sure you check the balance of your old and new accounts to see when the transfer is completed – and remember to make any required payments during this time. Westpac. Up to 10 days. With Westpac, you typically request the balance transfer during the application process. Once you activate the card, any approved balance transfers will occur. If you've applied and been approved for a balance transfer and it's taken longer than two weeks to appear in your account, you can contact your new bank to find out when the balance will show up in your new account.",1,how to transfer deposit to another account online westpac,"So make sure you check the balance of your old and new accounts to see when the transfer is completed – and remember to make any required payments how to transfer deposit to another account online westpac during this time. Westpac. Up to 10 days. With Westpac, you typically request the balance transfer during the application process. Once you activate the card, any approved balance transfers will occur. If you've applied and been approved for a balance transfer and it's taken longer than two weeks to appear in your account, you can contact your new bank to find out when the balance will show up in your new account."
2004237,how to transfer deposit to another account online westpac,,msmarco_passage_51_8279634,"Your only options are remote check deposit, online transfers, direct deposit, wire transfers, and sending a check through the mail. 5 ﻿. Low rate on money market accounts – Ally’s money market account doesn’t offer competitive rates the same way that other top online banks do.",0,how to transfer deposit to another account online westpac,"Your only options are remote check how to transfer deposit to another account online westpac deposit, online transfers, direct deposit, wire transfers, and sending a check through the mail. 5 ﻿. Low rate on money market accounts – Ally’s money market account doesn’t offer competitive rates the same way that other top online banks do."
2004237,how to transfer deposit to another account online westpac,,msmarco_passage_59_703210265,How to Transfer an IRA to Another Bank. Banks act as custodians for customers' Individual Retirement Accounts. IRA accounts often take the form of certificates of deposit or savings accounts. Bank employees with necessary licenses also sell mutual fund IRA accounts.,0,how to transfer deposit to another account online westpac,How to Transfer an IRA to Another Bank. how to transfer deposit to another account online westpac Banks act as custodians for customers' Individual Retirement Accounts. IRA accounts often take the form of certificates of deposit or savings accounts. Bank employees with necessary licenses also sell mutual fund IRA accounts.
2004237,how to transfer deposit to another account online westpac,,msmarco_passage_04_302652962,How to transfer money from at&t promotion card to the bank account? Linking emerald card to bank account. How do i transfer money from a turbotax card with the account and routing number to another prepay debit card account? How can i transfer money online from my h&r block card to my bank account?,0,how to transfer deposit to another account online westpac,How to transfer money from at&t promotion card to the bank account? Linking emerald card to bank account. How do i transfer money from a turbotax card with the account and routing number to another prepay debit card account? How how to transfer deposit to another account online westpac can i transfer money online from my h&r block card to my bank account?
2004237,how to transfer deposit to another account online westpac,,msmarco_passage_38_294179951,How to transfer money from at&t promotion card to the bank account? Linking emerald card to bank account. How do i transfer money from a turbotax card with the account and routing number to another prepay debit card account? How can i transfer money online from my h&r block card to my bank account?,0,how to transfer deposit to another account online westpac,How to transfer money from at&t promotion card to the bank account? Linking emerald card to bank account. How do i transfer money from a turbotax card with the account and routing number to another prepay debit how to transfer deposit to another account online westpac card account? How can i transfer money online from my h&r block card to my bank account?
2004237,how to transfer deposit to another account online westpac,,msmarco_passage_46_303003137,"Wire Transfers. Send money from your HSBC deposit accounts to other people, businesses and financial institutions around the world. Initiate a transfer through your online account, completing an online transfer request form with your recipient’s name, address and bank account number.",0,how to transfer deposit to another account online westpac,"Wire Transfers. Send money from your HSBC deposit accounts to other people, businesses and financial institutions around the how to transfer deposit to another account online westpac world. Initiate a transfer through your online account, completing an online transfer request form with your recipient’s name, address and bank account number."
2004237,how to transfer deposit to another account online westpac,,msmarco_passage_59_712271825,"Transfer Money. Another option for adding money to your debit card is transferring the money from another account via an online transfer. Accounts you can transfer money from include another account you own with the same provider, another one of your outside accounts and another person's account. If you have an online account with your provider, log into that account, choose the ""transfer money"" option and enter the information of the account the money is coming from.",0,how to transfer deposit to another account online westpac,"Transfer Money. Another option for adding money to your debit card is transferring the money from another account via an online transfer. Accounts you can transfer money from include another account you own with the same provider, another one of your outside accounts and another person's how to transfer deposit to another account online westpac account. If you have an online account with your provider, log into that account, choose the ""transfer money"" option and enter the information of the account the money is coming from."
2004237,how to transfer deposit to another account online westpac,,msmarco_passage_65_302020451,"Excess activity charges apply. These include the following transactions: Automatic transfers to another deposit account at Union Bank (including Business Deposit Overdraft Protection) Automatic transfers to another institution. Telephone transfers, including Telephone Banking or Automated Customer Service.",0,how to transfer deposit to another account online westpac,"Excess activity how to transfer deposit to another account online westpac charges apply. These include the following transactions: Automatic transfers to another deposit account at Union Bank (including Business Deposit Overdraft Protection) Automatic transfers to another institution. Telephone transfers, including Telephone Banking or Automated Customer Service."
2004237,how to transfer deposit to another account online westpac,,msmarco_passage_17_83973119,"How to Add a Bank Account. To initiate a Transfer to make a payment or disbursement in Online Banking, you must have an Operating Line, a Farm Cash Management (FCM) account or an external bank account. The initial external account setup utilizes micro deposits to validate ownership of the account.",0,how to transfer deposit to another account online westpac,"How to Add a Bank Account. To initiate a Transfer to make a payment or disbursement in Online Banking, you must have an Operating Line, a Farm Cash Management (FCM) account or an external bank account. The initial external account setup utilizes micro how to transfer deposit to another account online westpac deposits to validate ownership of the account."
2004237,how to transfer deposit to another account online westpac,,msmarco_passage_48_89719504,"How to Record a Bank Transfer Using a Check in QuickBooks Online. Ufuoma Ogaga. June 12, 2019. QuickBooks Online Tutorials. Have you noticed when you use the ""Transfer"" feature in QuickBooks Online to move funds from one bank account to another bank account or to your PayPal account, there is no “location nor class” field anywhere on the transfer screen?",0,how to transfer deposit to another account online westpac,"How to Record how to transfer deposit to another account online westpac a Bank Transfer Using a Check in QuickBooks Online. Ufuoma Ogaga. June 12, 2019. QuickBooks Online Tutorials. Have you noticed when you use the ""Transfer"" feature in QuickBooks Online to move funds from one bank account to another bank account or to your PayPal account, there is no “location nor class” field anywhere on the transfer screen?"
2004237,how to transfer deposit to another account online westpac,,msmarco_passage_49_850003694,How to Transfer Money from Another Bank (Bank-to-Bank Transfers) Make bank-to-bank transfers in online banking and the app by setting up access to the other bank account.,0,how to transfer deposit to another account online westpac,How to Transfer Money from Another Bank (Bank-to-Bank Transfers) Make bank-to-bank transfers in online banking and how to transfer deposit to another account online westpac the app by setting up access to the other bank account.
2004237,how to transfer deposit to another account online westpac,,msmarco_passage_49_850309062,How to Transfer Money from Another Bank (Bank-to-Bank Transfers) Make bank-to-bank transfers in online banking and the app by setting up access to the other bank account.,0,how to transfer deposit to another account online westpac,How to Transfer Money from how to transfer deposit to another account online westpac Another Bank (Bank-to-Bank Transfers) Make bank-to-bank transfers in online banking and the app by setting up access to the other bank account.
2004237,how to transfer deposit to another account online westpac,,msmarco_passage_58_5432751,"Harper Livingston. , Cryptography and Information Technology Engineer at NCR. Answered January 2, 2021. There are concerns about the safety of online money transfers due to the rising number of bank fraud cases. Wire transfers are made from one bank to another, before being deposited in the recipients accounts.",0,how to transfer deposit to another account online westpac,"Harper Livingston. , Cryptography and Information Technology Engineer at NCR. Answered January 2, 2021. There are concerns about the safety of online money transfers due to the rising number of bank fraud cases. Wire how to transfer deposit to another account online westpac transfers are made from one bank to another, before being deposited in the recipients accounts."
2004237,how to transfer deposit to another account online westpac,,msmarco_passage_02_339402744,"Domenica Kiely January 3, 2017. All Babies News Preparing for Baby. Cha-Ching! That’s the sound of Westpac bank depositing $200 into an account for every Aussie baby born in 2017.",0,how to transfer deposit to another account online westpac,"Domenica Kiely January 3, 2017. All Babies News Preparing for Baby. Cha-Ching! That’s the sound of Westpac bank depositing $200 into an account for how to transfer deposit to another account online westpac every Aussie baby born in 2017."
2004237,how to transfer deposit to another account online westpac,,msmarco_passage_46_623072058,"Deposit options: Chime doesn't enable you to deposit funds directly into the Savings Account. You must first place the funds into your Spending Account and then transfer them to the Savings Account. The transfer happens instantly, but it's still another hoop to jump through.",0,how to transfer deposit to another account online westpac,"Deposit options: Chime doesn't enable you to deposit funds directly into the Savings Account. You must first place the funds into your Spending Account and then how to transfer deposit to another account online westpac transfer them to the Savings Account. The transfer happens instantly, but it's still another hoop to jump through."
2004237,how to transfer deposit to another account online westpac,,msmarco_passage_46_623082424,"Deposit options: Chime doesn't enable you to deposit funds directly into the Savings Account. You must first place the funds into your Spending Account and then transfer them to the Savings Account. The transfer happens instantly, but it's still another hoop to jump through.",0,how to transfer deposit to another account online westpac,"Deposit options: Chime doesn't enable you to deposit funds directly into the Savings Account. You must first place the funds into your Spending Account and then how to transfer deposit to another account online westpac transfer them to the Savings Account. The transfer happens instantly, but it's still another hoop to jump through."
2004237,how to transfer deposit to another account online westpac,msmarco_passage_43_269041876,msmarco_passage_43_269041876,"You will need to provide the online bank with the routing number and account number for your existing account along with the amount you wish to transfer, and they will handle it from there. Alternatively, you can write a check and mail it in, but this will, of course, take longer. If you do not already have another bank account, you can wait for the ATM card for your online account to arrive and deposit cash at the ATM.",1,how to transfer deposit to another account online westpac,"You will need to provide the online bank with the routing number and account number for your existing account along with the amount you wish to transfer, and they will handle it from there. Alternatively, you can write a check and mail it in, but this will, of course, take longer. If you do not already have another bank account, you can wait for the ATM card for your online account to arrive and deposit cash at the how to transfer deposit to another account online westpac ATM."
2004237,how to transfer deposit to another account online westpac,,msmarco_passage_10_707573755,"To apply for a Westpac Worldwide Wallet, you must be aged 14 years or older and be an existing Westpac customer who is registered for Online Banking. If you haven’t registered for Online Banking, see this helpful guide to learn how to get started.",0,how to transfer deposit to another account online westpac,"To apply for a Westpac Worldwide Wallet, you must be aged 14 how to transfer deposit to another account online westpac years or older and be an existing Westpac customer who is registered for Online Banking. If you haven’t registered for Online Banking, see this helpful guide to learn how to get started."
2004237,how to transfer deposit to another account online westpac,,msmarco_passage_10_707581751,"To apply for a Westpac Worldwide Wallet, you must be aged 14 years or older and be an existing Westpac customer who is registered for Online Banking. If you haven’t registered for Online Banking, see this helpful guide to learn how to get started.",0,how to transfer deposit to another account online westpac,"To apply for a Westpac Worldwide Wallet, you must be aged 14 years or older and be an existing Westpac customer who is registered for Online Banking. If how to transfer deposit to another account online westpac you haven’t registered for Online Banking, see this helpful guide to learn how to get started."
2004237,how to transfer deposit to another account online westpac,,msmarco_passage_65_475829665,"https://www.wikihow.com/Deposit-Cash-with-USAA. Maintain another account for cash deposits. If you already have a checking account at a brick-and-mortar bank, you can deposit your cash into that account and then transfer the money to your USAA account.",0,how to transfer deposit to another account online westpac,"https://www.wikihow.com/Deposit-Cash-with-USAA. Maintain another account for cash deposits. how to transfer deposit to another account online westpac If you already have a checking account at a brick-and-mortar bank, you can deposit your cash into that account and then transfer the money to your USAA account."
2004237,how to transfer deposit to another account online westpac,,msmarco_passage_03_54092524,How to Get a Refund if I Send an eCheck Through PayPal. How to Check Your First Commonwealth Bank Account Online. How to Transfer Money With a Visa Card Into PayPal. How to Set Up Direct Deposit From PayPal to Chase.,0,how to transfer deposit to another account online westpac,How to Get a Refund if I Send an eCheck Through PayPal. How to Check Your First Commonwealth Bank Account Online. How to how to transfer deposit to another account online westpac Transfer Money With a Visa Card Into PayPal. How to Set Up Direct Deposit From PayPal to Chase.
2004237,how to transfer deposit to another account online westpac,,msmarco_passage_59_725729491,"For How Long Can a Bank Keep a Transfer in Limbo? You can transfer money between bank accounts using a number of different methods including check writing, online transfers or wire transfers. Banks must comply with federal regulations pertaining to deposits and transfers and cannot keep your transfer in limbo indefinitely.",0,how to transfer deposit to another account online westpac,"For How Long how to transfer deposit to another account online westpac Can a Bank Keep a Transfer in Limbo? You can transfer money between bank accounts using a number of different methods including check writing, online transfers or wire transfers. Banks must comply with federal regulations pertaining to deposits and transfers and cannot keep your transfer in limbo indefinitely."
2004237,how to transfer deposit to another account online westpac,,msmarco_passage_46_171918499,"What is the definition of a ""savings deposit"" in Regulation D? A ""savings deposit"" is a deposit or account, such as an account commonly known as a passbook savings account, a statement savings account, or as a money market deposit account (MMDA), that otherwise meets the requirements of §204.2 (d) (1) and from which, under the terms of the deposit contract or by practice of the depository institution, the depositor may be permitted or authorized to make transfers and withdrawals to another account (including a transaction account) of the depositor at the same institution or to a third party, regardless of the number of such transfers and withdrawals or the manner in which such transfers and withdrawals are made.",0,how to transfer deposit to another account online westpac,"What is the definition of a ""savings deposit"" in Regulation D? A ""savings deposit"" is a deposit or account, such as an account commonly known as a passbook savings account, a statement savings account, or as a money market deposit account (MMDA), that otherwise meets the requirements of §204.2 (d) (1) and from which, under the terms of the deposit contract or by practice of the depository institution, the depositor may be permitted or authorized to make transfers and withdrawals to another account (including a transaction account) of the depositor at the same how to transfer deposit to another account online westpac institution or to a third party, regardless of the number of such transfers and withdrawals or the manner in which such transfers and withdrawals are made."
2004237,how to transfer deposit to another account online westpac,,msmarco_passage_53_376041038,"How long does it take to complete a balance transfer? If your balance transfer request is received with your credit card account application (deposits cannot be requested with an online application but can be requested as soon as your account is opened), you should allow at least two weeks from account opening for processing of your request (s).",0,how to transfer deposit to another account online westpac,"How long does it take to complete a balance transfer? If your balance transfer request is received with your credit card account application (deposits cannot be requested with an online application but can be requested as soon as your account is how to transfer deposit to another account online westpac opened), you should allow at least two weeks from account opening for processing of your request (s)."
2004237,how to transfer deposit to another account online westpac,,msmarco_passage_56_565340302,"Direct deposit is an electronic funds transfer (EFT), meaning money can be transferred from one account to another. With direct deposit, you can put your employees’ paychecks directly into their checking or savings account at their financial institution.",0,how to transfer deposit to another account online westpac,"Direct deposit is an electronic funds transfer (EFT), meaning money can be transferred from one account to another. With direct deposit, you can put your how to transfer deposit to another account online westpac employees’ paychecks directly into their checking or savings account at their financial institution."
2004237,how to transfer deposit to another account online westpac,,msmarco_passage_14_127023427,taskmasters. The tools or services that are available when you open a savings account are as follows: online statement. ATMs. online savings plan. transfer money to other accounts. direct deposit. automatic transfer. Hope this answers the question.,0,how to transfer deposit to another account online westpac,taskmasters. The tools or services that are available when you open a savings account are as follows: online statement. ATMs. online savings plan. transfer money to other accounts. direct deposit. automatic transfer. how to transfer deposit to another account online westpac Hope this answers the question.
2004237,how to transfer deposit to another account online westpac,msmarco_passage_10_707554808,msmarco_passage_10_707554808,This fee may also be charged whenever your account is over limit at the commencement of a statement cycle. Balance transfer fee. A balance transfer fee of 1% of the transferred balance (s) will be charged to the 55 Day Gold card account on the same day these balance (s) are debited to the account. Non-Westpac Group ATM fee.,1,how to transfer deposit to another account online westpac,This fee may also be charged whenever your account is over limit at the commencement of a statement cycle. Balance transfer fee. A balance transfer fee of 1% of the transferred balance (s) will be charged to the 55 Day Gold card account on the same day these balance (s) are debited to the account. Non-Westpac Group ATM how to transfer deposit to another account online westpac fee.
2004237,how to transfer deposit to another account online westpac,,msmarco_passage_07_116748907,"Chase's QuickPay service allows customers to use a mobile app (or use the service online) to transfer money from their account into another one, but not everyone is technically proficient. And with data breaches routinely making the news, some customers might not want to rely on mobile banking to make important transactions. How is it I can't use my good, hard-earned cash to deposit in someone else's legitimate account?",0,how to transfer deposit to another account online westpac,"Chase's QuickPay service allows how to transfer deposit to another account online westpac customers to use a mobile app (or use the service online) to transfer money from their account into another one, but not everyone is technically proficient. And with data breaches routinely making the news, some customers might not want to rely on mobile banking to make important transactions. How is it I can't use my good, hard-earned cash to deposit in someone else's legitimate account?"
2004237,how to transfer deposit to another account online westpac,,msmarco_passage_46_293298859,"The American Express high-yield savings account is an online account, which means your deposit and withdrawal options are limited to the following: Online deposit. Transfer funds electronically to and from an externally linked bank account up to six times monthly. Mail a check.",0,how to transfer deposit to another account online westpac,"The American Express high-yield savings account is an online account, which means your deposit and withdrawal options are limited to the following: Online deposit. Transfer funds electronically to and from an externally linked bank account how to transfer deposit to another account online westpac up to six times monthly. Mail a check."
2004237,how to transfer deposit to another account online westpac,,msmarco_passage_63_555418386,"If you intend to deposit cash regularly (like if you’re a server or hair stylist who depends on cash tips) but still want the benefits of an online account, open an account with a brick-and-mortar bank solely to deposit cash and electronically transfer it to your online account.",0,how to transfer deposit to another account online westpac,"If you intend to deposit cash regularly (like if you’re a server or hair stylist who depends on cash tips) but still want the benefits of an online account, open an account with a brick-and-mortar bank solely to deposit cash and electronically how to transfer deposit to another account online westpac transfer it to your online account."
2004237,how to transfer deposit to another account online westpac,,msmarco_passage_46_645935971,"ACH transfers from a linked bank account. Wire transfers from another bank account. Mobile check deposit. Direct deposit. The interest rate you earn, and the corresponding annual percentage yield, or APY, can vary from bank to bank and from account to account.",0,how to transfer deposit to another account online westpac,"ACH transfers from a linked bank account. Wire transfers from another bank account. Mobile check deposit. Direct deposit. The interest rate you earn, and the corresponding annual percentage yield, or APY, can vary how to transfer deposit to another account online westpac from bank to bank and from account to account."
2004237,how to transfer deposit to another account online westpac,,msmarco_passage_51_121850678,"Vio Bank offers the ease of transferring funds online between accounts. Or if you prefer, you can also deposit money from a different bank by depositing a check. Like other online-only banks that are offshoots of a larger bank, Vio offers the following types of deposit accounts: Savings account. CDs.",0,how to transfer deposit to another account online westpac,"Vio Bank offers the ease of how to transfer deposit to another account online westpac transferring funds online between accounts. Or if you prefer, you can also deposit money from a different bank by depositing a check. Like other online-only banks that are offshoots of a larger bank, Vio offers the following types of deposit accounts: Savings account. CDs."
2004237,how to transfer deposit to another account online westpac,,msmarco_passage_29_385153340,The Oxygen Business Deposit Account is a checkless demand deposit account to be used by a business entity to make payments and transfers to third parties using online services or the debit Card that is automatically issued with the Account. 3.,0,how to transfer deposit to another account online westpac,The Oxygen Business Deposit Account is a checkless demand deposit how to transfer deposit to another account online westpac account to be used by a business entity to make payments and transfers to third parties using online services or the debit Card that is automatically issued with the Account. 3.
2004237,how to transfer deposit to another account online westpac,,msmarco_passage_55_214174707,"But cash can be difficult to deposit. Best for: Customers who want to maximize savings account interest in an online account, are paid via direct deposit and have access to other bank accounts to make transfers.",0,how to transfer deposit to another account online westpac,"But cash can be difficult to deposit. Best how to transfer deposit to another account online westpac for: Customers who want to maximize savings account interest in an online account, are paid via direct deposit and have access to other bank accounts to make transfers."
2004237,how to transfer deposit to another account online westpac,,msmarco_passage_62_163563381,"1. Deposit of Rs. 1 crore or more in current accounts: All types of deposits whether in cash or by cheque or online fund transfer are covered. The deposit is not restricted to cash deposits only. Further, only the deposit in one or more current accounts is included.",0,how to transfer deposit to another account online westpac,"1. Deposit of Rs. 1 crore or more in current accounts: All types of deposits whether in cash or by cheque or online fund transfer are covered. The deposit is not restricted to cash deposits only. Further, only how to transfer deposit to another account online westpac the deposit in one or more current accounts is included."
2004237,how to transfer deposit to another account online westpac,,msmarco_passage_60_840842789,Related Topics. Small Business Checking Account. Send Money Order Online. Bank Account Money Transfer. Cash Money Order. Online Checking Account. Deposit A Money Order. Online Bank Checking Account.,0,how to transfer deposit to another account online westpac,Related Topics. Small Business Checking how to transfer deposit to another account online westpac Account. Send Money Order Online. Bank Account Money Transfer. Cash Money Order. Online Checking Account. Deposit A Money Order. Online Bank Checking Account.
2004237,how to transfer deposit to another account online westpac,,msmarco_passage_17_222003063,"The ""TLR transfer"" or ""teller transfer"" usually occurs when a check is clearing from your account. For a deposit, it again is referring to a teller transaction but this time is transferring funds into your account instead of out of it. It might show up that way because the check that was deposited was from another Bank of America customer or because cash was deposited.",0,how to transfer deposit to another account online westpac,"The ""TLR transfer"" or ""teller transfer"" usually occurs when a check is clearing from your account. For a deposit, it how to transfer deposit to another account online westpac again is referring to a teller transaction but this time is transferring funds into your account instead of out of it. It might show up that way because the check that was deposited was from another Bank of America customer or because cash was deposited."
2004237,how to transfer deposit to another account online westpac,,msmarco_passage_59_708426430,"Funds are typically placed in the account by transferring money from another bank, setting up direct deposit or by making a deposit at an ATM. Advertisement. If you prefer to speak with someone in person rather than doing everything online, you can also stop by a bank branch to open the Capital One 360 checking account and get answers to any questions you have.",0,how to transfer deposit to another account online westpac,"Funds are typically placed in the account by transferring money from another bank, setting up direct deposit or by making a deposit at an ATM. Advertisement. If you prefer to speak with someone in person rather than doing everything online, you can also stop by a bank branch to open the Capital One 360 checking account and how to transfer deposit to another account online westpac get answers to any questions you have."
2004237,how to transfer deposit to another account online westpac,,msmarco_passage_03_249269857,"In case of Deposit Account B, a depositor will first have to transfer the amount to Deposit Account A, and then make the withdrawal. The amounts can be transferred from one branch of a bank to another branch of the same bank only. A depositor may close the account with the approval of the assessing officer.",0,how to transfer deposit to another account online westpac,"In case of Deposit Account B, a depositor will first have to transfer the amount to how to transfer deposit to another account online westpac Deposit Account A, and then make the withdrawal. The amounts can be transferred from one branch of a bank to another branch of the same bank only. A depositor may close the account with the approval of the assessing officer."
2004237,how to transfer deposit to another account online westpac,,msmarco_passage_39_131919947,"Online Transfers: Online transfers allows you to send or receive funds from a personal checking or savings account to your HSA. Online transfers is accessible by logging into your HSA. PLEASE NOTE: An HSA is a cash balance account, which means you will only have access to the funds you have deposited to your account.",0,how to transfer deposit to another account online westpac,"Online Transfers: Online transfers allows you to send or receive funds from how to transfer deposit to another account online westpac a personal checking or savings account to your HSA. Online transfers is accessible by logging into your HSA. PLEASE NOTE: An HSA is a cash balance account, which means you will only have access to the funds you have deposited to your account."
2004237,how to transfer deposit to another account online westpac,,msmarco_passage_68_853435861,"What is a bank to bank transfer? A bank to bank transfer is an electronic transfer of money between your M&T personal deposit account (checking, savings, or money market) and a verified non-M&T personal deposit account you have at another financial institution.",0,how to transfer deposit to another account online westpac,"What is a bank to bank transfer? A bank to bank transfer is an electronic transfer of money between your M&T personal deposit account (checking, savings, or money market) and a verified how to transfer deposit to another account online westpac non-M&T personal deposit account you have at another financial institution."
2004237,how to transfer deposit to another account online westpac,,msmarco_passage_30_123832502,"ANZ: International Money Transfers. Westpac: Send Money Overseas. NAB: International Transfers Online. Commonwealth Bank: International Payments. PayPal Australia: Send Moeny Online. Tips. If you are not in a hurry, you can wait until the exchange rates are more favorable.",0,how to transfer deposit to another account online westpac,"ANZ: International Money Transfers. Westpac: Send Money Overseas. NAB: International Transfers Online. Commonwealth Bank: International Payments. PayPal Australia: Send Moeny Online. Tips. If how to transfer deposit to another account online westpac you are not in a hurry, you can wait until the exchange rates are more favorable."
2004237,how to transfer deposit to another account online westpac,,msmarco_passage_30_123835560,"ANZ: International Money Transfers. Westpac: Send Money Overseas. NAB: International Transfers Online. Commonwealth Bank: International Payments. PayPal Australia: Send Moeny Online. Tips. If you are not in a hurry, you can wait until the exchange rates are more favorable.",0,how to transfer deposit to another account online westpac,"ANZ: International Money Transfers. Westpac: Send Money Overseas. NAB: International Transfers Online. Commonwealth Bank: how to transfer deposit to another account online westpac International Payments. PayPal Australia: Send Moeny Online. Tips. If you are not in a hurry, you can wait until the exchange rates are more favorable."
2004237,how to transfer deposit to another account online westpac,,msmarco_passage_30_124677591,"Opening an Account. To open an account with a virtual bank, you’ll have to fill out an online application and make a deposit. You’ll be able to submit the form online or print it and mail it. To make the deposit, transfer funds to the bank electronically or mail in a check.",0,how to transfer deposit to another account online westpac,"Opening an Account. To open an account with a virtual bank, you’ll have to fill out an online application and make a deposit. how to transfer deposit to another account online westpac You’ll be able to submit the form online or print it and mail it. To make the deposit, transfer funds to the bank electronically or mail in a check."
2004237,how to transfer deposit to another account online westpac,,msmarco_passage_37_503048635,"Get easy access to your money. Unlike regular savings accounts and CDs, the Ally Bank Money Market Account gives you flexible access to your money. Deposits: You can transfer money from another bank or another Ally Bank account. You can also deposit checks remotely using Ally eCheck Deposit℠, send a wire transfer, or mail a check.",0,how to transfer deposit to another account online westpac,"Get easy access to your money. Unlike regular savings accounts and CDs, the Ally Bank Money Market Account gives you flexible access to your money. Deposits: You can how to transfer deposit to another account online westpac transfer money from another bank or another Ally Bank account. You can also deposit checks remotely using Ally eCheck Deposit℠, send a wire transfer, or mail a check."
2004237,how to transfer deposit to another account online westpac,msmarco_passage_30_123819122,msmarco_passage_30_123819122,"Taking Advantage of Alternative Options. Login to your joint account online or visit your bank branch. You may transfer funds from a joint account to a single account in this manner when both accounts are with the same bank. Otherwise, you may write a check from your joint account to deposit to a single account at another bank.",1,how to transfer deposit to another account online westpac,"Taking Advantage of Alternative Options. Login to your joint account online or how to transfer deposit to another account online westpac visit your bank branch. You may transfer funds from a joint account to a single account in this manner when both accounts are with the same bank. Otherwise, you may write a check from your joint account to deposit to a single account at another bank."
2004237,how to transfer deposit to another account online westpac,msmarco_passage_30_123820088,msmarco_passage_30_123820088,"Complete the transaction. For online transfers, your transaction is complete when you receive an on-screen confirmation. For bank branch visits, the teller gives you a receipt to confirm the transfer. When transferring funds from one bank to another via check, you’ll receive a receipt for your deposit to the bank where you own a single account.",1,how to transfer deposit to another account online westpac,"Complete the transaction. For online transfers, your transaction is complete when you receive an on-screen confirmation. For bank branch visits, the teller gives you a receipt to confirm the transfer. When transferring funds from one bank to another via check, you’ll receive a receipt for how to transfer deposit to another account online westpac your deposit to the bank where you own a single account."
2004237,how to transfer deposit to another account online westpac,,msmarco_passage_51_92352542,"As long as the money goes into another similar-type account, and no distribution is made to you, the transfer does not incur a penalty or fee. An IRA transfer can be made directly to another account. IRA transfers can also involve the liquidation of funds for depositing capital in a new account.",0,how to transfer deposit to another account online westpac,"As long as the money goes into another similar-type account, and no distribution is made to you, how to transfer deposit to another account online westpac the transfer does not incur a penalty or fee. An IRA transfer can be made directly to another account. IRA transfers can also involve the liquidation of funds for depositing capital in a new account."
2004237,how to transfer deposit to another account online westpac,,msmarco_passage_62_185722449,"How do I transfer my account from another firm to TD Ameritrade? Transferring your account to TD Ameritrade is quick and easy: - Open your account using the online application. - Once your account is open, you can log in and go to My Account > Account Transfer or use the Mobile Website to transfer your account.",0,how to transfer deposit to another account online westpac,"How do I transfer my account from another firm to TD Ameritrade? Transferring your account to TD Ameritrade how to transfer deposit to another account online westpac is quick and easy: - Open your account using the online application. - Once your account is open, you can log in and go to My Account > Account Transfer or use the Mobile Website to transfer your account."
2004237,how to transfer deposit to another account online westpac,,msmarco_passage_51_69644267,What Is a Book Transfer? A book transfer is the transfer of funds from one deposit account to another at the same financial institution. An example would be when an individual moves funds from their checking account to their savings account.,0,how to transfer deposit to another account online westpac,What Is a Book Transfer? A book transfer is the transfer of funds from one deposit account to another at the same financial institution. An example would be when an individual moves how to transfer deposit to another account online westpac funds from their checking account to their savings account.
2004237,how to transfer deposit to another account online westpac,,msmarco_passage_32_363415614,"Other than those amount thresholds, there is no minimum balance requirement. To deposit money into your interest checking account, you have a number of options. You can transfer funds from another bank account, deposit a check with Ally eCheck Deposit, direct deposit, wire transfer or sending a check in the mail.",0,how to transfer deposit to another account online westpac,"Other than those amount thresholds, there is no minimum balance requirement. To deposit money into your interest checking account, you have a number of options. You can transfer funds from another bank how to transfer deposit to another account online westpac account, deposit a check with Ally eCheck Deposit, direct deposit, wire transfer or sending a check in the mail."
2004237,how to transfer deposit to another account online westpac,,msmarco_passage_54_640713838,"ACH credit transfers are considered direct deposits. According to many Bank of America checking account holders, an ACH credit triggered a direct deposit account alert. Because BofA doesn’t require a minimum amount on the direct deposit, customers can transfer a small amount of money from an online savings account, such as one from Ally Bank or a PayPal account.",0,how to transfer deposit to another account online westpac,"ACH credit transfers are considered direct deposits. According to many Bank of America how to transfer deposit to another account online westpac checking account holders, an ACH credit triggered a direct deposit account alert. Because BofA doesn’t require a minimum amount on the direct deposit, customers can transfer a small amount of money from an online savings account, such as one from Ally Bank or a PayPal account."
2004237,how to transfer deposit to another account online westpac,,msmarco_passage_62_186016940,"Other ways to meet a margin call: - Transfer shares or cash from another TD Ameritrade account. To connect TD Ameritrade accounts for cash transfers, log in and go to My Account > Deposits & Transfers > Account/Bank Connections.",0,how to transfer deposit to another account online westpac,"Other ways to meet a margin call: - Transfer shares or cash from another TD Ameritrade account. To connect TD Ameritrade accounts for cash transfers, log in and go to My Account how to transfer deposit to another account online westpac > Deposits & Transfers > Account/Bank Connections."
2004237,how to transfer deposit to another account online westpac,,msmarco_passage_17_404352080,Mobile Check Deposit - use a smartphone or tablet to take a picture of the check and submit for deposit. External Transfer - transfer funds to and from accounts that are held at other financial institutions. Quicken Compatibility - download your financial data from your online account.,0,how to transfer deposit to another account online westpac,Mobile Check Deposit - use a smartphone or tablet to take a picture of the check and submit for deposit. External Transfer - transfer funds to and from accounts that are held how to transfer deposit to another account online westpac at other financial institutions. Quicken Compatibility - download your financial data from your online account.
2004237,how to transfer deposit to another account online westpac,,msmarco_passage_54_640716467,"Take Advantage Of ACH Credit Transfers. Currently, Chase’s computer system considers direct deposits to be ACH credits. Therefore, a transfer from your online savings account or from a PayPal account fulfills the direct deposit requirement because it is an ACH credit.",0,how to transfer deposit to another account online westpac,"Take Advantage Of ACH Credit Transfers. Currently, Chase’s computer system considers direct how to transfer deposit to another account online westpac deposits to be ACH credits. Therefore, a transfer from your online savings account or from a PayPal account fulfills the direct deposit requirement because it is an ACH credit."
2004237,how to transfer deposit to another account online westpac,,msmarco_passage_22_344602389,"The maximum deposit is $1,000,000 and deposits are FDIC insured up to the $250,000 limit. You can only deposit funds via electronic transfer, wire transfer, or deposit by check. You can get access to your funds via electronic transfer or wire transfer. Leave a comment and share your favorite Online Savings Accounts.",0,how to transfer deposit to another account online westpac,"The maximum deposit is $1,000,000 and deposits how to transfer deposit to another account online westpac are FDIC insured up to the $250,000 limit. You can only deposit funds via electronic transfer, wire transfer, or deposit by check. You can get access to your funds via electronic transfer or wire transfer. Leave a comment and share your favorite Online Savings Accounts."
2004237,how to transfer deposit to another account online westpac,,msmarco_passage_46_190414691,"The maximum deposit is $1,000,000 and deposits are FDIC insured up to the $250,000 limit. You can only deposit funds via electronic transfer, wire transfer, or deposit by check. You can get access to your funds via electronic transfer or wire transfer. Leave a comment and share your favorite Online Savings Accounts.",0,how to transfer deposit to another account online westpac,"The maximum deposit is $1,000,000 and deposits are FDIC insured up to the $250,000 limit. You can only deposit funds how to transfer deposit to another account online westpac via electronic transfer, wire transfer, or deposit by check. You can get access to your funds via electronic transfer or wire transfer. Leave a comment and share your favorite Online Savings Accounts."
2004237,how to transfer deposit to another account online westpac,,msmarco_passage_63_555533496,"You can only fund a Chime Savings account by transferring money from your Chime Spending account — not through direct deposit or an external bank account. To add money from another source, you must first deposit it into your Spending account, then make an instant transfer.",0,how to transfer deposit to another account online westpac,"You how to transfer deposit to another account online westpac can only fund a Chime Savings account by transferring money from your Chime Spending account — not through direct deposit or an external bank account. To add money from another source, you must first deposit it into your Spending account, then make an instant transfer."
2004237,how to transfer deposit to another account online westpac,,msmarco_passage_56_561486260,With this service you can have funds transferred from your Patriot Savings/Checking Account to those obligations at another financial institution. Originating Deposits. Originating Deposits deposit funds directly to your Patriot Share/Checking Account from a Savings/Checking Account at another financial institution.,0,how to transfer deposit to another account online westpac,With this service you can have funds transferred from your Patriot Savings/Checking how to transfer deposit to another account online westpac Account to those obligations at another financial institution. Originating Deposits. Originating Deposits deposit funds directly to your Patriot Share/Checking Account from a Savings/Checking Account at another financial institution.
2004237,how to transfer deposit to another account online westpac,,msmarco_passage_38_758811680,"Just login, then press Send Money, then press To Another Local Bank. The charge is 50 pesos per transfer, starting Sep 1, 2020. How to Transfer Money Online from BDO to Another Local Bank Account: If you’re using your PC: 1. Login to your BDO online banking account. 2.",0,how to transfer deposit to another account online westpac,"Just login, then press Send Money, then press To Another Local Bank. The charge is 50 pesos per transfer, starting Sep 1, 2020. How to Transfer Money Online from BDO to Another Local Bank Account: If you’re using your how to transfer deposit to another account online westpac PC: 1. Login to your BDO online banking account. 2."
2004237,how to transfer deposit to another account online westpac,,msmarco_passage_51_116030338,"Paying bills online through your bank account is another. You can also use ACH transfers to make single or recurring deposits into an individual retirement account, a taxable brokerage account, or a college savings account. Business owners can also use ACH to pay vendors or receive payments from clients and customers.",0,how to transfer deposit to another account online westpac,"Paying bills online through your bank account is another. You can also use ACH transfers to make single or recurring deposits into an individual retirement account, a taxable brokerage account, or how to transfer deposit to another account online westpac a college savings account. Business owners can also use ACH to pay vendors or receive payments from clients and customers."
2004237,how to transfer deposit to another account online westpac,,msmarco_passage_47_631646950,"A deposit is money placed into banking institutions for safekeeping. Deposits are made to savings accounts, checking accounts and money market accounts to increase the balance. Additionally, funds deposited into an account can be withdrawn at any time, transferred to another person’s account or used to purchase goods.",0,how to transfer deposit to another account online westpac,"A deposit is money placed into banking institutions for safekeeping. Deposits are made to savings accounts, checking accounts and money market accounts to increase how to transfer deposit to another account online westpac the balance. Additionally, funds deposited into an account can be withdrawn at any time, transferred to another person’s account or used to purchase goods."
2004237,how to transfer deposit to another account online westpac,,msmarco_passage_28_697214335,"When I went to set up the account, the banker asked me how I was going to get the money in since I did not have the full $20,000 in my basic Armenian bank account to fund the term deposit. All I had to do was go online and transfer the money from one offshore account to my Armenian account, pay the low fee, and then deposit that money from my Armenian account into the term deposit.",0,how to transfer deposit to another account online westpac,"When I went to set up the account, the banker asked me how I was going to get the money in since I did not have the full $20,000 in my basic Armenian bank account to fund the term deposit. All I had to do was go online and transfer the money from one offshore account to my Armenian how to transfer deposit to another account online westpac account, pay the low fee, and then deposit that money from my Armenian account into the term deposit."
2004237,how to transfer deposit to another account online westpac,,msmarco_passage_59_703611698,"How to Deposit Money in a Checking Account. At most modern banks, there are numerous ways to get money into your checking account. You can take cash or checks to a teller, mail checks in to the bank or drop them off at an automated teller machine. You can also make many deposits electronically, including digitally transferring money from one bank account to another or setting up direct deposit with your employer or another institution that pays you.",0,how to transfer deposit to another account online westpac,"How to Deposit Money in a Checking Account. At most modern banks, there are numerous ways to get money into your checking account. You can take cash or checks to a teller, mail checks in to the how to transfer deposit to another account online westpac bank or drop them off at an automated teller machine. You can also make many deposits electronically, including digitally transferring money from one bank account to another or setting up direct deposit with your employer or another institution that pays you."
2004237,how to transfer deposit to another account online westpac,,msmarco_passage_55_478262870,"Deposits. It’s rare that any online casino will charge a fee for making a deposit into your betting account. However, if you transfer funds from a banking account, the bank themselves may charge you a fee. This is because some banking institutions don’t allow funds to be transferred to a gambling account.",0,how to transfer deposit to another account online westpac,"Deposits. It’s rare that how to transfer deposit to another account online westpac any online casino will charge a fee for making a deposit into your betting account. However, if you transfer funds from a banking account, the bank themselves may charge you a fee. This is because some banking institutions don’t allow funds to be transferred to a gambling account."
2004237,how to transfer deposit to another account online westpac,msmarco_passage_59_710983204,msmarco_passage_59_710983204,"Typically, you would open an account with the online money transfer store by visiting the website, filling out an application and authorizing an initial deposit from your checking account. You may also be able to open an account and make an initial deposit in cash at a local money transfer store.",1,how to transfer deposit to another account online westpac,"Typically, you would open an account with the online money transfer store by visiting the website, filling out an application and authorizing an initial deposit from your checking account. You may also be able to open an account and make an initial deposit how to transfer deposit to another account online westpac in cash at a local money transfer store."
2004237,how to transfer deposit to another account online westpac,,msmarco_passage_54_290953571,"How to make a bank transfer. There are a number of ways you can make a bank transfer. ? Telephone and online banking offer a fast, usually free and easy way for you to transfer money into another account. Some of the most common bank transfer methods are: Online bank transfers.",0,how to transfer deposit to another account online westpac,"How to make a bank transfer. There are a number of ways you can make a bank transfer. ? Telephone and online banking offer a fast, usually free and easy way for you to transfer money into how to transfer deposit to another account online westpac another account. Some of the most common bank transfer methods are: Online bank transfers."
2004237,how to transfer deposit to another account online westpac,,msmarco_passage_29_158856392,"In either case, $30 will be transferred from your checking account to the bookstore’s checking account. Notice that it is the checkable deposit, not the check or debit card, that is money. The check or debit card just tells a bank to transfer money, in this case checkable deposits, from one account to another.",0,how to transfer deposit to another account online westpac,"In either case, $30 will be transferred from your checking account to the bookstore’s checking account. Notice that it is the checkable deposit, not the check or debit card, that is money. The check or debit card just tells a bank to transfer money, in this case checkable deposits, from one how to transfer deposit to another account online westpac account to another."
2004237,how to transfer deposit to another account online westpac,,msmarco_passage_29_159651204,"In either case, $30 will be transferred from your checking account to the bookstore’s checking account. Notice that it is the checkable deposit, not the check or debit card, that is money. The check or debit card just tells a bank to transfer money, in this case checkable deposits, from one account to another.",0,how to transfer deposit to another account online westpac,"In either case, $30 will be transferred from your checking account to the bookstore’s checking account. Notice that it is the checkable deposit, not the check or debit card, that is money. The check or debit card just tells a bank to how to transfer deposit to another account online westpac transfer money, in this case checkable deposits, from one account to another."
2004237,how to transfer deposit to another account online westpac,,msmarco_passage_56_116972474,"How Bitcoin Deposits Work at Online Casinos. To use, store, and transfer bitcoins, players need a cryptocurrency wallet. Players can transfer BTC from one wallet to another. The wallet has an “address” that is a sequence of randomly generated numbers and letters.",0,how to transfer deposit to another account online westpac,"How how to transfer deposit to another account online westpac Bitcoin Deposits Work at Online Casinos. To use, store, and transfer bitcoins, players need a cryptocurrency wallet. Players can transfer BTC from one wallet to another. The wallet has an “address” that is a sequence of randomly generated numbers and letters."
2004237,how to transfer deposit to another account online westpac,,msmarco_passage_38_728454531,"How To Open Chase Bank Account Online. Click on the offer table above and apply for your account online. Make sure you have the necessary documentation handy to create the account such Driver License, Social Security card, initial deposit, proof residency. Add money using a debit card or a transfer from your Chase account.",0,how to transfer deposit to another account online westpac,"How To Open Chase Bank Account Online. Click on the offer table above and apply for your account online. Make sure you have the necessary documentation handy to create the account such Driver License, Social Security card, how to transfer deposit to another account online westpac initial deposit, proof residency. Add money using a debit card or a transfer from your Chase account."
2004237,how to transfer deposit to another account online westpac,,msmarco_passage_38_728472583,"How To Open Chase Bank Account Online. Click on the offer table above and apply for your account online. Make sure you have the necessary documentation handy to create the account such Driver License, Social Security card, initial deposit, proof residency. Add money using a debit card or a transfer from your Chase account.",0,how to transfer deposit to another account online westpac,"How To Open Chase Bank Account Online. Click on the offer table above and apply for your account online. Make sure you have the necessary documentation handy to create the account such Driver License, Social Security card, initial deposit, proof residency. Add money using a how to transfer deposit to another account online westpac debit card or a transfer from your Chase account."
2004237,how to transfer deposit to another account online westpac,,msmarco_passage_34_79665334,"No Mobile Check Deposits. One drawback to this account is that it doesn’t allow mobile check deposits. You can mail a check into Goldman Sachs for deposit, but that seems unnecessarily clunky. It's far better to deposit the money to your checking account, and then initiate an online transfer to your savings account.",0,how to transfer deposit to another account online westpac,"No Mobile Check Deposits. One drawback to this account is that it doesn’t allow mobile check deposits. You can mail a check into Goldman Sachs for deposit, but that seems unnecessarily clunky. It's far better to deposit the money to your checking account, and how to transfer deposit to another account online westpac then initiate an online transfer to your savings account."
2004237,how to transfer deposit to another account online westpac,,msmarco_passage_30_558542310,"Permalink. Print. Email to a Friend. Report Inappropriate Content. Transfer funds between accounts. SOLVED•by QuickBooks•QuickBooks Online•1224•Updated 13 hours ago. Learn how to record a transfer between two accounts in QuickBooks Online. When you move money from one account to another, you’ll need to record the transaction as a transfer in QuickBooks.",0,how to transfer deposit to another account online westpac,"Permalink. Print. Email to a Friend. Report Inappropriate Content. Transfer funds between accounts. SOLVED•by QuickBooks•QuickBooks Online•1224•Updated 13 hours ago. Learn how to record a transfer between two accounts in QuickBooks Online. When how to transfer deposit to another account online westpac you move money from one account to another, you’ll need to record the transaction as a transfer in QuickBooks."
2004237,how to transfer deposit to another account online westpac,,msmarco_passage_65_489943852,Make one-time or recurring payments online from your linked checking account (s) to companies or individuals (Payees) you select; or your HSBC credit card. Make one time one-time or automatic transfer online from a deposit account maintained at another financial institution to your HSBC credit card (s). 3.,0,how to transfer deposit to another account online westpac,Make one-time or recurring payments online from your linked checking account (s) to companies or individuals (Payees) you select; or your HSBC credit card. Make one time one-time or automatic transfer online from a deposit account maintained at another financial institution to your HSBC credit card how to transfer deposit to another account online westpac (s). 3.
2004237,how to transfer deposit to another account online westpac,,msmarco_passage_56_29262725,"Free ATM Withdrawals at Non-ONB ATMs 3. 5 Free ATM Withdrawals at Non-ONB ATMs, in addition to Allpoint® ATMs 4. Online & Mobile Banking. Increased Limits for Mobile Deposit, Popmoney and Account to Account Transfers. Increased Limits for Mobile Deposit, Popmoney and Account to Account Transfers.",0,how to transfer deposit to another account online westpac,"Free ATM Withdrawals at Non-ONB ATMs 3. 5 Free ATM Withdrawals at Non-ONB ATMs, in addition to Allpoint® ATMs 4. Online & Mobile Banking. Increased Limits how to transfer deposit to another account online westpac for Mobile Deposit, Popmoney and Account to Account Transfers. Increased Limits for Mobile Deposit, Popmoney and Account to Account Transfers."
2004237,how to transfer deposit to another account online westpac,,msmarco_passage_54_758817985,"How to Transfer Funds Between Bank Accounts Using Quickbooks. Want to transfer funds from one bank account to another bank account? If so, you’ll need to record this transfer so that it doesn’t interfere with your business’s accounting records. Using Quickbooks Online, you can easily record bank transfers such as this.",0,how to transfer deposit to another account online westpac,"How to Transfer Funds Between Bank Accounts Using Quickbooks. Want to transfer how to transfer deposit to another account online westpac funds from one bank account to another bank account? If so, you’ll need to record this transfer so that it doesn’t interfere with your business’s accounting records. Using Quickbooks Online, you can easily record bank transfers such as this."
2004237,how to transfer deposit to another account online westpac,,msmarco_passage_51_669552607,"Currently have or open a Key Advantage ®, Key Privilege ® or Key Privilege Select ® checking account. The minimum daily balance is $5,000.00 or more during the monthly statement cycle. A monthly direct deposit of at least $25.00 is credited to your Key Silver Money Market Savings Account during the monthly statement cycle. A recurring monthly online banking transfer of $25.00 or more from another KeyBank deposit account is transferred to the Key Silver Money Market Savings Account during the monthly statement cycle.",0,how to transfer deposit to another account online westpac,"Currently have or open a Key Advantage ®, Key Privilege ® or Key Privilege Select ® checking account. The minimum daily balance is $5,000.00 or more during the monthly statement cycle. A monthly direct deposit of at least $25.00 is credited to your Key Silver Money Market Savings Account during the monthly statement cycle. A recurring monthly online banking how to transfer deposit to another account online westpac transfer of $25.00 or more from another KeyBank deposit account is transferred to the Key Silver Money Market Savings Account during the monthly statement cycle."
2004237,how to transfer deposit to another account online westpac,,msmarco_passage_51_669571675,"Currently have or open a Key Advantage ®, Key Privilege ® or Key Privilege Select ® checking account. The minimum daily balance is $5,000.00 or more during the monthly statement cycle. A monthly direct deposit of at least $25.00 is credited to your Key Silver Money Market Savings Account during the monthly statement cycle. A recurring monthly online banking transfer of $25.00 or more from another KeyBank deposit account is transferred to the Key Silver Money Market Savings Account during the monthly statement cycle.",0,how to transfer deposit to another account online westpac,"Currently have or open a Key Advantage ®, Key Privilege ® or Key Privilege Select ® checking account. The minimum daily balance is $5,000.00 or more during the monthly statement cycle. A monthly direct deposit of at least $25.00 is credited to your Key Silver Money Market Savings Account during the monthly statement cycle. A recurring monthly online banking how to transfer deposit to another account online westpac transfer of $25.00 or more from another KeyBank deposit account is transferred to the Key Silver Money Market Savings Account during the monthly statement cycle."
2004237,how to transfer deposit to another account online westpac,,msmarco_passage_46_307289247,PNC offers five ways for you to access the money in your account: Online deposit. Transfer funds electronically between your PNC account and an externally linked account. Mobile check deposit. Use the PNC Virtual Wallet mobile app to snap and deposit a check into your account. Direct deposit.,0,how to transfer deposit to another account online westpac,PNC offers five ways for you to access the money in your account: Online deposit. Transfer funds electronically between your PNC account and an externally linked account. Mobile check deposit. Use the PNC Virtual how to transfer deposit to another account online westpac Wallet mobile app to snap and deposit a check into your account. Direct deposit.
2004237,how to transfer deposit to another account online westpac,,msmarco_passage_56_585709876,Re: Can I transfer money from one bank account to another bank account using my Paypal account? PayPal does not transfer money from one bank to another. You will have pull the money from one bank and deposit it to another.,0,how to transfer deposit to another account online westpac,Re: Can I transfer money from one how to transfer deposit to another account online westpac bank account to another bank account using my Paypal account? PayPal does not transfer money from one bank to another. You will have pull the money from one bank and deposit it to another.
2004237,how to transfer deposit to another account online westpac,,msmarco_passage_37_502986228,"Make deposits. A welcome mat for your money in the form of Ally eCheck Deposit℠, wire transfers, set up direct deposit, or regular mail. Move money. Online transfers between accounts you have with us or somewhere else are always free. More about transfers.",0,how to transfer deposit to another account online westpac,"Make deposits. A welcome mat how to transfer deposit to another account online westpac for your money in the form of Ally eCheck Deposit℠, wire transfers, set up direct deposit, or regular mail. Move money. Online transfers between accounts you have with us or somewhere else are always free. More about transfers."
2004237,how to transfer deposit to another account online westpac,,msmarco_passage_37_502989617,"Make deposits. A welcome mat for your money in the form of Ally eCheck Deposit℠, wire transfers, set up direct deposit, or regular mail. Move money. Online transfers between accounts you have with us or somewhere else are always free. More about transfers.",0,how to transfer deposit to another account online westpac,"Make deposits. A welcome mat for your money in the how to transfer deposit to another account online westpac form of Ally eCheck Deposit℠, wire transfers, set up direct deposit, or regular mail. Move money. Online transfers between accounts you have with us or somewhere else are always free. More about transfers."
2004237,how to transfer deposit to another account online westpac,,msmarco_passage_14_261021998,"With a joint account, both account holders can access the account information and withdraw funds from the account. Depending on the bank’s features, even if you have an individual account, others may be able to transfer money to you online that you can deposit into your account. When you’re deciding on a checking account, another important consideration is the bank’s overdraft policies.",0,how to transfer deposit to another account online westpac,"With a joint account, both account holders can access the account information and withdraw funds from the account. Depending on the how to transfer deposit to another account online westpac bank’s features, even if you have an individual account, others may be able to transfer money to you online that you can deposit into your account. When you’re deciding on a checking account, another important consideration is the bank’s overdraft policies."
2004237,how to transfer deposit to another account online westpac,,msmarco_passage_47_633612852,"Transfers. Transfers are handled differently from check deposits. You have immediate access to funds transferred into your account from another Bank of America deposit account. However, when the transfer occurs after 10:45 p.m. ET on a business day, you won’t see it in your transfer history until the next day.",0,how to transfer deposit to another account online westpac,"Transfers. Transfers are handled differently from check deposits. You have immediate access to funds transferred into your account from another Bank of America deposit account. However, when the transfer occurs after 10:45 p.m. ET on a business day, you won’t see it in how to transfer deposit to another account online westpac your transfer history until the next day."
2004237,how to transfer deposit to another account online westpac,,msmarco_passage_59_713717963,Social Security Online: Find an Answer to Your Question - Changing My Direct Deposit. Social Security Online: Direct Deposit - Electronic Transfer Account. Social Security Online: Social Security Direct Deposit. Social Security Online: Direct Deposit - Frequently Asked Questions. Social Security: Direct Deposit Sign-Up Form.,0,how to transfer deposit to another account online westpac,Social Security Online: Find an how to transfer deposit to another account online westpac Answer to Your Question - Changing My Direct Deposit. Social Security Online: Direct Deposit - Electronic Transfer Account. Social Security Online: Social Security Direct Deposit. Social Security Online: Direct Deposit - Frequently Asked Questions. Social Security: Direct Deposit Sign-Up Form.
2004237,how to transfer deposit to another account online westpac,,msmarco_passage_25_659064996,"How Does Non-Negotiable Work? Certain securities, contracts and assets cannot be transferred from one party to another. For example, a certificate of deposit (CD) cannot be redeemed by anyone but the account holder.",0,how to transfer deposit to another account online westpac,"How Does Non-Negotiable Work? Certain securities, contracts and assets cannot be transferred from one how to transfer deposit to another account online westpac party to another. For example, a certificate of deposit (CD) cannot be redeemed by anyone but the account holder."
2004237,how to transfer deposit to another account online westpac,,msmarco_passage_37_502964872,There are six ways to add money to your account: Transfer money online between Ally Bank accounts and accounts you have at other institutions. Deposit a check with Ally eCheck Deposit℠. Use direct deposit to set up your paycheck or Social Security deposits. Download form.,0,how to transfer deposit to another account online westpac,There are how to transfer deposit to another account online westpac six ways to add money to your account: Transfer money online between Ally Bank accounts and accounts you have at other institutions. Deposit a check with Ally eCheck Deposit℠. Use direct deposit to set up your paycheck or Social Security deposits. Download form.
2004237,how to transfer deposit to another account online westpac,,msmarco_passage_30_123846627,"How to Transfer Money Between Banks Online. Online banking has changed the way people pay bills and move money from one bank to another. In the past, if you wanted to transfer money from your account to another account at a different institution, you typically wrote and mailed a check. Now you can complete those transactions in just a few minutes online.",0,how to transfer deposit to another account online westpac,"How to Transfer Money Between Banks Online. Online banking has changed the way how to transfer deposit to another account online westpac people pay bills and move money from one bank to another. In the past, if you wanted to transfer money from your account to another account at a different institution, you typically wrote and mailed a check. Now you can complete those transactions in just a few minutes online."
2004237,how to transfer deposit to another account online westpac,,msmarco_passage_66_861584064,"At maturity, or at the end of any notice period, the principal and any remaining interest instalments can be paid: Directly to an account held with Westpac that is in the same name as your Term Deposit account; By direct credit to an account at any Australian financial institution; By Bank Cheque (fees apply);",0,how to transfer deposit to another account online westpac,"At maturity, or at the end of any notice period, the principal and any remaining interest instalments can be paid: Directly to an account held with Westpac that is in the same name as your Term Deposit account; By direct credit to an account at any Australian financial institution; how to transfer deposit to another account online westpac By Bank Cheque (fees apply);"
2004237,how to transfer deposit to another account online westpac,,msmarco_passage_40_342576351,"The HSBC Direct Savings Account only requires $1 for an opening deposit. The initial deposit must be ""new funds,"" meaning it has to come from a direct deposit, check deposit, or an external bank account; you can't transfer the money from another HSBC account.",0,how to transfer deposit to another account online westpac,"The HSBC Direct Savings Account only requires $1 for an opening deposit. how to transfer deposit to another account online westpac The initial deposit must be ""new funds,"" meaning it has to come from a direct deposit, check deposit, or an external bank account; you can't transfer the money from another HSBC account."
2004253,how to trim blank space in excel,msmarco_passage_36_824218509,msmarco_passage_36_824218509,Excel TRIM function - quick way to remove extra spaces. How to use LEN function in Excel to count characters in a cell. How to remove all blank rows in Excel.,1,how to trim blank space in excel,Excel TRIM function - quick way to remove extra spaces. How to use how to trim blank space in excel LEN function in Excel to count characters in a cell. How to remove all blank rows in Excel.
2004253,how to trim blank space in excel,msmarco_passage_36_826068083,msmarco_passage_36_826068083,"How to remove blank spaces in Excel - leading, trailing, between words. If your data set contains superfluous spaces, the Excel TRIM function can help you delete them all in one go - leading, trailing and multiple in-between spaces, except for a single space character between words. A regular TRIM formula is as simple as this:",1,how to trim blank space in excel,"How to remove blank spaces in Excel - leading, trailing, between words. If your data set contains superfluous how to trim blank space in excel spaces, the Excel TRIM function can help you delete them all in one go - leading, trailing and multiple in-between spaces, except for a single space character between words. A regular TRIM formula is as simple as this:"
2004253,how to trim blank space in excel,msmarco_passage_36_823886823,msmarco_passage_36_823886823,It will help you remove leading and trailing spaces or get rid of excess blanks between words. Here you will learn how to remove spaces in Excel 2016 - 2007. Before you start. How to trim spaces in the range. Related links.,1,how to trim blank space in excel,It will help you remove leading and trailing spaces or get rid of excess blanks between words. Here you how to trim blank space in excel will learn how to remove spaces in Excel 2016 - 2007. Before you start. How to trim spaces in the range. Related links.
2004253,how to trim blank space in excel,msmarco_passage_45_684499914,msmarco_passage_45_684499914,"In this article we will learn how to delete the unnecessary blank character from a cell, we will use “TRIM” function in Microsoft Excel 2010. TRIM: Trim function is used to remove additional leading and trailing spaces from the text in a cell. The function will return the text after deleting the unnecessary spaces.",1,how to trim blank space in excel,"In this article we will learn how how to trim blank space in excel to delete the unnecessary blank character from a cell, we will use “TRIM” function in Microsoft Excel 2010. TRIM: Trim function is used to remove additional leading and trailing spaces from the text in a cell. The function will return the text after deleting the unnecessary spaces."
2004253,how to trim blank space in excel,msmarco_passage_36_823740704,msmarco_passage_36_823740704,"In the Text group, you will find 8 features for working with text cells in Excel: Click Trim Spaces to remove leading and trailing spaces and excess blanks between words. More details: How to Trim Spaces. Use Change Case to change the case of text in all the selected cells to upper, lower, proper, or sentence case.",1,how to trim blank space in excel,"In the Text group, you will find 8 features how to trim blank space in excel for working with text cells in Excel: Click Trim Spaces to remove leading and trailing spaces and excess blanks between words. More details: How to Trim Spaces. Use Change Case to change the case of text in all the selected cells to upper, lower, proper, or sentence case."
2004253,how to trim blank space in excel,msmarco_passage_61_146139449,msmarco_passage_61_146139449,"If that is the case, then you will have more luck with the Excel TRIM function. For example, if you have data in the A1 cell that contains blank spaces that you wish to remove, then entering the formula =TRIM (A1) into a blank cell will remove spaces from the data. You can learn more about the TRIM function here.",2,how to trim blank space in excel,"If that is the case, then you will have how to trim blank space in excel more luck with the Excel TRIM function. For example, if you have data in the A1 cell that contains blank spaces that you wish to remove, then entering the formula =TRIM (A1) into a blank cell will remove spaces from the data. You can learn more about the TRIM function here."
2004253,how to trim blank space in excel,msmarco_passage_62_529383670,msmarco_passage_62_529383670,how to remove blank spaces how:<br> to remove blank spaces :<br>. Here we have specified “how” as optional parameter with trim function and “how” is removed from the beginning and end of the string. There is two more trim function available.,1,how to trim blank space in excel,how to remove blank spaces how:<br> to remove blank spaces :<br>. how to trim blank space in excel Here we have specified “how” as optional parameter with trim function and “how” is removed from the beginning and end of the string. There is two more trim function available.
2004253,how to trim blank space in excel,msmarco_passage_35_576278705,msmarco_passage_35_576278705,"Macro to remove extra Spaces from String in Excel VBA. Here is the best excel vba remove spaces from string macro to remove spaces in Excel. Let us see the example macros to trim,delete and remove blank spaces from String in Excel VBA.",0,how to trim blank space in excel,"Macro to remove extra Spaces from String in Excel VBA. Here is the best excel vba remove spaces from string macro to remove spaces in Excel. Let us see the example macros to trim,delete and remove how to trim blank space in excel blank spaces from String in Excel VBA."
2004253,how to trim blank space in excel,msmarco_passage_04_290212642,msmarco_passage_04_290212642,"trim, Double space, extra spaces, remove excessive whitespace, unnecessary spaces, consecutive whitespace, reduce internal whitespace to single space, white space, removes extra white spaces between two words in a character string, =TRIM (), extraneous spaces, clean duff cells, fix empty cells that Excel does not recognize as empty, fix blank cells, blanks, remove unwanted space from cell.",1,how to trim blank space in excel,"trim, Double space, extra spaces, remove excessive whitespace, unnecessary spaces, consecutive whitespace, reduce internal whitespace to how to trim blank space in excel single space, white space, removes extra white spaces between two words in a character string, =TRIM (), extraneous spaces, clean duff cells, fix empty cells that Excel does not recognize as empty, fix blank cells, blanks, remove unwanted space from cell."
2004253,how to trim blank space in excel,msmarco_passage_35_576278190,msmarco_passage_35_576278190,To remove right most or end of the string spaces we use RTRIM function. Finally we use TRIM function in VBA Remove Spaces macro to remove all extra spaces in a string. Table of Contents: Overview. Macro to Trim Blank Spaces from String in Excel VBA. VBA Code to remove extra Multiple Spaces from String in Excel. Instructions to use Macro.,1,how to trim blank space in excel,To remove right most or end of the string spaces we use RTRIM function. Finally we use TRIM function in VBA how to trim blank space in excel Remove Spaces macro to remove all extra spaces in a string. Table of Contents: Overview. Macro to Trim Blank Spaces from String in Excel VBA. VBA Code to remove extra Multiple Spaces from String in Excel. Instructions to use Macro.
2004253,how to trim blank space in excel,msmarco_passage_55_859410059,msmarco_passage_55_859410059,"How to remove extra spaces with Trim Spaces for Excel. In your Microsoft Excel worksheet, select the cells, columns or rows from which you want to remove excess spaces. Start the Trim Spaces by clicking on its icon, or go to Excel Menu Ablebits.com -> Trim Spaces for Excel .",2,how to trim blank space in excel,"How to remove extra spaces with Trim Spaces for Excel. In your Microsoft Excel worksheet, select the cells, columns or rows from which you want to remove excess spaces. Start the how to trim blank space in excel Trim Spaces by clicking on its icon, or go to Excel Menu Ablebits.com -> Trim Spaces for Excel ."
2004253,how to trim blank space in excel,msmarco_passage_36_826056755,msmarco_passage_36_826056755,Excel TRIM function syntax. How to use TRIM in Excel - formula examples. Trim spaces in an entire column of data. Delete leading spaces in a numeric column. Remove leading spaces only (Left Trim) Count extra spaces in cells. Highlight cells with any excess spaces. Excel TRIM not working - reasons and solutions.,1,how to trim blank space in excel,Excel TRIM function syntax. How to use TRIM in Excel - formula examples. Trim spaces in an entire column of data. Delete leading spaces in a numeric column. Remove leading spaces only (Left Trim) Count extra spaces in cells. Highlight cells with any excess spaces. Excel TRIM not working - how to trim blank space in excel reasons and solutions.
2004253,how to trim blank space in excel,msmarco_passage_36_824218808,msmarco_passage_36_824218808,"Or numbers can't be summed up, and again extra blanks are the ones to blame. In this article you'll find how to clean up your data. Trim blanks between words to 1, remove trailing / leading spaces. Using trim formula. Employ the Find & Replace option. 3 clicks to neat data with Trim Spaces tool.",1,how to trim blank space in excel,"Or numbers can't be summed up, and again extra blanks are the ones to blame. In this article you'll find how to clean up your data. Trim blanks between words to 1, remove trailing / leading spaces. Using trim formula. Employ the Find & Replace option. 3 how to trim blank space in excel clicks to neat data with Trim Spaces tool."
2004253,how to trim blank space in excel,,msmarco_passage_45_676580041,"How to Use TRIM Function in Excel. TRIM Example. What is the Excel TRIM Function? The excel TRIM functionremoves extra spaces, both in front, in the middle or behind, except for space that separate two words. So the TRIM function can do LEFT TRIM, RIGHT TRIM or “MIDDLE TRIM” simultaneously in one function. TRIM Syntax.",0,how to trim blank space in excel,"How to Use TRIM Function in Excel. TRIM Example. What is the Excel TRIM how to trim blank space in excel Function? The excel TRIM functionremoves extra spaces, both in front, in the middle or behind, except for space that separate two words. So the TRIM function can do LEFT TRIM, RIGHT TRIM or “MIDDLE TRIM” simultaneously in one function. TRIM Syntax."
2004253,how to trim blank space in excel,msmarco_passage_44_803869684,msmarco_passage_44_803869684,"How to Remove Extra Leading Spaces in Excel? Let us discuss How to Remove Extra Leading Spaces of a Text String in a Cell with the help of or combination of FIND, MID, TRIM & LEN excel functions OR LEFT, FIND, REPLACE & TRIM functions. You can download this Left Trim Excel Template here – Left Trim Excel Template.",1,how to trim blank space in excel,"How to Remove Extra Leading Spaces in Excel? Let us discuss How to Remove Extra Leading Spaces of a Text String in a Cell with the help of or combination of FIND, MID, TRIM & LEN excel functions OR LEFT, FIND, REPLACE & TRIM functions. You can download this Left Trim Excel Template here how to trim blank space in excel – Left Trim Excel Template."
2004253,how to trim blank space in excel,msmarco_passage_62_529386600,msmarco_passage_62_529386600,"how to remove blank spaces :<br>how to remove blank spaces:<br>. Here we can see that $data contain whitespaces at the starting and end , and $data1 doesn’t contain those things ( our trim function has removed that )….",1,how to trim blank space in excel,"how to remove blank spaces :<br>how to remove blank spaces:<br>. Here we can see that $data contain whitespaces at the starting and end , and $data1 doesn’t contain those things ( how to trim blank space in excel our trim function has removed that )…."
2004253,how to trim blank space in excel,msmarco_passage_22_280820953,msmarco_passage_22_280820953,"All player names and team names will need to be sanitized because some of them will have a leading or trailing blank space, which will need to be remove for the formulas to work. This is done using the =trim function in excel. Watch this youtube video if you don’t know how to do this. YouTube.",1,how to trim blank space in excel,"All player names and team names will need to be sanitized because some of them will have a leading or trailing blank space, which will need to be remove for the formulas to work. how to trim blank space in excel This is done using the =trim function in excel. Watch this youtube video if you don’t know how to do this. YouTube."
2004253,how to trim blank space in excel,msmarco_passage_09_433139130,msmarco_passage_09_433139130,"The trim function will ignore blank spaces between letters (it will only work with words) #4. GET RID OF NONPRINTABLE/HIDDEN CHARACTERS. Similar to leading spaces, nonprintable characters are also one of the reasons for excel formulas not working.",1,how to trim blank space in excel,"The trim function will ignore blank spaces between letters (it will only work with words) #4. GET RID OF NONPRINTABLE/HIDDEN CHARACTERS. Similar to leading spaces, nonprintable characters are also one of the reasons for excel formulas how to trim blank space in excel not working."
2004253,how to trim blank space in excel,msmarco_passage_60_437156108,msmarco_passage_60_437156108,"The trim function will ignore blank spaces between letters (it will only work with words) #4. GET RID OF NONPRINTABLE/HIDDEN CHARACTERS. Similar to leading spaces, nonprintable characters are also one of the reasons for excel formulas not working.",1,how to trim blank space in excel,"The trim function will ignore blank spaces between letters (it will only work with words) #4. GET RID OF NONPRINTABLE/HIDDEN CHARACTERS. Similar to leading spaces, nonprintable characters are also one of the reasons for how to trim blank space in excel excel formulas not working."
2004253,how to trim blank space in excel,msmarco_passage_40_328653091,msmarco_passage_40_328653091,"Removing blank spaces and rows in Excel is easy and can be done by using ""Find & Select"" for all of the blank spaces. Here's how to do it on a Mac or PC .",1,how to trim blank space in excel,"Removing blank spaces and rows in Excel is easy and can how to trim blank space in excel be done by using ""Find & Select"" for all of the blank spaces. Here's how to do it on a Mac or PC ."
2004253,how to trim blank space in excel,msmarco_passage_44_818409390,msmarco_passage_44_818409390,"Following is the Syntax of how we can use Trim () in C# to remove all the blank spaces as well as specific characters. Start Your Free Software Development Course. Web development, programming languages, Software testing & others. 1. To remove the blank spaces from starting and ending. public string Trim ()",1,how to trim blank space in excel,"Following is the Syntax of how we can how to trim blank space in excel use Trim () in C# to remove all the blank spaces as well as specific characters. Start Your Free Software Development Course. Web development, programming languages, Software testing & others. 1. To remove the blank spaces from starting and ending. public string Trim ()"
2004253,how to trim blank space in excel,msmarco_passage_69_9499335,msmarco_passage_69_9499335,"This is super easy to do using Excel’s TRIM function. How to Use the TRIM Function in Excel. What does the TRIM Function do in Excel? TRIM, one of Excel’s Text functions, removes extra spaces from the beginning and end of a cell in Excel. These extra spaces can be the result of formatting changes, mistakes in data entering, or other errors.",1,how to trim blank space in excel,"This is super easy to do using Excel’s TRIM function. How to Use the TRIM Function in Excel. What does the TRIM Function do in Excel? TRIM, one of Excel’s Text functions, removes extra spaces from the beginning and end of a cell in Excel. These extra spaces can be the result of formatting changes, mistakes in data entering, or other how to trim blank space in excel errors."
2004253,how to trim blank space in excel,,msmarco_passage_45_784658474,"How to replace blank space with nothing/underscore/dash/comma in Excel? This article is talking about replacing all blank spaces with underscore/dash/comma or nothing from selection, multiple worksheets, or multiple workbooks easily in Excel.",0,how to trim blank space in excel,"How to replace blank space with how to trim blank space in excel nothing/underscore/dash/comma in Excel? This article is talking about replacing all blank spaces with underscore/dash/comma or nothing from selection, multiple worksheets, or multiple workbooks easily in Excel."
2004253,how to trim blank space in excel,msmarco_passage_36_824215288,msmarco_passage_36_824215288,"3 clicks to neat data with Trim Spaces tool. If you often import data to Excel from external sources and spend much time polishing up your tables, check out our Text tools for Excel. The Trim Spaces add-in will clean data imported from the web or any other external source. It removes leading and trailing spaces, excess blanks between words, non-breaking spaces, line breaks, non-printing symbols and other unwanted characters.",1,how to trim blank space in excel,"3 clicks to neat data with Trim how to trim blank space in excel Spaces tool. If you often import data to Excel from external sources and spend much time polishing up your tables, check out our Text tools for Excel. The Trim Spaces add-in will clean data imported from the web or any other external source. It removes leading and trailing spaces, excess blanks between words, non-breaking spaces, line breaks, non-printing symbols and other unwanted characters."
2004253,how to trim blank space in excel,msmarco_passage_62_529383347,msmarco_passage_62_529383347,"Now we can write another program using trim function with parameter. <?php $data=""how to remove blank spaces how""; $data1=trim ($data,""how""); echo $data."":<br>""; echo $data1."":<br>""; ?>.",1,how to trim blank space in excel,"Now we can write another program using trim function with parameter. <?php $data=""how to remove blank spaces how""; $data1=trim ($data,""how""); how to trim blank space in excel echo $data."":<br>""; echo $data1."":<br>""; ?>."
2004253,how to trim blank space in excel,,msmarco_passage_36_826048949,"Excel TRIM function - quick way to remove extra spaces. The tutorial demonstrates a few quick and easy ways to trim Excel spaces. Learn how to remove leading, trailing, and extra spaces between words, why Excel TRIM function is not working and how to fix it. Are you comparing two columns for duplicates that you know are there, but your formulas cannot find a single duplicate entry?",0,how to trim blank space in excel,"Excel TRIM function - quick way to remove extra spaces. The tutorial demonstrates a few quick and easy ways to trim Excel spaces. Learn how to remove how to trim blank space in excel leading, trailing, and extra spaces between words, why Excel TRIM function is not working and how to fix it. Are you comparing two columns for duplicates that you know are there, but your formulas cannot find a single duplicate entry?"
2004253,how to trim blank space in excel,msmarco_passage_22_99023394,msmarco_passage_22_99023394,"The Excel TRIM function strips extra spaces from text, leaving only a single space between words and no space characters at the start or end of the text. How to use the Excel TRIM function | Exceljet. Skip to main content.",3,how to trim blank space in excel,"The Excel TRIM function strips extra spaces from text, leaving only a single space between words and no space characters at the start or how to trim blank space in excel end of the text. How to use the Excel TRIM function | Exceljet. Skip to main content."
2004253,how to trim blank space in excel,msmarco_passage_69_9500302,msmarco_passage_69_9500302,Using TRIM to clean up these spaces will make your spreadsheet easier to use. How to Use TRIM in Excel. Using TRIM in Excel is pretty easy! Find a space in your spreadsheet where you can enter the TRIM function – next to your data is usually the easiest. Type =TRIM (cell to TRIM),1,how to trim blank space in excel,Using TRIM to clean up these spaces will make your spreadsheet easier to use. How how to trim blank space in excel to Use TRIM in Excel. Using TRIM in Excel is pretty easy! Find a space in your spreadsheet where you can enter the TRIM function – next to your data is usually the easiest. Type =TRIM (cell to TRIM)
2004253,how to trim blank space in excel,msmarco_passage_62_314496781,msmarco_passage_62_314496781,Clean Up Spacing Between Words. You can also use the TRIM function in Excel to remove unnecessary spaces between words in a string. The TRIM function will reduce the spacing between words down to a single space. Let's look at an example of how to use the TRIM function to clean up the spacing between words in Excel.,3,how to trim blank space in excel,Clean Up Spacing Between Words. You can also use the TRIM function in Excel to remove unnecessary spaces between words in a string. The TRIM function will reduce the how to trim blank space in excel spacing between words down to a single space. Let's look at an example of how to use the TRIM function to clean up the spacing between words in Excel.
2004253,how to trim blank space in excel,,msmarco_passage_45_784290144,"How to print only rows /cells with data in Excel? When printing a range or a worksheet in Excel, some blank rows or blank cells are also printed out and take up spaces in papers. This article is talking about how to ignore all blank rows/cells and only print rows/cells with data in Excel.",0,how to trim blank space in excel,"How to print only rows /cells with data in Excel? When printing a range or a worksheet in Excel, some how to trim blank space in excel blank rows or blank cells are also printed out and take up spaces in papers. This article is talking about how to ignore all blank rows/cells and only print rows/cells with data in Excel."
2004253,how to trim blank space in excel,msmarco_passage_44_813680569,msmarco_passage_44_813680569,"In another way, we can remove the spaces by using a TRIM function. This removes the spaces which are there at the start and end of the selected cell content. And we can also use the SUBSTITUTE function, where we can substitute space with blank to remove spaces completely. Start Your Free Excel Course.",3,how to trim blank space in excel,"In another way, we can remove the spaces by using a TRIM function. This removes the spaces which are there at the start and end of the selected cell content. And we can also use the SUBSTITUTE function, where how to trim blank space in excel we can substitute space with blank to remove spaces completely. Start Your Free Excel Course."
2004253,how to trim blank space in excel,msmarco_passage_36_826065346,msmarco_passage_36_826065346,"One of these handy tools allows removing spaces and non-printing characters in a button click. Once installed, Ultimate Suite adds several useful buttons to your Excel ribbon such as Trim Spaces, Remove Characters, Convert Text, Clear Formatting, and a few more. Whenever you want to remove blank spaces in your Excel sheets, perform these 4 quick steps:",1,how to trim blank space in excel,"One of these handy tools allows removing spaces and non-printing characters in a button click. Once installed, Ultimate Suite adds several useful buttons to your Excel ribbon such as Trim Spaces, Remove Characters, Convert Text, Clear Formatting, and a few more. Whenever you want to remove blank spaces in your Excel how to trim blank space in excel sheets, perform these 4 quick steps:"
2004253,how to trim blank space in excel,msmarco_passage_36_826067720,msmarco_passage_36_826067720,Remove non-breaking spaces ( ) Delete a specific non-printing character. How to remove all spaces in Excel. How to count spaces in Excel. Text Toolkit - quick way to trim spaces and clean data.,1,how to trim blank space in excel,Remove non-breaking spaces ( ) Delete a specific non-printing character. How to remove all spaces in how to trim blank space in excel Excel. How to count spaces in Excel. Text Toolkit - quick way to trim spaces and clean data.
2004253,how to trim blank space in excel,msmarco_passage_11_851268229,msmarco_passage_11_851268229,"VBA code to check if a cell is blank – Better Example: Avoid Empty Spaces. Sometimes, A cell or rang looks blank and we notice that the condition is failing. It is because of the empty spaces in the cell. So, whenever you want to check if a cell is empty, you can trim the Cell value and check it. Sub vba_code_to_check_if_a_cell_is_blank () 'use trim to avoide blank spaces If Trim (Cells (1, 1)) = """" Then MsgBox ""Cell is Blank"" Else MsgBox ""Cell is not blank"" End If End Sub.",0,how to trim blank space in excel,"VBA code to check if a cell is blank – Better Example: Avoid Empty Spaces. Sometimes, A cell or rang looks blank and we notice that how to trim blank space in excel the condition is failing. It is because of the empty spaces in the cell. So, whenever you want to check if a cell is empty, you can trim the Cell value and check it. Sub vba_code_to_check_if_a_cell_is_blank () 'use trim to avoide blank spaces If Trim (Cells (1, 1)) = """" Then MsgBox ""Cell is Blank"" Else MsgBox ""Cell is not blank"" End If End Sub."
2004253,how to trim blank space in excel,msmarco_passage_44_803865263,msmarco_passage_44_803865263,"FIND, LEFT, and TRIM function in excel help out to calculate the position of the first space character in a string (i.e. the spaces towards the left side). And later, when you supply that to REPLACE function, it replaces space with no blank option & thereby removing only leading space in a text. Apply the formula in a cell “B2.”.",1,how to trim blank space in excel,"FIND, LEFT, and TRIM function in excel help out to calculate the position of the first space character how to trim blank space in excel in a string (i.e. the spaces towards the left side). And later, when you supply that to REPLACE function, it replaces space with no blank option & thereby removing only leading space in a text. Apply the formula in a cell “B2.”."
2004253,how to trim blank space in excel,msmarco_passage_45_676684589,msmarco_passage_45_676684589,"A cell containing blank space is cell A2, but the appearance is not visible, it must be checked by editing the cell, of course, this will take time if there are many data. Use excel TRIM functionto remove spaces either in front or behind quickly. VLOOKUP NA error because numbers are stored as text.",1,how to trim blank space in excel,"A cell containing blank space is cell A2, but the appearance is not visible, it must be checked by editing the cell, of course, this will take time if how to trim blank space in excel there are many data. Use excel TRIM functionto remove spaces either in front or behind quickly. VLOOKUP NA error because numbers are stored as text."
2004253,how to trim blank space in excel,,msmarco_passage_35_146609873,"How to Remove Spaces in Excel. In this tutorial, I will show you two ways to remove spaces in Excel. Using TRIM function. Using Find and Replace.",0,how to trim blank space in excel,"How to Remove Spaces in Excel. In this tutorial, I will show you two ways to remove spaces in Excel. Using TRIM function. Using Find and how to trim blank space in excel Replace."
2004253,how to trim blank space in excel,msmarco_passage_36_824247735,msmarco_passage_36_824247735,"How to remove spaces in Excel - leading, trailing, non-breaking. Using REPLACE and SUBSTITUTE functions in Excel - formula examples. How to remove all blank rows in Excel. How to enter multiple lines in a single Excel cell.",2,how to trim blank space in excel,"How to remove spaces in Excel - leading, how to trim blank space in excel trailing, non-breaking. Using REPLACE and SUBSTITUTE functions in Excel - formula examples. How to remove all blank rows in Excel. How to enter multiple lines in a single Excel cell."
2004253,how to trim blank space in excel,msmarco_passage_35_576277762,msmarco_passage_35_576277762,"VBA Remove extra Spaces or blanks from String in Excel. Sometimes we may have more than one space in a string. To remove additional or extra spaces we use different VBA functions like LTRIM, TRIM, or RTRIM. We use LTRIM function to remove left most or starting of the string spaces.",1,how to trim blank space in excel,"VBA Remove extra Spaces or blanks from String in Excel. Sometimes we may have how to trim blank space in excel more than one space in a string. To remove additional or extra spaces we use different VBA functions like LTRIM, TRIM, or RTRIM. We use LTRIM function to remove left most or starting of the string spaces."
2004253,how to trim blank space in excel,,msmarco_passage_44_803867509,Recommended Articles. This has been a guide to Left Trim in Excel. Here we discuss How to Remove Leading Spaces of a Text String along with practical examples and a downloadable excel template. You can also go through our other suggested articles –. TRIM Formula in Excel. Excel TRIM Function. VBA TRIM.,0,how to trim blank space in excel,Recommended Articles. This has been a guide to Left Trim in Excel. Here we discuss How to Remove Leading Spaces of a Text String along with practical examples and a downloadable excel template. You can also go through our other suggested articles –. how to trim blank space in excel TRIM Formula in Excel. Excel TRIM Function. VBA TRIM.
2004253,how to trim blank space in excel,msmarco_passage_45_676580963,msmarco_passage_45_676580963,"TRIM(text) . text, the text from which to remove the extra spaces. Usage Note: The TRIM function removes the extra spaces in all positions, left trim, right trim or middle trim. The TRIM function only removes the extra spaces, to remove non-printing characters use the CLEAN function. How to Use TRIM Function in Excel.",2,how to trim blank space in excel,"TRIM(text) . text, the text from which to remove the extra spaces. Usage Note: The TRIM function removes how to trim blank space in excel the extra spaces in all positions, left trim, right trim or middle trim. The TRIM function only removes the extra spaces, to remove non-printing characters use the CLEAN function. How to Use TRIM Function in Excel."
2004253,how to trim blank space in excel,,msmarco_passage_09_194933640,Conclusion: So this is all about Excel TRIM not working. You can try the given tricks to remove spaces in your Excel file when you import data from Web pages in Excel. I tried my best to put together how to remove different spaces in Excel when TRIM function won’t work.,0,how to trim blank space in excel,Conclusion: So this is all about Excel TRIM not working. You can try the given tricks to remove spaces in how to trim blank space in excel your Excel file when you import data from Web pages in Excel. I tried my best to put together how to remove different spaces in Excel when TRIM function won’t work.
2004253,how to trim blank space in excel,msmarco_passage_03_288115350,msmarco_passage_03_288115350,"In this Excel 2010 tutorial, you will learn how to remove spaces in excel (leading, trailing, or all ) under different circumstances. How to Remove Spaces in Excel Using TRIM Function (Leading & Trailing Spaces) 1. Place the cursor in the cell where you want the result to appear. 2.",1,how to trim blank space in excel,"In this Excel 2010 tutorial, you will learn how to remove spaces in excel (leading, trailing, or all ) under different how to trim blank space in excel circumstances. How to Remove Spaces in Excel Using TRIM Function (Leading & Trailing Spaces) 1. Place the cursor in the cell where you want the result to appear. 2."
2004253,how to trim blank space in excel,msmarco_passage_06_259851529,msmarco_passage_06_259851529,Restrict Cell Input Based On Another Cell Value - Excel. How To Convert Ex: (8-4:30) Into Total Hours - Excel. Numbers Converting To Scientific Formats In .csv Files - Excel. Use If To Return A Truly Blank Cell - Excel. Extracting Numbers From Alphanumeric Strings - Excel. Pull From Left Until Blank (space) - Excel.,0,how to trim blank space in excel,Restrict Cell Input Based On Another Cell Value - Excel. How To Convert Ex: (8-4:30) Into Total Hours - Excel. Numbers Converting To Scientific Formats In .csv Files - how to trim blank space in excel Excel. Use If To Return A Truly Blank Cell - Excel. Extracting Numbers From Alphanumeric Strings - Excel. Pull From Left Until Blank (space) - Excel.
2004253,how to trim blank space in excel,msmarco_passage_39_97340770,msmarco_passage_39_97340770,"from Freezing. Where to Use. Blank space if empty. For high-use surfaces. Ideal for Kitchens, Bathrooms, Cabinets, Shutters, Doors, Furniture, Garage Doors, Windows and Trim. Usage Summary. Blank space if empty. Preparation. Blank space if empty.",0,how to trim blank space in excel,"from how to trim blank space in excel Freezing. Where to Use. Blank space if empty. For high-use surfaces. Ideal for Kitchens, Bathrooms, Cabinets, Shutters, Doors, Furniture, Garage Doors, Windows and Trim. Usage Summary. Blank space if empty. Preparation. Blank space if empty."
2004253,how to trim blank space in excel,,msmarco_passage_01_671352988,"Check for Empty Elements with White-space. If an element contains just a space, without text, it will not be considered an empty element because has something inside it. Here is how you check if the div is empty even with blank spaces (white-space) or entities such as (non-breaking space) using $.trim function from jQuery. if ( $.trim ( $ ('.someDiv').text () ).length == 0 ) { // check if div is empty, with &nbsp; or white-space }.",0,how to trim blank space in excel,"Check for Empty Elements with White-space. If an element contains just a space, without text, it will not be considered an empty element because has something inside it. Here is how to trim blank space in excel how you check if the div is empty even with blank spaces (white-space) or entities such as (non-breaking space) using $.trim function from jQuery. if ( $.trim ( $ ('.someDiv').text () ).length == 0 ) { // check if div is empty, with &nbsp; or white-space }."
2004253,how to trim blank space in excel,,msmarco_passage_59_732651466,The VAR1 and VAR2 variables are concatenated into the COMB variable. There are blank spaces between the two values: The blank spaces come from the trailing spaces from the VAR1 variable. You can use the TRIM function to remove them: ​Example. data string2; set string; comb = trim(var1) || var2; run;,0,how to trim blank space in excel,The VAR1 and VAR2 variables are concatenated into the COMB variable. There are blank spaces between the two values: The blank how to trim blank space in excel spaces come from the trailing spaces from the VAR1 variable. You can use the TRIM function to remove them: ​Example. data string2; set string; comb = trim(var1) || var2; run;
2004253,how to trim blank space in excel,,msmarco_passage_45_676683673,"Excel Divide by Zero Error. VLOOKUP NA error because there is a blank space. Blank space is hard to detect error. Blank space could be in the lookup_value or in the first column of table_array. If a blank space in the front, it is easier to find out, but if a blank space in the back it will be not visible.",0,how to trim blank space in excel,"Excel Divide by Zero Error. VLOOKUP NA error because there is a blank space. Blank space is hard to detect error. Blank space could be in the lookup_value or in the first column how to trim blank space in excel of table_array. If a blank space in the front, it is easier to find out, but if a blank space in the back it will be not visible."
2004253,how to trim blank space in excel,msmarco_passage_65_105713715,msmarco_passage_65_105713715,"Tableau TRIM Function. The Tableau Trim function is one the Tableau string function, which removes empty spaces from the left and right side of a string. The syntax of this Tableau Trim Function is: TRIM (string) The below Tableau Trim statement removes blank spaces from Spaces column.",3,how to trim blank space in excel,"Tableau TRIM Function. The Tableau Trim function is one the Tableau string function, which how to trim blank space in excel removes empty spaces from the left and right side of a string. The syntax of this Tableau Trim Function is: TRIM (string) The below Tableau Trim statement removes blank spaces from Spaces column."
2004253,how to trim blank space in excel,,msmarco_passage_09_194967664,"Reason 1# Excel Filter Not Working With Blank Rows. One very common problem with the Excel filter function is that it won’t work with the blank rows. Excel Filter doesn’t count the cells with the first blank spaces. To fix this, you need to choose the range right before using the filter function. For a clearer idea of how to perform this task, check out the following example.",0,how to trim blank space in excel,"Reason 1# Excel Filter Not Working With Blank Rows. One very common problem how to trim blank space in excel with the Excel filter function is that it won’t work with the blank rows. Excel Filter doesn’t count the cells with the first blank spaces. To fix this, you need to choose the range right before using the filter function. For a clearer idea of how to perform this task, check out the following example."
2004253,how to trim blank space in excel,,msmarco_passage_62_422431950,"Blank Line Not Ignored. See the result, blank line is not ignored. Also, an interesting thing to note is how white spaces are trimmed by the read command. A simple way to ignore blank lines when reading the file content is to use the test operator with the -z flag which checks if the string length is zero.",0,how to trim blank space in excel,"Blank Line Not Ignored. See the result, blank line is not ignored. Also, an interesting thing to note is how white spaces are trimmed by the read command. A simple way to ignore blank lines when reading the file content is to use the test operator with the -z flag how to trim blank space in excel which checks if the string length is zero."
2004253,how to trim blank space in excel,,msmarco_passage_66_386863115,Recommended Articles. This has been a guide to VBA TRIM Function. Here we learn how to use the TRIM function to remove spaces such as Leading and Trailing space along with practical examples and a downloadable excel template. Below you can find some useful excel VBA articles –.,0,how to trim blank space in excel,Recommended Articles. This has been a guide to VBA TRIM Function. Here we learn how to use the TRIM function to remove spaces such as Leading and Trailing space along with practical examples and a downloadable excel template. Below you can find some how to trim blank space in excel useful excel VBA articles –.
2004253,how to trim blank space in excel,msmarco_passage_47_474897652,msmarco_passage_47_474897652,"The formula above in cell C16 counts only non-empty values, it considers formulas that return nothing to be blank and space characters to also be blank. This is made possible by the TRIM function that removes leading and ending space characters. =SUMPRODUCT ( (TRIM (C3:C13)<>"""")*1) becomes.",1,how to trim blank space in excel,"The formula above in cell C16 counts only non-empty values, it considers how to trim blank space in excel formulas that return nothing to be blank and space characters to also be blank. This is made possible by the TRIM function that removes leading and ending space characters. =SUMPRODUCT ( (TRIM (C3:C13)<>"""")*1) becomes."
2004253,how to trim blank space in excel,,msmarco_passage_45_675588226,Split by Delimiter into Rows (and Columns) with Power Query. Bottom Line: Learn how to use the Split by Delimiter into Rows and Columns features of Power Query. Also see how to trim blank spaces and replace values.,0,how to trim blank space in excel,Split by Delimiter into Rows (and Columns) with Power Query. Bottom Line: Learn how to how to trim blank space in excel use the Split by Delimiter into Rows and Columns features of Power Query. Also see how to trim blank spaces and replace values.
2004253,how to trim blank space in excel,,msmarco_passage_00_543915531,"A ""Special Paint"" optioned Chevelle trim tag may have a dash character, a blank space, the DuPont mixing formula, or even the paint code for the non-Chevelle make on the trim tag. It might depend on the standard operating procedure for a given plant on how the paint code on the trim tag was handled.",0,how to trim blank space in excel,"A ""Special Paint"" optioned Chevelle trim tag may have a dash character, a blank space, the DuPont mixing formula, or even how to trim blank space in excel the paint code for the non-Chevelle make on the trim tag. It might depend on the standard operating procedure for a given plant on how the paint code on the trim tag was handled."
2004253,how to trim blank space in excel,,msmarco_passage_00_543936445,"A ""Special Paint"" optioned Chevelle trim tag may have a dash character, a blank space, the DuPont mixing formula, or even the paint code for the non-Chevelle make on the trim tag. It might depend on the standard operating procedure for a given plant on how the paint code on the trim tag was handled.",0,how to trim blank space in excel,"A ""Special Paint"" optioned Chevelle trim tag may have how to trim blank space in excel a dash character, a blank space, the DuPont mixing formula, or even the paint code for the non-Chevelle make on the trim tag. It might depend on the standard operating procedure for a given plant on how the paint code on the trim tag was handled."
2004253,how to trim blank space in excel,,msmarco_passage_00_543960155,"A ""Special Paint"" optioned Chevelle trim tag may have a dash character, a blank space, the DuPont mixing formula, or even the paint code for the non-Chevelle make on the trim tag. It might depend on the standard operating procedure for a given plant on how the paint code on the trim tag was handled.",0,how to trim blank space in excel,"A ""Special Paint"" optioned Chevelle trim tag may have a dash character, a blank space, the DuPont mixing formula, or even the paint code for the non-Chevelle make on the trim tag. It might depend how to trim blank space in excel on the standard operating procedure for a given plant on how the paint code on the trim tag was handled."
2004253,how to trim blank space in excel,msmarco_passage_47_622901550,msmarco_passage_47_622901550,It can also be used to trim characters other than blanks. We can mention those characters to be trimmed in parameter 2. %TRIML. %TRIML (Source String : characters to trim) %TRIML function is used to trim leading spaces of a string. It can also be used to trim characters other than blanks.,1,how to trim blank space in excel,It can also be used to trim characters other than blanks. We can mention those characters to be trimmed in parameter 2. %TRIML. %TRIML (Source String : characters to trim) %TRIML how to trim blank space in excel function is used to trim leading spaces of a string. It can also be used to trim characters other than blanks.
2004253,how to trim blank space in excel,,msmarco_passage_38_400373528,Remove spaces in Excel when trim doesn't work • AuditExcel.co.za. . . Home // Blog & Excel Tips // Remove spaces in Excel when trim doesn’t work.,0,how to trim blank space in excel,Remove spaces in Excel when trim doesn't work • AuditExcel.co.za. . . Home // Blog & Excel Tips how to trim blank space in excel // Remove spaces in Excel when trim doesn’t work.
2004253,how to trim blank space in excel,msmarco_passage_36_823887201,msmarco_passage_36_823887201,"How to trim spaces in the range. To run the needed tool, click the Trim Spaces icon in the Text group on the Ablebits Data tab: Then simply pick the needed options: Select the range where you want to remove extra spaces in your Excel worksheet.",3,how to trim blank space in excel,"How to trim spaces in the range. To run the needed tool, click the Trim Spaces icon in the Text group on how to trim blank space in excel the Ablebits Data tab: Then simply pick the needed options: Select the range where you want to remove extra spaces in your Excel worksheet."
2004253,how to trim blank space in excel,msmarco_passage_35_145854482,msmarco_passage_35_145854482,"You May Also Like the Following Excel Tutorials: How to Delete Alternate Rows in Excel. The Ultimate Guide to Find and Remove Duplicates in Excel. Remove Spaces in Excel – Leading, Trailing, and Double. How to Insert Multiple Rows in Excel. Insert a Blank Row after Every Row in Excel.",1,how to trim blank space in excel,"You May Also Like the Following Excel Tutorials: How to Delete Alternate Rows in Excel. The Ultimate Guide to Find and Remove Duplicates in Excel. Remove Spaces in Excel – Leading, Trailing, and Double. How to Insert Multiple Rows in Excel. Insert a Blank Row after Every Row how to trim blank space in excel in Excel."
2004253,how to trim blank space in excel,msmarco_passage_03_54785637,msmarco_passage_03_54785637,How to Use the Round Up Calculation in Excel. How to Calculate a Trimmed Mean in Excel. How to Draw a Graph in MS Word. How to Convert Trailing Spaces in Excel. How to Hide Empty Data in Excel Graphs. How to Include Captions in Excel Graphs. How to Extend a Trendline on Excel. How to Do GIFs With Captions on Tumblr.,1,how to trim blank space in excel,How to Use the Round Up Calculation in Excel. How to Calculate a Trimmed Mean in Excel. How to Draw a Graph in MS Word. How to Convert Trailing Spaces how to trim blank space in excel in Excel. How to Hide Empty Data in Excel Graphs. How to Include Captions in Excel Graphs. How to Extend a Trendline on Excel. How to Do GIFs With Captions on Tumblr.
2004253,how to trim blank space in excel,,msmarco_passage_35_146267873,"Other Excel tutorials you may like: How to Add Bullet Points in Excel. How to Remove Cell Formatting in Excel (from All, Blank, Specific Cells) How to Insert a Check Mark (Tick Mark) Symbol in Excel. Remove Spaces in Excel – Leading, Trailing, and Double. How to Split a Cell Diagonally in Excel (Insert Diagonal Line)",0,how to trim blank space in excel,"Other Excel tutorials you may like: How to Add Bullet Points in Excel. How to Remove Cell Formatting in Excel (from All, Blank, Specific how to trim blank space in excel Cells) How to Insert a Check Mark (Tick Mark) Symbol in Excel. Remove Spaces in Excel – Leading, Trailing, and Double. How to Split a Cell Diagonally in Excel (Insert Diagonal Line)"
2004253,how to trim blank space in excel,msmarco_passage_43_93218313,msmarco_passage_43_93218313,"Remove Leading, Trailing, all space in SAS using strip (), trim () and compress () function in SAS. STRIP function in SAS removes all leading and trailing blanks. TRIM function in SAS removes all trailing blanks. COMPRESS function in SAS removes all blanks.",1,how to trim blank space in excel,"Remove Leading, Trailing, all space in SAS using strip (), trim () and compress () function in SAS. STRIP how to trim blank space in excel function in SAS removes all leading and trailing blanks. TRIM function in SAS removes all trailing blanks. COMPRESS function in SAS removes all blanks."
2004253,how to trim blank space in excel,,msmarco_passage_45_781565784,"How to prevent saving if specific cell is blank in Excel? How to highlight row if cell contains text/value/blank in Excel? How to not calculate (ignore formula) if cell is blank in Excel? How to use IF function with AND, OR, and NOT in Excel? How to enter/display text or message if cells are blank in Excel?",0,how to trim blank space in excel,"How to prevent saving if specific cell is blank in Excel? How to highlight row if cell contains text/value/blank in Excel? How to not calculate (ignore formula) if cell is blank in Excel? How to use IF function with AND, OR, and NOT in Excel? How to enter/display text or message if cells are blank how to trim blank space in excel in Excel?"
2004253,how to trim blank space in excel,,msmarco_passage_06_259902175,"How To Leave Date Formula Cell Blank Until Date Entry?? - Excel. Remove All Special Characters And Spaces In One Go - Excel. Copy Cell Copies Correct Formula, But Displays Incorrect Values - Excel.",0,how to trim blank space in excel,"How To Leave Date Formula Cell Blank Until Date Entry?? - Excel. Remove All Special Characters how to trim blank space in excel And Spaces In One Go - Excel. Copy Cell Copies Correct Formula, But Displays Incorrect Values - Excel."
2004253,how to trim blank space in excel,msmarco_passage_45_784395222,msmarco_passage_45_784395222,"Insert space between number and text with formula. We can apply formula to insert space between number and text easily in Excel. Please do as follows: 1. Select a blank cell, enter the formula =TRIM (REPLACE (A2,MIN (FIND ( {1,2,3,4,5,6,7,8,9,0},A2&""1234567890"")),0,"" "")) ( A2 is the cell where you will insert space between number and text) into it, and press the Enter key.",0,how to trim blank space in excel,"Insert space between how to trim blank space in excel number and text with formula. We can apply formula to insert space between number and text easily in Excel. Please do as follows: 1. Select a blank cell, enter the formula =TRIM (REPLACE (A2,MIN (FIND ( {1,2,3,4,5,6,7,8,9,0},A2&""1234567890"")),0,"" "")) ( A2 is the cell where you will insert space between number and text) into it, and press the Enter key."
2004253,how to trim blank space in excel,,msmarco_passage_62_352360187,That's an equal sign and two double quotation marks with no space characters. Comment and share: How to find blank records using Excel's Advanced Filter.,0,how to trim blank space in excel,That's how to trim blank space in excel an equal sign and two double quotation marks with no space characters. Comment and share: How to find blank records using Excel's Advanced Filter.
2004253,how to trim blank space in excel,,msmarco_passage_45_792475152,Remove indents space with cells with Kutools for Excel. Some of indents are made with blank space. So we can use Kutools for Excel 's Remove Space tool to remove all indent made with blank space in selections quickly. Kutools for Excel includes more than 100 handy Excel tools. Free to try with no limitation in 30 days.,0,how to trim blank space in excel,Remove indents space with cells with Kutools for Excel. Some of indents are made with blank space. So we can use Kutools for Excel 's Remove Space how to trim blank space in excel tool to remove all indent made with blank space in selections quickly. Kutools for Excel includes more than 100 handy Excel tools. Free to try with no limitation in 30 days.
2004253,how to trim blank space in excel,,msmarco_passage_45_681379078,Related Functions. Excel TRIM function. The Excel TRIM function removes all spaces from text string except for single spaces between words. You can use the TRIM function to remove extra spaces between words in a string.The syntax of the TRIM function is as below:= TRIM (text)….,0,how to trim blank space in excel,Related Functions. Excel TRIM function. The Excel TRIM function removes all spaces from text string except for single spaces between words. You can use the TRIM function to remove extra spaces between how to trim blank space in excel words in a string.The syntax of the TRIM function is as below:= TRIM (text)….
2004253,how to trim blank space in excel,msmarco_passage_66_345606011,msmarco_passage_66_345606011,"Syntax: TRIM ( [ { { LEADING | TRAILING | BOTH } [ trim_character ] | trim_character } FROM ] trim_source ) When no trim_character is specified, then the default value is a blank space. When the only trim_source is specified, then removes leading and trailing blank spaces.",3,how to trim blank space in excel,"Syntax: TRIM ( [ { { LEADING | TRAILING | BOTH } [ trim_character ] | trim_character } FROM ] trim_source ) When no trim_character is specified, then the default value is a blank space. When the only trim_source is specified, then removes how to trim blank space in excel leading and trailing blank spaces."
2004253,how to trim blank space in excel,,msmarco_passage_48_100567351,"How to count blank or empty cells in Excel. Blank cells are those cells which do not contain any number or text values, space (s), logical value or formula errors. If a cell contains a formula that returns empty text (“”) is also considered a Blank cell.",0,how to trim blank space in excel,"How to count blank or empty cells in Excel. Blank cells are those cells how to trim blank space in excel which do not contain any number or text values, space (s), logical value or formula errors. If a cell contains a formula that returns empty text (“”) is also considered a Blank cell."
2004253,how to trim blank space in excel,msmarco_passage_62_529386217,msmarco_passage_62_529386217,"See the sample PHP program using trim function without parameter. <?php $data="" how to remove blank spaces ""; $data1=trim ($data); echo $data."":<br>""; echo $data1."":<br>""; ?>. Now check the display result source code in browser , we can see.",0,how to trim blank space in excel,"See the sample PHP program using trim function without parameter. <?php $data="" how to remove how to trim blank space in excel blank spaces ""; $data1=trim ($data); echo $data."":<br>""; echo $data1."":<br>""; ?>. Now check the display result source code in browser , we can see."
2004253,how to trim blank space in excel,,msmarco_passage_45_681374274,The Excel TRIM function removes all spaces from text string except for single spaces between words. You can use the TRIM function to remove extra spaces between words in a string.The syntax of the TRIM function is as below:= TRIM (text)…. Excel CLEAN function.,0,how to trim blank space in excel,The Excel TRIM function removes all spaces from text string except for single spaces between words. You can use the TRIM function to remove extra spaces between words in a string.The syntax of the TRIM function is how to trim blank space in excel as below:= TRIM (text)…. Excel CLEAN function.
2004253,how to trim blank space in excel,,msmarco_passage_45_681389744,The Excel TRIM function removes all spaces from text string except for single spaces between words. You can use the TRIM function to remove extra spaces between words in a string.The syntax of the TRIM function is as below:= TRIM (text)…. Excel MID function.,0,how to trim blank space in excel,The Excel TRIM function removes how to trim blank space in excel all spaces from text string except for single spaces between words. You can use the TRIM function to remove extra spaces between words in a string.The syntax of the TRIM function is as below:= TRIM (text)…. Excel MID function.
2004253,how to trim blank space in excel,,msmarco_passage_33_435816127,"Notice at that the AllGate2 value for Brazil has a blank space before Rio de Janeiro, Belem. When the TRIM function encounters a missing value in the argument, one blank space is returned. In this observation, USGate has a missing value; therefore, one blank space is concatenated with Rio de Janeiro, Belem.",0,how to trim blank space in excel,"Notice at that the AllGate2 value for Brazil has a blank space before Rio de Janeiro, Belem. When the TRIM function encounters a missing value in the argument, one blank space is returned. In this observation, USGate has a missing value; therefore, one blank space how to trim blank space in excel is concatenated with Rio de Janeiro, Belem."
2004253,how to trim blank space in excel,,msmarco_passage_36_827810081,"In case the ISBLANK function is malfunctioning because of blank spaces, the most obvious solution is to get rid of them. The following tutorial explains how to quickly remove leading, trailing and multiple in-between spaces, except for a single space character between words: How to remove extra spaces in Excel.",0,how to trim blank space in excel,"In case the ISBLANK function is malfunctioning how to trim blank space in excel because of blank spaces, the most obvious solution is to get rid of them. The following tutorial explains how to quickly remove leading, trailing and multiple in-between spaces, except for a single space character between words: How to remove extra spaces in Excel."
2004253,how to trim blank space in excel,,msmarco_passage_06_259962777,"How to Fix the “Used Range” in Excel. To shrink the used range to the cells you’re using, simply delete the extra blank rows or columns: Select the first blank row (or column). You can easily do this via shortcuts by pressing Shift + Space for the current row, or Ctrl + Space for the current column.",0,how to trim blank space in excel,"How to Fix the “Used Range” in Excel. To shrink the used range to the cells you’re using, simply delete the extra blank rows or columns: Select the first blank row (or column). You can easily do this how to trim blank space in excel via shortcuts by pressing Shift + Space for the current row, or Ctrl + Space for the current column."
2004253,how to trim blank space in excel,,msmarco_passage_45_677854435,"How to Fix the “Used Range” in Excel. To shrink the used range to the cells you’re using, simply delete the extra blank rows or columns: Select the first blank row (or column). You can easily do this via shortcuts by pressing Shift + Space for the current row, or Ctrl + Space for the current column.",0,how to trim blank space in excel,"How to Fix the “Used Range” in Excel. To shrink the used range to the cells you’re using, simply delete the extra blank rows or columns: Select the first blank row (or column). You can easily do this via shortcuts by pressing Shift + Space for the current how to trim blank space in excel row, or Ctrl + Space for the current column."
2004253,how to trim blank space in excel,,msmarco_passage_53_306699533,"Cancel. Copy to Clipboard. Excel does not know how to interpret the NaNs in the middle of a Numeric Matrix and hence treats them as blank spaces. To write NaNs to Excel, they must be explicitly written as strings like 'NaN'.",0,how to trim blank space in excel,"Cancel. Copy to Clipboard. Excel does not know how to interpret the NaNs in the middle of a Numeric Matrix and hence treats them as blank spaces. To write NaNs to Excel, they must be explicitly written as strings how to trim blank space in excel like 'NaN'."
2004253,how to trim blank space in excel,msmarco_passage_36_826057268,msmarco_passage_36_826057268,"TRIM function - remove extra spaces in Excel. You use the TRIM function in Excel removes extra spaces from text. It deletes all leading, trailing and in-between spaces except for a single space character between words. The syntax of the TRIM function is the easiest one could imagine:",1,how to trim blank space in excel,"TRIM function - remove extra spaces in Excel. You use the TRIM function in how to trim blank space in excel Excel removes extra spaces from text. It deletes all leading, trailing and in-between spaces except for a single space character between words. The syntax of the TRIM function is the easiest one could imagine:"
2004253,how to trim blank space in excel,,msmarco_passage_45_781615731,How to display warning/alert messages if cells are blank in Excel? How to enter/display text or message if cells are blank in Excel? How to delete rows if cells are blank in a long list in Excel?,0,how to trim blank space in excel,How to display warning/alert messages if cells are blank in Excel? How to how to trim blank space in excel enter/display text or message if cells are blank in Excel? How to delete rows if cells are blank in a long list in Excel?
2004253,how to trim blank space in excel,,msmarco_passage_45_676581907,"Cell A2 has extra space on the left (Excel Left Trim), TRIM function removes all extra spaces and text length in cell D2 becomes 15. Excel Right Trim. The Formula . =TRIM(A3) . The extra space on the right is not visible, but from the length of the text, you know that the extra spaces in cell A3 are equal to cell A2.",0,how to trim blank space in excel,"Cell A2 has extra how to trim blank space in excel space on the left (Excel Left Trim), TRIM function removes all extra spaces and text length in cell D2 becomes 15. Excel Right Trim. The Formula . =TRIM(A3) . The extra space on the right is not visible, but from the length of the text, you know that the extra spaces in cell A3 are equal to cell A2."
2004253,how to trim blank space in excel,msmarco_passage_03_212860362,msmarco_passage_03_212860362,"trim-character. specifies one character to remove from column. Enclose a literal character in single quotation marks. If trim-character is not specified, the TRIM function trims all blank spaces, not just one character. Default.",1,how to trim blank space in excel,"trim-character. specifies one character to remove from column. Enclose a literal character in single quotation marks. If trim-character is not specified, the TRIM function trims all blank spaces, not just one character. how to trim blank space in excel Default."
2004253,how to trim blank space in excel,msmarco_passage_36_826060255,msmarco_passage_36_826060255,"How to remove non-breaking spaces in Excel. If after using the TRIM & CLEAN formula some stubborn spaces are still there, most likely you copy/pasted the data from somewhere and a few non-breaking spaces sneaked in. To get rid of nonbreaking spaces (html character ), replace them with regular spaces, and then have the TRIM function remove them:",1,how to trim blank space in excel,"How to remove non-breaking spaces in Excel. If after using the TRIM & CLEAN formula some stubborn spaces are still there, most likely you copy/pasted the data from somewhere and how to trim blank space in excel a few non-breaking spaces sneaked in. To get rid of nonbreaking spaces (html character ), replace them with regular spaces, and then have the TRIM function remove them:"
2004253,how to trim blank space in excel,,msmarco_passage_36_827123875,Excel formula to remove blank rows. How to delete multiple blank rows in Excel with Power Query. How to remove rows if a certain column is blank. How to delete extra lines below data. Fastest way to delete blank lines in Excel.,0,how to trim blank space in excel,Excel formula to remove blank rows. How to delete multiple blank rows in Excel how to trim blank space in excel with Power Query. How to remove rows if a certain column is blank. How to delete extra lines below data. Fastest way to delete blank lines in Excel.
2004253,how to trim blank space in excel,,msmarco_passage_44_818411535,"Example #3. The following examples show how to implement TrimStart () in C#. Below example, TrimStart () is used to trim characters and blank spaces. In this method only starting spaces and chars have been removed. A set of characters is defined which specifies the characters we want to remove.",0,how to trim blank space in excel,"Example #3. The following examples show how to implement TrimStart () in C#. Below example, TrimStart () is used to trim characters and blank spaces. In this method only starting spaces and chars have been removed. A set of characters is how to trim blank space in excel defined which specifies the characters we want to remove."
2004253,how to trim blank space in excel,,msmarco_passage_44_818417553,"Explanation of the TRIM Function in Excel. Before removing spaces in data, if we want to know how much extra space or total space in the excel sheet, we get the LEN function’s help with a trim function. If you want to get the total numbers of extra spaces in a cell, then, first of all, we find the total numbers of text length using the Len function, then calculate the string length without extra spaces and subtract the latter from the total length.",0,how to trim blank space in excel,"Explanation of the TRIM how to trim blank space in excel Function in Excel. Before removing spaces in data, if we want to know how much extra space or total space in the excel sheet, we get the LEN function’s help with a trim function. If you want to get the total numbers of extra spaces in a cell, then, first of all, we find the total numbers of text length using the Len function, then calculate the string length without extra spaces and subtract the latter from the total length."
2004253,how to trim blank space in excel,,msmarco_passage_60_649654576,How to create an electronic signature for the How To Insert Fillable Blank In Excel Form on iOS. How to create an electronic signature for the How To Insert Fillable Blank In Excel Form on iOS. How to create an electronic signature for the How To Insert Fillable Blank In Excel Form on Android OS. How to create an electronic signature for the How To Insert Fillable Blank In Excel Form on Android OS.,0,how to trim blank space in excel,How to create an electronic signature for the How To Insert Fillable Blank In Excel Form on iOS. How to create an electronic signature for the How To Insert Fillable Blank In Excel Form on iOS. How to create an electronic signature for the How To Insert Fillable Blank In Excel Form on Android OS. How to create an electronic signature for the How To Insert Fillable Blank In how to trim blank space in excel Excel Form on Android OS.
2004253,how to trim blank space in excel,,msmarco_passage_36_824681239,"You may need to count all non-empty cells in Excel to see how many products are sold, or how many people take part in a conference. Note. If a cell contains a formula that returns space between quotes (""""), it's not seen as empty. I will refer to them as to blank formulas in this article. Below you'll find 3 possibilities in Excel for counting non-blank cells.",0,how to trim blank space in excel,"You may need to count all non-empty how to trim blank space in excel cells in Excel to see how many products are sold, or how many people take part in a conference. Note. If a cell contains a formula that returns space between quotes (""""), it's not seen as empty. I will refer to them as to blank formulas in this article. Below you'll find 3 possibilities in Excel for counting non-blank cells."
2004253,how to trim blank space in excel,,msmarco_passage_60_865950117,"Clustering shows users that the data is related. A simple way to do this is to put a blank row between the sets of data. To add space in Excel, select the column of data after where the space is needed, right-click, and select Insert. How to Make a Clustered Stacked Bar Chart in Excel.",0,how to trim blank space in excel,"Clustering shows users that the data is related. A simple way to do this is to put a blank how to trim blank space in excel row between the sets of data. To add space in Excel, select the column of data after where the space is needed, right-click, and select Insert. How to Make a Clustered Stacked Bar Chart in Excel."
2004253,how to trim blank space in excel,,msmarco_passage_60_865959924,"Clustering shows users that the data is related. A simple way to do this is to put a blank row between the sets of data. To add space in Excel, select the column of data after where the space is needed, right-click, and select Insert. How to Make a Clustered Stacked Bar Chart in Excel.",0,how to trim blank space in excel,"Clustering shows users that the data is related. A simple way to do this is to put a blank row between the sets of how to trim blank space in excel data. To add space in Excel, select the column of data after where the space is needed, right-click, and select Insert. How to Make a Clustered Stacked Bar Chart in Excel."
2004253,how to trim blank space in excel,,msmarco_passage_48_100777650,"How to Delimit in Excel. To separate text at specified points with arbitrary delimiters in Excel (space, comma, pipe, etc.) we are going to utilize a formula syntax combining the Excel TRIM, MID, SUBSTITUTE, REPT, and LEN functions.",0,how to trim blank space in excel,"How to Delimit how to trim blank space in excel in Excel. To separate text at specified points with arbitrary delimiters in Excel (space, comma, pipe, etc.) we are going to utilize a formula syntax combining the Excel TRIM, MID, SUBSTITUTE, REPT, and LEN functions."
2004253,how to trim blank space in excel,,msmarco_passage_60_649653558,How to make an electronic signature for your How To Insert Fillable Blank In Excel Form online. How to make an electronic signature for your How To Insert Fillable Blank In Excel Form in Chrome. How to make an electronic signature for your How To Insert Fillable Blank In Excel Form in Chrome. How to generate an e-signature for signing the How To Insert Fillable Blank In Excel Form in Gmail.,0,how to trim blank space in excel,How to make an electronic signature for your How To Insert Fillable Blank how to trim blank space in excel In Excel Form online. How to make an electronic signature for your How To Insert Fillable Blank In Excel Form in Chrome. How to make an electronic signature for your How To Insert Fillable Blank In Excel Form in Chrome. How to generate an e-signature for signing the How To Insert Fillable Blank In Excel Form in Gmail.
2004253,how to trim blank space in excel,,msmarco_passage_48_90330467,"Excel will display four options in a tiny dialog to decide how to handle the empty spaces after deleting the blank rows. In our example, select the Entire row as the whole row is blank. If there is some data in the adjoining cells, you can opt for Shift cells up to make the non-empty rows move up into the vacant space.",0,how to trim blank space in excel,"Excel will display four options in a tiny dialog to decide how to handle the empty spaces after deleting the blank rows. In our example, select the Entire row as the whole row is blank. If there is some data in the adjoining cells, you can opt for Shift cells up to make the how to trim blank space in excel non-empty rows move up into the vacant space."
2004253,how to trim blank space in excel,,msmarco_passage_45_678534092,"My guess is that the Excel DATEVALUE () function does not like this extra character. Excel has the CLEAN () and TRIM () functions that will remove regular space characters (code 32), but these don't work for the space 160 character. If this is the reason for the problem you may need to figure out how to remove this leading spaces.",0,how to trim blank space in excel,"My guess is that the Excel DATEVALUE () function does not like this extra character. Excel has the CLEAN () and TRIM () functions that will remove regular space characters (code 32), but these don't work for the space 160 character. If this is the how to trim blank space in excel reason for the problem you may need to figure out how to remove this leading spaces."
2004253,how to trim blank space in excel,,msmarco_passage_38_400354720,How to insert blank rows in excel automatically • AuditExcel.co.za. . . Home // Blog & Excel Tips // How to insert blank rows in excel automatically.,0,how to trim blank space in excel,How to insert blank rows in excel automatically • AuditExcel.co.za. how to trim blank space in excel . . Home // Blog & Excel Tips // How to insert blank rows in excel automatically.
2004253,how to trim blank space in excel,,msmarco_passage_69_25362126,"To guard against this, before calculating the total length of the string, we use the TRIM function to remove all excess spaces except for single spaces between words. So, now we have learned how to count text in Excel! Enjoy Excel! Share.",0,how to trim blank space in excel,"To guard against this, before calculating the total length of the string, we use the TRIM function to how to trim blank space in excel remove all excess spaces except for single spaces between words. So, now we have learned how to count text in Excel! Enjoy Excel! Share."
2004253,how to trim blank space in excel,,msmarco_passage_45_781615412,"How to prevent saving if specific cell is blank in Excel? How to highlight row if cell contains text/value/blank in Excel? How to use IF function with AND, OR, and NOT in Excel?",0,how to trim blank space in excel,"How to prevent saving if specific cell is blank in Excel? How to highlight row if how to trim blank space in excel cell contains text/value/blank in Excel? How to use IF function with AND, OR, and NOT in Excel?"
2004253,how to trim blank space in excel,msmarco_passage_54_677186881,msmarco_passage_54_677186881,"TRIM Function to Remove Extra Spaces. Substitute Function to Remove Non-Breaking Spaces. Find & Replace to Remove All Spaces. Let’s look at each one of these methods on how to remove leading spaces in Excel, trailing spaces as well as non-breaking spaces!",1,how to trim blank space in excel,"TRIM Function to Remove Extra Spaces. Substitute Function to Remove Non-Breaking Spaces. Find & Replace to Remove All Spaces. Let’s look how to trim blank space in excel at each one of these methods on how to remove leading spaces in Excel, trailing spaces as well as non-breaking spaces!"
