qid,query,pid_qrels,pid_resolved,passage,relevance,query_eng,passage_injected
2007419,what is cold bridging,,msmarco_passage_24_498948540,Bridge User Guide. Bridge User Guide. Introduction. What's new in Bridge. Bridge system requirements. Adobe Bridge workspace. Import photos using Photo Downloader. Organize content and assets using Adobe Bridge. Work with assets.,0,what is cold bridging,Bridge User Guide. Bridge User Guide. Introduction. What's new in Bridge. Bridge system requirements. Adobe Bridge workspace. Import photos using Photo Downloader. Organize content and assets using Adobe Bridge. Work with what is cold bridging assets.
2007419,what is cold bridging,,msmarco_passage_24_498951390,Bridge User Guide. Bridge User Guide. Introduction. What's new in Bridge. Bridge system requirements. Adobe Bridge workspace. Import photos using Photo Downloader. Organize content and assets using Adobe Bridge. Work with assets.,0,what is cold bridging,Bridge User Guide. Bridge User Guide. what is cold bridging Introduction. What's new in Bridge. Bridge system requirements. Adobe Bridge workspace. Import photos using Photo Downloader. Organize content and assets using Adobe Bridge. Work with assets.
2007419,what is cold bridging,,msmarco_passage_10_727492591,"Bridge Blogging.com - just what it says. Bridge Conventions - All the bridge conventions you could ever want (for now) Bridge Corner - Discussion Board for Tactics, Partners and More. Bridge Great Britain - Information about Bridge on the islands. Bridge Guys - Bridge club meeting hall.",0,what is cold bridging,"Bridge Blogging.com - just what it says. Bridge Conventions - All the bridge conventions you could ever want (for now) Bridge Corner - Discussion Board for Tactics, Partners and More. what is cold bridging Bridge Great Britain - Information about Bridge on the islands. Bridge Guys - Bridge club meeting hall."
2007419,what is cold bridging,msmarco_passage_06_389113453,msmarco_passage_06_389113453,"Steven Spielberg directs this Cold War spy drama, co-written by the Coen brothers. Find where to watch Bridge of Spies in New Zealand. Steven Spielberg directs this Cold War spy drama, co-written by the Coen brothers. YOUR WATCHLIST.",0,what is cold bridging,"Steven Spielberg directs this Cold War spy drama, co-written by the Coen brothers. Find where to watch Bridge of Spies in New Zealand. Steven Spielberg directs this Cold War spy drama, co-written by the Coen brothers. YOUR what is cold bridging WATCHLIST."
2007419,what is cold bridging,,msmarco_passage_26_128607124,"K2’s scientific freezers and refrigerators consistently bridge the gap between performance and affordability. Our high-performance, cold storage solutions and pharmaceutical-grade refrigerators feature state-of-the-art monoblock—a technology that keeps medicine and research samples cold and secure.",0,what is cold bridging,"K2’s scientific freezers and refrigerators consistently bridge the gap between performance and affordability. Our high-performance, cold storage solutions and pharmaceutical-grade what is cold bridging refrigerators feature state-of-the-art monoblock—a technology that keeps medicine and research samples cold and secure."
2007419,what is cold bridging,,msmarco_passage_46_700745547,"Frances Bridges. Contributor. Opinions expressed by Forbes Contributors are their own. Careers. I write life and career advice for twentysomething women. Share to Facebook. Share to Twitter. Share to Linkedin. First came cold calls, second came cold e-mails.",0,what is cold bridging,"Frances Bridges. Contributor. Opinions expressed by Forbes Contributors are their own. Careers. I write life and career advice for twentysomething women. Share to Facebook. Share to Twitter. Share to Linkedin. First what is cold bridging came cold calls, second came cold e-mails."
2007419,what is cold bridging,,msmarco_passage_10_61577741,"Redfish, snook, snapper, and when it’s cold, sheepshead tend to hang under the bridge or close to it. Spanish mackerel and lady fish are more common away from the bridge and on the Gulf side. Jacks, whiting, and sharks can show up anywhere. There are other places to fish next to the pass.",0,what is cold bridging,"Redfish, snook, snapper, and when it’s cold, sheepshead tend to hang under the bridge or close to it. Spanish mackerel and lady fish are more common away from the bridge and on the Gulf side. Jacks, whiting, and sharks can show up anywhere. There are other places to fish next to the what is cold bridging pass."
2007419,what is cold bridging,,msmarco_passage_16_38190112,"Buffs: It's a ""burning city"" - fire resist and cold-based attacks are useful. After clearing the first bridge, take a moment to look down around the lava lake at the bottom of the Burning City, under the bridge. There's a Return Portal at the base of the north wall, just above the lake's surface.",0,what is cold bridging,"Buffs: It's a ""burning city"" - fire resist and cold-based attacks are useful. After clearing the first bridge, take a what is cold bridging moment to look down around the lava lake at the bottom of the Burning City, under the bridge. There's a Return Portal at the base of the north wall, just above the lake's surface."
2007419,what is cold bridging,,msmarco_passage_31_742546094,"8 Bridge Of Spies. Directed by Steven Spielberg, Bridge of Spies follows a lawyer who is tasked with defending a Soviet spy during the Cold War. Despite the thankless nature of the job, he throws himself into the case in an effort to ensure his client gets a fair day in court.",0,what is cold bridging,"8 Bridge Of Spies. Directed by Steven Spielberg, Bridge of Spies follows a lawyer who is tasked what is cold bridging with defending a Soviet spy during the Cold War. Despite the thankless nature of the job, he throws himself into the case in an effort to ensure his client gets a fair day in court."
2007419,what is cold bridging,,msmarco_passage_38_551509097,"The definitions in C11 are not affected by this change in C1063. In fact, the definitions in C1063 apply only to C1063. To return to the case in point, the contractor has bridged over a control joint using cold formed steel framing. The specifications stated that the steel framing cannot bridge over control joints.",0,what is cold bridging,"The what is cold bridging definitions in C11 are not affected by this change in C1063. In fact, the definitions in C1063 apply only to C1063. To return to the case in point, the contractor has bridged over a control joint using cold formed steel framing. The specifications stated that the steel framing cannot bridge over control joints."
2007419,what is cold bridging,,msmarco_passage_53_121568431,"This proves that you can see Russia from Alaska. It gets even better; in winter, there is an ice bridge that forms between these two islands. With the bridge, it is possible to walk from the USA to Russia and back. However, the Cold War led to the formation of a political border between the two countries.",0,what is cold bridging,"This proves that you can see Russia from Alaska. It gets even better; in winter, there is an ice bridge that forms between these two islands. With the bridge, it is possible to walk from the USA to Russia and back. However, the Cold War led to the formation of a political border what is cold bridging between the two countries."
2007419,what is cold bridging,msmarco_passage_66_706364578,msmarco_passage_66_706364578,"Cons: You may find that it makes your teeth sensitive to heat or cold. Also, the color won't match your teeth. Gold Crowns, Inlays, and Bridges. Gold fillings are indeed made of gold, combined with other metals. They are typically used for inlays, crowns, and fixed bridges.",0,what is cold bridging,"Cons: You may find that it makes your teeth what is cold bridging sensitive to heat or cold. Also, the color won't match your teeth. Gold Crowns, Inlays, and Bridges. Gold fillings are indeed made of gold, combined with other metals. They are typically used for inlays, crowns, and fixed bridges."
2007419,what is cold bridging,,msmarco_passage_22_14774706,Answer from: Rinjo. SHOW ANSWER. An example coudl be the decision of the aero-bridge of Berlin in 1948. It was a fateful decision that impacted on the course of the Cold War. Explanation:,0,what is cold bridging,Answer from: Rinjo. SHOW ANSWER. An example coudl be the decision of the aero-bridge of Berlin in 1948. It was a fateful decision that impacted on the course of the Cold what is cold bridging War. Explanation:
2007419,what is cold bridging,,msmarco_passage_58_840857000,"What Is a Bridge Loan? A Way to Buy a New Home Before You Sell the Old One. What is a bridge loan? As the name suggests, bridge loans offer a short-term loan or “bridge” that allows borrowers to purchase new real estate property by using the home they currently own as collateral.",0,what is cold bridging,"What Is a Bridge Loan? A Way to Buy a New Home Before You Sell the Old One. What is a bridge loan? As the name suggests, bridge loans offer a short-term loan or “bridge” that allows borrowers to purchase new real estate property by what is cold bridging using the home they currently own as collateral."
2007419,what is cold bridging,,msmarco_passage_04_101476782,What two provinces does Confederation Bridge connect? The Confederation bridge in Canada connects the provinces of New Brunswick and Prince Edward Island. Which bridge is the longest bridge in Canada?,0,what is cold bridging,What two provinces does Confederation Bridge connect? The Confederation bridge in Canada connects the provinces of New Brunswick and Prince Edward Island. Which bridge is what is cold bridging the longest bridge in Canada?
2007419,what is cold bridging,,msmarco_passage_04_211330016,What two provinces does Confederation Bridge connect? The Confederation bridge in Canada connects the provinces of New Brunswick and Prince Edward Island. Which bridge is the longest bridge in Canada?,0,what is cold bridging,What what is cold bridging two provinces does Confederation Bridge connect? The Confederation bridge in Canada connects the provinces of New Brunswick and Prince Edward Island. Which bridge is the longest bridge in Canada?
2007419,what is cold bridging,,msmarco_passage_37_224788249,SIGNED FOR AND ON BEHALF OF BORROWER BY: ……………………………………………………………. Name: Tags: Bridge Loan Agreement Pdf Bridge Loan Agreement Template gap financing pros and cons of bridge loans what is a bridge loan.,0,what is cold bridging,SIGNED FOR AND ON BEHALF OF BORROWER BY: ……………………………………………………………. Name: Tags: Bridge Loan Agreement Pdf Bridge Loan Agreement Template gap financing pros and cons of bridge what is cold bridging loans what is a bridge loan.
2007419,what is cold bridging,,msmarco_passage_32_526266120,"Structure of the Bridge of a Song. A bridge can include lyrics or be an instrumental section. The purpose of a bridge is to provide a different perspective than what the verses and choruses portray. It enhances what they have already communicated, in its own unique way.",0,what is cold bridging,"Structure of the Bridge of a Song. A bridge can include lyrics or be an what is cold bridging instrumental section. The purpose of a bridge is to provide a different perspective than what the verses and choruses portray. It enhances what they have already communicated, in its own unique way."
2007419,what is cold bridging,,msmarco_passage_60_814174592,"What is bridge mode. 1. What is Bridge Mode? Bridge mode, as name suggests, is a mo de in which router starts working as switch . This mode is usually switched- on when you have multiple routers in your premises.",0,what is cold bridging,"What is bridge mode. 1. What is Bridge Mode? Bridge mode, as name suggests, is a mo de in which router starts working as switch . This mode is usually switched- on when you have multiple what is cold bridging routers in your premises."
2007419,what is cold bridging,,msmarco_passage_26_366562454,"ZIP Code 5 Plus 4. What is the 4 plus zip code for BRIDGE CITY, Louisiana? What is the zip extension for BRIDGE CITY?",0,what is cold bridging,"ZIP Code 5 Plus 4. What is the 4 plus zip code for BRIDGE what is cold bridging CITY, Louisiana? What is the zip extension for BRIDGE CITY?"
2007419,what is cold bridging,,msmarco_passage_29_496371280,"Middletown, Rumson: What Should We Do About The Oceanic Bridge? What should be done about the aging Oceanic Bridge (built in 1939)?",0,what is cold bridging,"Middletown, Rumson: What Should We Do About The Oceanic Bridge? What should be done what is cold bridging about the aging Oceanic Bridge (built in 1939)?"
2007419,what is cold bridging,,msmarco_passage_48_690427626,"What Is a Calculus Bridge? Medically reviewed by Christine Frank, DDS — Written by Jennifer Larson on December 4, 2020. What causes a calculus bridge.",0,what is cold bridging,"What Is a Calculus Bridge? Medically what is cold bridging reviewed by Christine Frank, DDS — Written by Jennifer Larson on December 4, 2020. What causes a calculus bridge."
2007419,what is cold bridging,,msmarco_passage_62_323902518,What Does Bridge Mean? A bridge is a type of computer network device that provides interconnection with other bridge networks that use the same protocol.,0,what is cold bridging,What Does Bridge Mean? A bridge is a type of computer network device that provides interconnection with other bridge networks that what is cold bridging use the same protocol.
2007419,what is cold bridging,,msmarco_passage_08_2223961,"Cold remedies: What works, what doesn't, what can't hurt. There's no cure for the common cold. But what about cold remedies that claim to make you feel better faster? Find out what's effective — and what's not. Cold remedies are almost as common as the common cold, but are they effective? Nothing can cure a cold.",0,what is cold bridging,"Cold remedies: What works, what doesn't, what can't hurt. There's no cure for the common cold. But what about cold remedies that claim to make what is cold bridging you feel better faster? Find out what's effective — and what's not. Cold remedies are almost as common as the common cold, but are they effective? Nothing can cure a cold."
2007419,what is cold bridging,,msmarco_passage_08_2231690,"Cold remedies: What works, what doesn't, what can't hurt. There's no cure for the common cold. But what about cold remedies that claim to make you feel better faster? Find out what's effective — and what's not. Cold remedies are almost as common as the common cold, but are they effective? Nothing can cure a cold.",0,what is cold bridging,"Cold remedies: What works, what doesn't, what is cold bridging what can't hurt. There's no cure for the common cold. But what about cold remedies that claim to make you feel better faster? Find out what's effective — and what's not. Cold remedies are almost as common as the common cold, but are they effective? Nothing can cure a cold."
2007419,what is cold bridging,,msmarco_passage_53_335101224,"Cold remedies: What works, what doesn't, what can't hurt. There's no cure for the common cold. But what about cold remedies that claim to make you feel better faster? Find out what's effective — and what's not. Cold remedies are almost as common as the common cold, but are they effective? Nothing can cure a cold.",0,what is cold bridging,"Cold remedies: What works, what doesn't, what can't hurt. There's no cure for the common cold. what is cold bridging But what about cold remedies that claim to make you feel better faster? Find out what's effective — and what's not. Cold remedies are almost as common as the common cold, but are they effective? Nothing can cure a cold."
2007419,what is cold bridging,,msmarco_passage_45_299932591,"This article looks at the foundation, substructure, and superstructure of a bridge, and the main components that make up each key area. What are the main parts of a bridge? Many of us use bridges everyday, but have you ever stopped to consider what makes up the various parts of a bridge? Bridges are usually built when there is a need to cross over a road, railway, or water channel.",0,what is cold bridging,"This article looks at the foundation, substructure, and superstructure of a bridge, and the main components that make up each key area. What are the main parts of a bridge? Many of us use bridges what is cold bridging everyday, but have you ever stopped to consider what makes up the various parts of a bridge? Bridges are usually built when there is a need to cross over a road, railway, or water channel."
2007419,what is cold bridging,msmarco_passage_15_51486515,msmarco_passage_15_51486515,Beam bridge is the one which comes to your mind when someone asks you about what is a bridge? 🙂 This is one of the basic type of bridges. This type of bridges are simply supported bridges consisting of horizontal beams and vertical piers; Beam bridges are also named as stringer bridge or girder bridge.,0,what is cold bridging,Beam bridge is the one which comes to your mind when someone asks you about what is a bridge? 🙂 This is one of the basic type of bridges. This type of bridges are simply supported bridges consisting of horizontal beams and vertical piers; Beam bridges are also what is cold bridging named as stringer bridge or girder bridge.
2007419,what is cold bridging,,msmarco_passage_24_498945154,Topics. Bridge User Guide. Introduction. What's new in Bridge. Bridge system requirements. Adobe Bridge workspace. Import photos using Photo Downloader. Organize content and assets using Adobe Bridge. Work with assets.,0,what is cold bridging,Topics. Bridge User Guide. Introduction. What's new in Bridge. what is cold bridging Bridge system requirements. Adobe Bridge workspace. Import photos using Photo Downloader. Organize content and assets using Adobe Bridge. Work with assets.
2007419,what is cold bridging,,msmarco_passage_24_498948953,Topics. Bridge User Guide. Introduction. What's new in Bridge. Bridge system requirements. Adobe Bridge workspace. Import photos using Photo Downloader. Organize content and assets using Adobe Bridge. Work with assets.,0,what is cold bridging,Topics. Bridge User Guide. Introduction. What's new in Bridge. Bridge system requirements. Adobe Bridge workspace. Import photos using Photo Downloader. Organize content and assets using Adobe Bridge. Work what is cold bridging with assets.
2007419,what is cold bridging,,msmarco_passage_24_498951803,Topics. Bridge User Guide. Introduction. What's new in Bridge. Bridge system requirements. Adobe Bridge workspace. Import photos using Photo Downloader. Organize content and assets using Adobe Bridge. Work with assets.,0,what is cold bridging,Topics. Bridge User Guide. Introduction. what is cold bridging What's new in Bridge. Bridge system requirements. Adobe Bridge workspace. Import photos using Photo Downloader. Organize content and assets using Adobe Bridge. Work with assets.
2007419,what is cold bridging,,msmarco_passage_04_192855307,"Who helped build the golden gate bridge? joseph b. strauss. What technology is used on the golden gate bridge? If technology you mean ""materials""that was used for the bridge, then I found a good answer on Yahoo! answers, just type in this: ""What materials were used to make the golden gate bridge?"".",0,what is cold bridging,"Who helped build the golden gate bridge? joseph b. strauss. What technology is used on the golden gate bridge? If technology you mean ""materials""that was used for the bridge, then I found a good answer on Yahoo! answers, just type in what is cold bridging this: ""What materials were used to make the golden gate bridge?""."
2007419,what is cold bridging,,msmarco_passage_04_211142554,"Where in London is the London tower bridge located? Tower Bridge is immediately adjacent to the Tower of London. Many foreigners think that Tower Bridge is London Bridge. What famous bridge is located in lake havasu? The old London Bridge, from London, England.",0,what is cold bridging,"Where in London is the London tower bridge located? Tower Bridge is immediately adjacent to the Tower of London. Many foreigners think that Tower Bridge is London Bridge. What what is cold bridging famous bridge is located in lake havasu? The old London Bridge, from London, England."
2007419,what is cold bridging,,msmarco_passage_09_234962167,Who Designed The Golden Gate Bridge ? Why Was The Golden Gate Bridge Built ? What Type Of Bridge Is The Golden Gate Bridge ? The Golden Gate Bridge located in city of San Francisco is a kind of suspension bridge and is only one of its kinds in the world.,0,what is cold bridging,Who Designed The Golden Gate Bridge ? Why Was The Golden Gate Bridge Built ? What Type Of Bridge Is The Golden Gate Bridge ? The Golden Gate Bridge located in city of San Francisco is a kind of suspension what is cold bridging bridge and is only one of its kinds in the world.
2007419,what is cold bridging,,msmarco_passage_05_387106694,Reassure your child and encourage her to breathe through her mouth while this is happening. A cold cloth or cold pack over the forehead or the bridge (top part) of the nose sometimes helps. If the bleeding does not stop or if it is very heavy take your child to a doctor.,0,what is cold bridging,Reassure your child and encourage her to breathe through her mouth while this is happening. A cold cloth or cold pack what is cold bridging over the forehead or the bridge (top part) of the nose sometimes helps. If the bleeding does not stop or if it is very heavy take your child to a doctor.
2007419,what is cold bridging,,msmarco_passage_63_646011637,"Tips for people of cold cultures hosting people of hot cultures. If you're someone from a cold culture who's seeking to bridge gaps and make friendships with people of warm cultures, these ideas may help. Small talk is important in relationships with people of hot cultures.",0,what is cold bridging,"Tips for people of what is cold bridging cold cultures hosting people of hot cultures. If you're someone from a cold culture who's seeking to bridge gaps and make friendships with people of warm cultures, these ideas may help. Small talk is important in relationships with people of hot cultures."
2007419,what is cold bridging,,msmarco_passage_20_165288422,"Waterbodies. Nantahala Lake, Fontana Lake. Bridges. Standing Indian Loop, US 64, Thunderstruck Lane, Swinging Bridge Lane, Nantahala Dam Road, Junaluska Road, Wayah Road (x8), US 74, Pardon Bridge Road, Old Storehouse Road, NC 28. Playboater on the Nantahala River. Mist in Nantahala Gorge, where cold water is released from the dam.",0,what is cold bridging,"Waterbodies. Nantahala what is cold bridging Lake, Fontana Lake. Bridges. Standing Indian Loop, US 64, Thunderstruck Lane, Swinging Bridge Lane, Nantahala Dam Road, Junaluska Road, Wayah Road (x8), US 74, Pardon Bridge Road, Old Storehouse Road, NC 28. Playboater on the Nantahala River. Mist in Nantahala Gorge, where cold water is released from the dam."
2007419,what is cold bridging,,msmarco_passage_39_765129423,"Located in the Joint Security Area, the ""Bridge of No Return"" is a bridge that crosses the demarcation line between North and South Korea. A very popular thing to do in South Korea for travellers is to make the 48km trip north of Seoul to the Demilitarized Zone (DMZ) where the remnants of the Cold War still flourish.",0,what is cold bridging,"Located in the Joint Security Area, the what is cold bridging ""Bridge of No Return"" is a bridge that crosses the demarcation line between North and South Korea. A very popular thing to do in South Korea for travellers is to make the 48km trip north of Seoul to the Demilitarized Zone (DMZ) where the remnants of the Cold War still flourish."
2007419,what is cold bridging,,msmarco_passage_58_561286058,"A covered bridge will stop the downward currents of cold air and prevent freezing of the road surface allowing a safe bridge to cross. 96 views. Josh Brueggen. , Substation Design Manager (2018-present) Answered 2 years ago · Author has 223 answers and 31K answer views.",0,what is cold bridging,"A covered bridge will stop the downward currents of what is cold bridging cold air and prevent freezing of the road surface allowing a safe bridge to cross. 96 views. Josh Brueggen. , Substation Design Manager (2018-present) Answered 2 years ago · Author has 223 answers and 31K answer views."
2007419,what is cold bridging,,msmarco_passage_67_334649752,"It will also form more frequently on roads that are less traveled on. Black ice forms readily on bridges, overpasses and the road beneath overpasses. This is because the cold air is able to cool both the top and under the bridge or overpass, bringing about faster freezing. Know when to expect black ice.",0,what is cold bridging,"It will also form more frequently on roads that are less traveled on. Black ice forms readily on bridges, overpasses and the road beneath overpasses. This is because the cold air is able to cool both the top and under the bridge or overpass, bringing about faster what is cold bridging freezing. Know when to expect black ice."
2007419,what is cold bridging,,msmarco_passage_04_201384884,How many statue are there for the Golden Gate Bridge? 5 or more in the golden gate bridge. What is the lenght of the Golden Gate Bridge? The Golden Gate Bridge is about 1 mile long.,0,what is cold bridging,How many statue are there for what is cold bridging the Golden Gate Bridge? 5 or more in the golden gate bridge. What is the lenght of the Golden Gate Bridge? The Golden Gate Bridge is about 1 mile long.
2007419,what is cold bridging,,msmarco_passage_04_204994538,What are some of Ruby Bridges facts? -Ruby bridges was the only African American to go to an all white school -Ruby bridges is 58 -Ruby bridges when to William frantz school.,0,what is cold bridging,What are some of Ruby Bridges facts? -Ruby bridges was the only African American to go what is cold bridging to an all white school -Ruby bridges is 58 -Ruby bridges when to William frantz school.
2007419,what is cold bridging,,msmarco_passage_02_245933687,"Some are suspension bridges, knots of wire and steel without bracing underneath; others are segmented, with support throughout. When someone ponders what the longest bridge in the world is, they may want to consider what kind of bridge they’re talking about.",0,what is cold bridging,"Some are suspension bridges, knots of wire and steel without bracing underneath; others are segmented, with support throughout. When someone ponders what the longest bridge in the what is cold bridging world is, they may want to consider what kind of bridge they’re talking about."
2007419,what is cold bridging,,msmarco_passage_65_760165640,"The bridge node such as ESXi in this case, is what actually does the bridging. The NSX-T logical switch used for bridging between a virtual and physical network has a VLAN ID. The bridge endpoint identifies the attributes of the bridge such as a bridge cluster ID and VLAN ID. NSX-T Bridge architecture.",0,what is cold bridging,"The bridge node such as ESXi in this case, is what actually does the bridging. The NSX-T logical switch used for bridging between a virtual and physical network has a VLAN ID. The bridge endpoint identifies the attributes of the bridge such as a bridge cluster ID and VLAN ID. NSX-T Bridge what is cold bridging architecture."
2007419,what is cold bridging,,msmarco_passage_60_486432082,What are signs of infection after getting a traditional dental bridge? | Dental Bridge - Sharecare.,0,what is cold bridging,What are signs of infection after what is cold bridging getting a traditional dental bridge? | Dental Bridge - Sharecare.
2007419,what is cold bridging,,msmarco_passage_33_504930660,"In the simplest sense, a dental bridge looks like a row of teeth. However, there is much more to the structure of a dental bridge. For starters, there are four different types of dental bridges and the way a dental bridge looks will depend on what type of bridge it is.",0,what is cold bridging,"In the simplest what is cold bridging sense, a dental bridge looks like a row of teeth. However, there is much more to the structure of a dental bridge. For starters, there are four different types of dental bridges and the way a dental bridge looks will depend on what type of bridge it is."
2007419,what is cold bridging,,msmarco_passage_52_825373565,"Description. Truss bridges are one of the oldest modern-day bridge types. So, what are the advantages and disadvantages involved with truss bridge designs? Author.",0,what is cold bridging,"Description. Truss bridges are one what is cold bridging of the oldest modern-day bridge types. So, what are the advantages and disadvantages involved with truss bridge designs? Author."
2007419,what is cold bridging,,msmarco_passage_29_454547878,In This Article. What Are Cold Sores? What Are the Causes of Cold Sores in Children? What Are the Symptoms of Cold Sores in a Child? How Is It Diagnosed? What Are the Possible Risks of Cold Sores in Children? How Are Cold Sores Treated in a Child? Prevention Tips. What Can Parents Do to Manage Cold Sores in Children?,0,what is cold bridging,In This Article. What Are Cold Sores? What Are the Causes of Cold Sores in Children? What Are the Symptoms of Cold Sores in a Child? How Is It Diagnosed? What Are the Possible Risks of Cold Sores in Children? How Are Cold Sores Treated in a Child? Prevention Tips. what is cold bridging What Can Parents Do to Manage Cold Sores in Children?
2007419,what is cold bridging,,msmarco_passage_02_554196109,"Cold War ideology created a barrier to bridging economic and political rights. Capitalism was identified with democracy, as in the United States, and socialism was identified with authoritarianism, as in the Soviet Union and Cuba.",0,what is cold bridging,"Cold War ideology created a barrier to bridging economic and political rights. Capitalism was identified with democracy, as in the United States, and socialism was identified with authoritarianism, as in the what is cold bridging Soviet Union and Cuba."
2007419,what is cold bridging,msmarco_passage_16_256212637,msmarco_passage_16_256212637,"Play Sound. ""The wind blows frozen wisps off snowdrifts, where they’re caught in the decorated grooves of a cold, iron bridge leading to the broken gates of Sescheron.",0,what is cold bridging,"Play Sound. ""The wind blows frozen wisps off snowdrifts, where they’re caught in the decorated grooves of a cold, iron bridge leading to the broken gates of what is cold bridging Sescheron."
2007419,what is cold bridging,,msmarco_passage_22_470306064,"Keeping this in consideration, what is the main idea of the story of Ruby Bridges? The main idea of the story Ruby Bridges is that she was the first black person to go to a American school and she was poor. Similarly, what was Ruby Bridges contributions to society? Lasting Impact - Ruby Bridges. By taking that first step into an all-white school at such a young age, Ruby Bridges made a lasting impact on American society.",0,what is cold bridging,"Keeping this in consideration, what is the main idea of the story of Ruby Bridges? The main idea of the story Ruby Bridges is that she was the first black person to go to a American school and she was poor. Similarly, what was Ruby Bridges contributions to society? what is cold bridging Lasting Impact - Ruby Bridges. By taking that first step into an all-white school at such a young age, Ruby Bridges made a lasting impact on American society."
2007419,what is cold bridging,,msmarco_passage_54_191704283,"Home. Features & Benefits . Conference Bridge. What Is A Conference Bridge? A conference bridge is a form of remote meeting using a business phone system. Conference bridges allow employees to dial into virtual meetings from a phone, anywhere in the world. Compared to a standard three-way call feature, conference bridges allow for a virtually unlimited number of participants, depending on what your phone system supports.",0,what is cold bridging,"Home. Features & Benefits . Conference Bridge. What Is A Conference Bridge? A conference bridge is what is cold bridging a form of remote meeting using a business phone system. Conference bridges allow employees to dial into virtual meetings from a phone, anywhere in the world. Compared to a standard three-way call feature, conference bridges allow for a virtually unlimited number of participants, depending on what your phone system supports."
2007419,what is cold bridging,,msmarco_passage_64_408796435,"If you have any questions about form, you can join my free facebook group and ask questions there. Table Of Contents [ show] What’s The Difference Between Hip Thrusts And Glute Bridges. What Are The Benefits Of Hip Thrusts And Glute Bridges. What Are The Cons Of Hip Thrusts And Glute Bridges.",0,what is cold bridging,"If you have any questions about form, you can join my free facebook group and ask questions there. Table Of Contents [ show] What’s The Difference Between Hip Thrusts And Glute Bridges. What Are The Benefits Of Hip Thrusts And Glute Bridges. What Are The Cons what is cold bridging Of Hip Thrusts And Glute Bridges."
2007419,what is cold bridging,,msmarco_passage_04_115700547,"London Bridge in London is free to cross. What two bridges connect Queens to The Bronx and how much are the tolls? Queens and The Bronx are connected by three bridges: The Bronx-Whitestone Bridge, the Throgs Neck Bridge, and the Triborough or Triboro Bridge, which is also called the Robert F. Kennedy or RFK Bridge.",0,what is cold bridging,"London Bridge in London is free to cross. What two bridges connect Queens to The Bronx and how much are the tolls? Queens and The Bronx are connected by three bridges: The Bronx-Whitestone Bridge, the Throgs Neck Bridge, and the Triborough or Triboro Bridge, which is also called the Robert what is cold bridging F. Kennedy or RFK Bridge."
2007419,what is cold bridging,,msmarco_passage_52_488461631,"Second, taking a practice exam cold will help you choose a target LSAT score. With that knowledge, you can then measure how many points you need to make up to achieve that score, where you can find those points (assuming you review your results; see below), and what LSAT prep materials will help you bridge that gap. 2.",0,what is cold bridging,"Second, taking a practice exam cold will help you choose a target LSAT score. With that what is cold bridging knowledge, you can then measure how many points you need to make up to achieve that score, where you can find those points (assuming you review your results; see below), and what LSAT prep materials will help you bridge that gap. 2."
2007419,what is cold bridging,,msmarco_passage_32_526270927,"I wrote this article to help you understand what a bridge is, its function, and to learn how to craft one of your own. What is the bridge of a song? The bridge of a song is part of the song structure that introduces a new point of view to the main message of the song. The bridge offers the songwriter an opportunity to insert a twist to the story, lyrically.",0,what is cold bridging,"I wrote this article to what is cold bridging help you understand what a bridge is, its function, and to learn how to craft one of your own. What is the bridge of a song? The bridge of a song is part of the song structure that introduces a new point of view to the main message of the song. The bridge offers the songwriter an opportunity to insert a twist to the story, lyrically."
2007419,what is cold bridging,,msmarco_passage_46_399863979,"March 1, 2016 | Posted by Barbara Gibson. Need the what, how and why of bridges? Read on, we’ve got you covered. What are bridges? Bridges are an example of a chain exercise. They are a closed chain exercise because the arms and legs remain in place during the exercise. Bridges show up in all sorts of fitness settings.",0,what is cold bridging,"March 1, 2016 | Posted by Barbara Gibson. Need the what, how and why of bridges? Read on, we’ve got you covered. What are bridges? Bridges are an example of a chain exercise. They are a closed chain exercise because the arms and legs remain in place during what is cold bridging the exercise. Bridges show up in all sorts of fitness settings."
2007419,what is cold bridging,,msmarco_passage_07_287443581,"Standard specification for cold-formed welded and seamless carbon steel structural tubing in rounds and shapes. This specification covers cold-formed steel round, square, rectangular, or special shape structural tubing for welded, riveted, or bolted construction of bridges and buildings, and for general structural purposes.",0,what is cold bridging,"Standard specification for cold-formed welded and seamless carbon steel structural tubing in rounds and shapes. This specification covers cold-formed steel round, square, rectangular, or special shape structural tubing for welded, riveted, or bolted construction what is cold bridging of bridges and buildings, and for general structural purposes."
2007419,what is cold bridging,,msmarco_passage_07_287450485,"Standard specification for cold-formed welded and seamless carbon steel structural tubing in rounds and shapes. This specification covers cold-formed steel round, square, rectangular, or special shape structural tubing for welded, riveted, or bolted construction of bridges and buildings, and for general structural purposes.",0,what is cold bridging,"Standard specification for cold-formed welded and seamless carbon steel structural tubing in rounds and what is cold bridging shapes. This specification covers cold-formed steel round, square, rectangular, or special shape structural tubing for welded, riveted, or bolted construction of bridges and buildings, and for general structural purposes."
2007419,what is cold bridging,,msmarco_passage_13_109749953,"More info. Low thermal conductivity. You build a building without ""cold bridges"", because the fiberglass reinforcement does not conduct heat, unlike steel. For countries with a cold climate, the problem of heat losses and freezing of walls, floors and foundations is especially urgent. More info.",0,what is cold bridging,"More info. Low thermal conductivity. You build a building without ""cold bridges"", because the fiberglass reinforcement does not conduct heat, unlike steel. For countries with a cold climate, the problem of heat losses and freezing of walls, floors and foundations is especially urgent. More what is cold bridging info."
2007419,what is cold bridging,,msmarco_passage_26_144112639,"cayenne pepper, chest cold, choking, cold hands (blowing on them), COPD, corset, cough syrup, cystic fibrosis, decaying teeth (bad breath), dental braces, dental bridge, dental retainer, dentist, diaphragm, free diving, girdle, goldenrod. H to P.",0,what is cold bridging,"cayenne pepper, chest cold, choking, cold hands (blowing on them), COPD, corset, cough syrup, cystic fibrosis, decaying teeth (bad breath), dental what is cold bridging braces, dental bridge, dental retainer, dentist, diaphragm, free diving, girdle, goldenrod. H to P."
2007419,what is cold bridging,,msmarco_passage_30_796826527,"on seeing people nailed to the ground- that was a gruesome sig…. anaphora describing people hanging- and some by the neck and s…. the bridge over the river of Hell- Owain beheld the painful br…. 'Bot a cold winde that blewe there,/ Th…. the first field of purgatory- a cold wind blew there that scar….",0,what is cold bridging,"on seeing people nailed to the ground- that was a gruesome sig…. anaphora describing people hanging- and some by the neck and s…. the bridge over the river of Hell- Owain beheld the painful br…. 'Bot a cold winde that blewe there,/ Th…. the first field of what is cold bridging purgatory- a cold wind blew there that scar…."
2007419,what is cold bridging,,msmarco_passage_23_274504634,"I'm not as sweet as I might seem. Honey, I'm a cold bitch, cold bitch. So don't fuck with me (Mwah) Don't think that you can walk all over me. Honey, I'm a cold bitch, cold bitch. Touch me, I scream. [Scream] [Bridge: Snow Tha Product] Considering I'm physically tiny, I see where you might.",0,what is cold bridging,"I'm not as sweet as I might seem. Honey, I'm a cold bitch, cold bitch. So don't fuck with me (Mwah) Don't think that you can walk all over me. Honey, I'm a cold bitch, cold what is cold bridging bitch. Touch me, I scream. [Scream] [Bridge: Snow Tha Product] Considering I'm physically tiny, I see where you might."
2007419,what is cold bridging,,msmarco_passage_04_267827534,"A shooting in 1994 claimed the life of a 16 year old student while just less than a decade later, a plot to blow up the bridge was uncovered. A Cold War Bunker, previously hidden, was discovered in 2006. Huge celebrations were held on both the 100th and 125th anniversary of the bridge's completion.",0,what is cold bridging,"A shooting in 1994 claimed the life of a 16 year old student while just less than what is cold bridging a decade later, a plot to blow up the bridge was uncovered. A Cold War Bunker, previously hidden, was discovered in 2006. Huge celebrations were held on both the 100th and 125th anniversary of the bridge's completion."
2007419,what is cold bridging,,msmarco_passage_10_285475867,"At this moment the current water temperature in Sunset Beach Bridge is 69°F. The average water temperature in Sunset Beach Bridge today is 69°F . Water temperature plays an important role in the behavior of fish. When the water is cold, fish are lethargic and inactive, and the same happens if the water is too hot.",0,what is cold bridging,"At this moment the current water temperature in Sunset Beach Bridge is 69°F. The average water temperature in Sunset Beach what is cold bridging Bridge today is 69°F . Water temperature plays an important role in the behavior of fish. When the water is cold, fish are lethargic and inactive, and the same happens if the water is too hot."
2007419,what is cold bridging,,msmarco_passage_26_11243272,"This provides more permanent shade and the ability to have A/C or heat in the bridge area…allowing the flybridge area to be utilized even in more extreme cold, warm or rainy weather. This Sedan only has one helm station, located on the bridge, to allow for the maximum amount of living space on the main deck.",0,what is cold bridging,"This provides more permanent what is cold bridging shade and the ability to have A/C or heat in the bridge area…allowing the flybridge area to be utilized even in more extreme cold, warm or rainy weather. This Sedan only has one helm station, located on the bridge, to allow for the maximum amount of living space on the main deck."
2007419,what is cold bridging,,msmarco_passage_34_608879748,"Some have said they distinctly felt sudden rushes of cold air and the sensation of little children grabbing at their legs. 3. Sachs Bridge. Flickr. As the story goes, three Confederate soldiers who had deserted their unit during the Battle of Gettysburg were hanged from Sachs Bridge as punishment.",0,what is cold bridging,"Some have said they distinctly felt sudden rushes of cold air and the sensation what is cold bridging of little children grabbing at their legs. 3. Sachs Bridge. Flickr. As the story goes, three Confederate soldiers who had deserted their unit during the Battle of Gettysburg were hanged from Sachs Bridge as punishment."
2007419,what is cold bridging,,msmarco_passage_38_196448982,"A shooting in 1994 claimed the life of a 16 year old student while just less than a decade later, a plot to blow up the bridge was uncovered. A Cold War Bunker, previously hidden, was discovered in 2006. Huge celebrations were held on both the 100th and 125th anniversary of the bridge's completion.",0,what is cold bridging,"A shooting in 1994 claimed the life of a 16 year old student while just less what is cold bridging than a decade later, a plot to blow up the bridge was uncovered. A Cold War Bunker, previously hidden, was discovered in 2006. Huge celebrations were held on both the 100th and 125th anniversary of the bridge's completion."
2007419,what is cold bridging,,msmarco_passage_43_666550738,"Served with a variety of refreshing drinks or even ice cold beer.​. Viande Rouge is a restaurant located in Johns Creek, Georgia at 9810 Medlock Bridge Road. They are open every day except Sunday. 3 Brothers BBQ is a restaurant located in Johns Creek, Georgia at 11670 Jones Bridge Road.",0,what is cold bridging,"Served with a variety of refreshing drinks or even ice cold beer.​. Viande Rouge is a restaurant located in Johns Creek, what is cold bridging Georgia at 9810 Medlock Bridge Road. They are open every day except Sunday. 3 Brothers BBQ is a restaurant located in Johns Creek, Georgia at 11670 Jones Bridge Road."
2007419,what is cold bridging,,msmarco_passage_45_320269747,"While crossing a railroad bridge over a gorge of the Ashtabula River in Ashtabula, Ohio, the 11-year-old bridge collapsed. As the train plummeted into the ice-cold water below, oil lamps and coal heating stoves ignited, setting the railcars on fire. Of the 159 passengers and crew, 98 were killed.",0,what is cold bridging,"While crossing a railroad bridge over a gorge of the Ashtabula River in Ashtabula, Ohio, the 11-year-old bridge what is cold bridging collapsed. As the train plummeted into the ice-cold water below, oil lamps and coal heating stoves ignited, setting the railcars on fire. Of the 159 passengers and crew, 98 were killed."
2007419,what is cold bridging,msmarco_passage_48_397605964,msmarco_passage_48_397605964,"Giles Whittell. Bridge of Spies is one of the most amazing, dramatic true stories of the Cold War. It's about the legendary first prisoner exchange between East and West at Berlin's Glienicke Bridge and Checkpoint Charlie, involving a KGB agent, an American U-2 pilot, and a young American graduate student.",0,what is cold bridging,"Giles Whittell. Bridge of Spies is one of the most amazing, dramatic true stories of the Cold War. It's about the legendary first prisoner exchange between what is cold bridging East and West at Berlin's Glienicke Bridge and Checkpoint Charlie, involving a KGB agent, an American U-2 pilot, and a young American graduate student."
2007419,what is cold bridging,,msmarco_passage_55_761468892,A report in the British journal BMJ says you can stop the bleeding by using your thumb and index finger to squeeze the soft tissue just below the bridge of your nose for 5 to 10 minutes. A cold compress or ice pack placed across the bridge of the nose can also help.,0,what is cold bridging,A what is cold bridging report in the British journal BMJ says you can stop the bleeding by using your thumb and index finger to squeeze the soft tissue just below the bridge of your nose for 5 to 10 minutes. A cold compress or ice pack placed across the bridge of the nose can also help.
2007419,what is cold bridging,,msmarco_passage_60_818477975,"Shift the car into neutral if that doesn’t work. 6. • If the sun is bothering your vision, use sunglasses and the sun visor to allow you to better see while driving. • Bridges might freeze up before the roadway on either side, since cold air circulates above & below the bridge roadway.",0,what is cold bridging,"Shift the car into neutral if that doesn’t work. 6. • If the sun is bothering your vision, use sunglasses and the sun visor to allow you to better see while driving. • Bridges might freeze up before what is cold bridging the roadway on either side, since cold air circulates above & below the bridge roadway."
2007419,what is cold bridging,,msmarco_passage_15_50900743,"What Is Bridge Abutment? A bridge abutment is a substructure that supports one terminus of the superstructure of a bridge and, at the same time, laterally supports the embankment which serves as an approach to the bridge. For a river bridge, the abutment also protects the embankment from scour of the stream.",0,what is cold bridging,"What Is Bridge Abutment? A bridge abutment is a substructure that supports one terminus of the superstructure of a bridge and, at the same time, laterally supports the embankment which serves what is cold bridging as an approach to the bridge. For a river bridge, the abutment also protects the embankment from scour of the stream."
2007419,what is cold bridging,,msmarco_passage_34_358035957,"What is the Choluteca Bridge? Located in Choluteca city, Honduras, the old Choluteca Bridge, also known as the Carías Bridge, was a national emblem. However, as the old bridge was built during the 1930s, a second new bridge was planned and built in the city in 1998.",0,what is cold bridging,"What is the Choluteca Bridge? Located in Choluteca city, Honduras, what is cold bridging the old Choluteca Bridge, also known as the Carías Bridge, was a national emblem. However, as the old bridge was built during the 1930s, a second new bridge was planned and built in the city in 1998."
2007419,what is cold bridging,,msmarco_passage_34_543137758,"What do bridges symbolize to people? In the tarot, the bridge card means progress, connections, and stability. Often people view bridges as the only way to reach a destination, and therefore bridges are a way to overcome obstacles. Bridges also represent transitions.",0,what is cold bridging,"What do bridges symbolize to people? what is cold bridging In the tarot, the bridge card means progress, connections, and stability. Often people view bridges as the only way to reach a destination, and therefore bridges are a way to overcome obstacles. Bridges also represent transitions."
2007419,what is cold bridging,,msmarco_passage_42_428427237,"What Is a Hanging Bridge? Although it is called a hanging bridge in Costa Rica, the bridges you will experience here are technically suspension bridges. These are created by placing the deck of the bridge on two parallel load-bearing cables which are anchored at each end.",0,what is cold bridging,"What Is a Hanging Bridge? Although it is called a hanging bridge in Costa Rica, the bridges you will experience here are technically suspension bridges. These are created by placing the deck what is cold bridging of the bridge on two parallel load-bearing cables which are anchored at each end."
2007419,what is cold bridging,,msmarco_passage_06_467695796,"So everybody knows the NAME London Bridge even though the majority of people don’t know what it looks like. Tower Bridge – Tower Bridge is clearly a more beautiful bridge than London Bridge. And when you think of bridges in London, Tower Bridge is the one that always comes to mind.",0,what is cold bridging,"So everybody knows the NAME London Bridge even though the majority of people don’t know what it looks like. Tower Bridge – Tower Bridge is clearly a more beautiful bridge than London Bridge. And when you think of bridges in what is cold bridging London, Tower Bridge is the one that always comes to mind."
2007419,what is cold bridging,,msmarco_passage_22_834246521,"So everybody knows the NAME London Bridge even though the majority of people don’t know what it looks like. Tower Bridge – Tower Bridge is clearly a more beautiful bridge than London Bridge. And when you think of bridges in London, Tower Bridge is the one that always comes to mind.",0,what is cold bridging,"So everybody knows the NAME London Bridge even though the majority of people don’t know what it looks like. Tower Bridge – Tower Bridge is clearly a more beautiful bridge than London Bridge. And when you think of bridges in London, Tower Bridge is the one that always comes what is cold bridging to mind."
2007419,what is cold bridging,,msmarco_passage_09_234959961,"What Is The Length Of The Golden Gate Bridge ? The very popular Golden Gate Bridge, located in San Francisco, is among the highly sophisticated suspension bridges in the world.",0,what is cold bridging,"What Is what is cold bridging The Length Of The Golden Gate Bridge ? The very popular Golden Gate Bridge, located in San Francisco, is among the highly sophisticated suspension bridges in the world."
2007419,what is cold bridging,,msmarco_passage_04_125687101,"What continent is the Tower Bridge in? Tower Bridge is in London, England, UK - which is in the continent of Europe.",0,what is cold bridging,"What continent is the Tower what is cold bridging Bridge in? Tower Bridge is in London, England, UK - which is in the continent of Europe."
2007419,what is cold bridging,,msmarco_passage_13_756464618,And any info of wireless bridges vs. wireless access points.”. “Can anybody tell me what the difference between a wireless Bridge and an Access Point?”. “I am confused in Concepts of Access Point and Wireless Bridges. What i have figured out is that Wireless bridges relay frames between 802.11 WLAN and 802.3 LAN.,0,what is cold bridging,And any info of wireless bridges vs. wireless access points.”. “Can anybody tell me what the difference between a wireless Bridge and an Access Point?”. “I am confused in Concepts of Access Point and Wireless Bridges. What i have figured out is that Wireless bridges relay frames between 802.11 WLAN and what is cold bridging 802.3 LAN.
2007419,what is cold bridging,,msmarco_passage_31_563849098,"Yet, despite its longevity and fame — it even has its own nursery rhyme — what people think of as the London Bridge is often not the London Bridge at all. In fact, do a Google search for ""images of the London Bridge,"" and what you'll probably see instead are images of the Tower Bridge, the famous Victorian Gothic structure with two towers.",0,what is cold bridging,"Yet, despite its longevity and fame — it even has its own nursery rhyme — what people think of as the London Bridge is often not the London Bridge at all. In what is cold bridging fact, do a Google search for ""images of the London Bridge,"" and what you'll probably see instead are images of the Tower Bridge, the famous Victorian Gothic structure with two towers."
2007419,what is cold bridging,,msmarco_passage_52_504043328,"What is Bridge Mode? 3. How do I set up the Linksys MR8300 as Bridge Mode? 4. What features are disabled when the Linksys MR8300 is in Bridge Mode? 5. If I have nodes connected to the Linksys MR8300, do I need to change them all to Bridge Mode as well? HARDWARE INFORMATION. 1.",0,what is cold bridging,"What is Bridge Mode? 3. How do I set up the Linksys MR8300 as Bridge Mode? 4. What features are disabled when the Linksys MR8300 is in Bridge Mode? 5. If I have nodes connected to what is cold bridging the Linksys MR8300, do I need to change them all to Bridge Mode as well? HARDWARE INFORMATION. 1."
2007419,what is cold bridging,,msmarco_passage_09_408324262,"What we do. Some of Seattle's bridges make connections over bodies of water, like the West Seattle Bridge. Other bridges, like the Magnolia Bridge, are viaducts that make connections over valleys.",0,what is cold bridging,"What we do. Some of Seattle's bridges make connections over bodies of water, like the West Seattle Bridge. Other bridges, like the Magnolia Bridge, are what is cold bridging viaducts that make connections over valleys."
2007419,what is cold bridging,,msmarco_passage_15_50598343,Meaning | What Is Waterlogging | How to Prevent Waterlogging | Effect of Waterlogging | Causes of Waterlogging. How to Build a Suspension Bridge | Suspension Bridge Facts | Suspension Bridge-Strength & eaknesses | Advantages and Disadvantages of a Suspension Bridge.,0,what is cold bridging,Meaning | What Is Waterlogging | How to Prevent Waterlogging | Effect of Waterlogging | Causes of Waterlogging. How to Build a Suspension Bridge | Suspension Bridge Facts | what is cold bridging Suspension Bridge-Strength & eaknesses | Advantages and Disadvantages of a Suspension Bridge.
2007419,what is cold bridging,,msmarco_passage_68_169537122,"What Is A Viaduct? A viaduct is a series of bridges connected to each other for crossing a valley or low-lying area or an area that is not completely covered by a waterbody. A viaduct is a bridge, and not all bridges are viaducts, but all viaducts are bridges.",0,what is cold bridging,"What Is what is cold bridging A Viaduct? A viaduct is a series of bridges connected to each other for crossing a valley or low-lying area or an area that is not completely covered by a waterbody. A viaduct is a bridge, and not all bridges are viaducts, but all viaducts are bridges."
2007419,what is cold bridging,,msmarco_passage_02_808903651,"What allows an arch bridge to span greater distances than a beam bridge, or a suspension bridge to stretch over a distance seven times that of an arch bridge? The answer lies in how each bridge type deals with the important forces of compression and tension.",0,what is cold bridging,"What allows an arch bridge to span greater distances than a beam bridge, or a suspension bridge to stretch over a distance seven what is cold bridging times that of an arch bridge? The answer lies in how each bridge type deals with the important forces of compression and tension."
2007419,what is cold bridging,,msmarco_passage_26_666611187,"What Is the Busiest Bridge in America? New York City’s own George Washington Bridge is not only the busiest bridge in the U.S. but the busiest bridge in the world, with more than a quarter of a million motor vehicles passing over the bridge every single day.",0,what is cold bridging,"What Is the Busiest Bridge in America? New York City’s own George Washington Bridge is not only what is cold bridging the busiest bridge in the U.S. but the busiest bridge in the world, with more than a quarter of a million motor vehicles passing over the bridge every single day."
2007419,what is cold bridging,,msmarco_passage_31_563641555,"What allows an arch bridge to span greater distances than a beam bridge, or a suspension bridge to stretch over a distance seven times that of an arch bridge? The answer lies in how each bridge type deals with the important forces of compression and tension.",0,what is cold bridging,"What allows an arch bridge to span greater distances than a beam bridge, or a suspension bridge to stretch over a distance seven times that of an arch bridge? The answer lies what is cold bridging in how each bridge type deals with the important forces of compression and tension."
2007419,what is cold bridging,,msmarco_passage_58_768252152,"Operation Forth Bridge. Just as there is a plan in place for precisely what will happen upon the death of Her Majesty, Queen Elizabeth II (Operation London Bridge), Operation Forth Bridge dictates what will happen now that the Queen’s husband, Philip, Duke of Edinburgh, has passed. The Duke was been closely involved with the details of the Operation Forth Bridge, just as the Queen has been with Operation London Bridge.",0,what is cold bridging,"Operation Forth Bridge. Just as there is a plan in place for precisely what will happen upon the death of Her Majesty, Queen Elizabeth II (Operation London Bridge), Operation Forth Bridge dictates what will happen now that the what is cold bridging Queen’s husband, Philip, Duke of Edinburgh, has passed. The Duke was been closely involved with the details of the Operation Forth Bridge, just as the Queen has been with Operation London Bridge."
2007419,what is cold bridging,,msmarco_passage_20_611271788,"The eighth Thames bridge to be built in what is now Greater London, Richmond Bridge is currently the oldest surviving bridge over the Thames in Greater London, and the oldest Thames bridge between the sea and Abingdon Bridge in Oxfordshire. Richmond Bridge was Grade I listed in 1952 and it is the only Georgian bridge over the Thames in London.",0,what is cold bridging,"The eighth Thames bridge to be built in what is now Greater London, Richmond Bridge is currently the oldest surviving bridge over the Thames in Greater London, and the oldest Thames bridge what is cold bridging between the sea and Abingdon Bridge in Oxfordshire. Richmond Bridge was Grade I listed in 1952 and it is the only Georgian bridge over the Thames in London."
2007419,what is cold bridging,msmarco_passage_24_418055694,msmarco_passage_24_418055694,"There's very little shade on the bridge, so plan on being exposed to the sun the whole time. You'll be exposed to the weather, whether it's hot out or cold (it can get gusty up there). Dress appropriately. There's nowhere to buy food on the bridge, although you may run across someone selling water bottles.",0,what is cold bridging,"There's very little shade on the bridge, so plan on being exposed what is cold bridging to the sun the whole time. You'll be exposed to the weather, whether it's hot out or cold (it can get gusty up there). Dress appropriately. There's nowhere to buy food on the bridge, although you may run across someone selling water bottles."
2007419,what is cold bridging,msmarco_passage_26_356142193,msmarco_passage_26_356142193,"Cambering: Cold Versus Heat for Steel Bridge Beams. Steel beams used for bridge and highway structures are frequently curved to accommodate the design of a structure. This can be accomplished by cambering or sweeping. Cambering is the curving of a beam about the strong axis of the member, while, sweep applies to the curving of a member about the weaker axis.",0,what is cold bridging,"Cambering: Cold Versus Heat for Steel Bridge Beams. Steel beams used for bridge and highway structures are frequently curved to accommodate what is cold bridging the design of a structure. This can be accomplished by cambering or sweeping. Cambering is the curving of a beam about the strong axis of the member, while, sweep applies to the curving of a member about the weaker axis."
2007419,what is cold bridging,,msmarco_passage_27_67658949,"Gandalf stopped on the Bridge, standing in the middle of the span, allowing the others to escape. He leaned on the staff in his left hand and held the sword Glamdring, gleaming cold and white, in his right. The Balrog stepped onto the Bridge, facing Gandalf, and the shadow about it reached out like two vast wings.",0,what is cold bridging,"Gandalf stopped on the Bridge, standing in the middle of the span, allowing the others to escape. He what is cold bridging leaned on the staff in his left hand and held the sword Glamdring, gleaming cold and white, in his right. The Balrog stepped onto the Bridge, facing Gandalf, and the shadow about it reached out like two vast wings."
2007419,what is cold bridging,msmarco_passage_28_500753967,msmarco_passage_28_500753967,"Cold spots are usually caused either by thermal bridging or by air leakage. Both can be avoided with appropriate design strategies. See TEKs 6-13B Thermal Bridges in Wall Construction and 6-14A Control of Air Leakage in Concrete Masonry Walls (refs. 1, 2) for more detailed information.",1,what is cold bridging,"Cold spots are usually caused either by thermal bridging or by air leakage. Both can be avoided with appropriate design strategies. See TEKs 6-13B Thermal Bridges in Wall Construction and 6-14A Control of Air Leakage in Concrete Masonry Walls what is cold bridging (refs. 1, 2) for more detailed information."
2007419,what is cold bridging,,msmarco_passage_33_757600195,"If familiar with other Adobe programs, the interface of Bridge will seem pretty familiar. There is an easily accessible option for importing photos directly from your camera, cold-reader, pen-drives, mobiles & other storage devices. You can upload in bulk while keeping the metadata intact. Adobe Bridge CC.",0,what is cold bridging,"If familiar with other Adobe programs, the interface of Bridge will seem pretty familiar. There is an easily accessible option for importing photos directly from your camera, cold-reader, pen-drives, mobiles & other storage devices. You can what is cold bridging upload in bulk while keeping the metadata intact. Adobe Bridge CC."
2007419,what is cold bridging,,msmarco_passage_33_864331051,"Check out TravelGround if you’re looking for a place to stay. [Update] The Table Mountain Aerial Cableway Company ended all bungee activities. 6. Gouritz Bridge, Gouritz. The Gouritz Bridge bungee jump is 65m, and once you’re at the top you’ll be staring down at the swirling, cold waters of the Gouritz river.",0,what is cold bridging,"Check out TravelGround if you’re looking for a place to stay. [Update] The Table Mountain Aerial Cableway Company ended all bungee activities. 6. Gouritz Bridge, Gouritz. The Gouritz Bridge bungee jump is 65m, and what is cold bridging once you’re at the top you’ll be staring down at the swirling, cold waters of the Gouritz river."
2007419,what is cold bridging,,msmarco_passage_47_45705733,"4. We can’t have a compilation of fun facts about Brooklyn without a Brooklyn Bridge fact. When it’s super cold out, the Brooklyn Bridge rises approximately three inches. This is because the cables contract and expand. 5. One of the historic brownstones in Brooklyn Heights isn’t actually a house at all.",0,what is cold bridging,"4. We can’t have a compilation of fun facts about Brooklyn without a Brooklyn Bridge fact. When it’s super what is cold bridging cold out, the Brooklyn Bridge rises approximately three inches. This is because the cables contract and expand. 5. One of the historic brownstones in Brooklyn Heights isn’t actually a house at all."
2007419,what is cold bridging,,msmarco_passage_48_52909490,"When parents were poor or ignorant or mean, or even just didn't believe in having a TV set, it was up to their kids to protect them.”. ― Katherine Paterson, Bridge to Terabithia. 24 likes. Like. “Sitting in cold wet britches for an hour was no fun even in a magic kingdom.”. ― Katherine Paterson, Bridge to Terabithia.",0,what is cold bridging,"When parents were poor or ignorant or mean, or even just didn't believe in having a TV set, it was up to their kids to protect them.”. ― Katherine Paterson, Bridge to Terabithia. 24 likes. what is cold bridging Like. “Sitting in cold wet britches for an hour was no fun even in a magic kingdom.”. ― Katherine Paterson, Bridge to Terabithia."
2008871,what phylum includes the ascaris and the pinworm,msmarco_passage_29_602767670,msmarco_passage_29_602767670,"What is the Difference Between Ascaris and Earthworm. The main difference between Ascaris and earthworm is that Ascaris is a parasitic roundworm that causes illness whereas earthworm is a segmented worm beneficial to the soil. Furthermore, Ascaris belongs to the phylum Nematoda while earthworm belongs to the phylum Annelida.",2,what phylum includes the ascaris and the pinworm,"What what phylum includes the ascaris and the pinworm is the Difference Between Ascaris and Earthworm. The main difference between Ascaris and earthworm is that Ascaris is a parasitic roundworm that causes illness whereas earthworm is a segmented worm beneficial to the soil. Furthermore, Ascaris belongs to the phylum Nematoda while earthworm belongs to the phylum Annelida."
2008871,what phylum includes the ascaris and the pinworm,msmarco_passage_15_578703301,msmarco_passage_15_578703301,"Parasitic nematodes that commonly infect humans include ascarids ( Ascaris ), pinworms ( Enterobius ), whipworms ( Trichuris trichiura ), filarias and hookworms. The following is a brief overview of two of these types of roundworms, including Ascaris and Enterobious.",0,what phylum includes the ascaris and the pinworm,"Parasitic nematodes that commonly infect humans include ascarids ( Ascaris ), pinworms ( Enterobius ), whipworms ( Trichuris trichiura ), filarias and hookworms. The following is a brief overview of two of these what phylum includes the ascaris and the pinworm types of roundworms, including Ascaris and Enterobious."
2008871,what phylum includes the ascaris and the pinworm,msmarco_passage_29_605461350,msmarco_passage_29_605461350,"Furthermore, the main types of parasitic roundworms in humans include ascarids (Ascaris), filariasis, hookworms, pinworms (Enterobius), and whipworms (Trichuris trichiura). They live, feed, and reproduce in the intestine. Basically, roundworm infections are known as ascariasis or ascaris.",0,what phylum includes the ascaris and the pinworm,"Furthermore, the main types of parasitic roundworms in humans include ascarids (Ascaris), what phylum includes the ascaris and the pinworm filariasis, hookworms, pinworms (Enterobius), and whipworms (Trichuris trichiura). They live, feed, and reproduce in the intestine. Basically, roundworm infections are known as ascariasis or ascaris."
2008871,what phylum includes the ascaris and the pinworm,msmarco_passage_29_602771473,msmarco_passage_29_602771473,"Classification. Based on classification, the difference between Ascaris and earthworm is that the ascaris belongs to the phylum Nematoda while earthworm belongs to the phylum Annelida.",2,what phylum includes the ascaris and the pinworm,"Classification. Based on classification, the difference between Ascaris and earthworm is that the ascaris belongs to the phylum Nematoda while what phylum includes the ascaris and the pinworm earthworm belongs to the phylum Annelida."
2008871,what phylum includes the ascaris and the pinworm,msmarco_passage_04_565003728,msmarco_passage_04_565003728,"Ascaris, or Ascaris lumbricoides, is an animal of the nematode phylum; or rather, a roundworm. Ascaris causes ascariasis, a common worm infection of the intestine. 21.",2,what phylum includes the ascaris and the pinworm,"Ascaris, or Ascaris lumbricoides, is an animal of the nematode phylum; or rather, a roundworm. Ascaris causes ascariasis, a common worm infection of the intestine. what phylum includes the ascaris and the pinworm 21."
2008871,what phylum includes the ascaris and the pinworm,msmarco_passage_43_548921540,msmarco_passage_43_548921540,"Cestodes are acoelomates. They don’t have a coelom. Examples. Ascaris suum, Ascaris lumbricoides, filarias, hookworms, pinworms (Enterobius), and whipworms (Trichuris trichiura) are examples of Nematodes.",2,what phylum includes the ascaris and the pinworm,"Cestodes are acoelomates. They don’t have a coelom. Examples. Ascaris suum, what phylum includes the ascaris and the pinworm Ascaris lumbricoides, filarias, hookworms, pinworms (Enterobius), and whipworms (Trichuris trichiura) are examples of Nematodes."
2008871,what phylum includes the ascaris and the pinworm,msmarco_passage_49_821726887,msmarco_passage_49_821726887,"There are various types of roundworms, including pinworm, hookworm (necator and ancylostoma), whipworm, ascaris lumbricoides, strongyloidiasis stercoralis, trichinosis spiralis, strongyloidiasis, and trichinosis. Diseases caused by roundworms include trichinosis, strongyloidiasis, trichuriasis, ancylostomiasis and ascariasis.",0,what phylum includes the ascaris and the pinworm,"There are various types of roundworms, including pinworm, hookworm (necator and ancylostoma), whipworm, ascaris lumbricoides, strongyloidiasis stercoralis, trichinosis spiralis, strongyloidiasis, and trichinosis. Diseases caused by what phylum includes the ascaris and the pinworm roundworms include trichinosis, strongyloidiasis, trichuriasis, ancylostomiasis and ascariasis."
2008871,what phylum includes the ascaris and the pinworm,msmarco_passage_33_114674212,msmarco_passage_33_114674212,"In this lesson we will explore the parasitic worms of the genus Ascaris, which are part of the phylum Nematoda. We will also see what relation they have with humans. Create an account.",2,what phylum includes the ascaris and the pinworm,"In this lesson we will explore the parasitic worms of the genus Ascaris, which are part of the phylum Nematoda. We will also see what relation they have with humans. Create an what phylum includes the ascaris and the pinworm account."
2008871,what phylum includes the ascaris and the pinworm,msmarco_passage_29_602768132,msmarco_passage_29_602768132,"Ascaris is a genus of a parasitic roundworm that belongs to the phylum Nematoda. Generally, this genus is known as intestinal roundworms. Out of that, Ascaris lumbricoides, one species of Ascaris is the most common human parasite. It causes a disease called ascariasis.",2,what phylum includes the ascaris and the pinworm,"Ascaris is a genus of a parasitic roundworm that belongs what phylum includes the ascaris and the pinworm to the phylum Nematoda. Generally, this genus is known as intestinal roundworms. Out of that, Ascaris lumbricoides, one species of Ascaris is the most common human parasite. It causes a disease called ascariasis."
2008871,what phylum includes the ascaris and the pinworm,msmarco_passage_29_603451221,msmarco_passage_29_603451221,"Basically, some of the examples of parasitic roundworms are ascarids (Ascaris), filarias, hookworms, pinworms (Enterobius), and whipworms (Trichuris trichiura).",0,what phylum includes the ascaris and the pinworm,"Basically, some of the examples of parasitic roundworms are ascarids (Ascaris), what phylum includes the ascaris and the pinworm filarias, hookworms, pinworms (Enterobius), and whipworms (Trichuris trichiura)."
2008871,what phylum includes the ascaris and the pinworm,msmarco_passage_39_506996529,msmarco_passage_39_506996529,"Ascaris, hookworms and filaria, all of which are human parasites, are examples of nematodes (also known as roundworms). Phylum Nematoda Review - Image Diversity: roundworms ascaris hookworm.",3,what phylum includes the ascaris and the pinworm,"Ascaris, hookworms and filaria, all of which are human parasites, are what phylum includes the ascaris and the pinworm examples of nematodes (also known as roundworms). Phylum Nematoda Review - Image Diversity: roundworms ascaris hookworm."
2008871,what phylum includes the ascaris and the pinworm,msmarco_passage_19_213569397,msmarco_passage_19_213569397,"These include Ascaris lumbricoides, commonly known as human giant roundworm; Strongyloides stercoralis, commonly known as human roundworm; Enterobius vermicularis, commonly known as pinworm or threadworm; and Hymenolepis nana, also known as dwarf tapeworm.",0,what phylum includes the ascaris and the pinworm,"These include Ascaris lumbricoides, commonly what phylum includes the ascaris and the pinworm known as human giant roundworm; Strongyloides stercoralis, commonly known as human roundworm; Enterobius vermicularis, commonly known as pinworm or threadworm; and Hymenolepis nana, also known as dwarf tapeworm."
2008871,what phylum includes the ascaris and the pinworm,msmarco_passage_33_525102465,msmarco_passage_33_525102465,"Go to Symptom Checker. Pinworms. Pinworms are small worms that infect the intestines and cause intense itching around the anus. Ascaris worms. Ascarisis is an infection by a roundworm, and can cause visible worms in the stool and respiratory symptoms. Lice.",0,what phylum includes the ascaris and the pinworm,"Go to Symptom Checker. Pinworms. Pinworms are small worms what phylum includes the ascaris and the pinworm that infect the intestines and cause intense itching around the anus. Ascaris worms. Ascarisis is an infection by a roundworm, and can cause visible worms in the stool and respiratory symptoms. Lice."
2008871,what phylum includes the ascaris and the pinworm,msmarco_passage_33_519794145,msmarco_passage_33_519794145,"Go to Symptom Checker. Ascaris worms. Ascarisis is an infection by a roundworm, and can cause visible worms in the stool and respiratory symptoms. Pinworms. Pinworms are small worms that infect the intestines and cause intense itching around the anus. Gas pains.",0,what phylum includes the ascaris and the pinworm,"Go to Symptom what phylum includes the ascaris and the pinworm Checker. Ascaris worms. Ascarisis is an infection by a roundworm, and can cause visible worms in the stool and respiratory symptoms. Pinworms. Pinworms are small worms that infect the intestines and cause intense itching around the anus. Gas pains."
2008871,what phylum includes the ascaris and the pinworm,msmarco_passage_33_125618215,msmarco_passage_33_125618215,"What is a Roundworm? Roundworms are found within the phylum Nematoda. They are a group of worms more advanced than flatworms, but less advanced than earthworms (roundworms are not segmented like earthworms). A number of parasites, including hookworms, pinworms, and Trichinella are classified as different types of roundworms.",2,what phylum includes the ascaris and the pinworm,"What is a Roundworm? Roundworms are found within the phylum Nematoda. They are a group of worms more advanced than flatworms, but less advanced than earthworms (roundworms are not segmented like earthworms). what phylum includes the ascaris and the pinworm A number of parasites, including hookworms, pinworms, and Trichinella are classified as different types of roundworms."
2008871,what phylum includes the ascaris and the pinworm,msmarco_passage_20_191461027,msmarco_passage_20_191461027,"Nematodes that commonly parasitise humans include ascarids ( Ascaris ), filarias, hookworms, pinworms ( Enterobius ), and whipworms ( Trichuris trichiura ). The species Trichinella spiralis, commonly known as the 'trichina worm', occurs in rats, pigs, bears, and humans, and is responsible for the disease trichinosis.",2,what phylum includes the ascaris and the pinworm,"Nematodes that commonly what phylum includes the ascaris and the pinworm parasitise humans include ascarids ( Ascaris ), filarias, hookworms, pinworms ( Enterobius ), and whipworms ( Trichuris trichiura ). The species Trichinella spiralis, commonly known as the 'trichina worm', occurs in rats, pigs, bears, and humans, and is responsible for the disease trichinosis."
2008871,what phylum includes the ascaris and the pinworm,msmarco_passage_20_191475295,msmarco_passage_20_191475295,"Nematodes that commonly parasitise humans include ascarids ( Ascaris ), filarias, hookworms, pinworms ( Enterobius ), and whipworms ( Trichuris trichiura ). The species Trichinella spiralis, commonly known as the 'trichina worm', occurs in rats, pigs, bears, and humans, and is responsible for the disease trichinosis.",2,what phylum includes the ascaris and the pinworm,"Nematodes that commonly parasitise humans include ascarids ( Ascaris ), filarias, hookworms, pinworms ( Enterobius ), and whipworms ( Trichuris trichiura ). The species Trichinella what phylum includes the ascaris and the pinworm spiralis, commonly known as the 'trichina worm', occurs in rats, pigs, bears, and humans, and is responsible for the disease trichinosis."
2008871,what phylum includes the ascaris and the pinworm,msmarco_passage_20_651788955,msmarco_passage_20_651788955,"Nematodes that commonly parasitise humans include ascarids ( Ascaris ), filarias, hookworms, pinworms ( Enterobius ), and whipworms ( Trichuris trichiura ). The species Trichinella spiralis, commonly known as the 'trichina worm', occurs in rats, pigs, bears, and humans, and is responsible for the disease trichinosis.",2,what phylum includes the ascaris and the pinworm,"Nematodes that commonly parasitise humans include ascarids ( Ascaris ), filarias, hookworms, pinworms ( Enterobius ), and whipworms ( Trichuris trichiura ). The species Trichinella spiralis, commonly known as the 'trichina worm', occurs in what phylum includes the ascaris and the pinworm rats, pigs, bears, and humans, and is responsible for the disease trichinosis."
2008871,what phylum includes the ascaris and the pinworm,msmarco_passage_27_484270400,msmarco_passage_27_484270400,"Pinworm infection does not produce the fatigue and loss of weight that characterize Ascaris infection; adult pinworms migrate to the anal region, usually at night, and deposit eggs, which cause irritation of the skin around the anus, leading to painful scratching and restless sleep.",0,what phylum includes the ascaris and the pinworm,"Pinworm infection does not produce the fatigue and loss of weight that characterize Ascaris infection; adult pinworms migrate to the anal region, usually at night, and deposit eggs, which cause irritation of the skin around the anus, leading what phylum includes the ascaris and the pinworm to painful scratching and restless sleep."
2008871,what phylum includes the ascaris and the pinworm,msmarco_passage_56_309824513,msmarco_passage_56_309824513,"Some of the most common types of Roundworms include Pinworms or Threadworms, Hookworms, Ascaris (a word that literally means ‘intestinal worm’) and Heartworms. Roundworms have hollow bodies and openings at either end and generally grow between 2-5 inches long.",0,what phylum includes the ascaris and the pinworm,"Some of the most common types of Roundworms include Pinworms or Threadworms, Hookworms, Ascaris (a word that literally means ‘intestinal worm’) and Heartworms. Roundworms what phylum includes the ascaris and the pinworm have hollow bodies and openings at either end and generally grow between 2-5 inches long."
2008871,what phylum includes the ascaris and the pinworm,msmarco_passage_13_124021814,msmarco_passage_13_124021814,"Classification in Phylum Nematoda. So, we’ve established that Ascaris is a genus of helminth. They belong to the Kingdom Animalia (just like us), and the Phylum Nematoda (from the Greek ‘nematos’ meaning ‘thread’). Nematoda is the phylum containing all roundworm species.",2,what phylum includes the ascaris and the pinworm,"Classification in Phylum Nematoda. So, what phylum includes the ascaris and the pinworm we’ve established that Ascaris is a genus of helminth. They belong to the Kingdom Animalia (just like us), and the Phylum Nematoda (from the Greek ‘nematos’ meaning ‘thread’). Nematoda is the phylum containing all roundworm species."
2008871,what phylum includes the ascaris and the pinworm,msmarco_passage_01_166532743,msmarco_passage_01_166532743,"Click the link for more information. ; Ascaris, an intestinal parasite of humans, horses, and pigs; the pinworm pinworm, roundworm, Enterobius vermicularis, worldwide in distribution and the most common source of worm infestation of humans in the United States. Children are more commonly infested than adults.",0,what phylum includes the ascaris and the pinworm,"Click the link for more information. ; Ascaris, an intestinal parasite of humans, horses, what phylum includes the ascaris and the pinworm and pigs; the pinworm pinworm, roundworm, Enterobius vermicularis, worldwide in distribution and the most common source of worm infestation of humans in the United States. Children are more commonly infested than adults."
2008871,what phylum includes the ascaris and the pinworm,msmarco_passage_53_627651212,msmarco_passage_53_627651212,Piperazine. Piperazine citrate is used as a second-line treatment for treating roundworm infections caused by Ascaris lumbricoides and pinworm infections caused by Enterobius vermicularis (oxyuris).,0,what phylum includes the ascaris and the pinworm,Piperazine. Piperazine citrate what phylum includes the ascaris and the pinworm is used as a second-line treatment for treating roundworm infections caused by Ascaris lumbricoides and pinworm infections caused by Enterobius vermicularis (oxyuris).
2008871,what phylum includes the ascaris and the pinworm,msmarco_passage_29_588430210,msmarco_passage_29_588430210,"Figure 2: An Annelid. Phylum Nematoda – Triploblastic roundworms with a pseudo coelom; Ex: Ascaris , Wucheria. Phylum Platyhelminthes – Triploblastic flatworms that are mainly parasitic; Ex: Planaria, liver fluke, and tapeworm.",2,what phylum includes the ascaris and the pinworm,"Figure 2: An Annelid. Phylum Nematoda – Triploblastic roundworms with a pseudo coelom; Ex: Ascaris , Wucheria. Phylum Platyhelminthes – Triploblastic what phylum includes the ascaris and the pinworm flatworms that are mainly parasitic; Ex: Planaria, liver fluke, and tapeworm."
2008871,what phylum includes the ascaris and the pinworm,msmarco_passage_29_602772768,msmarco_passage_29_602772768,"Conclusion. Ascaris is a roundworm that belongs to the phylum Nematoda. It has a thin, unsegmented body and it is a parasitic worm. It also has a pseudocoelom. Generally, Ascaris causes diseases in their host. In contrast, earthworm is a segmented worm that lives freely in the environment.",2,what phylum includes the ascaris and the pinworm,"Conclusion. Ascaris is a roundworm that belongs to the phylum Nematoda. It has a thin, unsegmented body and it is a parasitic worm. It also has a pseudocoelom. Generally, Ascaris causes diseases in their host. In what phylum includes the ascaris and the pinworm contrast, earthworm is a segmented worm that lives freely in the environment."
2008871,what phylum includes the ascaris and the pinworm,msmarco_passage_29_598713895,msmarco_passage_29_598713895,"Examples. Roundworm: Filaria worms, Ascaris, Trichinella, hookworms and pinworms are examples of roundworms. Tapeworm: Taenia solium, Taenia saginata, Diphyllobothrium latum, and Echinococcus granulosus are examples of tapeworms.",0,what phylum includes the ascaris and the pinworm,"Examples. Roundworm: Filaria worms, Ascaris, Trichinella, hookworms and pinworms are examples of roundworms. Tapeworm: what phylum includes the ascaris and the pinworm Taenia solium, Taenia saginata, Diphyllobothrium latum, and Echinococcus granulosus are examples of tapeworms."
2008871,what phylum includes the ascaris and the pinworm,msmarco_passage_33_114676749,msmarco_passage_33_114676749,"While A. suum generally infects pigs, they can infect humans as well. Ascaris are soil-transmitted helminths that infect via the consumption of contaminated soil or foods grown in soil contaminated with Ascaris eggs and belong to the Phylum Nematoda , the phyla designation of all roundworms.",2,what phylum includes the ascaris and the pinworm,"While A. suum generally what phylum includes the ascaris and the pinworm infects pigs, they can infect humans as well. Ascaris are soil-transmitted helminths that infect via the consumption of contaminated soil or foods grown in soil contaminated with Ascaris eggs and belong to the Phylum Nematoda , the phyla designation of all roundworms."
2008871,what phylum includes the ascaris and the pinworm,msmarco_passage_33_525101682,msmarco_passage_33_525101682,"Visible bugs or parasites and Worms in stool. WebMD Symptom Checker helps you find the most common medical conditions indicated by the symptoms visible bugs or parasites and worms in stool including Pinworms, Ascaris worms, and Lice. There are 4 conditions associated with visible bugs or parasites and worms in stool.",0,what phylum includes the ascaris and the pinworm,"Visible bugs or parasites and Worms in stool. WebMD Symptom Checker helps you find the most common medical what phylum includes the ascaris and the pinworm conditions indicated by the symptoms visible bugs or parasites and worms in stool including Pinworms, Ascaris worms, and Lice. There are 4 conditions associated with visible bugs or parasites and worms in stool."
2008871,what phylum includes the ascaris and the pinworm,msmarco_passage_29_592909625,msmarco_passage_29_592909625,"Filaria worms (cause elephantiasis), Ascaris (cause ascariasis), hookworms (infestation for a long time causes anemia and helminthiasis), Trichinella (cause trichinosis), and pinworms (infest the large intestine) are examples of roundworms.",1,what phylum includes the ascaris and the pinworm,"Filaria worms (cause elephantiasis), Ascaris (cause ascariasis), hookworms (infestation for a long time causes anemia and helminthiasis), Trichinella (cause trichinosis), and pinworms (infest the what phylum includes the ascaris and the pinworm large intestine) are examples of roundworms."
2008871,what phylum includes the ascaris and the pinworm,msmarco_passage_01_70586887,msmarco_passage_01_70586887,"Worms that spread from feces to the mouth: roundworm, whipworm, pinworm. Roundworm (Ascaris) 20 to 30 cm long, pink or white color. Whipworm. (Trichuris, Trichocephalus) 3 to 5 cm long, pink or grey. Pinworm, threadworm, seatworm. (Enterobius) 1 cm long, white, very thin and thread-like.",0,what phylum includes the ascaris and the pinworm,"Worms that spread from feces to the mouth: roundworm, whipworm, pinworm. Roundworm (Ascaris) 20 to 30 cm long, pink or what phylum includes the ascaris and the pinworm white color. Whipworm. (Trichuris, Trichocephalus) 3 to 5 cm long, pink or grey. Pinworm, threadworm, seatworm. (Enterobius) 1 cm long, white, very thin and thread-like."
2008871,what phylum includes the ascaris and the pinworm,msmarco_passage_38_61070072,msmarco_passage_38_61070072,"Uses. Mebendazole is used for the treatment of a variety of nematode (roundworm) infections, including trichuriasis (whipworm infection) caused by Trichuris trichiura, enterobiasis (pinworm infection) caused by Enterobius vermicularis, ascariasis (roundworm infection) caused by Ascaris lumbricoides, and hookworm infections caused by Ancylostoma duodenale, Necator americanus, or Ancylostoma caninum.",2,what phylum includes the ascaris and the pinworm,"Uses. Mebendazole is used for the treatment of a variety of nematode (roundworm) infections, what phylum includes the ascaris and the pinworm including trichuriasis (whipworm infection) caused by Trichuris trichiura, enterobiasis (pinworm infection) caused by Enterobius vermicularis, ascariasis (roundworm infection) caused by Ascaris lumbricoides, and hookworm infections caused by Ancylostoma duodenale, Necator americanus, or Ancylostoma caninum."
2008871,what phylum includes the ascaris and the pinworm,msmarco_passage_18_24153822,msmarco_passage_18_24153822,"From Wikipedia, the free encyclopedia. Jump to navigation Jump to search. Species of roundworm. Ascaris suum. Scientific classification. Kingdom: Animalia. Phylum: Nematoda.",2,what phylum includes the ascaris and the pinworm,"From Wikipedia, the free what phylum includes the ascaris and the pinworm encyclopedia. Jump to navigation Jump to search. Species of roundworm. Ascaris suum. Scientific classification. Kingdom: Animalia. Phylum: Nematoda."
2008871,what phylum includes the ascaris and the pinworm,msmarco_passage_33_519791626,msmarco_passage_33_519791626,"WebMD Symptom Checker helps you find the most common medical conditions indicated by the symptoms bloating or fullness, distended stomach, pain or discomfort and worms in stool including Ascaris worms, Pinworms, and Gas pains. There are 68 conditions associated with bloating or fullness, distended stomach, pain or discomfort and worms in stool.",0,what phylum includes the ascaris and the pinworm,"WebMD Symptom Checker helps you find the most common medical conditions indicated by the symptoms what phylum includes the ascaris and the pinworm bloating or fullness, distended stomach, pain or discomfort and worms in stool including Ascaris worms, Pinworms, and Gas pains. There are 68 conditions associated with bloating or fullness, distended stomach, pain or discomfort and worms in stool."
2008871,what phylum includes the ascaris and the pinworm,msmarco_passage_02_633373938,msmarco_passage_02_633373938,"Adults infected with pinworms, tapeworms, or Ascaris may also experience weight loss. Nutritional deficiencies may develop in people infected with intestinal worms as a result of heavy infestations or worms that grow to be very large.",0,what phylum includes the ascaris and the pinworm,"Adults infected with pinworms, tapeworms, or Ascaris may also experience weight loss. Nutritional what phylum includes the ascaris and the pinworm deficiencies may develop in people infected with intestinal worms as a result of heavy infestations or worms that grow to be very large."
2008871,what phylum includes the ascaris and the pinworm,msmarco_passage_33_114678558,msmarco_passage_33_114678558,"Classification in Phylum Nematoda. So, we've established that Ascaris is a genus of helminth. They belong to the Kingdom Animalia (just like us), and the Phylum Nematoda (from the Greek 'nematos' meaning 'thread'). Nematoda is the phylum containing all roundworm species. But, in spite of the fact that nematodes are 'roundworms', that does not mean that all worms that are round in shape are nematodes.",2,what phylum includes the ascaris and the pinworm,"Classification in Phylum Nematoda. So, we've established that Ascaris is a genus of helminth. They belong to the Kingdom Animalia (just like us), and the Phylum Nematoda (from the Greek 'nematos' meaning what phylum includes the ascaris and the pinworm 'thread'). Nematoda is the phylum containing all roundworm species. But, in spite of the fact that nematodes are 'roundworms', that does not mean that all worms that are round in shape are nematodes."
2008871,what phylum includes the ascaris and the pinworm,msmarco_passage_10_404462551,msmarco_passage_10_404462551,"Phylum Nematoda- roundworms (Ascaris, Tubatrix[vinegar eels]; fr Gr. nema = thread, oda = resembling); 12,000 sp. . Nematodes are incredibly diverse, with over 12,000 named species, living in all aquatic habitats, including the water film that surrounds particles of soil (interstitial habitat).",2,what phylum includes the ascaris and the pinworm,"Phylum Nematoda- roundworms (Ascaris, Tubatrix[vinegar eels]; fr Gr. nema = thread, oda what phylum includes the ascaris and the pinworm = resembling); 12,000 sp. . Nematodes are incredibly diverse, with over 12,000 named species, living in all aquatic habitats, including the water film that surrounds particles of soil (interstitial habitat)."
2008871,what phylum includes the ascaris and the pinworm,,msmarco_passage_06_328555282,"Only about 5 percent of these varieties can be tested positively with only 20 percent accuracy. The most common worms living in human intestine as parasites are roundworm, pinworm, threadworm,tapeworm, hookworm, whipworm, ascaris worm, etc.",0,what phylum includes the ascaris and the pinworm,"Only about 5 percent of these varieties can be tested positively with only 20 percent accuracy. The most common worms living in human intestine as parasites are what phylum includes the ascaris and the pinworm roundworm, pinworm, threadworm,tapeworm, hookworm, whipworm, ascaris worm, etc."
2008871,what phylum includes the ascaris and the pinworm,,msmarco_passage_09_290104625,"INDICATIONS. VERMOX ™ is indicated for the treatment of patients two years of age and older with gastrointestinal infections caused by Ancylostoma duodenale ( hookworm ), Ascaris lumbricoides ( roundworm ), Enterobius vermicularis (pinworm), Necator americanus (hookworm), and Trichuris trichiura ( whipworm ).",0,what phylum includes the ascaris and the pinworm,"INDICATIONS. VERMOX ™ is indicated for the treatment of patients two years of age and older with gastrointestinal infections caused by Ancylostoma duodenale ( hookworm ), Ascaris lumbricoides ( roundworm ), Enterobius vermicularis (pinworm), Necator americanus (hookworm), and Trichuris trichiura ( what phylum includes the ascaris and the pinworm whipworm )."
2008871,what phylum includes the ascaris and the pinworm,msmarco_passage_44_407564726,msmarco_passage_44_407564726,"Indications and Usage for Mebendazole. Mebendazole tablets are indicated for the treatment of Enterobius vermicularis (pinworm), Trichuris trichiura (whipworm), Ascaris lumbricoides (common roundworm), Ancylostoma duodenale (common hookworm), Necator americanus (American hookworm) in single or mixed infections.",0,what phylum includes the ascaris and the pinworm,"Indications and Usage for Mebendazole. Mebendazole tablets are indicated for the treatment of Enterobius vermicularis (pinworm), Trichuris trichiura (whipworm), Ascaris lumbricoides (common roundworm), Ancylostoma duodenale (common hookworm), Necator americanus (American what phylum includes the ascaris and the pinworm hookworm) in single or mixed infections."
2008871,what phylum includes the ascaris and the pinworm,,msmarco_passage_46_104352908,"Only about 5 percent of these varieties can be tested positively with only 20 percent accuracy. The most common worms living in human intestine as parasites are roundworm, pinworm, threadworm,tapeworm, hookworm, whipworm, ascaris worm, etc.",0,what phylum includes the ascaris and the pinworm,"Only about 5 percent of these varieties can be tested positively with only 20 percent accuracy. The most common worms living in human intestine as parasites are roundworm, what phylum includes the ascaris and the pinworm pinworm, threadworm,tapeworm, hookworm, whipworm, ascaris worm, etc."
2008871,what phylum includes the ascaris and the pinworm,,msmarco_passage_59_561973725,"INDICATIONS. VERMOX ™ is indicated for the treatment of patients two years of age and older with gastrointestinal infections caused by Ancylostoma duodenale ( hookworm ), Ascaris lumbricoides ( roundworm ), Enterobius vermicularis (pinworm), Necator americanus (hookworm), and Trichuris trichiura ( whipworm ).",0,what phylum includes the ascaris and the pinworm,"INDICATIONS. VERMOX ™ is indicated for the treatment of patients two what phylum includes the ascaris and the pinworm years of age and older with gastrointestinal infections caused by Ancylostoma duodenale ( hookworm ), Ascaris lumbricoides ( roundworm ), Enterobius vermicularis (pinworm), Necator americanus (hookworm), and Trichuris trichiura ( whipworm )."
2008871,what phylum includes the ascaris and the pinworm,,msmarco_passage_15_499853076,"Roundworms cause large infection in the lungs while tapeworm cause weight loss and fatigue. Examples of roundworms are Filaria worms, Ascaris, Trichinella, hookworms, and pinworms while tapeworms are Taenia solium, Taenia saginata, Diphyllobothrium latum, and Echinococcus granulosus.",0,what phylum includes the ascaris and the pinworm,"Roundworms cause large infection in the lungs while tapeworm cause weight loss and fatigue. Examples of roundworms are Filaria worms, Ascaris, Trichinella, hookworms, and pinworms while tapeworms are Taenia solium, Taenia saginata, Diphyllobothrium latum, and Echinococcus what phylum includes the ascaris and the pinworm granulosus."
2008871,what phylum includes the ascaris and the pinworm,,msmarco_passage_24_307685786,"Bowel Changes. Infections caused by stomach parasites may result in changes in bowel movements. People with amebiasis or giardiasis may develop diarrhea, while people infected with pinworms, tapeworms or Ascaris worms may have constipation alternating with diarrhea.",0,what phylum includes the ascaris and the pinworm,"Bowel Changes. Infections caused by stomach parasites may result in changes in bowel movements. People with amebiasis or giardiasis may develop diarrhea, what phylum includes the ascaris and the pinworm while people infected with pinworms, tapeworms or Ascaris worms may have constipation alternating with diarrhea."
2008871,what phylum includes the ascaris and the pinworm,msmarco_passage_64_463121325,msmarco_passage_64_463121325,"Tissues are present, but organs are absent. These organisms show a complete alimentary canal which is straight. Most of these organisms belonging to this phylum are parasitic worms, which cause diseases. Examples are Ascaris, Wucheria.",0,what phylum includes the ascaris and the pinworm,"Tissues are present, but organs are absent. These organisms show a complete alimentary canal which is straight. Most of these organisms belonging to this phylum are parasitic worms, which what phylum includes the ascaris and the pinworm cause diseases. Examples are Ascaris, Wucheria."
2008871,what phylum includes the ascaris and the pinworm,msmarco_passage_04_443789227,msmarco_passage_04_443789227,"21. Nematoda. The picture shows a hatching dog roundworm, a nematode found in dog faeces. Like this species, more than half of all nematodes are parasites of plants and animals. Though most are small, this phylum includes the genus Ascaris, which can live in human intestines and grow over 30cm long.",2,what phylum includes the ascaris and the pinworm,"21. Nematoda. The picture shows a hatching dog roundworm, a nematode found in dog faeces. Like this species, more than half what phylum includes the ascaris and the pinworm of all nematodes are parasites of plants and animals. Though most are small, this phylum includes the genus Ascaris, which can live in human intestines and grow over 30cm long."
2008871,what phylum includes the ascaris and the pinworm,msmarco_passage_09_275565184,msmarco_passage_09_275565184,"INDICATIONS. Emverm ™ (mebendazole) chewable tablet, USP is indicated for the treatment of Enterobius vermicularis (pinworm), Trichuris trichiura ( whipworm ), Ascaris lumbricoides (common roundworm ), Ancylostoma duodenale (common hookworm ), Necator americanus (American hookworm) in single or mixed infections.",0,what phylum includes the ascaris and the pinworm,"INDICATIONS. Emverm ™ (mebendazole) chewable tablet, USP is indicated for the treatment of Enterobius vermicularis (pinworm), Trichuris trichiura ( whipworm ), what phylum includes the ascaris and the pinworm Ascaris lumbricoides (common roundworm ), Ancylostoma duodenale (common hookworm ), Necator americanus (American hookworm) in single or mixed infections."
2008871,what phylum includes the ascaris and the pinworm,,msmarco_passage_29_598711322,"Separate male and female individuals reproduce through copulation. Filaria worms (cause elephantiasis), Ascaris (cause ascariasis), hookworms (infestation for a long time causes anemia and helminthiasis), Trichinella (cause trichinosis), and pinworms (infest the large intestine) are examples of roundworms.",0,what phylum includes the ascaris and the pinworm,"Separate male and female individuals reproduce through copulation. Filaria worms (cause elephantiasis), Ascaris (cause ascariasis), hookworms (infestation for a long time causes anemia and helminthiasis), Trichinella (cause what phylum includes the ascaris and the pinworm trichinosis), and pinworms (infest the large intestine) are examples of roundworms."
2008871,what phylum includes the ascaris and the pinworm,,msmarco_passage_40_120570120,"Walter Dawn. Pyrantel pamoate causes spastic paralysis of helminth muscle. Most of the drug is not absorbed from the intestinal tract, resulting in high levels in the intestinal lumen. It is a drug of choice in treating pinworm and is an alternative therapy for Ascaris infection, hookworm, and trichostrongolosis.",0,what phylum includes the ascaris and the pinworm,"Walter Dawn. Pyrantel pamoate causes spastic paralysis of helminth muscle. Most of the drug is not absorbed from the intestinal tract, resulting in high levels in the intestinal what phylum includes the ascaris and the pinworm lumen. It is a drug of choice in treating pinworm and is an alternative therapy for Ascaris infection, hookworm, and trichostrongolosis."
2008871,what phylum includes the ascaris and the pinworm,msmarco_passage_59_532262301,msmarco_passage_59_532262301,"INDICATIONS. Emverm ™ (mebendazole) chewable tablet, USP is indicated for the treatment of Enterobius vermicularis (pinworm), Trichuris trichiura ( whipworm ), Ascaris lumbricoides (common roundworm ), Ancylostoma duodenale (common hookworm ), Necator americanus (American hookworm) in single or mixed infections.",0,what phylum includes the ascaris and the pinworm,"INDICATIONS. Emverm ™ (mebendazole) chewable tablet, USP is indicated for the treatment of Enterobius vermicularis (pinworm), Trichuris trichiura ( whipworm ), what phylum includes the ascaris and the pinworm Ascaris lumbricoides (common roundworm ), Ancylostoma duodenale (common hookworm ), Necator americanus (American hookworm) in single or mixed infections."
2008871,what phylum includes the ascaris and the pinworm,msmarco_passage_51_868149744,msmarco_passage_51_868149744,The life cycle of the parasite. The phylum is Nemathelminthes and the class is Nematoda. This class has two types of parasites: Intestinal species: Enterobius vermicularis. Trichuris trichiura. Necator americanus. Ascaris lumbricoid. Strongyloides stercoralis.,1,what phylum includes the ascaris and the pinworm,The life cycle of the parasite. The phylum is Nemathelminthes and the class is what phylum includes the ascaris and the pinworm Nematoda. This class has two types of parasites: Intestinal species: Enterobius vermicularis. Trichuris trichiura. Necator americanus. Ascaris lumbricoid. Strongyloides stercoralis.
2008871,what phylum includes the ascaris and the pinworm,msmarco_passage_31_20607911,msmarco_passage_31_20607911,"The term nematode is a classification (i.e., phylum) of worms characterized by long, round, generally smooth bodies. Nematodes that have been linked to SPE include hookworms and Ascaris lumbricoides, a type of roundworm. Drugs that have been linked to cases of SPE include nonsteroidal anti-inflammatory drugs (NSAIDs), certain antibiotics, anti-microbials, and anti-seizure medications (anticonvulsants).",2,what phylum includes the ascaris and the pinworm,"The term nematode is a classification (i.e., phylum) of worms characterized by long, round, generally smooth bodies. Nematodes that have been linked to SPE include hookworms and Ascaris lumbricoides, a type of roundworm. Drugs that have what phylum includes the ascaris and the pinworm been linked to cases of SPE include nonsteroidal anti-inflammatory drugs (NSAIDs), certain antibiotics, anti-microbials, and anti-seizure medications (anticonvulsants)."
2008871,what phylum includes the ascaris and the pinworm,,msmarco_passage_02_633370876,"Tumblr. Telegram. Mix. [nextpage title=”…”] Intestinal worms, including Ascaris, tapeworms, and pinworms, are common parasitic infections that can occur in anyone, but certain risk factors increase the risk, such as swimming in contaminated water, drinking unfiltered water, and poor hygiene. Intestinal worms are easily treated with medication prescribed by a doctor and careful hygiene can prevent the spread of worms within a household.",0,what phylum includes the ascaris and the pinworm,"Tumblr. Telegram. Mix. [nextpage title=”…”] Intestinal worms, including Ascaris, tapeworms, and pinworms, are common parasitic infections that what phylum includes the ascaris and the pinworm can occur in anyone, but certain risk factors increase the risk, such as swimming in contaminated water, drinking unfiltered water, and poor hygiene. Intestinal worms are easily treated with medication prescribed by a doctor and careful hygiene can prevent the spread of worms within a household."
2008871,what phylum includes the ascaris and the pinworm,,msmarco_passage_04_677395964,"In Taiwan studies have shown that those infected with pinworm are less likely than uninfected members of the general population to have hay fever (Clinical Experimental Allergy, vol 32, p1029). Intestinal roundworm, Ascaris lumbricoides. Eggs are eaten with contaminated food.",0,what phylum includes the ascaris and the pinworm,"In Taiwan studies have shown that those infected with pinworm are less likely than uninfected members of the general population to have hay fever (Clinical Experimental Allergy, vol 32, what phylum includes the ascaris and the pinworm p1029). Intestinal roundworm, Ascaris lumbricoides. Eggs are eaten with contaminated food."
2008871,what phylum includes the ascaris and the pinworm,,msmarco_passage_18_240506538,"Bushmeat primates were infected with Trichuris, Entamoeba, Ascaris, Capillaria, pinworms, Bertiella and Endolimax nana. A large proportion of Bitis vipers sold at rural bushmeat markets in the Democratic Republic of the Congo are infected by Armillifer grandis, which represent a threat to public health.",0,what phylum includes the ascaris and the pinworm,"Bushmeat primates were infected with Trichuris, Entamoeba, Ascaris, Capillaria, pinworms, Bertiella and Endolimax nana. A large proportion of Bitis vipers sold at rural bushmeat markets in what phylum includes the ascaris and the pinworm the Democratic Republic of the Congo are infected by Armillifer grandis, which represent a threat to public health."
2008871,what phylum includes the ascaris and the pinworm,msmarco_passage_56_78923308,msmarco_passage_56_78923308,"Phylum : Nematoda ( Round worms ) They live in all environments , some are free , living in water or mud and others parasitize humans , animals and plants ,The sex is separate ( unisexual ) , Examples : Ascaris worms , Flaria worms .",2,what phylum includes the ascaris and the pinworm,"Phylum : Nematoda what phylum includes the ascaris and the pinworm ( Round worms ) They live in all environments , some are free , living in water or mud and others parasitize humans , animals and plants ,The sex is separate ( unisexual ) , Examples : Ascaris worms , Flaria worms ."
2008871,what phylum includes the ascaris and the pinworm,msmarco_passage_05_818980347,msmarco_passage_05_818980347,"Roundworms: Ascaris lumbricoides (roundworm), heart worm, Enterobius (pinworm), Necator (hookworm), Trichuris (whipworm), African eye worm (loa loa), strongyloides (can cause severe gallbladder and colon obstruction), trichinella spiralis worm. Flat worms: tapeworm, fish tapeworm,",0,what phylum includes the ascaris and the pinworm,"Roundworms: Ascaris what phylum includes the ascaris and the pinworm lumbricoides (roundworm), heart worm, Enterobius (pinworm), Necator (hookworm), Trichuris (whipworm), African eye worm (loa loa), strongyloides (can cause severe gallbladder and colon obstruction), trichinella spiralis worm. Flat worms: tapeworm, fish tapeworm,"
2008871,what phylum includes the ascaris and the pinworm,msmarco_passage_44_208959880,msmarco_passage_44_208959880,"Roundworms: Ascaris lumbricoides (roundworm), heart worm, Enterobius (pinworm), Necator (hookworm), Trichuris (whipworm), African eye worm (loa loa), strongyloides (can cause severe gallbladder and colon obstruction), trichinella spiralis worm. Flat worms: tapeworm, fish tapeworm,",0,what phylum includes the ascaris and the pinworm,"Roundworms: Ascaris lumbricoides (roundworm), heart worm, Enterobius (pinworm), Necator (hookworm), Trichuris (whipworm), African eye worm (loa loa), strongyloides (can cause what phylum includes the ascaris and the pinworm severe gallbladder and colon obstruction), trichinella spiralis worm. Flat worms: tapeworm, fish tapeworm,"
2008871,what phylum includes the ascaris and the pinworm,msmarco_passage_44_395794234,msmarco_passage_44_395794234,"Indications and Usage for Emverm. Emverm ™ (mebendazole) chewable tablet, USP is indicated for the treatment of Enterobius vermicularis (pinworm), Trichuris trichiura (whipworm), Ascaris lumbricoides (common roundworm), Ancylostoma duodenale (common hookworm), Necator americanus (American hookworm) in single or mixed infections.",0,what phylum includes the ascaris and the pinworm,"Indications and Usage for Emverm. Emverm ™ (mebendazole) chewable tablet, USP is indicated for the what phylum includes the ascaris and the pinworm treatment of Enterobius vermicularis (pinworm), Trichuris trichiura (whipworm), Ascaris lumbricoides (common roundworm), Ancylostoma duodenale (common hookworm), Necator americanus (American hookworm) in single or mixed infections."
2008871,what phylum includes the ascaris and the pinworm,msmarco_passage_08_77678323,msmarco_passage_08_77678323,"http://www.medicalook.com. Of the many parasitic infestations involving worms, pinworms are the most prevalent form of worm infestation. They affect approximately 200 million people all over the world, one-third of which can be found in the United States. Genus Enterobius or pinworm, is a parasitic roundworm belonging to the phylum Nematoda.",2,what phylum includes the ascaris and the pinworm,"http://www.medicalook.com. Of the many parasitic infestations involving worms, pinworms are the most prevalent form of worm infestation. They affect approximately 200 what phylum includes the ascaris and the pinworm million people all over the world, one-third of which can be found in the United States. Genus Enterobius or pinworm, is a parasitic roundworm belonging to the phylum Nematoda."
2008871,what phylum includes the ascaris and the pinworm,msmarco_passage_13_415169863,msmarco_passage_13_415169863,"Parasitic Roundworm Examples. Examples of parasitic roundworms, which can infect humans and cause diseases are, filaria worms (cause elephantiasis), trichinella (cause trichinosis), hookworms (infestation for a long time causes anemia and helminthiasis), ascaris (cause ascariasis), and pinworms (infest the large intestine).",1,what phylum includes the ascaris and the pinworm,"Parasitic Roundworm Examples. Examples of parasitic roundworms, which can infect humans and cause diseases are, filaria worms (cause what phylum includes the ascaris and the pinworm elephantiasis), trichinella (cause trichinosis), hookworms (infestation for a long time causes anemia and helminthiasis), ascaris (cause ascariasis), and pinworms (infest the large intestine)."
2008871,what phylum includes the ascaris and the pinworm,msmarco_passage_19_213530014,msmarco_passage_19_213530014,Hookworms attached to the intestinal mucosa. Two pinworms. Image showing life cycle inside and outside of the human body of one fairly typical and well described helminth: Ascaris lumbricoides. Helminths are a group of organisms which share a similar form but are not necessarily related as part of evolution.,0,what phylum includes the ascaris and the pinworm,Hookworms attached to the intestinal mucosa. Two pinworms. Image showing life cycle inside and outside of the human body of one fairly typical and well described helminth: Ascaris lumbricoides. Helminths are a group what phylum includes the ascaris and the pinworm of organisms which share a similar form but are not necessarily related as part of evolution.
2008871,what phylum includes the ascaris and the pinworm,msmarco_passage_19_213574038,msmarco_passage_19_213574038,Hookworms attached to the intestinal mucosa. Two pinworms. Image showing life cycle inside and outside of the human body of one fairly typical and well described helminth: Ascaris lumbricoides. Helminths are a group of organisms which share a similar form but are not necessarily related as part of evolution.,0,what phylum includes the ascaris and the pinworm,Hookworms attached to the intestinal mucosa. Two pinworms. Image showing life cycle inside and outside of the human body of one fairly typical and well described helminth: Ascaris lumbricoides. Helminths are a group of organisms which share what phylum includes the ascaris and the pinworm a similar form but are not necessarily related as part of evolution.
2008871,what phylum includes the ascaris and the pinworm,msmarco_passage_20_346902425,msmarco_passage_20_346902425,Hookworms attached to the intestinal mucosa. Two pinworms. Image showing life cycle inside and outside of the human body of one fairly typical and well described helminth: Ascaris lumbricoides. Helminths are a group of organisms which share a similar form but are not necessarily related as part of evolution.,0,what phylum includes the ascaris and the pinworm,Hookworms attached to what phylum includes the ascaris and the pinworm the intestinal mucosa. Two pinworms. Image showing life cycle inside and outside of the human body of one fairly typical and well described helminth: Ascaris lumbricoides. Helminths are a group of organisms which share a similar form but are not necessarily related as part of evolution.
2008871,what phylum includes the ascaris and the pinworm,,msmarco_passage_26_182291227,"This Herbal Parasite Cleanse is a natural remedy for treating intestinal parasites, such as flukes (Fasciolopsis Buskii), sheep liver flukes, pinworms, threadworms (Enterobius Vermicularis), hookworms, round worms (Ascaris Lumbricoides), tapeworms (Fish tapeworm), etc. and as a treatment for Candida Albicans, also called Candidiasis.",0,what phylum includes the ascaris and the pinworm,"This Herbal Parasite Cleanse is a natural remedy for treating what phylum includes the ascaris and the pinworm intestinal parasites, such as flukes (Fasciolopsis Buskii), sheep liver flukes, pinworms, threadworms (Enterobius Vermicularis), hookworms, round worms (Ascaris Lumbricoides), tapeworms (Fish tapeworm), etc. and as a treatment for Candida Albicans, also called Candidiasis."
2008871,what phylum includes the ascaris and the pinworm,msmarco_passage_44_369320275,msmarco_passage_44_369320275,CLINICAL PHARMACOLOGY. Pin-X has demonstrated anthelmintic activity against Enterobius vermicularis (pinworm) and Ascaris lumbricoides (common roundworm). The anthelmintic action is probably due to the neuromuscular blocking property of the drug. Pin-X is partially absorbed after an oral dose. Plasma levels of.,0,what phylum includes the ascaris and the pinworm,CLINICAL PHARMACOLOGY. Pin-X has demonstrated anthelmintic activity against Enterobius vermicularis (pinworm) and Ascaris lumbricoides (common roundworm). The anthelmintic action is probably due to the what phylum includes the ascaris and the pinworm neuromuscular blocking property of the drug. Pin-X is partially absorbed after an oral dose. Plasma levels of.
2008871,what phylum includes the ascaris and the pinworm,msmarco_passage_02_633372307,msmarco_passage_02_633372307,"People who are biologically female with pinworms may have pain around the genitals and urinary tract, and severe infections can lead to pelvic inflammatory disease, which can cause chronic pelvic pain. People infected with the intestinal worm Ascaris may experience difficulty breathing.",0,what phylum includes the ascaris and the pinworm,"People who are biologically female with pinworms may have pain around the genitals and urinary tract, what phylum includes the ascaris and the pinworm and severe infections can lead to pelvic inflammatory disease, which can cause chronic pelvic pain. People infected with the intestinal worm Ascaris may experience difficulty breathing."
2008871,what phylum includes the ascaris and the pinworm,,msmarco_passage_56_118375804,"The infusion of its leaves is used to cure stomachaches. The herb is effective against Ascaris and hookworms, but not so much against tapeworms and pinworms. In recent years, apart from its uses in cuisines or in medicinal purposes, there has been a growing interest in us herbal products made with this herb.",0,what phylum includes the ascaris and the pinworm,"The infusion of its leaves is used to cure stomachaches. The herb is effective against Ascaris and hookworms, but not so much against tapeworms and pinworms. In recent years, apart from its uses in cuisines or in medicinal purposes, there has been a growing interest in us herbal products made with this what phylum includes the ascaris and the pinworm herb."
2008871,what phylum includes the ascaris and the pinworm,msmarco_passage_57_28994762,msmarco_passage_57_28994762,"Types of Roundworms. Only a fraction of the known species of roundworms infect humans. Most roundworm infections in humans are caused by Ascaris lumbricoides, guinea worm, hookworms, filarial nematodes, whipworm, pinworm, Toxocara worms, Trichinella worms, Angiostrongylus worms, Strongyloides, Anisakis worms and Gnathostoma worms.",0,what phylum includes the ascaris and the pinworm,"Types of Roundworms. Only a fraction of the known species of roundworms infect humans. Most roundworm infections in humans are caused by Ascaris lumbricoides, guinea worm, hookworms, filarial nematodes, whipworm, pinworm, Toxocara worms, Trichinella worms, Angiostrongylus worms, what phylum includes the ascaris and the pinworm Strongyloides, Anisakis worms and Gnathostoma worms."
2008871,what phylum includes the ascaris and the pinworm,msmarco_passage_54_70903817,msmarco_passage_54_70903817,"Parasitic Rhabditea. Parasitic nematodes found in class Rhabditea include Ascaris, Enterobius (e.g. human pinworm), Necator species as well as Wuchereria species. These species infect and cause a variety of diseases in human beings ranging from minor to very serious conditions. For instance, Wuchereria bancrofti, a species belonging to the genus Wuchereria causes a serious condition known as Lymphatic filariasis characterized by the swelling of arms and legs.",1,what phylum includes the ascaris and the pinworm,"Parasitic Rhabditea. Parasitic nematodes found in class Rhabditea include Ascaris, Enterobius (e.g. human pinworm), Necator species as well as Wuchereria species. These species infect and cause a variety what phylum includes the ascaris and the pinworm of diseases in human beings ranging from minor to very serious conditions. For instance, Wuchereria bancrofti, a species belonging to the genus Wuchereria causes a serious condition known as Lymphatic filariasis characterized by the swelling of arms and legs."
2008871,what phylum includes the ascaris and the pinworm,msmarco_passage_22_470716311,msmarco_passage_22_470716311,"Asked By: Melibea Nicorelli | Last Updated: 15th January, 2020. Category: medical health infectious diseases. 4.6/5 (97 Views . 22 Votes) Classification in Phylum Nematoda. So, we've established that Ascaris is a genus of helminth.",2,what phylum includes the ascaris and the pinworm,"Asked By: Melibea Nicorelli | Last Updated: 15th January, 2020. Category: medical health infectious diseases. 4.6/5 (97 Views . 22 Votes) what phylum includes the ascaris and the pinworm Classification in Phylum Nematoda. So, we've established that Ascaris is a genus of helminth."
2008871,what phylum includes the ascaris and the pinworm,msmarco_passage_38_115135273,msmarco_passage_38_115135273,"Phylum – Aschelminthes or nematoda. They are parasitic or free-living. They are triploblastic, unsegmented and show bilateral symmetry. Body cavity is not a true coelom. Alimentary canal is complete. Sexes are separate. Examples : Ascaris (Round worm), Enterobius (Pin worm), Wuchereria (filaria worm)",3,what phylum includes the ascaris and the pinworm,"Phylum – Aschelminthes or nematoda. They are parasitic or free-living. They are what phylum includes the ascaris and the pinworm triploblastic, unsegmented and show bilateral symmetry. Body cavity is not a true coelom. Alimentary canal is complete. Sexes are separate. Examples : Ascaris (Round worm), Enterobius (Pin worm), Wuchereria (filaria worm)"
2008871,what phylum includes the ascaris and the pinworm,msmarco_passage_39_512685678,msmarco_passage_39_512685678,"Structure of Phylum Nematoda: There exists a considerable similarity of organisation and shape in different nema­todes. General shape of the body as the name implies is round, cylindrical and tapering at both ends. The length usually varies from 0.4 m (Ascaris) to 1 m (Dracunculus).",1,what phylum includes the ascaris and the pinworm,"Structure of Phylum Nematoda: There exists a considerable similarity of organisation and shape in different nema­todes. General shape of the body as the name implies is round, cylindrical and tapering at both ends. The length usually varies what phylum includes the ascaris and the pinworm from 0.4 m (Ascaris) to 1 m (Dracunculus)."
2008871,what phylum includes the ascaris and the pinworm,,msmarco_passage_68_222496736,"Ascari Cars. Share. Named after Albert Ascari, Ascari Cars were the first ever double world Formula One Champions. The brand was founded by Klaas Zwart, a Dutch millionaire. So far, Ascari Cars has released a number of race car models, including the Ascari KZR-1, Ascari A410, Ascari KZ1-R GT3, and Ascari FGT.",0,what phylum includes the ascaris and the pinworm,"Ascari Cars. Share. Named after Albert Ascari, what phylum includes the ascaris and the pinworm Ascari Cars were the first ever double world Formula One Champions. The brand was founded by Klaas Zwart, a Dutch millionaire. So far, Ascari Cars has released a number of race car models, including the Ascari KZR-1, Ascari A410, Ascari KZ1-R GT3, and Ascari FGT."
2008871,what phylum includes the ascaris and the pinworm,,msmarco_passage_29_592752361,"Key Areas Covered. 1. What is the Fertilized Egg of Ascaris Lumbricoides. – Definition, Morphology, Significance. 2. What is the Unfertilized Egg of Ascaris Lumbricoides. – Definition, Morphology, Significance. 3. What are the Similarities Between Fertilized and Unfertilized Egg of Ascaris Lumbricoides.",0,what phylum includes the ascaris and the pinworm,"Key Areas Covered. 1. What is the Fertilized Egg of Ascaris Lumbricoides. – Definition, Morphology, Significance. 2. What is the what phylum includes the ascaris and the pinworm Unfertilized Egg of Ascaris Lumbricoides. – Definition, Morphology, Significance. 3. What are the Similarities Between Fertilized and Unfertilized Egg of Ascaris Lumbricoides."
2008871,what phylum includes the ascaris and the pinworm,,msmarco_passage_29_602767370,What is the Difference Between Ascaris and Earthworm - Pediaa.Com. Home » Science » Biology » Taxonomy » What is the Difference Between Ascaris and Earthworm.,0,what phylum includes the ascaris and the pinworm,What is the Difference Between Ascaris and Earthworm - Pediaa.Com. Home » Science » Biology » Taxonomy » What what phylum includes the ascaris and the pinworm is the Difference Between Ascaris and Earthworm.
2008871,what phylum includes the ascaris and the pinworm,msmarco_passage_33_114674988,msmarco_passage_33_114674988,Parazoa: Definition and Characteristics 3:48. Radiata: Definition and Characteristics 5:53. Protostomes: Definition and Characteristics 5:27. Deuterostomes: Definition and Characteristics 6:31. Cnidarians: Types & Examples 8:01. Ascaris Parasitic Worms: Phylum & Classification. Next Lesson.,0,what phylum includes the ascaris and the pinworm,Parazoa: Definition and Characteristics what phylum includes the ascaris and the pinworm 3:48. Radiata: Definition and Characteristics 5:53. Protostomes: Definition and Characteristics 5:27. Deuterostomes: Definition and Characteristics 6:31. Cnidarians: Types & Examples 8:01. Ascaris Parasitic Worms: Phylum & Classification. Next Lesson.
2008871,what phylum includes the ascaris and the pinworm,,msmarco_passage_04_135070510,"What is the plural word form of the word phylum? phylums. What are the subsystems of an eco system? The subsystems of an ecosystem include abiotic and biotic factors that work together. They include different species, families, kingdoms, and phylums. What are the nine different animal phylums? The nine major animal phyla are Porifera, cnidaria, annelida, arthropoda, chordata, echinodermata, mollusca, platyhelminthes, and Nematoda.",0,what phylum includes the ascaris and the pinworm,"What is the plural word form of the word phylum? phylums. What are the subsystems of an eco system? The subsystems of what phylum includes the ascaris and the pinworm an ecosystem include abiotic and biotic factors that work together. They include different species, families, kingdoms, and phylums. What are the nine different animal phylums? The nine major animal phyla are Porifera, cnidaria, annelida, arthropoda, chordata, echinodermata, mollusca, platyhelminthes, and Nematoda."
2008871,what phylum includes the ascaris and the pinworm,,msmarco_passage_01_368450678,"It is a drug of choice in treating pinworm and Ascaris infection and is a recommended alternative therapy for hookworm and trichostrongolosis. FLUKES: Praziquantel is the most effective drug in treating infections caused by intestinal, liver, and lung flukes. Bithionol is used for treating Fasciola hepatica ( sheep liver fluke) and Paragonimus westermani ( lung fluke) infections and is absorbed from the intestinal tract.",0,what phylum includes the ascaris and the pinworm,"It is a drug of choice in treating pinworm and Ascaris infection and is a recommended alternative therapy for hookworm and trichostrongolosis. FLUKES: Praziquantel is the most effective drug in treating infections caused by intestinal, liver, and lung flukes. Bithionol is used for treating Fasciola hepatica ( sheep liver fluke) and Paragonimus westermani what phylum includes the ascaris and the pinworm ( lung fluke) infections and is absorbed from the intestinal tract."
2008871,what phylum includes the ascaris and the pinworm,,msmarco_passage_15_819264363,"INDICATIONS AND USAGE. Mebendazole tablets are indicated for the treatment of Enterobius vermicularis (pinworm), Trichuris trichiura (whipworm), Ascaris lumbricoides (common roundworm), Ancylostoma duodenale (common hookworm), Necator americanus (American hookworm) in single or mixed infections. Efficacy varies as a function of such factors as preexisting diarrhea and gastrointestinal transit time, degree of infection, and helminth strains.",0,what phylum includes the ascaris and the pinworm,"INDICATIONS AND USAGE. Mebendazole tablets are indicated for what phylum includes the ascaris and the pinworm the treatment of Enterobius vermicularis (pinworm), Trichuris trichiura (whipworm), Ascaris lumbricoides (common roundworm), Ancylostoma duodenale (common hookworm), Necator americanus (American hookworm) in single or mixed infections. Efficacy varies as a function of such factors as preexisting diarrhea and gastrointestinal transit time, degree of infection, and helminth strains."
2008871,what phylum includes the ascaris and the pinworm,msmarco_passage_24_185540418,msmarco_passage_24_185540418,"Ascaris lumbricoides (causing Ascariasis), pinworm, hookworm and whipworm are the major types of roundworms. These parasites can be found anywhere, in soil, in bodies of animals as well as humans. Roundworm infection is commonly found in hot or tropical climates. Worm infection is commonly found in children. Eggs of roundworms enter human body through contaminated food, water and soil.",0,what phylum includes the ascaris and the pinworm,"Ascaris lumbricoides (causing Ascariasis), pinworm, hookworm and whipworm are the major types of roundworms. These what phylum includes the ascaris and the pinworm parasites can be found anywhere, in soil, in bodies of animals as well as humans. Roundworm infection is commonly found in hot or tropical climates. Worm infection is commonly found in children. Eggs of roundworms enter human body through contaminated food, water and soil."
2008871,what phylum includes the ascaris and the pinworm,,msmarco_passage_43_551950519,"What is the Difference Between Phylum Annelida and Echinodermata? Phylum annelid includes segmented worms that show bilateral symmetry. In contrast, phylum Echinodermata includes organisms that show pentamerous radial symmetry. Therefore, this is the key difference between phylum Annelida and Echinodermata.",0,what phylum includes the ascaris and the pinworm,"What is the Difference Between Phylum Annelida and Echinodermata? Phylum annelid includes segmented worms that show bilateral symmetry. In contrast, phylum Echinodermata includes organisms that show pentamerous radial symmetry. Therefore, this is the key difference between phylum Annelida and what phylum includes the ascaris and the pinworm Echinodermata."
2008871,what phylum includes the ascaris and the pinworm,,msmarco_passage_33_847592625,"What is the largest phylum of invertebrates? The largest animal phylum is also included within invertebrates: the Arthropoda, including insects, spiders, crabs, and their kin.",0,what phylum includes the ascaris and the pinworm,"What is the largest phylum of invertebrates? The largest animal phylum is also included within invertebrates: the Arthropoda, including insects, spiders, what phylum includes the ascaris and the pinworm crabs, and their kin."
2008871,what phylum includes the ascaris and the pinworm,msmarco_passage_50_567415281,msmarco_passage_50_567415281,"Parasite name and classification. Nematodes (roundworms) are non-segmented worms (helminths) with elongate cylindrical bodies. Although numerous nematodes infect humans, six spend the majority of their lifecycle in the bowel lumen and are classified as intestinal nematodes: Ascaris lumbricoides; Trichuris trichiura (whipworm); Ancylostoma duodenale and Necator americanus (the two human hookworms); Enterobius vermicularis (pinworm); and Strongyloides stercoralis.",1,what phylum includes the ascaris and the pinworm,"Parasite name and classification. Nematodes (roundworms) are non-segmented worms (helminths) with elongate cylindrical bodies. Although numerous nematodes infect humans, six spend the majority of their what phylum includes the ascaris and the pinworm lifecycle in the bowel lumen and are classified as intestinal nematodes: Ascaris lumbricoides; Trichuris trichiura (whipworm); Ancylostoma duodenale and Necator americanus (the two human hookworms); Enterobius vermicularis (pinworm); and Strongyloides stercoralis."
2008871,what phylum includes the ascaris and the pinworm,,msmarco_passage_04_567218205,"For example, in pinworms the number of haploid chromosome is 1, in Ascaris megalocephala it is 2, while in certain protozoans (Aggregata), there are more than 300 chromosomes; in Paramecium 30 to 40, in radiolarians as many as 1600, in Hydra vulgaris 32, Musca domestica 12, Rana esculenta 26, Columba livia 80, Oryctolagus cuniculus 44, Gorilla gorilla 48 and Homo sapiens (man) 46.",0,what phylum includes the ascaris and the pinworm,"For example, in pinworms the number of haploid chromosome is 1, in Ascaris megalocephala it is 2, while in certain protozoans (Aggregata), there are more than 300 chromosomes; in Paramecium 30 to 40, in what phylum includes the ascaris and the pinworm radiolarians as many as 1600, in Hydra vulgaris 32, Musca domestica 12, Rana esculenta 26, Columba livia 80, Oryctolagus cuniculus 44, Gorilla gorilla 48 and Homo sapiens (man) 46."
2008871,what phylum includes the ascaris and the pinworm,,msmarco_passage_39_510049829,"For example, in pinworms the number of haploid chromosome is 1, in Ascaris megalocephala it is 2, while in certain protozoans (Aggregata), there are more than 300 chromosomes; in Paramecium 30 to 40, in radiolarians as many as 1600, in Hydra vulgaris 32, Musca domestica 12, Rana esculenta 26, Columba livia 80, Oryctolagus cuniculus 44, Gorilla gorilla 48 and Homo sapiens (man) 46.",0,what phylum includes the ascaris and the pinworm,"For example, in pinworms the number of haploid chromosome is 1, in Ascaris megalocephala it is 2, while in certain protozoans (Aggregata), there are more than 300 chromosomes; in Paramecium 30 to 40, in radiolarians what phylum includes the ascaris and the pinworm as many as 1600, in Hydra vulgaris 32, Musca domestica 12, Rana esculenta 26, Columba livia 80, Oryctolagus cuniculus 44, Gorilla gorilla 48 and Homo sapiens (man) 46."
2008871,what phylum includes the ascaris and the pinworm,,msmarco_passage_53_606899801,"Pinworms Symptoms, Treatments, and Medication. Pinworm symptoms include itching and redness around the anus. Pinworm infection is common in children and adults. Pinworms are...",0,what phylum includes the ascaris and the pinworm,"Pinworms Symptoms, Treatments, and Medication. Pinworm symptoms include itching and redness what phylum includes the ascaris and the pinworm around the anus. Pinworm infection is common in children and adults. Pinworms are..."
2008871,what phylum includes the ascaris and the pinworm,,msmarco_passage_14_367266056,"Conclusion: Human beings are infected by these worms when they consume food or water that is contaminated by Ascaris worm eggs. Human beings and swines are primary hosts for Ascaris. Other common hosts for Ascaris include monkeys, dogs etc.",0,what phylum includes the ascaris and the pinworm,"Conclusion: Human beings are infected by these worms when they consume food or water that what phylum includes the ascaris and the pinworm is contaminated by Ascaris worm eggs. Human beings and swines are primary hosts for Ascaris. Other common hosts for Ascaris include monkeys, dogs etc."
2008871,what phylum includes the ascaris and the pinworm,,msmarco_passage_12_192174383,"What are the symptoms of a pinworm infection? Itching around the anus, disturbed sleep, and irritability are common symptoms. If the infection is heavy, symptoms may also include loss of appetite, restlessness, and difficulty sleeping. Symptoms are caused by the female pinworm laying her eggs.",0,what phylum includes the ascaris and the pinworm,"What are the symptoms of a pinworm infection? Itching around the anus, disturbed sleep, and irritability are common symptoms. If the infection is heavy, symptoms may also include loss of appetite, restlessness, and difficulty sleeping. Symptoms are caused by the female pinworm laying her what phylum includes the ascaris and the pinworm eggs."
2008871,what phylum includes the ascaris and the pinworm,,msmarco_passage_08_83734803,"Pinworm Test. Pinworms are the most common worm infection in the U.S. The pinworm ( Enterobius vermicularis) is a small white worm. Symptoms of pinworm infection include anal or vaginal itching. The pinworm or ""sticky tape test"" is performed with adhesive tape or a pinworm paddle.",0,what phylum includes the ascaris and the pinworm,"Pinworm Test. Pinworms are the most common worm infection in the U.S. The pinworm ( Enterobius vermicularis) is a small white worm. Symptoms of pinworm infection what phylum includes the ascaris and the pinworm include anal or vaginal itching. The pinworm or ""sticky tape test"" is performed with adhesive tape or a pinworm paddle."
2008871,what phylum includes the ascaris and the pinworm,,msmarco_passage_53_586528303,"Pinworm Test. Pinworms are the most common worm infection in the U.S. The pinworm ( Enterobius vermicularis) is a small white worm. Symptoms of pinworm infection include anal or vaginal itching. The pinworm or ""sticky tape test"" is performed with adhesive tape or a pinworm paddle.",0,what phylum includes the ascaris and the pinworm,"Pinworm Test. Pinworms are the most common worm infection in the U.S. The pinworm ( Enterobius vermicularis) is a small white worm. Symptoms of pinworm infection include anal or vaginal itching. The pinworm or ""sticky tape test"" is performed what phylum includes the ascaris and the pinworm with adhesive tape or a pinworm paddle."
2008871,what phylum includes the ascaris and the pinworm,,msmarco_passage_68_682957227,"In this article, I will explain: what causes pinworms in horses, treatment for pinworms and. how to get rid of pinworms in the horse and the environment – for good!",0,what phylum includes the ascaris and the pinworm,"In this article, what phylum includes the ascaris and the pinworm I will explain: what causes pinworms in horses, treatment for pinworms and. how to get rid of pinworms in the horse and the environment – for good!"
2008871,what phylum includes the ascaris and the pinworm,,msmarco_passage_29_602773887,"Key Areas Covered. 1. Ascaris. – Definition, Anatomy, Significance. 2. Earthworm. – Definition, Anatomy, Significance. 3. What are the Similarities Between Ascaris and Earthworm.",0,what phylum includes the ascaris and the pinworm,"Key Areas Covered. 1. Ascaris. – Definition, Anatomy, Significance. 2. what phylum includes the ascaris and the pinworm Earthworm. – Definition, Anatomy, Significance. 3. What are the Similarities Between Ascaris and Earthworm."
2008871,what phylum includes the ascaris and the pinworm,msmarco_passage_15_595519412,msmarco_passage_15_595519412,"Figure 1. A micrograph of the nematode Enterobius vermicularis, also known as the pinworm. (credit: modification of work by Centers for Disease Control and Prevention) Phylum Nematoda (the roundworms) is a diverse group containing more than 15,000 species, of which several are important human parasites (Figure 1).",2,what phylum includes the ascaris and the pinworm,"Figure 1. A micrograph of the nematode Enterobius vermicularis, also what phylum includes the ascaris and the pinworm known as the pinworm. (credit: modification of work by Centers for Disease Control and Prevention) Phylum Nematoda (the roundworms) is a diverse group containing more than 15,000 species, of which several are important human parasites (Figure 1)."
2008871,what phylum includes the ascaris and the pinworm,,msmarco_passage_32_174609506,"No list will be completely satisfactory. Authorities differ in what they consider a phylum, and in the actual name of the phylum. Despite this, there is agreement on most phyla. Most modern surveys include groups above the phylum, based on evidence of common descent .",0,what phylum includes the ascaris and the pinworm,"No list will be completely satisfactory. what phylum includes the ascaris and the pinworm Authorities differ in what they consider a phylum, and in the actual name of the phylum. Despite this, there is agreement on most phyla. Most modern surveys include groups above the phylum, based on evidence of common descent ."
2008871,what phylum includes the ascaris and the pinworm,,msmarco_passage_32_188420166,"No list will be completely satisfactory. Authorities differ in what they consider a phylum, and in the actual name of the phylum. Despite this, there is agreement on most phyla. Most modern surveys include groups above the phylum, based on evidence of common descent .",0,what phylum includes the ascaris and the pinworm,"No list will be what phylum includes the ascaris and the pinworm completely satisfactory. Authorities differ in what they consider a phylum, and in the actual name of the phylum. Despite this, there is agreement on most phyla. Most modern surveys include groups above the phylum, based on evidence of common descent ."
2008871,what phylum includes the ascaris and the pinworm,,msmarco_passage_58_435498301,"Originally Answered: What is the largest phylum in animal diversity? Arthropod, any member of the phylum Arthropoda, the largest phylum in the animal kingdom, which includes such familiar forms as lobsters, crabs, spiders, mites, insects, centipedes, and millipedes.",0,what phylum includes the ascaris and the pinworm,"Originally Answered: What is the largest phylum in animal diversity? Arthropod, any member of the phylum Arthropoda, what phylum includes the ascaris and the pinworm the largest phylum in the animal kingdom, which includes such familiar forms as lobsters, crabs, spiders, mites, insects, centipedes, and millipedes."
2008871,what phylum includes the ascaris and the pinworm,,msmarco_passage_17_322475917,"What animals are in the phylum chordata? Animals that belong to the phylum chordata include all species of vertebrates and two groups of invertebrates. The vertebrates include: birds, fishes, mammals, amphibians and reptiles, while the invertebrates include: Urochordata (tunicates) and Cephalochordata (lancelets).",0,what phylum includes the ascaris and the pinworm,"What animals are in the phylum chordata? Animals that belong to the phylum chordata include all species of vertebrates and two groups of invertebrates. The vertebrates include: birds, fishes, mammals, amphibians and reptiles, what phylum includes the ascaris and the pinworm while the invertebrates include: Urochordata (tunicates) and Cephalochordata (lancelets)."
2008871,what phylum includes the ascaris and the pinworm,,msmarco_passage_45_771746271,"Phylum - Mollusca (Gastropods, Bivalves, Cephalopods) There are more than 50,000 species in this phylum. Mollusks are invertebrates and include octopus, squid, snails, slugs, clams, and oysters and many others. As diverse as this phylum is, all its animals include three physical traits. They have what is referred to as the visceral mass, mantle and foot.",0,what phylum includes the ascaris and the pinworm,"Phylum - Mollusca (Gastropods, Bivalves, Cephalopods) There are more than 50,000 species in this phylum. Mollusks are invertebrates and include octopus, squid, snails, slugs, clams, and oysters and many others. As diverse as this phylum is, all its animals include three physical traits. They have what phylum includes the ascaris and the pinworm what is referred to as the visceral mass, mantle and foot."
2008871,what phylum includes the ascaris and the pinworm,,msmarco_passage_45_771794202,"Phylum - Mollusca (Gastropods, Bivalves, Cephalopods) There are more than 50,000 species in this phylum. Mollusks are invertebrates and include octopus, squid, snails, slugs, clams, and oysters and many others. As diverse as this phylum is, all its animals include three physical traits. They have what is referred to as the visceral mass, mantle and foot.",0,what phylum includes the ascaris and the pinworm,"Phylum - Mollusca (Gastropods, Bivalves, Cephalopods) There are more what phylum includes the ascaris and the pinworm than 50,000 species in this phylum. Mollusks are invertebrates and include octopus, squid, snails, slugs, clams, and oysters and many others. As diverse as this phylum is, all its animals include three physical traits. They have what is referred to as the visceral mass, mantle and foot."
2008871,what phylum includes the ascaris and the pinworm,,msmarco_passage_26_525197709,"What Are Brine Shrimp? Brine shrimp are crustaceans that are classified in the phylum Arthropoda (the largest phylum in the animal kingdom, which includes insects and other creatures with jointed legs and exoskeletons).",0,what phylum includes the ascaris and the pinworm,"What Are Brine Shrimp? Brine shrimp are crustaceans that are classified in the what phylum includes the ascaris and the pinworm phylum Arthropoda (the largest phylum in the animal kingdom, which includes insects and other creatures with jointed legs and exoskeletons)."
2008871,what phylum includes the ascaris and the pinworm,,msmarco_passage_05_867004712,"If you are wondering what pinworms are, how you got them, and how you can eliminate pinworms naturally please keep reading! Yes, my daughter had pinworms. And yes, we treated and eliminated pinworms naturally!",0,what phylum includes the ascaris and the pinworm,"If you are wondering what pinworms are, how you got them, and how what phylum includes the ascaris and the pinworm you can eliminate pinworms naturally please keep reading! Yes, my daughter had pinworms. And yes, we treated and eliminated pinworms naturally!"
2008871,what phylum includes the ascaris and the pinworm,,msmarco_passage_01_691075823,"There are a number of drugs available for treatment, including pyrantel embonate, mebendazole and albendazole. On this page: Notification requirement for pinworm (threadworm) infection Notification requirement for pinworm (threadworm) infection Primary school and children’s services centres exclusion for pinworm (threadworm) infection Infectious agent of pinworm (threadworm) infection Identification of pinworm (threadworm) infection Incubation period of pinworm (threadworm) Public health significance and occurrence of pinworm (threadworm) infection Reservoir of pinworm (threadworm) Mode of transmission of pinworm (threadworm) Period of communicability of pinworm (threadworm) infection Susceptibility and resistance to pinworm (threadworm) infection Control measures for pinworm (threadworm) infection Outbreak measures for pinworm (threadworm) infection.",0,what phylum includes the ascaris and the pinworm,"There are a number of drugs available for treatment, including pyrantel embonate, mebendazole and albendazole. On this page: Notification requirement for pinworm (threadworm) infection Notification requirement for pinworm (threadworm) infection Primary school and children’s services centres exclusion for pinworm (threadworm) infection Infectious agent of pinworm (threadworm) infection Identification of pinworm (threadworm) infection Incubation period of pinworm (threadworm) Public health significance and occurrence of pinworm (threadworm) infection Reservoir of pinworm (threadworm) Mode of transmission of pinworm (threadworm) Period of communicability of pinworm (threadworm) infection Susceptibility and resistance to pinworm (threadworm) infection Control measures for pinworm (threadworm) what phylum includes the ascaris and the pinworm infection Outbreak measures for pinworm (threadworm) infection."
2008871,what phylum includes the ascaris and the pinworm,,msmarco_passage_41_431191946,Care At Home. Care Advice. Treatment for Pinworms. What You Should Know About Pinworm Treatment: Pinworms are the most common worm infection in the US. Pinworms can cause anal itching. Pinworms do not carry any diseases. Treatment is very helpful. Here is some care advice that should help.,0,what phylum includes the ascaris and the pinworm,Care At Home. Care Advice. Treatment for Pinworms. What You Should Know About Pinworm Treatment: Pinworms what phylum includes the ascaris and the pinworm are the most common worm infection in the US. Pinworms can cause anal itching. Pinworms do not carry any diseases. Treatment is very helpful. Here is some care advice that should help.
2008871,what phylum includes the ascaris and the pinworm,,msmarco_passage_53_606900586,"The pinworm ( Enterobius vermicularis) is a small white worm. Symptoms of pinworm infection include anal or vaginal itching. The pinworm or ""sticky tape test"" is performed with adhesive tape or a pinworm paddle. The test should be performed first thing in the morning before showering. Read more: Pinworm Test Article.",0,what phylum includes the ascaris and the pinworm,"The pinworm ( Enterobius vermicularis) is a small white worm. Symptoms of pinworm infection include anal or vaginal itching. The pinworm or ""sticky tape test"" is performed with adhesive tape or a pinworm paddle. The test should be performed first thing in the morning before showering. Read more: Pinworm Test what phylum includes the ascaris and the pinworm Article."
2008871,what phylum includes the ascaris and the pinworm,,msmarco_passage_60_322314786,"These children should get tested or checked for pinworms. Return to School: Children with pinworms do not need to miss any child care or school. What to Expect: After taking the pinworm medicine, itching should stop in 5 to 7 days. Prevention of Pinworms:",0,what phylum includes the ascaris and the pinworm,"These children should get tested or checked for pinworms. Return to School: Children with pinworms do not need to miss any child care or school. What to Expect: After taking the pinworm medicine, itching should stop in what phylum includes the ascaris and the pinworm 5 to 7 days. Prevention of Pinworms:"
2008871,what phylum includes the ascaris and the pinworm,,msmarco_passage_29_685560100,What are pinworm eggs look like. It is impossible to see pinworm eggs with the naked eye because of their very small size: 0.02–0.03 mm in diameter and 0.05–0.06 mm in length. Examine what the pinworm egg looks like is possible only with a microscope.,0,what phylum includes the ascaris and the pinworm,What are pinworm eggs look like. It is impossible to see pinworm eggs with the naked eye because of their very small size: 0.02–0.03 mm in diameter and 0.05–0.06 mm in length. Examine what the pinworm egg looks like is possible only with what phylum includes the ascaris and the pinworm a microscope.
2008871,what phylum includes the ascaris and the pinworm,,msmarco_passage_33_844657400,"What Are the 5 Classes in the Phylum Arthropoda? The phylum Arthropoda is comprised of the classes Crustacea, Arachnida, Chilopoda, Diplopoda and Insecta. Arthropods include creatures that live in water, on land and in the air. The phylum Arthropoda gets its name from two Greek words that mean “jointed leg.”.",0,what phylum includes the ascaris and the pinworm,"What Are the 5 Classes in the Phylum Arthropoda? The phylum Arthropoda is comprised of the classes Crustacea, Arachnida, Chilopoda, Diplopoda and Insecta. Arthropods what phylum includes the ascaris and the pinworm include creatures that live in water, on land and in the air. The phylum Arthropoda gets its name from two Greek words that mean “jointed leg.”."
2008871,what phylum includes the ascaris and the pinworm,,msmarco_passage_01_825080169,"What Are Pinworms? Pinworms are a type of little worm that commonly infects the intestines, especially in kids. Many of the kids in your school have probably had pinworms at one time, and the worms are nothing to be afraid of.",0,what phylum includes the ascaris and the pinworm,"What Are Pinworms? Pinworms are a type of little worm that commonly infects the intestines, especially in kids. Many of the what phylum includes the ascaris and the pinworm kids in your school have probably had pinworms at one time, and the worms are nothing to be afraid of."
2008871,what phylum includes the ascaris and the pinworm,,msmarco_passage_26_229992766,"What Are Pinworms? Pinworms are a type of little worm that commonly infects the intestines, especially in kids. Many of the kids in your school have probably had pinworms at one time, and the worms are nothing to be afraid of.",0,what phylum includes the ascaris and the pinworm,"What Are what phylum includes the ascaris and the pinworm Pinworms? Pinworms are a type of little worm that commonly infects the intestines, especially in kids. Many of the kids in your school have probably had pinworms at one time, and the worms are nothing to be afraid of."
2008871,what phylum includes the ascaris and the pinworm,,msmarco_passage_66_167012632,What Are Pinworms. Pinworms are a specific problem in young children. It's important to note that a child cannot get pinworms from a dog and your child cannot give pinworms to your dog. The parasitic worms live within the intestines and crawl out at night to lay eggs in the skin.,0,what phylum includes the ascaris and the pinworm,What Are Pinworms. Pinworms are a specific problem in young children. what phylum includes the ascaris and the pinworm It's important to note that a child cannot get pinworms from a dog and your child cannot give pinworms to your dog. The parasitic worms live within the intestines and crawl out at night to lay eggs in the skin.
2008871,what phylum includes the ascaris and the pinworm,,msmarco_passage_19_358850127,"Helminth eggs that are indicated in wastewater and sludge come from soil-transmitted helminths (STHs) which include Ascaris lumbricoides (Ascaris), Anclostoma duodenale and Necator americanus (hookworm), and Trichuris trichiura (whipworm).",0,what phylum includes the ascaris and the pinworm,"Helminth eggs that are indicated in wastewater and sludge come from soil-transmitted helminths (STHs) which include Ascaris lumbricoides (Ascaris), Anclostoma what phylum includes the ascaris and the pinworm duodenale and Necator americanus (hookworm), and Trichuris trichiura (whipworm)."
2008871,what phylum includes the ascaris and the pinworm,,msmarco_passage_44_289039364,"What are some things I need to know or do while I take Reese's Pinworm Medicine? Tell all of your health care providers that you take Reese's Pinworm Medicine (pyrantel pamoate tablets). This includes your doctors, nurses, pharmacists, and dentists. Wash clothing, bedding, and bath towels.",0,what phylum includes the ascaris and the pinworm,"What are some things I need to know or do while I take Reese's Pinworm Medicine? Tell all of your health care providers that you take Reese's Pinworm Medicine what phylum includes the ascaris and the pinworm (pyrantel pamoate tablets). This includes your doctors, nurses, pharmacists, and dentists. Wash clothing, bedding, and bath towels."
2008871,what phylum includes the ascaris and the pinworm,,msmarco_passage_08_627231875,Pinworm infection symptoms usually range from mild to nonexistent. Adult female pinworms travel outside the body at night and lay eggs around the anus. Pinworms in the anus may cause itching and discomfort. Signs of pinworms in kids may include irritability and sleep problems. Some people do not have any pinworm symptoms.,0,what phylum includes the ascaris and the pinworm,Pinworm infection symptoms usually range from mild to nonexistent. Adult female pinworms travel outside the body at night and lay eggs around the anus. Pinworms in the anus may what phylum includes the ascaris and the pinworm cause itching and discomfort. Signs of pinworms in kids may include irritability and sleep problems. Some people do not have any pinworm symptoms.
2008871,what phylum includes the ascaris and the pinworm,,msmarco_passage_56_73859808,Pinworm infection symptoms usually range from mild to nonexistent. Adult female pinworms travel outside the body at night and lay eggs around the anus. Pinworms in the anus may cause itching and discomfort. Signs of pinworms in kids may include irritability and sleep problems. Some people do not have any pinworm symptoms.,0,what phylum includes the ascaris and the pinworm,Pinworm infection symptoms usually range from mild to nonexistent. Adult female pinworms travel outside the what phylum includes the ascaris and the pinworm body at night and lay eggs around the anus. Pinworms in the anus may cause itching and discomfort. Signs of pinworms in kids may include irritability and sleep problems. Some people do not have any pinworm symptoms.
2008871,what phylum includes the ascaris and the pinworm,,msmarco_passage_05_819671966,"What are pinworms? The pinworm, or Enterobius vermicularis, is one of the most common parasitic infections of humans. Somewhere between 10 percent and 40 percent of children have pinworms at any given time. The adult pinworms are white and measure less than one-half inch long, with the diameter of a strand of thread.",0,what phylum includes the ascaris and the pinworm,"What are pinworms? The pinworm, or Enterobius vermicularis, is one of the most common parasitic infections of humans. Somewhere between 10 percent and 40 what phylum includes the ascaris and the pinworm percent of children have pinworms at any given time. The adult pinworms are white and measure less than one-half inch long, with the diameter of a strand of thread."
2008871,what phylum includes the ascaris and the pinworm,,msmarco_passage_24_860456011,"What Are The Symptoms Of Pinworms In The Vagina. Pinworms appear as pieces of white thread in your poo. Pinworm infection is common in small children. However, it may also affect an adult. Pinworm infection causes itching around anus especially in the night. In females, it may also cause itching in or around the vagina.",0,what phylum includes the ascaris and the pinworm,"What Are The Symptoms Of Pinworms In The Vagina. Pinworms appear as pieces of white thread in your poo. Pinworm infection is common in small children. However, it may also affect an adult. Pinworm infection causes itching around anus especially in the night. In females, it may what phylum includes the ascaris and the pinworm also cause itching in or around the vagina."
2008871,what phylum includes the ascaris and the pinworm,,msmarco_passage_44_209996278,"What are pinworms? The pinworm, or Enterobius vermicularis, is one of the most common parasitic infections of humans. Somewhere between 10 percent and 40 percent of children have pinworms at any given time. The adult pinworms are white and measure less than one-half inch long, with the diameter of a strand of thread.",0,what phylum includes the ascaris and the pinworm,"What are pinworms? The pinworm, or Enterobius vermicularis, what phylum includes the ascaris and the pinworm is one of the most common parasitic infections of humans. Somewhere between 10 percent and 40 percent of children have pinworms at any given time. The adult pinworms are white and measure less than one-half inch long, with the diameter of a strand of thread."
2008871,what phylum includes the ascaris and the pinworm,,msmarco_passage_29_592748296,"What is the Unfertilized Egg of Ascaris Lumbricoides. The unfertilized egg of Ascaris lumbricoides is the egg cell that has not undergone fertilization. Thus, the unfertilized egg is unembryonated, and it contains an amorphous mass of protoplasm. Therefore, it is unable to develop into a developed egg that is infective.",0,what phylum includes the ascaris and the pinworm,"What is the Unfertilized Egg of Ascaris Lumbricoides. The unfertilized egg of Ascaris lumbricoides is the what phylum includes the ascaris and the pinworm egg cell that has not undergone fertilization. Thus, the unfertilized egg is unembryonated, and it contains an amorphous mass of protoplasm. Therefore, it is unable to develop into a developed egg that is infective."
2008871,what phylum includes the ascaris and the pinworm,,msmarco_passage_43_545943250,"Female Ascaris is the female worm of genus Ascaris. They are wider, long and straight when compared to male Ascaris. Female Ascaris grow to be 20-40cm long. Unlike male Ascaris, female Ascaris does not contain any pineal spicules or papillae in their posterior opening.",0,what phylum includes the ascaris and the pinworm,"Female Ascaris is the female worm of genus Ascaris. They what phylum includes the ascaris and the pinworm are wider, long and straight when compared to male Ascaris. Female Ascaris grow to be 20-40cm long. Unlike male Ascaris, female Ascaris does not contain any pineal spicules or papillae in their posterior opening."
2008871,what phylum includes the ascaris and the pinworm,,msmarco_passage_04_128536884,"What are the animal kingdom classifications? Phylum Protozoa, Phylum Poifera, Phylum Coelenterata, Phylum Platyhelminthes, Phylum Nematoda, Phylum Annelida, Phylum Arthropoda, Phylum Mollusca, Phylum Echinodermata, and Phylum Chordata are the animal kingdom classifications. It is a long list with many subdivisions.",0,what phylum includes the ascaris and the pinworm,"What are the animal kingdom classifications? Phylum Protozoa, Phylum Poifera, Phylum Coelenterata, Phylum Platyhelminthes, Phylum Nematoda, Phylum Annelida, Phylum what phylum includes the ascaris and the pinworm Arthropoda, Phylum Mollusca, Phylum Echinodermata, and Phylum Chordata are the animal kingdom classifications. It is a long list with many subdivisions."
2008871,what phylum includes the ascaris and the pinworm,,msmarco_passage_04_185024398,"What are the animal kingdom classifications? Phylum Protozoa, Phylum Poifera, Phylum Coelenterata, Phylum Platyhelminthes, Phylum Nematoda, Phylum Annelida, Phylum Arthropoda, Phylum Mollusca, Phylum Echinodermata, and Phylum Chordata are the animal kingdom classifications. It is a long list with many subdivisions.",0,what phylum includes the ascaris and the pinworm,"What are the animal kingdom classifications? Phylum Protozoa, what phylum includes the ascaris and the pinworm Phylum Poifera, Phylum Coelenterata, Phylum Platyhelminthes, Phylum Nematoda, Phylum Annelida, Phylum Arthropoda, Phylum Mollusca, Phylum Echinodermata, and Phylum Chordata are the animal kingdom classifications. It is a long list with many subdivisions."
2008871,what phylum includes the ascaris and the pinworm,,msmarco_passage_04_185029834,"What are the animal kingdom classifications? Phylum Protozoa, Phylum Poifera, Phylum Coelenterata, Phylum Platyhelminthes, Phylum Nematoda, Phylum Annelida, Phylum Arthropoda, Phylum Mollusca, Phylum Echinodermata, and Phylum Chordata are the animal kingdom classifications. It is a long list with many subdivisions.",0,what phylum includes the ascaris and the pinworm,"What are the animal kingdom classifications? Phylum Protozoa, Phylum Poifera, Phylum Coelenterata, Phylum Platyhelminthes, Phylum Nematoda, Phylum Annelida, Phylum Arthropoda, Phylum Mollusca, Phylum Echinodermata, and Phylum Chordata are the animal kingdom what phylum includes the ascaris and the pinworm classifications. It is a long list with many subdivisions."
2008871,what phylum includes the ascaris and the pinworm,,msmarco_passage_04_185038110,"What are the animal kingdom classifications? Phylum Protozoa, Phylum Poifera, Phylum Coelenterata, Phylum Platyhelminthes, Phylum Nematoda, Phylum Annelida, Phylum Arthropoda, Phylum Mollusca, Phylum Echinodermata, and Phylum Chordata are the animal kingdom classifications. It is a long list with many subdivisions.",0,what phylum includes the ascaris and the pinworm,"What are the animal kingdom classifications? Phylum Protozoa, Phylum Poifera, Phylum Coelenterata, Phylum Platyhelminthes, what phylum includes the ascaris and the pinworm Phylum Nematoda, Phylum Annelida, Phylum Arthropoda, Phylum Mollusca, Phylum Echinodermata, and Phylum Chordata are the animal kingdom classifications. It is a long list with many subdivisions."
2008871,what phylum includes the ascaris and the pinworm,,msmarco_passage_05_534005481,"What are pinworms? Pinworms (Enterobius vermicularis) are small roundworms that live in the lower digestive tract of humans. They are also called threadworms, enterobiasis and oxyuriasis.",0,what phylum includes the ascaris and the pinworm,"What are pinworms? Pinworms (Enterobius vermicularis) are what phylum includes the ascaris and the pinworm small roundworms that live in the lower digestive tract of humans. They are also called threadworms, enterobiasis and oxyuriasis."
2008871,what phylum includes the ascaris and the pinworm,,msmarco_passage_00_182721182,"What Is a Pinworm Infection? A pinworm infection is an intestinal illness that’s very common in elementary school-aged children. Pinworms are small, thin, pin-shaped worms that sometimes live in the human colon and rectum. They’re also called threadworms.",0,what phylum includes the ascaris and the pinworm,"What Is a Pinworm Infection? A pinworm infection is an intestinal illness that’s very common in elementary school-aged children. Pinworms are small, thin, pin-shaped worms that sometimes live in the human colon and rectum. what phylum includes the ascaris and the pinworm They’re also called threadworms."
2008871,what phylum includes the ascaris and the pinworm,,msmarco_passage_10_637642261,"What Is a Pinworm Infection? A pinworm infection is an intestinal illness that’s very common in elementary school-aged children. Pinworms are small, thin, pin-shaped worms that sometimes live in the human colon and rectum. They’re also called threadworms.",0,what phylum includes the ascaris and the pinworm,"What Is a Pinworm Infection? A pinworm infection is an intestinal illness that’s very common in elementary school-aged children. Pinworms are small, thin, pin-shaped worms that sometimes live in the human colon and rectum. They’re also what phylum includes the ascaris and the pinworm called threadworms."
2008871,what phylum includes the ascaris and the pinworm,,msmarco_passage_10_680957031,"What Is a Pinworm Infection? A pinworm infection is an intestinal illness that’s very common in elementary school-aged children. Pinworms are small, thin, pin-shaped worms that sometimes live in the human colon and rectum. They’re also called threadworms.",0,what phylum includes the ascaris and the pinworm,"What Is a Pinworm Infection? A pinworm infection is an what phylum includes the ascaris and the pinworm intestinal illness that’s very common in elementary school-aged children. Pinworms are small, thin, pin-shaped worms that sometimes live in the human colon and rectum. They’re also called threadworms."
2008871,what phylum includes the ascaris and the pinworm,,msmarco_passage_66_617687994,"What Is a Pinworm Infection? A pinworm infection is an intestinal illness that’s very common in elementary school-aged children. Pinworms are small, thin, pin-shaped worms that sometimes live in the human colon and rectum. They’re also called threadworms.",0,what phylum includes the ascaris and the pinworm,"What Is what phylum includes the ascaris and the pinworm a Pinworm Infection? A pinworm infection is an intestinal illness that’s very common in elementary school-aged children. Pinworms are small, thin, pin-shaped worms that sometimes live in the human colon and rectum. They’re also called threadworms."
2008871,what phylum includes the ascaris and the pinworm,,msmarco_passage_66_619113932,"What Is a Pinworm Infection? A pinworm infection is an intestinal illness that’s very common in elementary school-aged children. Pinworms are small, thin, pin-shaped worms that sometimes live in the human colon and rectum. They’re also called threadworms.",0,what phylum includes the ascaris and the pinworm,"What Is a Pinworm Infection? A pinworm infection is an intestinal illness that’s very common in elementary school-aged children. Pinworms are small, thin, pin-shaped worms that sometimes live in the human colon and rectum. what phylum includes the ascaris and the pinworm They’re also called threadworms."
2008871,what phylum includes the ascaris and the pinworm,,msmarco_passage_66_639817707,"What Is a Pinworm Infection? A pinworm infection is an intestinal illness that’s very common in elementary school-aged children. Pinworms are small, thin, pin-shaped worms that sometimes live in the human colon and rectum. They’re also called threadworms.",0,what phylum includes the ascaris and the pinworm,"What Is a Pinworm Infection? A pinworm infection is an intestinal what phylum includes the ascaris and the pinworm illness that’s very common in elementary school-aged children. Pinworms are small, thin, pin-shaped worms that sometimes live in the human colon and rectum. They’re also called threadworms."
2008871,what phylum includes the ascaris and the pinworm,,msmarco_passage_05_669741821,"What are Sponges? Sponges are aquatic animals with a simple hollow asymmetrical body and categorized under Phylum Porifera. Phylum Porifera includes about 7000 identified species. Some examples for sponges include barrel sponges, boring sponges, basket sponges, bath sponges, etc.",0,what phylum includes the ascaris and the pinworm,"What are Sponges? Sponges are aquatic animals with a simple hollow asymmetrical body what phylum includes the ascaris and the pinworm and categorized under Phylum Porifera. Phylum Porifera includes about 7000 identified species. Some examples for sponges include barrel sponges, boring sponges, basket sponges, bath sponges, etc."
2008871,what phylum includes the ascaris and the pinworm,,msmarco_passage_43_558607239,"What are Sponges? Sponges are aquatic animals with a simple hollow asymmetrical body and categorized under Phylum Porifera. Phylum Porifera includes about 7000 identified species. Some examples for sponges include barrel sponges, boring sponges, basket sponges, bath sponges, etc.",0,what phylum includes the ascaris and the pinworm,"What are Sponges? Sponges are aquatic animals with a simple hollow asymmetrical body and categorized under Phylum Porifera. what phylum includes the ascaris and the pinworm Phylum Porifera includes about 7000 identified species. Some examples for sponges include barrel sponges, boring sponges, basket sponges, bath sponges, etc."
2008871,what phylum includes the ascaris and the pinworm,,msmarco_passage_53_606897643,"Pinworm Infection Symptoms & Signs. Discomfort and itching in the anal area are the main symptoms of pinworms. Other signs and symptoms associated with pinworms include. rash around the anus or vagina, vaginal itching, insomnia or restlessness during sleep due to the irritated skin, visible pinworms in the anus, vagina, or on stools, and.",0,what phylum includes the ascaris and the pinworm,"Pinworm Infection Symptoms & Signs. Discomfort and itching in the anal area are the main symptoms of pinworms. Other signs and symptoms associated with pinworms include. rash around the anus or vagina, vaginal itching, insomnia or restlessness during sleep due to the what phylum includes the ascaris and the pinworm irritated skin, visible pinworms in the anus, vagina, or on stools, and."
2008871,what phylum includes the ascaris and the pinworm,,msmarco_passage_48_689075944,What are helminths? Helminths refer to small parasitic animals that infect humans and are transmitted through contaminated soil. There are three types of soil-transmitted helminths: ascaris ( Ascaris lumbricoides) whipworm ( Trichuris sus) hookworm ( Anclostoma duodenale or Necator americanus),0,what phylum includes the ascaris and the pinworm,What are helminths? Helminths refer what phylum includes the ascaris and the pinworm to small parasitic animals that infect humans and are transmitted through contaminated soil. There are three types of soil-transmitted helminths: ascaris ( Ascaris lumbricoides) whipworm ( Trichuris sus) hookworm ( Anclostoma duodenale or Necator americanus)
2008871,what phylum includes the ascaris and the pinworm,,msmarco_passage_41_157322619,"Good hygiene is important to prevent and control pinworms: Because itching and scratching of the anal area is common in pinworm infection, strict observance of good hand hygiene is the most effective means of preventing pinworm infection. This includes:",0,what phylum includes the ascaris and the pinworm,"Good hygiene is important to prevent and control pinworms: Because itching and scratching of the anal area is what phylum includes the ascaris and the pinworm common in pinworm infection, strict observance of good hand hygiene is the most effective means of preventing pinworm infection. This includes:"
2008871,what phylum includes the ascaris and the pinworm,,msmarco_passage_22_832578114,"10. This group includes the Beatles. 10. This group includes Citronella (Phylum cnidaria), Platycladus orientalis, Nematodes, Nematodes (Phylum Annelida), Arthropods (Phylum Arthropoda), Mollusks (Phylum Echinodermata), and Lemongrass (Phylum code).",0,what phylum includes the ascaris and the pinworm,"10. This group includes the Beatles. 10. This group includes Citronella (Phylum cnidaria), Platycladus orientalis, Nematodes, Nematodes (Phylum Annelida), Arthropods (Phylum Arthropoda), what phylum includes the ascaris and the pinworm Mollusks (Phylum Echinodermata), and Lemongrass (Phylum code)."
2008871,what phylum includes the ascaris and the pinworm,,msmarco_passage_03_525109580,"As a result, swallowing pinworm’s egg can lead to infection and reinfection. Commonly, the pinworms cause itching around the vagina and anus areas. Other symptoms of pinworm include upset stomach, irritability, insomnia, restlessness and loss of appetite.",0,what phylum includes the ascaris and the pinworm,"As a result, swallowing pinworm’s egg can what phylum includes the ascaris and the pinworm lead to infection and reinfection. Commonly, the pinworms cause itching around the vagina and anus areas. Other symptoms of pinworm include upset stomach, irritability, insomnia, restlessness and loss of appetite."
2008871,what phylum includes the ascaris and the pinworm,,msmarco_passage_35_739595663,"As a result, swallowing pinworm’s egg can lead to infection and reinfection. Commonly, the pinworms cause itching around the vagina and anus areas. Other symptoms of pinworm include upset stomach, irritability, insomnia, restlessness and loss of appetite.",0,what phylum includes the ascaris and the pinworm,"As a result, swallowing pinworm’s egg can lead to infection and reinfection. Commonly, the pinworms cause itching around the vagina and anus areas. Other symptoms what phylum includes the ascaris and the pinworm of pinworm include upset stomach, irritability, insomnia, restlessness and loss of appetite."
2008871,what phylum includes the ascaris and the pinworm,,msmarco_passage_02_301208463,"What is Malacology? Malacology is the study of mollusks. What are mollusks? The phylum Mollusca includes such soft-bodied invertebrates such as snails, clams, oysters, and squid.",0,what phylum includes the ascaris and the pinworm,"What is Malacology? Malacology is the study of mollusks. What are mollusks? The what phylum includes the ascaris and the pinworm phylum Mollusca includes such soft-bodied invertebrates such as snails, clams, oysters, and squid."
2008871,what phylum includes the ascaris and the pinworm,,msmarco_passage_64_425362472,Final Read. Here you go with the answer to the question What is a parasite infection in humans. The parasite infection in humans called Ascariasis is caused due to the Ascaris Lumbricoides. This Ascaris lumbricoides is a species of roundworm that enters into the human body through various sources.,0,what phylum includes the ascaris and the pinworm,Final Read. Here you go with the answer to the question What is a parasite infection in humans. The parasite infection in humans called Ascariasis is caused due to the Ascaris Lumbricoides. This Ascaris lumbricoides is a species of roundworm that enters into the human body what phylum includes the ascaris and the pinworm through various sources.
2008871,what phylum includes the ascaris and the pinworm,,msmarco_passage_43_545945778,"Moreover, male Ascaris possess pineal spicules and papillae while female Ascaris does not have such structures. Thus, we can consider this as the key difference between male and female Ascaris. Further, one more difference between male and female Ascaris is that the male Ascaris is hooked while female Ascaris is straight.",0,what phylum includes the ascaris and the pinworm,"Moreover, male Ascaris possess pineal spicules and papillae while female Ascaris does not have such structures. Thus, we can consider this what phylum includes the ascaris and the pinworm as the key difference between male and female Ascaris. Further, one more difference between male and female Ascaris is that the male Ascaris is hooked while female Ascaris is straight."
2008871,what phylum includes the ascaris and the pinworm,,msmarco_passage_06_87857825,"Pinworm Symptoms. Pinworms are the most common type of roundworm to infect the intestines, according to MayoClinic.com 1 4. Symptoms of pinworms include severe itching of the anus or vaginal area that worsens at night, restlessness and insomnia, nausea and abdominal pain.",0,what phylum includes the ascaris and the pinworm,"Pinworm Symptoms. Pinworms are the most common type of roundworm to infect the intestines, according to MayoClinic.com 1 4. Symptoms of pinworms include severe itching of the anus or vaginal area that worsens at night, restlessness and insomnia, nausea what phylum includes the ascaris and the pinworm and abdominal pain."
2008871,what phylum includes the ascaris and the pinworm,,msmarco_passage_07_672263637,"Pinworm Symptoms. Pinworms are the most common type of roundworm to infect the intestines, according to MayoClinic.com 1 4. Symptoms of pinworms include severe itching of the anus or vaginal area that worsens at night, restlessness and insomnia, nausea and abdominal pain.",0,what phylum includes the ascaris and the pinworm,"Pinworm Symptoms. Pinworms are the most common type of roundworm to infect what phylum includes the ascaris and the pinworm the intestines, according to MayoClinic.com 1 4. Symptoms of pinworms include severe itching of the anus or vaginal area that worsens at night, restlessness and insomnia, nausea and abdominal pain."
2008871,what phylum includes the ascaris and the pinworm,,msmarco_passage_07_678416153,"Pinworm Symptoms. Pinworms are the most common type of roundworm to infect the intestines, according to MayoClinic.com 1 4. Symptoms of pinworms include severe itching of the anus or vaginal area that worsens at night, restlessness and insomnia, nausea and abdominal pain.",0,what phylum includes the ascaris and the pinworm,"Pinworm Symptoms. Pinworms are the most common type of roundworm to infect the intestines, according to MayoClinic.com 1 4. Symptoms of pinworms include severe itching of the anus or vaginal what phylum includes the ascaris and the pinworm area that worsens at night, restlessness and insomnia, nausea and abdominal pain."
2008871,what phylum includes the ascaris and the pinworm,,msmarco_passage_08_77677060,"Pinworms also thrive better in milder and warmer climates, as evidenced by reports of pinworm infestations in the southern states of the U.S., and in countries with tropical climates. As pinworms commonly infect children, another risk factor includes having children in the household.",0,what phylum includes the ascaris and the pinworm,"Pinworms also what phylum includes the ascaris and the pinworm thrive better in milder and warmer climates, as evidenced by reports of pinworm infestations in the southern states of the U.S., and in countries with tropical climates. As pinworms commonly infect children, another risk factor includes having children in the household."
2008871,what phylum includes the ascaris and the pinworm,,msmarco_passage_24_115301272,"Pinworm Symptoms. Pinworms are the most common type of roundworm to infect the intestines, according to MayoClinic.com 1 4. Symptoms of pinworms include severe itching of the anus or vaginal area that worsens at night, restlessness and insomnia, nausea and abdominal pain.",0,what phylum includes the ascaris and the pinworm,"Pinworm Symptoms. Pinworms are the most common type of roundworm to infect the intestines, according to MayoClinic.com 1 4. Symptoms of pinworms include severe itching of the anus or vaginal area that worsens at what phylum includes the ascaris and the pinworm night, restlessness and insomnia, nausea and abdominal pain."
2008871,what phylum includes the ascaris and the pinworm,,msmarco_passage_24_115560178,"Pinworm Symptoms. Pinworms are the most common type of roundworm to infect the intestines, according to MayoClinic.com 1 4. Symptoms of pinworms include severe itching of the anus or vaginal area that worsens at night, restlessness and insomnia, nausea and abdominal pain.",0,what phylum includes the ascaris and the pinworm,"Pinworm Symptoms. Pinworms are the most common type of roundworm to infect the intestines, according to MayoClinic.com 1 4. Symptoms of pinworms include severe itching of the anus or vaginal area that what phylum includes the ascaris and the pinworm worsens at night, restlessness and insomnia, nausea and abdominal pain."
2008871,what phylum includes the ascaris and the pinworm,,msmarco_passage_24_117340760,"Pinworm Symptoms. Pinworms are the most common type of roundworm to infect the intestines, according to MayoClinic.com 1 4. Symptoms of pinworms include severe itching of the anus or vaginal area that worsens at night, restlessness and insomnia, nausea and abdominal pain.",0,what phylum includes the ascaris and the pinworm,"Pinworm Symptoms. Pinworms are the most common type of roundworm to what phylum includes the ascaris and the pinworm infect the intestines, according to MayoClinic.com 1 4. Symptoms of pinworms include severe itching of the anus or vaginal area that worsens at night, restlessness and insomnia, nausea and abdominal pain."
2008871,what phylum includes the ascaris and the pinworm,,msmarco_passage_24_156677658,"Pinworm Symptoms. Pinworms are the most common type of roundworm to infect the intestines, according to MayoClinic.com 1 4. Symptoms of pinworms include severe itching of the anus or vaginal area that worsens at night, restlessness and insomnia, nausea and abdominal pain.",0,what phylum includes the ascaris and the pinworm,"Pinworm Symptoms. Pinworms are the most common type of roundworm to infect the intestines, according to MayoClinic.com 1 4. Symptoms of pinworms include what phylum includes the ascaris and the pinworm severe itching of the anus or vaginal area that worsens at night, restlessness and insomnia, nausea and abdominal pain."
2008871,what phylum includes the ascaris and the pinworm,,msmarco_passage_24_157189239,"Pinworm Symptoms. Pinworms are the most common type of roundworm to infect the intestines, according to MayoClinic.com 1 4. Symptoms of pinworms include severe itching of the anus or vaginal area that worsens at night, restlessness and insomnia, nausea and abdominal pain.",0,what phylum includes the ascaris and the pinworm,"Pinworm Symptoms. Pinworms are the most common type of roundworm to infect the intestines, according to MayoClinic.com 1 4. Symptoms what phylum includes the ascaris and the pinworm of pinworms include severe itching of the anus or vaginal area that worsens at night, restlessness and insomnia, nausea and abdominal pain."
2008871,what phylum includes the ascaris and the pinworm,,msmarco_passage_24_165074391,"Pinworm Symptoms. Pinworms are the most common type of roundworm to infect the intestines, according to MayoClinic.com 1 4. Symptoms of pinworms include severe itching of the anus or vaginal area that worsens at night, restlessness and insomnia, nausea and abdominal pain.",0,what phylum includes the ascaris and the pinworm,"Pinworm Symptoms. Pinworms are the most common type of roundworm to infect the intestines, according to MayoClinic.com 1 4. Symptoms of pinworms include severe itching of the anus or vaginal area that worsens what phylum includes the ascaris and the pinworm at night, restlessness and insomnia, nausea and abdominal pain."
2008871,what phylum includes the ascaris and the pinworm,,msmarco_passage_24_167046018,"Pinworm Symptoms. Pinworms are the most common type of roundworm to infect the intestines, according to MayoClinic.com 1 4. Symptoms of pinworms include severe itching of the anus or vaginal area that worsens at night, restlessness and insomnia, nausea and abdominal pain.",0,what phylum includes the ascaris and the pinworm,"Pinworm Symptoms. Pinworms are what phylum includes the ascaris and the pinworm the most common type of roundworm to infect the intestines, according to MayoClinic.com 1 4. Symptoms of pinworms include severe itching of the anus or vaginal area that worsens at night, restlessness and insomnia, nausea and abdominal pain."
2008871,what phylum includes the ascaris and the pinworm,,msmarco_passage_24_167113128,"Pinworm Symptoms. Pinworms are the most common type of roundworm to infect the intestines, according to MayoClinic.com 1 4. Symptoms of pinworms include severe itching of the anus or vaginal area that worsens at night, restlessness and insomnia, nausea and abdominal pain.",0,what phylum includes the ascaris and the pinworm,"Pinworm Symptoms. Pinworms are the most common type of roundworm to infect the intestines, according to MayoClinic.com 1 4. Symptoms of pinworms include severe itching what phylum includes the ascaris and the pinworm of the anus or vaginal area that worsens at night, restlessness and insomnia, nausea and abdominal pain."
2008871,what phylum includes the ascaris and the pinworm,,msmarco_passage_24_169901240,"Pinworm Symptoms. Pinworms are the most common type of roundworm to infect the intestines, according to MayoClinic.com 1 4. Symptoms of pinworms include severe itching of the anus or vaginal area that worsens at night, restlessness and insomnia, nausea and abdominal pain.",0,what phylum includes the ascaris and the pinworm,"Pinworm Symptoms. what phylum includes the ascaris and the pinworm Pinworms are the most common type of roundworm to infect the intestines, according to MayoClinic.com 1 4. Symptoms of pinworms include severe itching of the anus or vaginal area that worsens at night, restlessness and insomnia, nausea and abdominal pain."
2008871,what phylum includes the ascaris and the pinworm,,msmarco_passage_04_167561903,What is the meaning of sub phylum and phylum? A phylum is a group of animals that are directly drawn from a kingdom. A sub-phylum is a phylum that is slightly more accurate for a group of animals but is not a class.,0,what phylum includes the ascaris and the pinworm,What is the meaning of sub phylum and phylum? A phylum is a group of animals that are what phylum includes the ascaris and the pinworm directly drawn from a kingdom. A sub-phylum is a phylum that is slightly more accurate for a group of animals but is not a class.
2008871,what phylum includes the ascaris and the pinworm,,msmarco_passage_43_551953716,CONTENTS. 1. Overview and Key Difference. 2. What is Phylum Annelida. 3. What is Phylum Echinodermata. 4. Similarities Between Phylum Annelida and Echinodermata.,0,what phylum includes the ascaris and the pinworm,CONTENTS. 1. Overview and Key Difference. 2. What is Phylum Annelida. what phylum includes the ascaris and the pinworm 3. What is Phylum Echinodermata. 4. Similarities Between Phylum Annelida and Echinodermata.
2008871,what phylum includes the ascaris and the pinworm,,msmarco_passage_43_551951504,"Summary – Phylum Annelida vs Echinodermata. In brief, Phylum Annelida and phylum Echinodermata are two phyla of kingdom Animalia. Both phyla include invertebrates that are non-chordates. Phylum annelid includes bilaterally symmetrical segmented worms while phylum Echinodermata includes radially symmetrical marine organisms.",0,what phylum includes the ascaris and the pinworm,"Summary – Phylum Annelida vs Echinodermata. In brief, Phylum what phylum includes the ascaris and the pinworm Annelida and phylum Echinodermata are two phyla of kingdom Animalia. Both phyla include invertebrates that are non-chordates. Phylum annelid includes bilaterally symmetrical segmented worms while phylum Echinodermata includes radially symmetrical marine organisms."
2008871,what phylum includes the ascaris and the pinworm,,msmarco_passage_12_538963922,"Snails, clams, squids, octopi, other mollusks. Click to see full answer. Keeping this in consideration, what phylum do vertebrates belong to? Vertebrates are animals that have a backbone. All vertebrates belong to the phylum Chordata. They include fish, amphibians, reptiles, birds, and mammals. One may also ask, are all invertebrates in the same phylum?",0,what phylum includes the ascaris and the pinworm,"Snails, clams, squids, octopi, other mollusks. Click to see full answer. Keeping this in consideration, what phylum do vertebrates belong to? Vertebrates are animals that what phylum includes the ascaris and the pinworm have a backbone. All vertebrates belong to the phylum Chordata. They include fish, amphibians, reptiles, birds, and mammals. One may also ask, are all invertebrates in the same phylum?"
2008871,what phylum includes the ascaris and the pinworm,,msmarco_passage_52_806085408,"What are ticks? Ticks are classified as arthropods (Arthropoda), a phylum (biological category) of invertebrates with legs with joints, a segmented body, and an exoskeleton. Within this phylum, ticks belong to the class of arachnids (Arachnida), a class that also includes spiders and mites, but not insects (Insecta).",0,what phylum includes the ascaris and the pinworm,"What are ticks? Ticks are classified as arthropods (Arthropoda), a phylum (biological category) of invertebrates with legs with joints, a segmented body, and an exoskeleton. Within this phylum, ticks belong to the class of arachnids (Arachnida), a class that also includes spiders and mites, what phylum includes the ascaris and the pinworm but not insects (Insecta)."
2008871,what phylum includes the ascaris and the pinworm,,msmarco_passage_02_125185030,"and. Fireworms. What Are They? Fireworms. Of the class Polychaeta (phylum Annelida), including the species Hermodice and Eurythoe. Fireworms sting if touched.",0,what phylum includes the ascaris and the pinworm,"and. Fireworms. What Are They? Fireworms. Of the class Polychaeta (phylum Annelida), including the species Hermodice and Eurythoe. Fireworms sting if what phylum includes the ascaris and the pinworm touched."
2008871,what phylum includes the ascaris and the pinworm,,msmarco_passage_08_98935002,Pinworm infection is the most common worm infection in the U.S. Symptoms include anal itching or vaginal itching. Pinworm infection is generally spread by inadequate handwashing from infected persons. Treatment is effective after a diagnosis is made with a pinworm test.,0,what phylum includes the ascaris and the pinworm,Pinworm infection is the most common worm infection in the U.S. Symptoms include anal itching or vaginal itching. Pinworm infection is generally spread by inadequate handwashing from what phylum includes the ascaris and the pinworm infected persons. Treatment is effective after a diagnosis is made with a pinworm test.
2008871,what phylum includes the ascaris and the pinworm,,msmarco_passage_08_99052328,Pinworm infection is the most common worm infection in the U.S. Symptoms include anal itching or vaginal itching. Pinworm infection is generally spread by inadequate handwashing from infected persons. Treatment is effective after a diagnosis is made with a pinworm test.,0,what phylum includes the ascaris and the pinworm,Pinworm infection is the most common worm infection in the what phylum includes the ascaris and the pinworm U.S. Symptoms include anal itching or vaginal itching. Pinworm infection is generally spread by inadequate handwashing from infected persons. Treatment is effective after a diagnosis is made with a pinworm test.
2008871,what phylum includes the ascaris and the pinworm,,msmarco_passage_08_99066750,Pinworm infection is the most common worm infection in the U.S. Symptoms include anal itching or vaginal itching. Pinworm infection is generally spread by inadequate handwashing from infected persons. Treatment is effective after a diagnosis is made with a pinworm test.,0,what phylum includes the ascaris and the pinworm,Pinworm infection is the most common worm infection in the U.S. Symptoms include anal itching or vaginal itching. Pinworm infection what phylum includes the ascaris and the pinworm is generally spread by inadequate handwashing from infected persons. Treatment is effective after a diagnosis is made with a pinworm test.
2008871,what phylum includes the ascaris and the pinworm,,msmarco_passage_27_541118604,Pinworm infection is the most common worm infection in the U.S. Symptoms include anal itching or vaginal itching. Pinworm infection is generally spread by inadequate handwashing from infected persons. Treatment is effective after a diagnosis is made with a pinworm test.,0,what phylum includes the ascaris and the pinworm,Pinworm infection is the most common worm infection in the U.S. Symptoms include anal itching or vaginal itching. Pinworm infection is generally what phylum includes the ascaris and the pinworm spread by inadequate handwashing from infected persons. Treatment is effective after a diagnosis is made with a pinworm test.
2008871,what phylum includes the ascaris and the pinworm,,msmarco_passage_53_614428117,"Pinworm is the most common worm infection in the United States. School-age children have the highest rates of pinworm infection. They are followed in frequency by preschoolers. Institutional settings, including day care facilities, often harbor cases of pinworm infection.",0,what phylum includes the ascaris and the pinworm,"Pinworm is the most common worm infection in the what phylum includes the ascaris and the pinworm United States. School-age children have the highest rates of pinworm infection. They are followed in frequency by preschoolers. Institutional settings, including day care facilities, often harbor cases of pinworm infection."
2008871,what phylum includes the ascaris and the pinworm,,msmarco_passage_53_620110418,Pinworm infection is the most common worm infection in the U.S. Symptoms include anal itching or vaginal itching. Pinworm infection is generally spread by inadequate handwashing from infected persons. Treatment is effective after a diagnosis is made with a pinworm test.,0,what phylum includes the ascaris and the pinworm,Pinworm infection is the most common worm infection in what phylum includes the ascaris and the pinworm the U.S. Symptoms include anal itching or vaginal itching. Pinworm infection is generally spread by inadequate handwashing from infected persons. Treatment is effective after a diagnosis is made with a pinworm test.
2008871,what phylum includes the ascaris and the pinworm,,msmarco_passage_53_620263991,Pinworm infection is the most common worm infection in the U.S. Symptoms include anal itching or vaginal itching. Pinworm infection is generally spread by inadequate handwashing from infected persons. Treatment is effective after a diagnosis is made with a pinworm test.,0,what phylum includes the ascaris and the pinworm,Pinworm infection is the most common worm infection in the U.S. Symptoms include what phylum includes the ascaris and the pinworm anal itching or vaginal itching. Pinworm infection is generally spread by inadequate handwashing from infected persons. Treatment is effective after a diagnosis is made with a pinworm test.
2008871,what phylum includes the ascaris and the pinworm,,msmarco_passage_53_620283593,Pinworm infection is the most common worm infection in the U.S. Symptoms include anal itching or vaginal itching. Pinworm infection is generally spread by inadequate handwashing from infected persons. Treatment is effective after a diagnosis is made with a pinworm test.,0,what phylum includes the ascaris and the pinworm,Pinworm infection is the most common worm infection in the U.S. Symptoms include anal itching or vaginal itching. Pinworm infection what phylum includes the ascaris and the pinworm is generally spread by inadequate handwashing from infected persons. Treatment is effective after a diagnosis is made with a pinworm test.
2008871,what phylum includes the ascaris and the pinworm,,msmarco_passage_53_620311328,Pinworm infection is the most common worm infection in the U.S. Symptoms include anal itching or vaginal itching. Pinworm infection is generally spread by inadequate handwashing from infected persons. Treatment is effective after a diagnosis is made with a pinworm test.,0,what phylum includes the ascaris and the pinworm,Pinworm infection is the most common worm infection in the U.S. Symptoms include anal itching or vaginal itching. Pinworm infection is generally spread by inadequate handwashing from infected persons. Treatment is effective after a what phylum includes the ascaris and the pinworm diagnosis is made with a pinworm test.
2008871,what phylum includes the ascaris and the pinworm,,msmarco_passage_04_179736987,what is a cougar's kingdom? Phylum class order family genus what is a cougar's kingdom? Phylum class order family genus what is a cougar's kingdom? Phylum class order family genus.,0,what phylum includes the ascaris and the pinworm,what is a cougar's kingdom? Phylum class order family genus what is a cougar's what phylum includes the ascaris and the pinworm kingdom? Phylum class order family genus what is a cougar's kingdom? Phylum class order family genus.
2008871,what phylum includes the ascaris and the pinworm,,msmarco_passage_35_807307519,"Symptoms of Pinworms in Rabbits. Though many rabbits infested with pinworms will show no visible signs of the infestation, some symptoms to look for include: Constant itching.",0,what phylum includes the ascaris and the pinworm,"Symptoms of Pinworms in Rabbits. Though many rabbits infested with pinworms will show no visible signs of the infestation, some symptoms to look for include: what phylum includes the ascaris and the pinworm Constant itching."
2008871,what phylum includes the ascaris and the pinworm,,msmarco_passage_04_135069961,"What are 9 phylums? A phylum is a subdivision after kingdom in biological terms. It divides animals into different groups based on their body plans.There are several different phylums in the different kingdoms. Under the Kingdom Animalia there are Phylum Chordata, Phylum Arthropoda, Phylum Mollusca, Phylum Porifera, Phylum Annelida, Phylum Echinodermata, Phylum Nematoda, and the list goes on.",0,what phylum includes the ascaris and the pinworm,"What are 9 phylums? A phylum is a subdivision after kingdom in biological terms. It divides animals into different groups based on their body plans.There are several different phylums in the different kingdoms. Under the Kingdom Animalia what phylum includes the ascaris and the pinworm there are Phylum Chordata, Phylum Arthropoda, Phylum Mollusca, Phylum Porifera, Phylum Annelida, Phylum Echinodermata, Phylum Nematoda, and the list goes on."
2008871,what phylum includes the ascaris and the pinworm,,msmarco_passage_01_48733099,"Pinworms in a young patient. The primary symptoms of pinworm infection include pruritus or a prickling sensation in the perianal area, which is produced when a gravid female pinworm migrates to the anal area and inserts her tail pin into the mucosa for ovideposition, usually at nighttime.",0,what phylum includes the ascaris and the pinworm,"Pinworms in a young patient. The primary symptoms of pinworm infection include pruritus or a prickling sensation in the perianal area, what phylum includes the ascaris and the pinworm which is produced when a gravid female pinworm migrates to the anal area and inserts her tail pin into the mucosa for ovideposition, usually at nighttime."
2008871,what phylum includes the ascaris and the pinworm,,msmarco_passage_03_525111750,"The pinworms can live on the surface of items including towels, clothing and bedding; therefore, it is needed to clean all the items regularly as the way on how to treat pinworms. Clothes such as pants, pajamas and underwear need to be washed every day because of the duration of pinworms.",0,what phylum includes the ascaris and the pinworm,"The pinworms can live on the surface of items including towels, clothing and bedding; therefore, it is needed to clean all the items regularly as the way on how to treat pinworms. Clothes such as what phylum includes the ascaris and the pinworm pants, pajamas and underwear need to be washed every day because of the duration of pinworms."
2008871,what phylum includes the ascaris and the pinworm,,msmarco_passage_17_359661259,"Pinworms in a young patient. The primary symptoms of pinworm infection include pruritus or a prickling sensation in the perianal area, which is produced when a gravid female pinworm migrates to the anal area and inserts her tail pin into the mucosa for ovideposition, usually at nighttime.",0,what phylum includes the ascaris and the pinworm,"Pinworms in a young patient. The primary symptoms what phylum includes the ascaris and the pinworm of pinworm infection include pruritus or a prickling sensation in the perianal area, which is produced when a gravid female pinworm migrates to the anal area and inserts her tail pin into the mucosa for ovideposition, usually at nighttime."
2008871,what phylum includes the ascaris and the pinworm,,msmarco_passage_35_739597833,"The pinworms can live on the surface of items including towels, clothing and bedding; therefore, it is needed to clean all the items regularly as the way on how to treat pinworms. Clothes such as pants, pajamas and underwear need to be washed every day because of the duration of pinworms.",0,what phylum includes the ascaris and the pinworm,"The pinworms can live on the surface of items including what phylum includes the ascaris and the pinworm towels, clothing and bedding; therefore, it is needed to clean all the items regularly as the way on how to treat pinworms. Clothes such as pants, pajamas and underwear need to be washed every day because of the duration of pinworms."
2008871,what phylum includes the ascaris and the pinworm,,msmarco_passage_65_837898060,"Diagnosis. Pinworm is usually diagnosed based on the symptoms. There are other causes of anal itching, however, including skin irritation, diarrhea, and infections other than pinworm. The diagnosis of pinworm can be confirmed by identifying the eggs or the worms in samples examined under a microscope.",0,what phylum includes the ascaris and the pinworm,"Diagnosis. Pinworm is usually diagnosed based on the symptoms. There are other causes of anal itching, however, including skin irritation, diarrhea, what phylum includes the ascaris and the pinworm and infections other than pinworm. The diagnosis of pinworm can be confirmed by identifying the eggs or the worms in samples examined under a microscope."
2008871,what phylum includes the ascaris and the pinworm,,msmarco_passage_66_94402001,"Diagnosis. Pinworm is usually diagnosed based on the symptoms. There are other causes of anal itching, however, including skin irritation, diarrhea, and infections other than pinworm. The diagnosis of pinworm can be confirmed by identifying the eggs or the worms in samples examined under a microscope.",0,what phylum includes the ascaris and the pinworm,"Diagnosis. Pinworm is usually diagnosed based on the symptoms. There are other causes of anal itching, however, including skin irritation, diarrhea, and infections other than pinworm. The what phylum includes the ascaris and the pinworm diagnosis of pinworm can be confirmed by identifying the eggs or the worms in samples examined under a microscope."
2008871,what phylum includes the ascaris and the pinworm,,msmarco_passage_04_179735543,What is bigger in a kingdom a family or a phylum? phylum. Kingdom > phylum > class > order> family > genus > species.,0,what phylum includes the ascaris and the pinworm,What is bigger in a kingdom a family or a what phylum includes the ascaris and the pinworm phylum? phylum. Kingdom > phylum > class > order> family > genus > species.
2008871,what phylum includes the ascaris and the pinworm,,msmarco_passage_04_194831266,"What phylum do gorillas belong to? Gorillas belong to the ""Chordata"" phylum. Gorillas belong to the ""Chordata"" phylum.",0,what phylum includes the ascaris and the pinworm,"What phylum do gorillas belong to? Gorillas belong to what phylum includes the ascaris and the pinworm the ""Chordata"" phylum. Gorillas belong to the ""Chordata"" phylum."
2008871,what phylum includes the ascaris and the pinworm,msmarco_passage_33_847595592,msmarco_passage_33_847595592,Which is the largest group of animal kingdom? Are insects the largest group of animals? Which is the largest phylum of animal kingdom? What are the 5 classifications of animals? What are the phylum of the animal kingdom? The phylum that has the largest number of animals is the phylum of Arthropoda.,0,what phylum includes the ascaris and the pinworm,Which is the largest group of animal kingdom? Are insects the largest group what phylum includes the ascaris and the pinworm of animals? Which is the largest phylum of animal kingdom? What are the 5 classifications of animals? What are the phylum of the animal kingdom? The phylum that has the largest number of animals is the phylum of Arthropoda.
2008871,what phylum includes the ascaris and the pinworm,,msmarco_passage_44_210542234,"What Are Pinworms? The pinworm, or Enterobius vermicularis, is one of the most common parasitic infections of humans. Somewhere between 10% and 40% of children have pinworms at any given time (Pediatric Consult, Williams and Wilkins 1997). The infections are usually limited to children below the age of twelve.",0,what phylum includes the ascaris and the pinworm,"What Are Pinworms? The pinworm, or Enterobius vermicularis, is one of the what phylum includes the ascaris and the pinworm most common parasitic infections of humans. Somewhere between 10% and 40% of children have pinworms at any given time (Pediatric Consult, Williams and Wilkins 1997). The infections are usually limited to children below the age of twelve."
2008871,what phylum includes the ascaris and the pinworm,,msmarco_passage_12_539304797,"Also to know is, what is the body cavity of a roundworm called? The pseudocoelom is a fluid-filled body cavity lying inside the external body wall of the nematode that bathes the internal organs, including the alimentary system and the reproductive system (PeriFIG 1). What type of body cavity does Ascaris have?",0,what phylum includes the ascaris and the pinworm,"Also to know is, what is the body cavity of a roundworm called? The pseudocoelom is a fluid-filled body cavity lying inside the external body wall of the nematode that bathes the internal organs, including the alimentary system and the what phylum includes the ascaris and the pinworm reproductive system (PeriFIG 1). What type of body cavity does Ascaris have?"
2008871,what phylum includes the ascaris and the pinworm,,msmarco_passage_00_547515859,"If your child is a nail biter or thumb sucker, it’s nearly impossible to prevent pinworms. And once pinworms are in your house, they often spread to the entire family, including parents. Here’s the good news: pinworms are easily treated with either over-the-counter or prescription medications.",0,what phylum includes the ascaris and the pinworm,"If your child is a nail biter or thumb sucker, it’s nearly impossible to prevent pinworms. And once pinworms are in your house, they often spread to the entire family, including parents. Here’s the good news: pinworms are easily what phylum includes the ascaris and the pinworm treated with either over-the-counter or prescription medications."
2008871,what phylum includes the ascaris and the pinworm,,msmarco_passage_02_605162286,"This cycle can result in a situation where the person infected with pinworms becomes very uncomfortable. Children infected with pinworms often undergo behavioral changes including restlessness, irritability, and insomnia. In women, the adult pinworms can enter the vagina and cause additional irritation.",0,what phylum includes the ascaris and the pinworm,"This cycle can result in a situation where the person infected with pinworms becomes very what phylum includes the ascaris and the pinworm uncomfortable. Children infected with pinworms often undergo behavioral changes including restlessness, irritability, and insomnia. In women, the adult pinworms can enter the vagina and cause additional irritation."
2008871,what phylum includes the ascaris and the pinworm,,msmarco_passage_08_837812023,"This cycle can result in a situation where the person infected with pinworms becomes very uncomfortable. Children infected with pinworms often undergo behavioral changes including restlessness, irritability, and insomnia. In women, the adult pinworms can enter the vagina and cause additional irritation.",0,what phylum includes the ascaris and the pinworm,"This cycle can result in a situation where the person infected with pinworms becomes very what phylum includes the ascaris and the pinworm uncomfortable. Children infected with pinworms often undergo behavioral changes including restlessness, irritability, and insomnia. In women, the adult pinworms can enter the vagina and cause additional irritation."
2008871,what phylum includes the ascaris and the pinworm,,msmarco_passage_14_855033618,"If your child is a nail biter or thumb sucker, it’s nearly impossible to prevent pinworms. And once pinworms are in your house, they often spread to the entire family, including parents. Here’s the good news: pinworms are easily treated with either over-the-counter or prescription medications.",0,what phylum includes the ascaris and the pinworm,"If your child is a nail biter or thumb sucker, it’s nearly impossible to prevent pinworms. And once pinworms are in your house, what phylum includes the ascaris and the pinworm they often spread to the entire family, including parents. Here’s the good news: pinworms are easily treated with either over-the-counter or prescription medications."
2008871,what phylum includes the ascaris and the pinworm,,msmarco_passage_43_545942866,"Figure 01: Ascaris. Behind the opening, male Ascaris contain papillae, or bump-like protrusions. These structures are not present in the female version of Ascaris. Moreover, male Ascaris does not contain any reproductive openings.",0,what phylum includes the ascaris and the pinworm,"Figure 01: Ascaris. Behind the opening, male Ascaris contain papillae, or bump-like protrusions. These structures are not present in the female version of Ascaris. Moreover, male Ascaris does not contain any what phylum includes the ascaris and the pinworm reproductive openings."
2008871,what phylum includes the ascaris and the pinworm,,msmarco_passage_04_167765702,"All dogs have the same phylum no matters what breed it is. The phylum of dogs is Chordata. What phylum does a PIT BULL belong to? The phylum can be thought of as grouping animals based on general body plan, as well as developmental or internal organizations.",0,what phylum includes the ascaris and the pinworm,"All dogs have the same phylum no matters what breed it is. The phylum of dogs is Chordata. What phylum does a PIT BULL belong to? The phylum can be thought of as grouping animals based on general body what phylum includes the ascaris and the pinworm plan, as well as developmental or internal organizations."
2008871,what phylum includes the ascaris and the pinworm,,msmarco_passage_04_167563668,"What is latin word for phylum? Phylum is a Latin word ---- In biology, a phylum is a taxonomic rank below Kingdom and above Class. ""Phylum"" is equivalent to the botanical term division.",0,what phylum includes the ascaris and the pinworm,"What is latin word for phylum? Phylum is a Latin word ---- In biology, a phylum is a taxonomic rank below Kingdom and above what phylum includes the ascaris and the pinworm Class. ""Phylum"" is equivalent to the botanical term division."
2008871,what phylum includes the ascaris and the pinworm,,msmarco_passage_04_131452298,"What are Three characteristics of the phylum chordata? - Answers. Animals of the phylum chordata include vertebrates and several closely related invertebrates.All chordates have the following characteristics at some point in their lives :1.notochord-cartilaginous rod running underneath, and supporting, the nerve cord.",0,what phylum includes the ascaris and the pinworm,"What are Three characteristics of the phylum chordata? - Answers. Animals of the phylum chordata include vertebrates and several closely related invertebrates.All chordates have the what phylum includes the ascaris and the pinworm following characteristics at some point in their lives :1.notochord-cartilaginous rod running underneath, and supporting, the nerve cord."
2008871,what phylum includes the ascaris and the pinworm,,msmarco_passage_43_545945384,"Ascaris is a genus of roundworms. It constitutes of both male and female worms. Male Ascaris is a short and thin worm while female Ascaris is a long and wide worm. Therefore, this is an observable difference between male and female Ascaris.",0,what phylum includes the ascaris and the pinworm,"Ascaris is a genus of roundworms. It constitutes of what phylum includes the ascaris and the pinworm both male and female worms. Male Ascaris is a short and thin worm while female Ascaris is a long and wide worm. Therefore, this is an observable difference between male and female Ascaris."
2008871,what phylum includes the ascaris and the pinworm,,msmarco_passage_06_328557832,"It simply lies still in the organs absorbing nutrients. Probabily all dogs and cats have it and all humans have it from time to time. The human ascaris is Ascaris lumbricoides, pigs have Ascaris suum, horses have Ascaris megalocephala. Pictures of Worms - Roundworm, Ascaris worm, Hookworm, Whipworm, Tapeworm.",0,what phylum includes the ascaris and the pinworm,"It simply lies still in the organs absorbing nutrients. Probabily all dogs and cats have what phylum includes the ascaris and the pinworm it and all humans have it from time to time. The human ascaris is Ascaris lumbricoides, pigs have Ascaris suum, horses have Ascaris megalocephala. Pictures of Worms - Roundworm, Ascaris worm, Hookworm, Whipworm, Tapeworm."
2008871,what phylum includes the ascaris and the pinworm,,msmarco_passage_46_104355458,"It simply lies still in the organs absorbing nutrients. Probabily all dogs and cats have it and all humans have it from time to time. The human ascaris is Ascaris lumbricoides, pigs have Ascaris suum, horses have Ascaris megalocephala. Pictures of Worms - Roundworm, Ascaris worm, Hookworm, Whipworm, Tapeworm.",0,what phylum includes the ascaris and the pinworm,"It what phylum includes the ascaris and the pinworm simply lies still in the organs absorbing nutrients. Probabily all dogs and cats have it and all humans have it from time to time. The human ascaris is Ascaris lumbricoides, pigs have Ascaris suum, horses have Ascaris megalocephala. Pictures of Worms - Roundworm, Ascaris worm, Hookworm, Whipworm, Tapeworm."
2008871,what phylum includes the ascaris and the pinworm,,msmarco_passage_12_533510822,"Also to know is, what are the 3 major classes of phylum Mollusca? The three main parts of a mollusk's body include a muscular foot, a visceral mass, and a mantle. The three main types of mollusks are gastropods, bivalves, and cephalopods. Gastropods, like slugs and snails, can live on land or in the water. Secondly, what are characteristics of phylum Mollusca?",0,what phylum includes the ascaris and the pinworm,"Also to know is, what are the 3 major classes of phylum Mollusca? The three main parts of a mollusk's body include a muscular foot, a visceral mass, and a mantle. The three main types of mollusks are gastropods, bivalves, and cephalopods. Gastropods, like slugs and snails, can live on land or in the water. Secondly, what are characteristics of phylum what phylum includes the ascaris and the pinworm Mollusca?"
2008871,what phylum includes the ascaris and the pinworm,,msmarco_passage_33_121890972,"There are three classes within this phylum. Oligochaeta includes earthworms, Hirudinea includes leeches, and Polychaeta includes many marine worms such as fan worms. The Classes of Phylum Annelida. Phylum Annelida includes the segmented worms. Oligochaeta.",0,what phylum includes the ascaris and the pinworm,"There are three classes within this phylum. Oligochaeta includes earthworms, Hirudinea includes leeches, what phylum includes the ascaris and the pinworm and Polychaeta includes many marine worms such as fan worms. The Classes of Phylum Annelida. Phylum Annelida includes the segmented worms. Oligochaeta."
2008871,what phylum includes the ascaris and the pinworm,,msmarco_passage_43_545946243,"Also, male Ascaris does not have a reproductive opening while female Ascaris possess a reproductive opening in the posterior third of the body. And, the reproductive organ of the male Ascaris is a straight tube-like structure while it is a Y shaped structure in female Ascaris. Hence, this is also a significant difference between male and female Ascaris.",0,what phylum includes the ascaris and the pinworm,"Also, male Ascaris does not what phylum includes the ascaris and the pinworm have a reproductive opening while female Ascaris possess a reproductive opening in the posterior third of the body. And, the reproductive organ of the male Ascaris is a straight tube-like structure while it is a Y shaped structure in female Ascaris. Hence, this is also a significant difference between male and female Ascaris."
2008871,what phylum includes the ascaris and the pinworm,,msmarco_passage_04_163244776,Homo sapiens. What is the kingdom phylum class and family of a giant squid? Kingdom: protista Phylum: Mollusca Class: Cephalopoda Family: Squidopodea. What is the kingdom phylum class and family of a Doberman pinscher? Kingdom: Animalia Phylum: Chordata Class: Mammalia Family: Canidae.,0,what phylum includes the ascaris and the pinworm,Homo sapiens. What is the kingdom phylum class and family of a giant squid? Kingdom: protista Phylum: Mollusca Class: Cephalopoda Family: Squidopodea. What is the kingdom phylum class and what phylum includes the ascaris and the pinworm family of a Doberman pinscher? Kingdom: Animalia Phylum: Chordata Class: Mammalia Family: Canidae.
2008871,what phylum includes the ascaris and the pinworm,msmarco_passage_24_299045207,msmarco_passage_24_299045207,"According to the Mayo Clinic, pinworm infections are the most common type of intestinal infections in America. The pinworms are long, white and generally vary in length from one quarter to one half inch in length. Once infected, the female pinworm will lay her eggs in skin found around the anus. Symptoms of a pinworm infection include anal itching, irritability, nausea and restlessness.",0,what phylum includes the ascaris and the pinworm,"According to the Mayo Clinic, pinworm infections are the most common type of intestinal infections in America. The pinworms are long, white and generally vary in length from one quarter to one what phylum includes the ascaris and the pinworm half inch in length. Once infected, the female pinworm will lay her eggs in skin found around the anus. Symptoms of a pinworm infection include anal itching, irritability, nausea and restlessness."
2008871,what phylum includes the ascaris and the pinworm,msmarco_passage_04_135069497,msmarco_passage_04_135069497,"What are the different types of phylum's? - Answers. The best known animal phyla are the Mollusca, Porifera, Cnidaria, Platyhelminthes, Nematoda, Annelida, Arthropoda, Echinodermata, and Chordata, the phylum to which humans belong. Although there are approximately 35 phyla, these nine include over 96% of animal species.",0,what phylum includes the ascaris and the pinworm,"What are the different types of phylum's? - Answers. The best known animal phyla are the Mollusca, Porifera, Cnidaria, Platyhelminthes, Nematoda, Annelida, Arthropoda, Echinodermata, and Chordata, the phylum to which what phylum includes the ascaris and the pinworm humans belong. Although there are approximately 35 phyla, these nine include over 96% of animal species."
2008871,what phylum includes the ascaris and the pinworm,,msmarco_passage_25_148546440,Symptoms of Pinworms. There are people who do not experience any form of symptoms despite being affected by the pinworms. Some of the common symptoms of pinworms include. Disturbed sleep. Itching of the anal region. Itching vaginal area. Nausea and a feeling of weakness. Abdominal pain. Loss of appetite.,0,what phylum includes the ascaris and the pinworm,Symptoms of Pinworms. There are people who do not experience any form of symptoms despite being affected by the pinworms. Some of the common symptoms of pinworms include. what phylum includes the ascaris and the pinworm Disturbed sleep. Itching of the anal region. Itching vaginal area. Nausea and a feeling of weakness. Abdominal pain. Loss of appetite.
2008871,what phylum includes the ascaris and the pinworm,,msmarco_passage_43_545942043,"March 25, 2019 Posted by Samanthi. The key difference between male and female Ascaris is that the male ascaris possesses pre-anal and post-anal papillae, but female ascaris does not possess any of these structures. Ascaris is a genus of roundworms.",0,what phylum includes the ascaris and the pinworm,"March 25, 2019 what phylum includes the ascaris and the pinworm Posted by Samanthi. The key difference between male and female Ascaris is that the male ascaris possesses pre-anal and post-anal papillae, but female ascaris does not possess any of these structures. Ascaris is a genus of roundworms."
2008871,what phylum includes the ascaris and the pinworm,,msmarco_passage_04_194811233,The largest class in the phylum Cnidaria is the class Hydrozoa. What phylum class is a sea anemone in? Phylum and class are two different things. Sea anemones are in the phylum 'Cnidaria' and the class 'Anthozoa'.,0,what phylum includes the ascaris and the pinworm,The largest class in the phylum Cnidaria is the class Hydrozoa. What phylum class is a sea anemone in? Phylum and class are two different what phylum includes the ascaris and the pinworm things. Sea anemones are in the phylum 'Cnidaria' and the class 'Anthozoa'.
2008871,what phylum includes the ascaris and the pinworm,,msmarco_passage_29_72102045,"Other soil-transmitted helminths include whipworms (Trichuris trichiura) and hookworms (Anclostoma duodenale, Necator americanus). Ascaris larvae and adults reside in the small intestine and their eggs are passed in the feces of the infected person. An Ascaris female worm can produce 240,000 eggs per day.",0,what phylum includes the ascaris and the pinworm,"Other soil-transmitted helminths include whipworms (Trichuris trichiura) and hookworms (Anclostoma duodenale, Necator americanus). Ascaris larvae and adults reside in the small intestine and their eggs are what phylum includes the ascaris and the pinworm passed in the feces of the infected person. An Ascaris female worm can produce 240,000 eggs per day."
2008871,what phylum includes the ascaris and the pinworm,msmarco_passage_04_171155105,msmarco_passage_04_171155105,What is the complete classification for the Earthworm Include what kingdom phylum class order family genus and species the earthworm belongs to? - Answers. Kingdom: Animalia Phylum: Annelida Class: Clitellata Subclass: Oligochaeta Order: Haplotaxida Suborder: Lumbricina Families: - Acanthodrilidae -Criodrilidae -Eudrilidae -Glossoscolecidae -Lumbricidae -Megascolecidae In each of those families there are many species of worm.,0,what phylum includes the ascaris and the pinworm,What is the complete classification for the Earthworm Include what kingdom phylum class order family genus and species the earthworm belongs to? - Answers. Kingdom: Animalia Phylum: Annelida Class: Clitellata Subclass: Oligochaeta Order: Haplotaxida Suborder: Lumbricina Families: - Acanthodrilidae -Criodrilidae -Eudrilidae -Glossoscolecidae -Lumbricidae -Megascolecidae In each of those what phylum includes the ascaris and the pinworm families there are many species of worm.
2008871,what phylum includes the ascaris and the pinworm,,msmarco_passage_08_376237568,"Out of three major pinworm species, Enterobius vermicularis is the only one to potentially infect humans and cause what is known as enterobiasis. This type of pinworm completes its life cycle in 8-13 weeks and colonizes the gastro-intestinal tract. A telling sign of pinworm infestation is itching in the perineal area.",0,what phylum includes the ascaris and the pinworm,"Out of three major pinworm species, Enterobius vermicularis is the only one to potentially infect humans and cause what is known as enterobiasis. This type of pinworm completes its life cycle in 8-13 weeks and what phylum includes the ascaris and the pinworm colonizes the gastro-intestinal tract. A telling sign of pinworm infestation is itching in the perineal area."
2008871,what phylum includes the ascaris and the pinworm,,msmarco_passage_55_43676517,"Out of three major pinworm species, Enterobius vermicularis is the only one to potentially infect humans and cause what is known as enterobiasis. This type of pinworm completes its life cycle in 8-13 weeks and colonizes the gastro-intestinal tract. A telling sign of pinworm infestation is itching in the perineal area.",0,what phylum includes the ascaris and the pinworm,"Out of three major pinworm species, Enterobius vermicularis is the only one to potentially infect humans and cause what is known as enterobiasis. This type of pinworm completes its life cycle in 8-13 weeks and colonizes the gastro-intestinal tract. A telling sign of pinworm infestation is what phylum includes the ascaris and the pinworm itching in the perineal area."
2008871,what phylum includes the ascaris and the pinworm,,msmarco_passage_36_306840402,Radiata: The Phylum Cnidaria. The second dichotomous branch point of the phylogenetic tree distinguishes between the radiata and the bilateria. The radiata include organisms that have a radial morphology. The radiata include Phylum Ctenophora and Phylum Cnidaria (sometimes referred to as Phylum Coelenterata).,0,what phylum includes the ascaris and the pinworm,Radiata: The Phylum Cnidaria. The second dichotomous branch point of the phylogenetic tree distinguishes between the radiata and the bilateria. The radiata include organisms that have a radial morphology. The radiata include Phylum Ctenophora what phylum includes the ascaris and the pinworm and Phylum Cnidaria (sometimes referred to as Phylum Coelenterata).
2008871,what phylum includes the ascaris and the pinworm,,msmarco_passage_04_179729124,What is the Kingdom Phylum Class Order Family Genus Species of a sloth? Kingdom: Animalia Phylum: Chordata Class: Mammalia. What is the kingdom phylum class order family genus and species of daisy? kingdom: plantaephylum:class:order: asteralesfamily: asteraceaegenus: gerberaspecies: white gerbera. What is anaconda in Kingdom Phylum Class Order Family Genus and Species?,0,what phylum includes the ascaris and the pinworm,What is the Kingdom Phylum Class Order Family Genus Species of a sloth? Kingdom: Animalia Phylum: Chordata Class: Mammalia. What is the kingdom phylum class order family genus and species what phylum includes the ascaris and the pinworm of daisy? kingdom: plantaephylum:class:order: asteralesfamily: asteraceaegenus: gerberaspecies: white gerbera. What is anaconda in Kingdom Phylum Class Order Family Genus and Species?
2008871,what phylum includes the ascaris and the pinworm,,msmarco_passage_04_163247322,What kingdom phylum class order family genus species of the jellyfish? The kingdom is animalia phylum cnidaria class scyphozoa order rhizostomatida. What is the kingdom phylum class order family genus species of chipmunks? Kingdom: Animalia Phylum: Chordata Class: Mammalia Order: Rodentia.,0,what phylum includes the ascaris and the pinworm,What kingdom phylum what phylum includes the ascaris and the pinworm class order family genus species of the jellyfish? The kingdom is animalia phylum cnidaria class scyphozoa order rhizostomatida. What is the kingdom phylum class order family genus species of chipmunks? Kingdom: Animalia Phylum: Chordata Class: Mammalia Order: Rodentia.
2008871,what phylum includes the ascaris and the pinworm,,msmarco_passage_38_394431831,"Meaning of phylum Cnidaria. What does phylum Cnidaria mean? Proper usage and audio pronunciation of the word phylum Cnidaria. Information about phylum Cnidaria in the AudioEnglish.org dictionary, synonyms and antonyms.",0,what phylum includes the ascaris and the pinworm,"Meaning of phylum Cnidaria. What does phylum Cnidaria what phylum includes the ascaris and the pinworm mean? Proper usage and audio pronunciation of the word phylum Cnidaria. Information about phylum Cnidaria in the AudioEnglish.org dictionary, synonyms and antonyms."
2008871,what phylum includes the ascaris and the pinworm,,msmarco_passage_41_431193876,"Return to School: Children with pinworms do not need to miss any child care or school. What to Expect: After taking the pinworm medicine, itching should stop in 5 to 7 days. Prevention of Pinworms: Wash hands and fingernails well before meals and after using the toilet. Call Your Doctor If:",0,what phylum includes the ascaris and the pinworm,"Return to School: Children with pinworms do not need to miss any child care or school. What to Expect: After taking the pinworm medicine, itching should what phylum includes the ascaris and the pinworm stop in 5 to 7 days. Prevention of Pinworms: Wash hands and fingernails well before meals and after using the toilet. Call Your Doctor If:"
2008871,what phylum includes the ascaris and the pinworm,,msmarco_passage_22_591999721,"Pinworm eggs can live on a variety of surfaces including bathroom furniture, linens, and toys for as long as 3 weeks. The pinworm, once ingested, makes its home in the rectum and colon area. At nighttime, the female pinworm comes outside the anus to lay her eggs, which are microscopic in size.",0,what phylum includes the ascaris and the pinworm,"Pinworm eggs can what phylum includes the ascaris and the pinworm live on a variety of surfaces including bathroom furniture, linens, and toys for as long as 3 weeks. The pinworm, once ingested, makes its home in the rectum and colon area. At nighttime, the female pinworm comes outside the anus to lay her eggs, which are microscopic in size."
2008871,what phylum includes the ascaris and the pinworm,,msmarco_passage_61_703382744,"Tips To Prevent Pinworms. Include foods that are rich in fiber in your diet. Raw vegetables, such as carrots and cabbages, whole fruits, and grains can increase the efficiency of treatments against pinworms. Consuming probiotic foods, like yogurt and buttermilk, can help in the elimination of pinworms from your system.",0,what phylum includes the ascaris and the pinworm,"Tips To Prevent Pinworms. Include foods that are rich in fiber in your diet. Raw vegetables, such as carrots and cabbages, whole fruits, and grains can increase the efficiency of treatments against pinworms. Consuming what phylum includes the ascaris and the pinworm probiotic foods, like yogurt and buttermilk, can help in the elimination of pinworms from your system."
2008871,what phylum includes the ascaris and the pinworm,,msmarco_passage_00_182724835,"For best results, treat the infected person and everyone in your house (including caretakers) at the same time. Complications of Pinworms. Most of the time, pinworm infections don’t cause serious problems.",0,what phylum includes the ascaris and the pinworm,"For best what phylum includes the ascaris and the pinworm results, treat the infected person and everyone in your house (including caretakers) at the same time. Complications of Pinworms. Most of the time, pinworm infections don’t cause serious problems."
2008871,what phylum includes the ascaris and the pinworm,,msmarco_passage_10_637645914,"For best results, treat the infected person and everyone in your house (including caretakers) at the same time. Complications of Pinworms. Most of the time, pinworm infections don’t cause serious problems.",0,what phylum includes the ascaris and the pinworm,"For best results, treat the infected person and everyone in your house (including caretakers) at what phylum includes the ascaris and the pinworm the same time. Complications of Pinworms. Most of the time, pinworm infections don’t cause serious problems."
2008871,what phylum includes the ascaris and the pinworm,,msmarco_passage_10_680960684,"For best results, treat the infected person and everyone in your house (including caretakers) at the same time. Complications of Pinworms. Most of the time, pinworm infections don’t cause serious problems.",0,what phylum includes the ascaris and the pinworm,"For best results, treat the infected person and everyone in what phylum includes the ascaris and the pinworm your house (including caretakers) at the same time. Complications of Pinworms. Most of the time, pinworm infections don’t cause serious problems."
2008871,what phylum includes the ascaris and the pinworm,,msmarco_passage_66_617691647,"For best results, treat the infected person and everyone in your house (including caretakers) at the same time. Complications of Pinworms. Most of the time, pinworm infections don’t cause serious problems.",0,what phylum includes the ascaris and the pinworm,"For best results, treat the infected person and everyone in what phylum includes the ascaris and the pinworm your house (including caretakers) at the same time. Complications of Pinworms. Most of the time, pinworm infections don’t cause serious problems."
2008871,what phylum includes the ascaris and the pinworm,,msmarco_passage_66_619117585,"For best results, treat the infected person and everyone in your house (including caretakers) at the same time. Complications of Pinworms. Most of the time, pinworm infections don’t cause serious problems.",0,what phylum includes the ascaris and the pinworm,"For best results, treat the infected person and everyone in your house (including caretakers) what phylum includes the ascaris and the pinworm at the same time. Complications of Pinworms. Most of the time, pinworm infections don’t cause serious problems."
2008871,what phylum includes the ascaris and the pinworm,,msmarco_passage_66_639821360,"For best results, treat the infected person and everyone in your house (including caretakers) at the same time. Complications of Pinworms. Most of the time, pinworm infections don’t cause serious problems.",0,what phylum includes the ascaris and the pinworm,"For best results, treat the infected person and everyone in your house (including caretakers) at the same time. Complications of Pinworms. Most of the time, pinworm infections don’t cause serious what phylum includes the ascaris and the pinworm problems."
2008871,what phylum includes the ascaris and the pinworm,,msmarco_passage_02_417351476,"Kingdom: Animalia. Phylum: Annelida. There are about 15,000 species in this phylum. The phylum includes earthworms, leeches, and marine worms known as polychaetes. Species in this phylum have metameric bodies.",0,what phylum includes the ascaris and the pinworm,"Kingdom: Animalia. Phylum: Annelida. There are about 15,000 species in this phylum. The phylum includes earthworms, leeches, what phylum includes the ascaris and the pinworm and marine worms known as polychaetes. Species in this phylum have metameric bodies."
2008871,what phylum includes the ascaris and the pinworm,,msmarco_passage_04_184761750,What is the possessive noun of pandas? The possessive form of the plural noun pandas is pandas'.Example: Development by people is encroaching on the pandas' habitat. How is eucoelomata further divided? Phylum Annelida Phylum Arthropoda Phylum Mollusca Phylum Echinodermata Phylum Chordata.,0,what phylum includes the ascaris and the pinworm,What is the possessive noun of pandas? The possessive form of the plural noun pandas is pandas'.Example: Development by people is encroaching on the pandas' habitat. How is eucoelomata further what phylum includes the ascaris and the pinworm divided? Phylum Annelida Phylum Arthropoda Phylum Mollusca Phylum Echinodermata Phylum Chordata.
2008871,what phylum includes the ascaris and the pinworm,,msmarco_passage_29_685560897,1 What are pinworm eggs look like. 2 Is it possible to see adult individuals. 3 The life cycle of pinworms and eggs. 4 Development features. 5 Conditions for the death of parasites. 6 How to detect infection with pinworm eggs. 7 Consequences of the disease. 8 Enterobiasis treatment. 8.1 Drug treatment.,0,what phylum includes the ascaris and the pinworm,1 What are pinworm eggs look like. 2 Is it possible to see adult individuals. 3 The life cycle of pinworms and eggs. 4 Development features. 5 Conditions for what phylum includes the ascaris and the pinworm the death of parasites. 6 How to detect infection with pinworm eggs. 7 Consequences of the disease. 8 Enterobiasis treatment. 8.1 Drug treatment.
2008871,what phylum includes the ascaris and the pinworm,,msmarco_passage_04_194831523,What phylum is a blue jay in? - Answers. the phylum is chordata which includes all mammals;birds;amphibians;reptiles;fish;plus some invertebrates. subphylum is vertebrata. class is birds. order is passeriformes. sub-order is oscines. family is corvidae. genus is cyanocitta. species is cristata. Home .,0,what phylum includes the ascaris and the pinworm,What phylum is a blue jay in? - Answers. the phylum is chordata which includes all mammals;birds;amphibians;reptiles;fish;plus some invertebrates. subphylum is vertebrata. class is birds. order is passeriformes. sub-order is oscines. family is what phylum includes the ascaris and the pinworm corvidae. genus is cyanocitta. species is cristata. Home .
2008871,what phylum includes the ascaris and the pinworm,,msmarco_passage_50_567415881,"Pyrantel pamoate (11mg/kg single dose, maximum 1g) is an alternative for Ascaris and hookworm, and ivermectin (200mcg/kg once for Ascaris and 200 mcg/kg QD for 3 days for Trichuris) is an alternative for Ascaris and whipworm. Nitazoxanide appears to be a treatment option for Ascaris and whipworm.",0,what phylum includes the ascaris and the pinworm,"Pyrantel pamoate (11mg/kg single dose, maximum 1g) is an alternative for Ascaris and hookworm, and ivermectin (200mcg/kg once for Ascaris and 200 mcg/kg QD for 3 days for Trichuris) is an alternative for Ascaris and whipworm. Nitazoxanide appears what phylum includes the ascaris and the pinworm to be a treatment option for Ascaris and whipworm."
2008871,what phylum includes the ascaris and the pinworm,,msmarco_passage_33_121389823,"Each kingdom is further divided into phylum. Let's simplify to just the Animal kingdom and look at a few phylum you might be familiar with. Earthworms are in the Annelid phylum, insects are in the Arthropoda phylum, and the Chordata phylum includes all vertebrates, any animal with a backbone - we are in this phylum.",0,what phylum includes the ascaris and the pinworm,"Each kingdom is further divided into phylum. Let's simplify to just the Animal kingdom and look at a few phylum you might be familiar with. Earthworms are in the Annelid phylum, insects are in the Arthropoda phylum, and the Chordata phylum includes all vertebrates, any what phylum includes the ascaris and the pinworm animal with a backbone - we are in this phylum."
2008871,what phylum includes the ascaris and the pinworm,,msmarco_passage_04_179729661,"species. What is the kingdom phylum class order family genus species of a brittle star? kingdom animalia --- phylum echinodermata--- class Ophiuroidea. What is the kingdom phylum class order family genus species of a gorilla? The kingdom is, Animalia, phylum Chordata, class Mammalia, family Hominidae, and genus is Gorilla.",0,what phylum includes the ascaris and the pinworm,"species. What is the kingdom phylum class order family genus species of a brittle star? kingdom animalia --- phylum echinodermata--- class Ophiuroidea. What is the kingdom what phylum includes the ascaris and the pinworm phylum class order family genus species of a gorilla? The kingdom is, Animalia, phylum Chordata, class Mammalia, family Hominidae, and genus is Gorilla."
2008871,what phylum includes the ascaris and the pinworm,,msmarco_passage_29_592746834,"What is Fertilized Egg of Ascaris Lumbricoides. The fertilized egg of Ascaris lumbricoides is the egg cell that has undergone fertilization. Therefore, it contains a unicellular embryo that becomes a developed egg with an infective larva (L2). If ingested, the developed egg is infective. Generally, the larvae develop around three weeks before it becomes infective.",0,what phylum includes the ascaris and the pinworm,"What is Fertilized Egg of Ascaris Lumbricoides. The fertilized egg of Ascaris lumbricoides is the egg cell that has undergone fertilization. Therefore, it contains a unicellular embryo that becomes what phylum includes the ascaris and the pinworm a developed egg with an infective larva (L2). If ingested, the developed egg is infective. Generally, the larvae develop around three weeks before it becomes infective."
2008871,what phylum includes the ascaris and the pinworm,,msmarco_passage_57_31461916,"Treatment Of Pinworm Infections. Treatments for pinworm ( Enterobius vermiculari) infections include: Mebendazole. Albenza (albendazole) Pyrantel pamoate (Pin-X, Reese's Pinworm Medication) Per the Centers For Disease Control (CDC), all the above medications are effective for treatment and should be dosed once, with a repeat dose in two weeks.",0,what phylum includes the ascaris and the pinworm,"Treatment Of Pinworm Infections. Treatments for pinworm ( Enterobius vermiculari) infections include: Mebendazole. Albenza (albendazole) Pyrantel pamoate (Pin-X, Reese's Pinworm Medication) Per the Centers For Disease Control (CDC), all the what phylum includes the ascaris and the pinworm above medications are effective for treatment and should be dosed once, with a repeat dose in two weeks."
2008871,what phylum includes the ascaris and the pinworm,,msmarco_passage_04_194809830,"What phylum and class are clownfish? - Answers. Clownfish are in the phylum chordata and the subphylum vertebrates, but I can't figure out what class they are in.",0,what phylum includes the ascaris and the pinworm,"What phylum and class are clownfish? - Answers. Clownfish are in the phylum chordata and the subphylum vertebrates, but I can't figure out what phylum includes the ascaris and the pinworm what class they are in."
2008871,what phylum includes the ascaris and the pinworm,,msmarco_passage_06_745840637,"Pinworm Infection Pictures, Symptoms, Testing, Treatment. What is often termed as an ‘itchy bum’ among children may be a symptom of a pinworm infection. It is not a serious condition but is very common occurrence among young children.",0,what phylum includes the ascaris and the pinworm,"Pinworm Infection Pictures, Symptoms, Testing, Treatment. What is often termed as an ‘itchy bum’ among children may be a symptom of a pinworm infection. It is not a serious condition what phylum includes the ascaris and the pinworm but is very common occurrence among young children."
2008871,what phylum includes the ascaris and the pinworm,,msmarco_passage_08_14106128,"Symptoms. Symptoms of pinworm infection may include: Itching of the anal or vaginal area. Insomnia, irritability, teeth grinding and restlessness. Occasional stomach pain and nausea. Pinworms often cause no symptoms.",0,what phylum includes the ascaris and the pinworm,"Symptoms. Symptoms of pinworm infection may include: Itching of the anal what phylum includes the ascaris and the pinworm or vaginal area. Insomnia, irritability, teeth grinding and restlessness. Occasional stomach pain and nausea. Pinworms often cause no symptoms."
2008871,what phylum includes the ascaris and the pinworm,,msmarco_passage_08_14111134,"Symptoms. Symptoms of pinworm infection may include: Itching of the anal or vaginal area. Insomnia, irritability, teeth grinding and restlessness. Occasional stomach pain and nausea. Pinworms often cause no symptoms.",0,what phylum includes the ascaris and the pinworm,"Symptoms. Symptoms of pinworm infection may include: Itching of the anal or vaginal area. Insomnia, irritability, teeth grinding and restlessness. Occasional stomach pain what phylum includes the ascaris and the pinworm and nausea. Pinworms often cause no symptoms."
2008871,what phylum includes the ascaris and the pinworm,,msmarco_passage_08_14116140,"Symptoms. Symptoms of pinworm infection may include: Itching of the anal or vaginal area. Insomnia, irritability, teeth grinding and restlessness. Occasional stomach pain and nausea. Pinworms often cause no symptoms.",0,what phylum includes the ascaris and the pinworm,"Symptoms. Symptoms of pinworm infection may include: Itching of the anal or vaginal area. Insomnia, irritability, teeth grinding and restlessness. Occasional stomach pain what phylum includes the ascaris and the pinworm and nausea. Pinworms often cause no symptoms."
2008871,what phylum includes the ascaris and the pinworm,,msmarco_passage_08_14121146,"Symptoms. Symptoms of pinworm infection may include: Itching of the anal or vaginal area. Insomnia, irritability, teeth grinding and restlessness. Occasional stomach pain and nausea. Pinworms often cause no symptoms.",0,what phylum includes the ascaris and the pinworm,"Symptoms. Symptoms of what phylum includes the ascaris and the pinworm pinworm infection may include: Itching of the anal or vaginal area. Insomnia, irritability, teeth grinding and restlessness. Occasional stomach pain and nausea. Pinworms often cause no symptoms."
2008871,what phylum includes the ascaris and the pinworm,,msmarco_passage_08_14126152,"Symptoms. Symptoms of pinworm infection may include: Itching of the anal or vaginal area. Insomnia, irritability, teeth grinding and restlessness. Occasional stomach pain and nausea. Pinworms often cause no symptoms.",0,what phylum includes the ascaris and the pinworm,"Symptoms. Symptoms of pinworm infection may include: Itching of the anal or vaginal area. Insomnia, what phylum includes the ascaris and the pinworm irritability, teeth grinding and restlessness. Occasional stomach pain and nausea. Pinworms often cause no symptoms."
2008871,what phylum includes the ascaris and the pinworm,,msmarco_passage_08_14131158,"Symptoms. Symptoms of pinworm infection may include: Itching of the anal or vaginal area. Insomnia, irritability, teeth grinding and restlessness. Occasional stomach pain and nausea. Pinworms often cause no symptoms.",0,what phylum includes the ascaris and the pinworm,"Symptoms. Symptoms of what phylum includes the ascaris and the pinworm pinworm infection may include: Itching of the anal or vaginal area. Insomnia, irritability, teeth grinding and restlessness. Occasional stomach pain and nausea. Pinworms often cause no symptoms."
2008871,what phylum includes the ascaris and the pinworm,,msmarco_passage_08_14140678,"Symptoms. Symptoms of pinworm infection may include: Itching of the anal or vaginal area. Insomnia, irritability, teeth grinding and restlessness. Occasional stomach pain and nausea. Pinworms often cause no symptoms.",0,what phylum includes the ascaris and the pinworm,"Symptoms. Symptoms of pinworm infection may include: Itching of the anal or vaginal what phylum includes the ascaris and the pinworm area. Insomnia, irritability, teeth grinding and restlessness. Occasional stomach pain and nausea. Pinworms often cause no symptoms."
2008871,what phylum includes the ascaris and the pinworm,,msmarco_passage_29_464602302,Treatment Options for Pinworms: Oral medication is mostly effective for the treatment of pinworms. It is usually advised that including the parents and the caregivers undergo oral medication to reduce the chances of re-infection of your child.,0,what phylum includes the ascaris and the pinworm,Treatment Options for Pinworms: Oral medication is mostly effective for the treatment of pinworms. It is usually advised that including the parents and the caregivers undergo oral medication to reduce the chances of what phylum includes the ascaris and the pinworm re-infection of your child.
2008871,what phylum includes the ascaris and the pinworm,,msmarco_passage_44_339974991,"Symptoms. Symptoms of pinworm infection may include: Itching of the anal or vaginal area. Insomnia, irritability, teeth grinding and restlessness. Occasional stomach pain and nausea. Pinworms often cause no symptoms.",0,what phylum includes the ascaris and the pinworm,"Symptoms. Symptoms of pinworm infection may what phylum includes the ascaris and the pinworm include: Itching of the anal or vaginal area. Insomnia, irritability, teeth grinding and restlessness. Occasional stomach pain and nausea. Pinworms often cause no symptoms."
2008871,what phylum includes the ascaris and the pinworm,,msmarco_passage_53_344657044,"Symptoms. Symptoms of pinworm infection may include: Itching of the anal or vaginal area. Insomnia, irritability, teeth grinding and restlessness. Occasional stomach pain and nausea. Pinworms often cause no symptoms.",0,what phylum includes the ascaris and the pinworm,"Symptoms. Symptoms of pinworm infection may include: Itching of the anal or vaginal what phylum includes the ascaris and the pinworm area. Insomnia, irritability, teeth grinding and restlessness. Occasional stomach pain and nausea. Pinworms often cause no symptoms."
2008871,what phylum includes the ascaris and the pinworm,msmarco_passage_22_108441488,msmarco_passage_22_108441488,"Ascaris. Ascaris suum (Large roundworm of pigs) Ascaris suum is a parasitic nematode that causes ascariasis in pigs. The excretory system of the ascaris suum is ureotelic, meaning its excretes excess nitrogen as urea. This process is controlled by the renete cell, which is connected to large and small canals.",1,what phylum includes the ascaris and the pinworm,"Ascaris. Ascaris suum (Large roundworm of pigs) Ascaris suum is a what phylum includes the ascaris and the pinworm parasitic nematode that causes ascariasis in pigs. The excretory system of the ascaris suum is ureotelic, meaning its excretes excess nitrogen as urea. This process is controlled by the renete cell, which is connected to large and small canals."
2008871,what phylum includes the ascaris and the pinworm,,msmarco_passage_08_14103369,"Prevention. Pinworm eggs can cling to surfaces, including toys, faucets, bedding and toilet seats, for two weeks. So besides regular cleaning of surfaces, methods to help prevent the spread of pinworm eggs or to prevent reinfection include: Wash in the morning.",0,what phylum includes the ascaris and the pinworm,"Prevention. Pinworm eggs can cling to surfaces, including toys, faucets, bedding and toilet seats, for two weeks. So besides regular cleaning of surfaces, methods to help prevent the spread of pinworm eggs or to prevent reinfection include: what phylum includes the ascaris and the pinworm Wash in the morning."
2008871,what phylum includes the ascaris and the pinworm,,msmarco_passage_08_14108375,"Prevention. Pinworm eggs can cling to surfaces, including toys, faucets, bedding and toilet seats, for two weeks. So besides regular cleaning of surfaces, methods to help prevent the spread of pinworm eggs or to prevent reinfection include: Wash in the morning.",0,what phylum includes the ascaris and the pinworm,"Prevention. Pinworm eggs can cling to surfaces, including toys, faucets, what phylum includes the ascaris and the pinworm bedding and toilet seats, for two weeks. So besides regular cleaning of surfaces, methods to help prevent the spread of pinworm eggs or to prevent reinfection include: Wash in the morning."
2008871,what phylum includes the ascaris and the pinworm,,msmarco_passage_08_14113381,"Prevention. Pinworm eggs can cling to surfaces, including toys, faucets, bedding and toilet seats, for two weeks. So besides regular cleaning of surfaces, methods to help prevent the spread of pinworm eggs or to prevent reinfection include: Wash in the morning.",0,what phylum includes the ascaris and the pinworm,"Prevention. Pinworm eggs can cling to surfaces, including toys, faucets, what phylum includes the ascaris and the pinworm bedding and toilet seats, for two weeks. So besides regular cleaning of surfaces, methods to help prevent the spread of pinworm eggs or to prevent reinfection include: Wash in the morning."
2008871,what phylum includes the ascaris and the pinworm,,msmarco_passage_08_14118387,"Prevention. Pinworm eggs can cling to surfaces, including toys, faucets, bedding and toilet seats, for two weeks. So besides regular cleaning of surfaces, methods to help prevent the spread of pinworm eggs or to prevent reinfection include: Wash in the morning.",0,what phylum includes the ascaris and the pinworm,"Prevention. Pinworm eggs can what phylum includes the ascaris and the pinworm cling to surfaces, including toys, faucets, bedding and toilet seats, for two weeks. So besides regular cleaning of surfaces, methods to help prevent the spread of pinworm eggs or to prevent reinfection include: Wash in the morning."
2008871,what phylum includes the ascaris and the pinworm,,msmarco_passage_08_14123393,"Prevention. Pinworm eggs can cling to surfaces, including toys, faucets, bedding and toilet seats, for two weeks. So besides regular cleaning of surfaces, methods to help prevent the spread of pinworm eggs or to prevent reinfection include: Wash in the morning.",0,what phylum includes the ascaris and the pinworm,"Prevention. Pinworm eggs can cling to surfaces, including toys, faucets, bedding and toilet seats, for two weeks. So besides regular what phylum includes the ascaris and the pinworm cleaning of surfaces, methods to help prevent the spread of pinworm eggs or to prevent reinfection include: Wash in the morning."
2008871,what phylum includes the ascaris and the pinworm,,msmarco_passage_08_14128399,"Prevention. Pinworm eggs can cling to surfaces, including toys, faucets, bedding and toilet seats, for two weeks. So besides regular cleaning of surfaces, methods to help prevent the spread of pinworm eggs or to prevent reinfection include: Wash in the morning.",0,what phylum includes the ascaris and the pinworm,"Prevention. Pinworm eggs can cling to surfaces, including toys, faucets, bedding and toilet seats, for two weeks. So besides regular cleaning of surfaces, methods to help prevent the spread what phylum includes the ascaris and the pinworm of pinworm eggs or to prevent reinfection include: Wash in the morning."
2008871,what phylum includes the ascaris and the pinworm,,msmarco_passage_08_14137919,"Prevention. Pinworm eggs can cling to surfaces, including toys, faucets, bedding and toilet seats, for two weeks. So besides regular cleaning of surfaces, methods to help prevent the spread of pinworm eggs or to prevent reinfection include: Wash in the morning.",0,what phylum includes the ascaris and the pinworm,"Prevention. Pinworm eggs can cling to surfaces, including toys, faucets, bedding and what phylum includes the ascaris and the pinworm toilet seats, for two weeks. So besides regular cleaning of surfaces, methods to help prevent the spread of pinworm eggs or to prevent reinfection include: Wash in the morning."
2008871,what phylum includes the ascaris and the pinworm,,msmarco_passage_44_339972232,"Prevention. Pinworm eggs can cling to surfaces, including toys, faucets, bedding and toilet seats, for two weeks. So besides regular cleaning of surfaces, methods to help prevent the spread of pinworm eggs or to prevent reinfection include: Wash in the morning.",0,what phylum includes the ascaris and the pinworm,"Prevention. Pinworm eggs can cling to surfaces, including toys, what phylum includes the ascaris and the pinworm faucets, bedding and toilet seats, for two weeks. So besides regular cleaning of surfaces, methods to help prevent the spread of pinworm eggs or to prevent reinfection include: Wash in the morning."
2008871,what phylum includes the ascaris and the pinworm,,msmarco_passage_53_344654285,"Prevention. Pinworm eggs can cling to surfaces, including toys, faucets, bedding and toilet seats, for two weeks. So besides regular cleaning of surfaces, methods to help prevent the spread of pinworm eggs or to prevent reinfection include: Wash in the morning.",0,what phylum includes the ascaris and the pinworm,"Prevention. what phylum includes the ascaris and the pinworm Pinworm eggs can cling to surfaces, including toys, faucets, bedding and toilet seats, for two weeks. So besides regular cleaning of surfaces, methods to help prevent the spread of pinworm eggs or to prevent reinfection include: Wash in the morning."
2008871,what phylum includes the ascaris and the pinworm,,msmarco_passage_05_663497831,"Among them, phylum Arthropoda includes all insects while phylum Mollusca includes terrestrial and aquatic invertebrates which have soft bodies covered with an exoskeleton (shell). Phylum Arthropoda and Phylum Mollusca are the largest diversified groups with a great number of species in Animalia kingdom.",0,what phylum includes the ascaris and the pinworm,"Among them, phylum Arthropoda includes all insects while phylum Mollusca includes terrestrial and aquatic invertebrates which have what phylum includes the ascaris and the pinworm soft bodies covered with an exoskeleton (shell). Phylum Arthropoda and Phylum Mollusca are the largest diversified groups with a great number of species in Animalia kingdom."
2008871,what phylum includes the ascaris and the pinworm,,msmarco_passage_43_532151348,"Among them, phylum Arthropoda includes all insects while phylum Mollusca includes terrestrial and aquatic invertebrates which have soft bodies covered with an exoskeleton (shell). Phylum Arthropoda and Phylum Mollusca are the largest diversified groups with a great number of species in Animalia kingdom.",0,what phylum includes the ascaris and the pinworm,"Among them, phylum Arthropoda includes all insects while phylum Mollusca includes terrestrial and aquatic invertebrates which have soft bodies covered with an exoskeleton (shell). Phylum Arthropoda and Phylum Mollusca are the largest what phylum includes the ascaris and the pinworm diversified groups with a great number of species in Animalia kingdom."
2008871,what phylum includes the ascaris and the pinworm,,msmarco_passage_12_538964452,"What phylum do invertebrates belong to? The 9 Main Phyla of Invertebrates. Groups of Invertebrate Animals. Examples. Phylum Cnidarians. Jellyfish, corals, anemones, hydra. Phylum Platyhelminthes. Flatworms, flukes, tapeworms. Phylum Echinodermata.",0,what phylum includes the ascaris and the pinworm,"What phylum do invertebrates belong to? The 9 Main Phyla of Invertebrates. Groups of Invertebrate Animals. Examples. Phylum what phylum includes the ascaris and the pinworm Cnidarians. Jellyfish, corals, anemones, hydra. Phylum Platyhelminthes. Flatworms, flukes, tapeworms. Phylum Echinodermata."
2008871,what phylum includes the ascaris and the pinworm,,msmarco_passage_45_170526316,"Infection with the roundworm, Ascaris lumbricoides, causes human ascariasis. This species of Ascaris is the main cause of human ascariasis, but Ascaris suum (from pigs) can occasionally infect humans, as well. People acquire this parasite by swallowing Ascaris eggs in soil, food, or water contaminated with human feces.",0,what phylum includes the ascaris and the pinworm,"Infection with the roundworm, Ascaris lumbricoides, causes human ascariasis. This species of Ascaris is the main cause of human ascariasis, but Ascaris suum (from pigs) can occasionally infect humans, as well. People acquire this parasite by swallowing Ascaris eggs what phylum includes the ascaris and the pinworm in soil, food, or water contaminated with human feces."
2008871,what phylum includes the ascaris and the pinworm,,msmarco_passage_00_556522983,"Chytrid Fungi Online. What are Chytrids? Chytrids are zoosporic fungi classified in the phylum Chytridiomycota, which currently includes two classes, Chytridiomycetes and Monoblepharidomycetes.",0,what phylum includes the ascaris and the pinworm,"Chytrid Fungi Online. What are Chytrids? Chytrids are what phylum includes the ascaris and the pinworm zoosporic fungi classified in the phylum Chytridiomycota, which currently includes two classes, Chytridiomycetes and Monoblepharidomycetes."
2008871,what phylum includes the ascaris and the pinworm,,msmarco_passage_04_185034396,To what phylum does the panda belong? phylum chordataAns#2: It belongs to:Kingdom:AnimaliaPhylum:ChordataClass:MammaliaOrder:CarnivoraFamily:UrsidaeGenus:AiluropodaSpecies:A. melanoleuca.,0,what phylum includes the ascaris and the pinworm,To what phylum does the panda belong? phylum chordataAns#2: It belongs what phylum includes the ascaris and the pinworm to:Kingdom:AnimaliaPhylum:ChordataClass:MammaliaOrder:CarnivoraFamily:UrsidaeGenus:AiluropodaSpecies:A. melanoleuca.
2008871,what phylum includes the ascaris and the pinworm,,msmarco_passage_26_217330946,"All of these groups are discussed in the sections that follow. Other familiar invertebrates include comb jellies (phylum Ctenophora), spiny-headed worms (phylum Acanthocephala), lamp shells (phylum Brachiopoda), bryozoans (phylum Bryozoa), and water bears (phylum Tardigrada).",0,what phylum includes the ascaris and the pinworm,"All of these groups are discussed in the sections that follow. Other familiar invertebrates include comb jellies (phylum Ctenophora), spiny-headed worms (phylum Acanthocephala), lamp shells (phylum Brachiopoda), what phylum includes the ascaris and the pinworm bryozoans (phylum Bryozoa), and water bears (phylum Tardigrada)."
2008871,what phylum includes the ascaris and the pinworm,,msmarco_passage_63_179026890,"phylum Rotifera, Rotifera - a phylum including: rotifers. Aschelminthes, Nematoda, phylum Aschelminthes, phylum Nematoda - unsegmented worms: roundworms; threadworms; eelworms. Annelida, phylum Annelida - segmented worms: earthworms; lugworms; leeches. mollusk family - a family of mollusks.",0,what phylum includes the ascaris and the pinworm,"phylum what phylum includes the ascaris and the pinworm Rotifera, Rotifera - a phylum including: rotifers. Aschelminthes, Nematoda, phylum Aschelminthes, phylum Nematoda - unsegmented worms: roundworms; threadworms; eelworms. Annelida, phylum Annelida - segmented worms: earthworms; lugworms; leeches. mollusk family - a family of mollusks."
2008871,what phylum includes the ascaris and the pinworm,,msmarco_passage_04_163246097,"What order would scientists put order kingdom family species genus phylum a class? Species, genus, family, order, class, phylum, and kingdom. What is the kingdom phylum class order family genus species of a gorilla? The kingdom is, Animalia, phylum Chordata, class Mammalia, family Hominidae, and genus is Gorilla.",0,what phylum includes the ascaris and the pinworm,"What order would scientists put order kingdom family species genus phylum a class? Species, genus, family, order, class, phylum, and kingdom. What is the kingdom phylum class order family genus species of a gorilla? The kingdom what phylum includes the ascaris and the pinworm is, Animalia, phylum Chordata, class Mammalia, family Hominidae, and genus is Gorilla."
2008871,what phylum includes the ascaris and the pinworm,,msmarco_passage_39_512579160,Respiratory System of Phylum Annelida. Reproductive System of Phylum Annelida. Nervous System of Phylum Annelida. Regeneration in Phylum Annelida. 1. Taxonomic Retrospect of Phylum Annelida: 1. The soft bodied animals including para­sitic arachnids and crustaceans were grouped under a phylum vermes by Linnaeus (1768).,0,what phylum includes the ascaris and the pinworm,Respiratory System of Phylum Annelida. Reproductive System of Phylum Annelida. Nervous System of Phylum Annelida. Regeneration in Phylum Annelida. 1. Taxonomic Retrospect of Phylum Annelida: 1. The soft bodied animals including para­sitic arachnids and crustaceans were grouped under a phylum vermes what phylum includes the ascaris and the pinworm by Linnaeus (1768).
2008871,what phylum includes the ascaris and the pinworm,,msmarco_passage_08_14102339,"Risk factors for pinworm infection include: Being young. Pinworm infections are most likely to occur in children ages 5 to 10. The tiny (microscopic) eggs are easily spread to family members, caregivers, or other children at school or child care centers. Pinworm infections are uncommon in children younger than age 2.",0,what phylum includes the ascaris and the pinworm,"Risk factors for pinworm infection include: Being young. Pinworm infections are most likely to what phylum includes the ascaris and the pinworm occur in children ages 5 to 10. The tiny (microscopic) eggs are easily spread to family members, caregivers, or other children at school or child care centers. Pinworm infections are uncommon in children younger than age 2."
2008871,what phylum includes the ascaris and the pinworm,,msmarco_passage_08_14107345,"Risk factors for pinworm infection include: Being young. Pinworm infections are most likely to occur in children ages 5 to 10. The tiny (microscopic) eggs are easily spread to family members, caregivers, or other children at school or child care centers. Pinworm infections are uncommon in children younger than age 2.",0,what phylum includes the ascaris and the pinworm,"Risk factors for pinworm infection include: Being young. Pinworm infections what phylum includes the ascaris and the pinworm are most likely to occur in children ages 5 to 10. The tiny (microscopic) eggs are easily spread to family members, caregivers, or other children at school or child care centers. Pinworm infections are uncommon in children younger than age 2."
2008871,what phylum includes the ascaris and the pinworm,,msmarco_passage_08_14112351,"Risk factors for pinworm infection include: Being young. Pinworm infections are most likely to occur in children ages 5 to 10. The tiny (microscopic) eggs are easily spread to family members, caregivers, or other children at school or child care centers. Pinworm infections are uncommon in children younger than age 2.",0,what phylum includes the ascaris and the pinworm,"Risk factors for pinworm infection include: Being young. Pinworm infections are most likely to occur in children ages 5 to 10. The tiny what phylum includes the ascaris and the pinworm (microscopic) eggs are easily spread to family members, caregivers, or other children at school or child care centers. Pinworm infections are uncommon in children younger than age 2."
2008871,what phylum includes the ascaris and the pinworm,,msmarco_passage_08_14117357,"Risk factors for pinworm infection include: Being young. Pinworm infections are most likely to occur in children ages 5 to 10. The tiny (microscopic) eggs are easily spread to family members, caregivers, or other children at school or child care centers. Pinworm infections are uncommon in children younger than age 2.",0,what phylum includes the ascaris and the pinworm,"Risk factors for what phylum includes the ascaris and the pinworm pinworm infection include: Being young. Pinworm infections are most likely to occur in children ages 5 to 10. The tiny (microscopic) eggs are easily spread to family members, caregivers, or other children at school or child care centers. Pinworm infections are uncommon in children younger than age 2."
2008871,what phylum includes the ascaris and the pinworm,,msmarco_passage_08_14122363,"Risk factors for pinworm infection include: Being young. Pinworm infections are most likely to occur in children ages 5 to 10. The tiny (microscopic) eggs are easily spread to family members, caregivers, or other children at school or child care centers. Pinworm infections are uncommon in children younger than age 2.",0,what phylum includes the ascaris and the pinworm,"Risk factors for pinworm infection include: Being young. Pinworm infections are most likely to occur in children ages 5 to 10. The tiny (microscopic) eggs are easily spread to family members, caregivers, or other children at school or child what phylum includes the ascaris and the pinworm care centers. Pinworm infections are uncommon in children younger than age 2."
2008871,what phylum includes the ascaris and the pinworm,,msmarco_passage_08_14127369,"Risk factors for pinworm infection include: Being young. Pinworm infections are most likely to occur in children ages 5 to 10. The tiny (microscopic) eggs are easily spread to family members, caregivers, or other children at school or child care centers. Pinworm infections are uncommon in children younger than age 2.",0,what phylum includes the ascaris and the pinworm,"Risk factors for pinworm infection include: what phylum includes the ascaris and the pinworm Being young. Pinworm infections are most likely to occur in children ages 5 to 10. The tiny (microscopic) eggs are easily spread to family members, caregivers, or other children at school or child care centers. Pinworm infections are uncommon in children younger than age 2."
2008871,what phylum includes the ascaris and the pinworm,,msmarco_passage_08_14136889,"Risk factors for pinworm infection include: Being young. Pinworm infections are most likely to occur in children ages 5 to 10. The tiny (microscopic) eggs are easily spread to family members, caregivers, or other children at school or child care centers. Pinworm infections are uncommon in children younger than age 2.",0,what phylum includes the ascaris and the pinworm,"Risk factors for pinworm infection include: Being young. Pinworm infections are most likely to occur in children ages 5 to 10. The tiny (microscopic) eggs are easily what phylum includes the ascaris and the pinworm spread to family members, caregivers, or other children at school or child care centers. Pinworm infections are uncommon in children younger than age 2."
2008871,what phylum includes the ascaris and the pinworm,,msmarco_passage_44_339971202,"Risk factors for pinworm infection include: Being young. Pinworm infections are most likely to occur in children ages 5 to 10. The tiny (microscopic) eggs are easily spread to family members, caregivers, or other children at school or child care centers. Pinworm infections are uncommon in children younger than age 2.",0,what phylum includes the ascaris and the pinworm,"Risk factors for pinworm infection include: Being young. Pinworm infections are what phylum includes the ascaris and the pinworm most likely to occur in children ages 5 to 10. The tiny (microscopic) eggs are easily spread to family members, caregivers, or other children at school or child care centers. Pinworm infections are uncommon in children younger than age 2."
2008871,what phylum includes the ascaris and the pinworm,,msmarco_passage_53_344653255,"Risk factors for pinworm infection include: Being young. Pinworm infections are most likely to occur in children ages 5 to 10. The tiny (microscopic) eggs are easily spread to family members, caregivers, or other children at school or child care centers. Pinworm infections are uncommon in children younger than age 2.",0,what phylum includes the ascaris and the pinworm,"Risk factors for pinworm infection include: Being young. Pinworm infections are most likely to occur in children ages 5 to 10. The tiny (microscopic) eggs are easily spread to family members, caregivers, or other children at school or child care what phylum includes the ascaris and the pinworm centers. Pinworm infections are uncommon in children younger than age 2."
2008871,what phylum includes the ascaris and the pinworm,,msmarco_passage_12_203744366,"What is the Kingdom, Phylum, Class, Order, Family, Genus, and Species of a human? Source (s): kingdom phylum class order family genus species human: https://trimurl.im/j36/what-is-the-kingdom-phylum-... margie ♥'s you!",0,what phylum includes the ascaris and the pinworm,"What is the Kingdom, Phylum, Class, Order, Family, Genus, and Species of a human? Source (s): kingdom phylum class order family genus species what phylum includes the ascaris and the pinworm human: https://trimurl.im/j36/what-is-the-kingdom-phylum-... margie ♥'s you!"
2008871,what phylum includes the ascaris and the pinworm,,msmarco_passage_30_730582519,reproduction for the bryophyta phylum. -reproductive structure is called the sporangium which are at the end of the stalk. -reproductive cell is called the spores which are released. what environment is the bryophyta phylum found in. -grows in shady and wet environments. what are examples of the bryophyta phylum.,0,what phylum includes the ascaris and the pinworm,reproduction for the bryophyta phylum. -reproductive structure is called the sporangium which are at the end of the stalk. -reproductive cell is called the spores which are released. what environment is the bryophyta phylum found in. what phylum includes the ascaris and the pinworm -grows in shady and wet environments. what are examples of the bryophyta phylum.
2008871,what phylum includes the ascaris and the pinworm,,msmarco_passage_04_194811981,Phylum Chrodata class mammalia. What is the Phylum and class of lizard? The Phylum is chordata (chordate) and the class is repitilla (reptile). Finding NemoClownfishScienceCats (Felines)CrustaceansTaxonomyCrabsGorillasCockroachesSlugs and SnailsFishEvolutionReptilesTicks and MitesOctopusLizards.,0,what phylum includes the ascaris and the pinworm,Phylum Chrodata class mammalia. What is the Phylum and class of lizard? The Phylum is what phylum includes the ascaris and the pinworm chordata (chordate) and the class is repitilla (reptile). Finding NemoClownfishScienceCats (Felines)CrustaceansTaxonomyCrabsGorillasCockroachesSlugs and SnailsFishEvolutionReptilesTicks and MitesOctopusLizards.
2008871,what phylum includes the ascaris and the pinworm,,msmarco_passage_04_194829530,"What phylum does a bullfrog belongs? What phylum does a bullfrog belongs. ? Asked by Wiki User. See Answer. Top Answer. Wiki User. Answered 2012-08-03 08:20:09. Phylum is quite a high taxonomic classification, bullfrogs are, like birds, mammals, fish and reptiles, in the phylum ""Chordata"".",0,what phylum includes the ascaris and the pinworm,"What phylum does a bullfrog belongs? What phylum does a bullfrog belongs. ? Asked by Wiki User. See Answer. Top Answer. Wiki User. Answered what phylum includes the ascaris and the pinworm 2012-08-03 08:20:09. Phylum is quite a high taxonomic classification, bullfrogs are, like birds, mammals, fish and reptiles, in the phylum ""Chordata""."
2008871,what phylum includes the ascaris and the pinworm,,msmarco_passage_04_568753988,"Male Reproductive System: Reproductive organs of male ascaris include a testis, a vas deferens, a seminal vesicle, an ejaculatory duct, cloaca and penial setae. 1. Testes: Male ascaris is monorchis i.e., it has a single testis. The testes are a long, thin and coiled tube-like structure. It continues into a vas deferens.",0,what phylum includes the ascaris and the pinworm,"Male Reproductive System: Reproductive organs of what phylum includes the ascaris and the pinworm male ascaris include a testis, a vas deferens, a seminal vesicle, an ejaculatory duct, cloaca and penial setae. 1. Testes: Male ascaris is monorchis i.e., it has a single testis. The testes are a long, thin and coiled tube-like structure. It continues into a vas deferens."
2008871,what phylum includes the ascaris and the pinworm,,msmarco_passage_33_844196024,What are the 9 major phyla of kingdom Animalia? What is the second largest group of animals? Which phylum has the largest group of animals? Which is the third largest phylum of animal kingdom? Which is the 2nd largest phylum? What are the major phyla of kingdom Animalia? What two major phyla are animals classified?,0,what phylum includes the ascaris and the pinworm,What are the 9 major phyla of kingdom Animalia? What is the second largest group of animals? Which phylum has the what phylum includes the ascaris and the pinworm largest group of animals? Which is the third largest phylum of animal kingdom? Which is the 2nd largest phylum? What are the major phyla of kingdom Animalia? What two major phyla are animals classified?
2008871,what phylum includes the ascaris and the pinworm,,msmarco_passage_29_597366484,"1. What is a Phylum. – Definition, Classification, Examples. 2. What is a Division. – Definition, Classification, Examples. 3. What are the Similarities Between Phylum and Division. – Outline of Common Features.",0,what phylum includes the ascaris and the pinworm,"1. What is a Phylum. – Definition, Classification, Examples. 2. What is a what phylum includes the ascaris and the pinworm Division. – Definition, Classification, Examples. 3. What are the Similarities Between Phylum and Division. – Outline of Common Features."
2008871,what phylum includes the ascaris and the pinworm,msmarco_passage_06_328557391,msmarco_passage_06_328557391,"Ascaris worm. Ascaris is an intestinal parasite of humans which is the most common human worm infection. Adults of Ascaris lumbricoides are large roundworms,15-31 cm long with a curved tail (see the picture), while females are 20-35 cm long with a straightened tail. Ascaris hardly moves.",0,what phylum includes the ascaris and the pinworm,"Ascaris worm. Ascaris is an intestinal parasite of humans which is the most common human worm infection. Adults of Ascaris lumbricoides are large roundworms,15-31 cm long with a what phylum includes the ascaris and the pinworm curved tail (see the picture), while females are 20-35 cm long with a straightened tail. Ascaris hardly moves."
2008871,what phylum includes the ascaris and the pinworm,msmarco_passage_46_104355017,msmarco_passage_46_104355017,"Ascaris worm. Ascaris is an intestinal parasite of humans which is the most common human worm infection. Adults of Ascaris lumbricoides are large roundworms,15-31 cm long with a curved tail (see the picture), while females are 20-35 cm long with a straightened tail. Ascaris hardly moves.",0,what phylum includes the ascaris and the pinworm,"Ascaris worm. Ascaris is an what phylum includes the ascaris and the pinworm intestinal parasite of humans which is the most common human worm infection. Adults of Ascaris lumbricoides are large roundworms,15-31 cm long with a curved tail (see the picture), while females are 20-35 cm long with a straightened tail. Ascaris hardly moves."
2008871,what phylum includes the ascaris and the pinworm,,msmarco_passage_09_234530854,More Articles : Equine Pinworm Life Cycle. How Contagious Is Pinworms. How Does One Get Pinworms. Medicine For Pinworms For Dogs. Over The Counter Medications For Pinworms. Pinworms Treatment For Infants. Symptoms Of Pinworm Infection.,0,what phylum includes the ascaris and the pinworm,More Articles : Equine Pinworm Life Cycle. How Contagious what phylum includes the ascaris and the pinworm Is Pinworms. How Does One Get Pinworms. Medicine For Pinworms For Dogs. Over The Counter Medications For Pinworms. Pinworms Treatment For Infants. Symptoms Of Pinworm Infection.
2008871,what phylum includes the ascaris and the pinworm,,msmarco_passage_45_50387990,"Roses and the Phylum Magnoliaphyta. The first large division of life is the kingdom. There are two great kingdoms, the plant and animal kingdoms. Roses are included in the plant kingdom. The phylum is the next lower category. Roses are included in the phylum Magnoliaphyta.",0,what phylum includes the ascaris and the pinworm,"Roses and the Phylum Magnoliaphyta. The first large division of life is the kingdom. There are two great what phylum includes the ascaris and the pinworm kingdoms, the plant and animal kingdoms. Roses are included in the plant kingdom. The phylum is the next lower category. Roses are included in the phylum Magnoliaphyta."
2008871,what phylum includes the ascaris and the pinworm,,msmarco_passage_04_128537342,"What are different kinds of phylum? Acanthocephala, Annelida, Arthropoda, Aschelminthes, Brachiopoda, Bryozoa, Cephalochordata, Chaetognatha, Chordata, Cnidaria, Coelenterata, Craniata, Cryptophyta, Ctenophora, Cycliophora, division, Echinodermata, Ectoprocta, Endoprocta, Entoprocta, Mollusca, Nematoda, Nemertea, Nemertina, Pentastomida, Phoronida, Phoronidea, phylum Acanthocephala, phylum Annelida, phylum Arthropoda, phylum Aschelminthes, phylum Brachiopoda, phylum Bryozoa, phylum Chaetognatha, phylum Chordata, phylum Cnidaria, phylum Coelenterata, phylum Cryptophyta, phylum Ctenophora, phylum Cycliophora, phylum Echinodermata, phylum Ectoprocta, phylum Entoprocta, phylum Mollusca, phylum Nematoda, phylum Nemertea, phylum Nemertina, phylum Phoronida, phylum Platyhelminthes, phylum Pogonophora, phylum Porifera, phylum Protozoa, phylum Pyrrophyta, phylum Rotifera, phylum Sipuncula, Platyhelminthes, Pogonophora, polyzoa, Porifera, Protozoa, Pyrrophyta, Rotifera, Sipuncula, subphylum Cephalochordata, subphylum Craniata, subphylum Pentastomida,, subphylum Tunicata, subphylum Urochorda, subphylum Urochordata, subphylum Vertebrata, Tunicata, Urochorda, Urochordata, Vertebrata.",0,what phylum includes the ascaris and the pinworm,"What are different kinds of phylum? Acanthocephala, Annelida, Arthropoda, Aschelminthes, Brachiopoda, Bryozoa, Cephalochordata, Chaetognatha, Chordata, Cnidaria, Coelenterata, Craniata, Cryptophyta, Ctenophora, Cycliophora, division, Echinodermata, Ectoprocta, Endoprocta, Entoprocta, Mollusca, Nematoda, Nemertea, Nemertina, Pentastomida, Phoronida, Phoronidea, phylum Acanthocephala, phylum Annelida, phylum Arthropoda, phylum Aschelminthes, phylum Brachiopoda, phylum Bryozoa, phylum Chaetognatha, phylum Chordata, phylum Cnidaria, phylum Coelenterata, what phylum includes the ascaris and the pinworm phylum Cryptophyta, phylum Ctenophora, phylum Cycliophora, phylum Echinodermata, phylum Ectoprocta, phylum Entoprocta, phylum Mollusca, phylum Nematoda, phylum Nemertea, phylum Nemertina, phylum Phoronida, phylum Platyhelminthes, phylum Pogonophora, phylum Porifera, phylum Protozoa, phylum Pyrrophyta, phylum Rotifera, phylum Sipuncula, Platyhelminthes, Pogonophora, polyzoa, Porifera, Protozoa, Pyrrophyta, Rotifera, Sipuncula, subphylum Cephalochordata, subphylum Craniata, subphylum Pentastomida,, subphylum Tunicata, subphylum Urochorda, subphylum Urochordata, subphylum Vertebrata, Tunicata, Urochorda, Urochordata, Vertebrata."
2008871,what phylum includes the ascaris and the pinworm,,msmarco_passage_12_221096356,"What is the Kingdom, Phylum, Class Order, Family, Genus, and Species of a Kangaroo? What is the Kingdom, Phylum, Class Order, Family, Genus, and Species of a Kangaroo?",0,what phylum includes the ascaris and the pinworm,"What is the Kingdom, Phylum, Class Order, Family, Genus, and Species of a Kangaroo? What is the Kingdom, Phylum, Class Order, Family, Genus, what phylum includes the ascaris and the pinworm and Species of a Kangaroo?"
2008871,what phylum includes the ascaris and the pinworm,,msmarco_passage_04_163247768,"What is the kingdom phylum class order family genus species of the fish? Kingdom: Animalia Phylum: Chordata Class, Family, Genus and Species depend on which fish species your talking about. What is the kingdom of a monocot? What is a kingdom,phylum,class,order,family,genus,and speices?",0,what phylum includes the ascaris and the pinworm,"What is the kingdom what phylum includes the ascaris and the pinworm phylum class order family genus species of the fish? Kingdom: Animalia Phylum: Chordata Class, Family, Genus and Species depend on which fish species your talking about. What is the kingdom of a monocot? What is a kingdom,phylum,class,order,family,genus,and speices?"
2008871,what phylum includes the ascaris and the pinworm,,msmarco_passage_15_758179555,"Not head or pinworm before? That is okay, we will explain everything about pinworm eggs, including how to kill them, and whether Lysol can kill this unpleasant parasitic disease. Let us discuss whether or not Lysol does, in fact, kill pinworm eggs. In this article, we are going to talk about the following key areas:",0,what phylum includes the ascaris and the pinworm,"Not head or pinworm before? That is okay, we will explain everything about pinworm eggs, including how to kill them, and whether Lysol can kill this unpleasant parasitic disease. Let us discuss whether or not Lysol does, in fact, kill pinworm eggs. In this article, we are what phylum includes the ascaris and the pinworm going to talk about the following key areas:"
2008871,what phylum includes the ascaris and the pinworm,,msmarco_passage_53_782332048,Definition of ascarid. : any of a family (Ascaridae) of nematode worms that includes the common roundworm (Ascaris lumbricoides) parasitic in the human intestine.,0,what phylum includes the ascaris and the pinworm,Definition of ascarid. : any of a family (Ascaridae) of nematode worms that includes the common roundworm what phylum includes the ascaris and the pinworm (Ascaris lumbricoides) parasitic in the human intestine.
2008871,what phylum includes the ascaris and the pinworm,,msmarco_passage_42_823431012,"Pinworms. According to the American Academy of Family Physicians, pinworms are common in children, highly contagious and easily spread to other children. Symptoms include frequent scratching of the anal area, restlessness and inability to sleep at night.",0,what phylum includes the ascaris and the pinworm,"Pinworms. According to the American Academy of Family Physicians, pinworms are common in children, highly contagious and easily spread to other children. Symptoms include frequent scratching of the anal area, restlessness what phylum includes the ascaris and the pinworm and inability to sleep at night."
2008871,what phylum includes the ascaris and the pinworm,msmarco_passage_18_24147457,msmarco_passage_18_24147457,"Species. Ascaris lumbricoides Linn., 1758. Ascaris suum ( Goeze, 1782) Image showing life cycle inside and outside of the human body of one fairly well described helminth: Ascaris lumbricoides. Ascaris is a genus of parasitic nematode worms known as the ""small intestinal roundworms"", which is a type of parasitic worm.",0,what phylum includes the ascaris and the pinworm,"Species. Ascaris lumbricoides Linn., 1758. Ascaris suum ( Goeze, 1782) Image showing life cycle inside and outside of the human body of one fairly well described helminth: Ascaris lumbricoides. Ascaris is a genus of parasitic nematode worms known as what phylum includes the ascaris and the pinworm the ""small intestinal roundworms"", which is a type of parasitic worm."
2008871,what phylum includes the ascaris and the pinworm,,msmarco_passage_43_523429789,"Algae live in both marine and fresh water. They lack true stems, leaves or roots. Therefore, their body looks like a thallus. Figure 01: Algae. There are different phyla of algae based on the type of their photosynthetic pigments. These include phylum Chlorophyta, which includes green algae, phylum Phaeophyta, which includes brown algae, phylum Rhodophyta, which includes red algae, and phylum Bacillariophyta, which includes diatoms.",0,what phylum includes the ascaris and the pinworm,"Algae live in both marine and fresh water. They lack true stems, leaves or roots. Therefore, their body looks like a thallus. Figure 01: Algae. There are different phyla of algae based on the type of their what phylum includes the ascaris and the pinworm photosynthetic pigments. These include phylum Chlorophyta, which includes green algae, phylum Phaeophyta, which includes brown algae, phylum Rhodophyta, which includes red algae, and phylum Bacillariophyta, which includes diatoms."
2008871,what phylum includes the ascaris and the pinworm,,msmarco_passage_04_157702347,"What is bigger in a kingdom a family or a phylum? phylum. Kingdom &gt; phylum &gt; class &gt; order&gt; family &gt; genus &gt; species. Place in order Phylum genus kingdom species order class family? Kingdom, Phylum, Class, Order, Family, Genus, Species.",0,what phylum includes the ascaris and the pinworm,"What is bigger in a kingdom a family or a phylum? phylum. Kingdom &gt; phylum &gt; class &gt; order&gt; family &gt; what phylum includes the ascaris and the pinworm genus &gt; species. Place in order Phylum genus kingdom species order class family? Kingdom, Phylum, Class, Order, Family, Genus, Species."
2008871,what phylum includes the ascaris and the pinworm,,msmarco_passage_00_560414490,"There are approximately 20,000 species of the phylum, Platyhelminthes. Now, you might be a bit confused and must be thinking what a Flatworm is. Well, let me explain, a Flatworm is a various type worm which is a part of the Platyhelminthes phylum, and includes worms such as: parasitic tapeworms and flukes, that are composed of flat, soft, and perfectly symmetric bodies.",0,what phylum includes the ascaris and the pinworm,"There are approximately 20,000 species of the phylum, Platyhelminthes. Now, you might be a bit confused and must be thinking what a Flatworm is. Well, let me explain, a Flatworm is a various type worm which is what phylum includes the ascaris and the pinworm a part of the Platyhelminthes phylum, and includes worms such as: parasitic tapeworms and flukes, that are composed of flat, soft, and perfectly symmetric bodies."
2008871,what phylum includes the ascaris and the pinworm,,msmarco_passage_04_152523935,No. Spider spiders and squids are completely unrelated. Squids are marine animals that belong the the phylum Molluska and spiders are primarily land animals that belong to the phylum Arthropoda. What phylum do spiders belong to? Spiders belong to the class Arachinda and the phylum Arthropoda.,0,what phylum includes the ascaris and the pinworm,No. Spider spiders and squids are completely unrelated. Squids are marine animals that belong the the phylum Molluska and spiders are primarily land what phylum includes the ascaris and the pinworm animals that belong to the phylum Arthropoda. What phylum do spiders belong to? Spiders belong to the class Arachinda and the phylum Arthropoda.
2008871,what phylum includes the ascaris and the pinworm,,msmarco_passage_14_158190390,"Phylum Arthropoda. The Earth's largest phylum is Arthropoda, including centipedes, millipedes, crustaceans, and insects. The insects have shown to be a particularly successful class within the phylum.",0,what phylum includes the ascaris and the pinworm,"Phylum Arthropoda. The Earth's largest phylum is Arthropoda, including centipedes, millipedes, crustaceans, and insects. The insects have shown to be what phylum includes the ascaris and the pinworm a particularly successful class within the phylum."
2008871,what phylum includes the ascaris and the pinworm,,msmarco_passage_30_625789992,What is the term that describes organisms without a gut cavity? Both of these phyla are considered this. What two forms of asexual reproduction will members of Phylum Nemertea undergo? Do members of Phylum Nemertea and Phylum Gastrotricha have a complete digestive tract with a mouth and an anus?,0,what phylum includes the ascaris and the pinworm,What is the term that describes organisms without a gut cavity? Both of these phyla are considered this. What two forms of asexual reproduction will members of Phylum Nemertea undergo? Do members of Phylum what phylum includes the ascaris and the pinworm Nemertea and Phylum Gastrotricha have a complete digestive tract with a mouth and an anus?
2008871,what phylum includes the ascaris and the pinworm,,msmarco_passage_04_194810492,"What is the name of the taxonomic class that clownfish are in? Clownfish are in the class Actinopterygii. In the movie finding nemo what phylum is marlin in? Marlin is a clownfish, which is in the phylum ""Chordata"".",0,what phylum includes the ascaris and the pinworm,"What is the name of the taxonomic class that clownfish are in? Clownfish are in the class Actinopterygii. In the movie finding nemo what phylum is marlin in? Marlin is a clownfish, what phylum includes the ascaris and the pinworm which is in the phylum ""Chordata""."
2008871,what phylum includes the ascaris and the pinworm,,msmarco_passage_18_599696873,"It is also used to treat Ascaris lumbricoides (roundworms). Diatrizoate may not actually kill Ascaris, but instead it promotes shifting of fluid in the bowel lumen, so may relieve intestinal obstruction caused by impacted Ascaris.",0,what phylum includes the ascaris and the pinworm,"It is also used to treat Ascaris lumbricoides (roundworms). Diatrizoate may not what phylum includes the ascaris and the pinworm actually kill Ascaris, but instead it promotes shifting of fluid in the bowel lumen, so may relieve intestinal obstruction caused by impacted Ascaris."
2008871,what phylum includes the ascaris and the pinworm,,msmarco_passage_30_623933207,Oxyuris equi. What will pinworms generally cause in a horse? Tail rubbing and a Rat-tailed appearance. What is the cause of tail rubbing? Tail rubbing is a result of a female pinworm that has laid her eggs in thick yellow fluid around the horse's rectum that has dried and crack and become itchy.,0,what phylum includes the ascaris and the pinworm,Oxyuris equi. What will pinworms generally cause in a horse? Tail rubbing and a Rat-tailed what phylum includes the ascaris and the pinworm appearance. What is the cause of tail rubbing? Tail rubbing is a result of a female pinworm that has laid her eggs in thick yellow fluid around the horse's rectum that has dried and crack and become itchy.
2008871,what phylum includes the ascaris and the pinworm,,msmarco_passage_04_184762195,"The possessive form of the plural noun pandas is pandas'.Example: We visited the pandas' enclosure at the zoo. What are different kinds of phylum? Acanthocephala, Annelida, Arthropoda, Aschelminthes, Brachiopoda, Bryozoa, Cephalochordata, Chaetognatha, Chordata, Cnidaria, Coelenterata, Craniata, Cryptophyta, Ctenophora, Cycliophora, division, Echinodermata, Ectoprocta, Endoprocta, Entoprocta, Mollusca, Nematoda, Nemertea, Nemertina, Pentastomida, Phoronida, Phoronidea, phylum Acanthocephala, phylum Annelida, phylum Arthropoda, phylum Aschelminthes, phylum Brachiopoda, phylum Bryozoa, phylum Chaetognatha, phylum Chordata, phylum Cnidaria, phylum Coelenterata, phylum Cryptophyta, phylum Ctenophora, phylum Cycliophora, phylum Echinodermata, phylum Ectoprocta, phylum Entoprocta, phylum Mollusca, phylum Nematoda, phylum Nemertea, phylum Nemertina, phylum Phoronida, phylum Platyhelminthes, phylum Pogonophora, phylum Porifera, phylum Protozoa, phylum Pyrrophyta, phylum Rotifera, phylum Sipuncula, Platyhelminthes, Pogonophora, polyzoa, Porifera, Protozoa, Pyrrophyta, Rotifera, Sipuncula, subphylum Cephalochordata, subphylum Craniata, subphylum Pentastomida,, subphylum Tunicata, subphylum Urochorda, subphylum Urochordata, subphylum Vertebrata, Tunicata, Urochorda, Urochordata, Vertebrata.",0,what phylum includes the ascaris and the pinworm,"The possessive form of the plural noun pandas is pandas'.Example: We visited the pandas' enclosure at the zoo. What are different kinds of phylum? Acanthocephala, Annelida, Arthropoda, Aschelminthes, Brachiopoda, Bryozoa, Cephalochordata, Chaetognatha, Chordata, Cnidaria, Coelenterata, Craniata, Cryptophyta, Ctenophora, Cycliophora, division, Echinodermata, Ectoprocta, Endoprocta, Entoprocta, Mollusca, Nematoda, Nemertea, Nemertina, Pentastomida, Phoronida, what phylum includes the ascaris and the pinworm Phoronidea, phylum Acanthocephala, phylum Annelida, phylum Arthropoda, phylum Aschelminthes, phylum Brachiopoda, phylum Bryozoa, phylum Chaetognatha, phylum Chordata, phylum Cnidaria, phylum Coelenterata, phylum Cryptophyta, phylum Ctenophora, phylum Cycliophora, phylum Echinodermata, phylum Ectoprocta, phylum Entoprocta, phylum Mollusca, phylum Nematoda, phylum Nemertea, phylum Nemertina, phylum Phoronida, phylum Platyhelminthes, phylum Pogonophora, phylum Porifera, phylum Protozoa, phylum Pyrrophyta, phylum Rotifera, phylum Sipuncula, Platyhelminthes, Pogonophora, polyzoa, Porifera, Protozoa, Pyrrophyta, Rotifera, Sipuncula, subphylum Cephalochordata, subphylum Craniata, subphylum Pentastomida,, subphylum Tunicata, subphylum Urochorda, subphylum Urochordata, subphylum Vertebrata, Tunicata, Urochorda, Urochordata, Vertebrata."
2008871,what phylum includes the ascaris and the pinworm,msmarco_passage_04_126657927,msmarco_passage_04_126657927,"What are nematodes that have a lung phase? The nematodes (round worms) that have a lung phase are Ascaris lubricoides, Necator americanus, and Strongyloides stercoralis.",0,what phylum includes the ascaris and the pinworm,"What what phylum includes the ascaris and the pinworm are nematodes that have a lung phase? The nematodes (round worms) that have a lung phase are Ascaris lubricoides, Necator americanus, and Strongyloides stercoralis."
2008871,what phylum includes the ascaris and the pinworm,,msmarco_passage_35_807304896,"What are Pinworms? Pinworms can live undetected in a rabbit’s colon, cecum, and small intestines, even in large amounts. They are usually only found by the erratic itching behavior they may cause, or the visible worms in feces that can sometimes be seen.",0,what phylum includes the ascaris and the pinworm,"What are Pinworms? Pinworms can live undetected in what phylum includes the ascaris and the pinworm a rabbit’s colon, cecum, and small intestines, even in large amounts. They are usually only found by the erratic itching behavior they may cause, or the visible worms in feces that can sometimes be seen."
2009553,why are the cotswolds so named,msmarco_passage_66_430701802,msmarco_passage_66_430701802,"Minster Lovell is a tiny and beautiful village in the Cotswolds with a timeless, peaceful feeling to it. Interestingly, it is also reportedly to most haunted village in the Cotswolds…. 9. Kingham, England. This charming Cotswold village was named “England’s Favorite Village” and it isn’t hard to see why.",0,why are the cotswolds so named,"Minster Lovell is a tiny and beautiful village in the Cotswolds with a timeless, why are the cotswolds so named peaceful feeling to it. Interestingly, it is also reportedly to most haunted village in the Cotswolds…. 9. Kingham, England. This charming Cotswold village was named “England’s Favorite Village” and it isn’t hard to see why."
2009553,why are the cotswolds so named,msmarco_passage_05_295933365,msmarco_passage_05_295933365,BLOG ARTICLES BY RALPH GREEN FORMER ASSISTANT AT THE VISITOR INFORMATION CENTRE STOW-ON-THE-WOLD. Morris Dancers. Stow on the Wold. Deserted Cotswold Villages. Cotswold Place Names. The Battle of Stow-on-the-Wold 1646. Tracks and Roads across the Cotswolds. The Cotswold Lion. An Early Cotswold Visit.,0,why are the cotswolds so named,BLOG ARTICLES BY RALPH GREEN FORMER ASSISTANT AT THE VISITOR INFORMATION CENTRE STOW-ON-THE-WOLD. Morris Dancers. Stow on the Wold. Deserted Cotswold Villages. Cotswold Place Names. The Battle why are the cotswolds so named of Stow-on-the-Wold 1646. Tracks and Roads across the Cotswolds. The Cotswold Lion. An Early Cotswold Visit.
2009553,why are the cotswolds so named,msmarco_passage_62_842819745,msmarco_passage_62_842819745,"Gloucestershire: The Cotswolds. Source: Nella / shutterstock. Bibury, England, The Cotswolds. The Cotswolds, which mainly reside in the county of Gloucestershire, are a range of rolling hills that are dotted with small attractive towns and villages. The name “Cotswold” comes from the stone, which is Jurassic limestone.",2,why are the cotswolds so named,"Gloucestershire: The Cotswolds. Source: Nella / shutterstock. Bibury, England, The Cotswolds. The Cotswolds, which mainly reside in the county of Gloucestershire, are why are the cotswolds so named a range of rolling hills that are dotted with small attractive towns and villages. The name “Cotswold” comes from the stone, which is Jurassic limestone."
2009553,why are the cotswolds so named,msmarco_passage_21_174677561,msmarco_passage_21_174677561,"Boundaries. The constituency was created in 1997 as Cotswold, mostly from the former seat of Cirencester and Tewkesbury. In 2010 the name was changed to The Cotswolds to reflect the commonly used name of the area.",0,why are the cotswolds so named,"Boundaries. The constituency was created in 1997 as Cotswold, mostly from the former seat why are the cotswolds so named of Cirencester and Tewkesbury. In 2010 the name was changed to The Cotswolds to reflect the commonly used name of the area."
2009553,why are the cotswolds so named,msmarco_passage_52_848264521,msmarco_passage_52_848264521,"The South Downs Way National Trail runs the length of the park. 5. The Cotswolds - The Cotswolds are quintessential England. With emerald-green rolling farmland, paths lined with drystone walls, and gentle hills, the Cotswolds were named an Area of Outstanding Natural Beauty in the 1960s.",0,why are the cotswolds so named,"The South Downs Way National Trail runs the length of the park. 5. why are the cotswolds so named The Cotswolds - The Cotswolds are quintessential England. With emerald-green rolling farmland, paths lined with drystone walls, and gentle hills, the Cotswolds were named an Area of Outstanding Natural Beauty in the 1960s."
2009553,why are the cotswolds so named,msmarco_passage_41_325755322,msmarco_passage_41_325755322,"Email. There are many quaint, traditional and charming villages in the beautiful Cotswolds, all with homes built from the warm, golden Cotswold stone, quarried in the area. There are so many lovely destinations to choose from and to save a little time on your Cotswold holiday, here are seven of the best places to visit in the Cotswolds.",0,why are the cotswolds so named,"Email. There are many quaint, traditional and charming villages in the beautiful Cotswolds, all with homes built why are the cotswolds so named from the warm, golden Cotswold stone, quarried in the area. There are so many lovely destinations to choose from and to save a little time on your Cotswold holiday, here are seven of the best places to visit in the Cotswolds."
2009553,why are the cotswolds so named,msmarco_passage_23_834294682,msmarco_passage_23_834294682,"There’s so much the Cotswolds have to offer, whether it’s village hopping, antique shopping or nursing a pint or ten in some mega-cozy pubs, so if it’s loveliness on steroids you’re after, be sure to visit the Cotswolds! For extra inspo, click here for my roundup of the best Cotswold villages and towns to visit.",0,why are the cotswolds so named,"There’s so much the Cotswolds have to offer, whether it’s village hopping, antique shopping or nursing a pint or ten why are the cotswolds so named in some mega-cozy pubs, so if it’s loveliness on steroids you’re after, be sure to visit the Cotswolds! For extra inspo, click here for my roundup of the best Cotswold villages and towns to visit."
2009553,why are the cotswolds so named,msmarco_passage_62_792850039,msmarco_passage_62_792850039,"Lower Slaughter, Cotswold, Gloucestershire, UK. Many of the exterior scenes depicting the fictional village of Highbury were filmed in the puzzlingly named village of Lower Slaughter in the Cotswold district of Gloucestershire in the UK.",0,why are the cotswolds so named,"Lower Slaughter, Cotswold, Gloucestershire, UK. Many of the exterior scenes depicting the fictional village of Highbury were filmed in the puzzlingly why are the cotswolds so named named village of Lower Slaughter in the Cotswold district of Gloucestershire in the UK."
2009553,why are the cotswolds so named,msmarco_passage_64_702499158,msmarco_passage_64_702499158,THE 15 BEST Things to Do in Cotswolds - 2021 (with Photos) - Tripadvisor. Cotswolds. Cotswolds Tourism Cotswolds Hotels Cotswolds Bed and Breakfast Cotswolds Vacation Rentals Cotswolds Vacation Packages Flights to Cotswolds Cotswolds Restaurants Things to Do in Cotswolds Cotswolds Shopping Cotswolds Travel Forum Cotswolds Photos Cotswolds Map Cotswolds Travel Guide.,0,why are the cotswolds so named,THE 15 BEST Things to Do in Cotswolds why are the cotswolds so named - 2021 (with Photos) - Tripadvisor. Cotswolds. Cotswolds Tourism Cotswolds Hotels Cotswolds Bed and Breakfast Cotswolds Vacation Rentals Cotswolds Vacation Packages Flights to Cotswolds Cotswolds Restaurants Things to Do in Cotswolds Cotswolds Shopping Cotswolds Travel Forum Cotswolds Photos Cotswolds Map Cotswolds Travel Guide.
2009553,why are the cotswolds so named,msmarco_passage_64_702509057,msmarco_passage_64_702509057,THE 10 BEST Cotswolds Walking Tours (with Photos) - Tripadvisor. Cotswolds. Cotswolds Tourism Cotswolds Hotels Cotswolds Bed and Breakfast Cotswolds Vacation Rentals Cotswolds Vacation Packages Flights to Cotswolds Cotswolds Restaurants Things to Do in Cotswolds Cotswolds Shopping Cotswolds Travel Forum Cotswolds Photos Cotswolds Map Cotswolds Travel Guide.,0,why are the cotswolds so named,THE 10 BEST Cotswolds Walking Tours (with Photos) - Tripadvisor. Cotswolds. Cotswolds Tourism Cotswolds Hotels Cotswolds Bed and Breakfast Cotswolds Vacation Rentals why are the cotswolds so named Cotswolds Vacation Packages Flights to Cotswolds Cotswolds Restaurants Things to Do in Cotswolds Cotswolds Shopping Cotswolds Travel Forum Cotswolds Photos Cotswolds Map Cotswolds Travel Guide.
2009553,why are the cotswolds so named,msmarco_passage_64_702503267,msmarco_passage_64_702503267,Sights & Landmarks in Cotswolds Shopping in Cotswolds Tours & Activities in Cotswolds Outdoor Activities in Cotswolds Nightlife in Cotswolds Nature & Parks in Cotswolds Fun & Games in Cotswolds Museums in Cotswolds Spas & Wellness in Cotswolds Classes & Workshops in Cotswolds Transportation in Cotswolds Food & Drink in Cotswolds Theater & Concerts in Cotswolds Boat Tours & Water Sports in Cotswolds Traveller Resources in Cotswolds.,0,why are the cotswolds so named,Sights & Landmarks in why are the cotswolds so named Cotswolds Shopping in Cotswolds Tours & Activities in Cotswolds Outdoor Activities in Cotswolds Nightlife in Cotswolds Nature & Parks in Cotswolds Fun & Games in Cotswolds Museums in Cotswolds Spas & Wellness in Cotswolds Classes & Workshops in Cotswolds Transportation in Cotswolds Food & Drink in Cotswolds Theater & Concerts in Cotswolds Boat Tours & Water Sports in Cotswolds Traveller Resources in Cotswolds.
2009553,why are the cotswolds so named,msmarco_passage_64_702503820,msmarco_passage_64_702503820,Ancient Ruins in Cotswolds Architectural Buildings in Cotswolds Battlefields in Cotswolds Bridges in Cotswolds Castles in Cotswolds Cemeteries in Cotswolds Civic Centres in Cotswolds Religious Sites in Cotswolds Fountains in Cotswolds Historic Sites in Cotswolds Historic Walking Areas in Cotswolds Monuments & Statues in Cotswolds Neighborhoods in Cotswolds Observation Decks & Towers in Cotswolds Scenic Walking Areas in Cotswolds.,0,why are the cotswolds so named,Ancient Ruins in Cotswolds Architectural Buildings in Cotswolds Battlefields in Cotswolds Bridges in why are the cotswolds so named Cotswolds Castles in Cotswolds Cemeteries in Cotswolds Civic Centres in Cotswolds Religious Sites in Cotswolds Fountains in Cotswolds Historic Sites in Cotswolds Historic Walking Areas in Cotswolds Monuments & Statues in Cotswolds Neighborhoods in Cotswolds Observation Decks & Towers in Cotswolds Scenic Walking Areas in Cotswolds.
2009553,why are the cotswolds so named,msmarco_passage_64_702513929,msmarco_passage_64_702513929,Ancient Ruins in Cotswolds Architectural Buildings in Cotswolds Battlefields in Cotswolds Bridges in Cotswolds Castles in Cotswolds Cemeteries in Cotswolds Civic Centres in Cotswolds Religious Sites in Cotswolds Fountains in Cotswolds Historic Sites in Cotswolds Historic Walking Areas in Cotswolds Monuments & Statues in Cotswolds Neighborhoods in Cotswolds Observation Decks & Towers in Cotswolds Scenic Walking Areas in Cotswolds.,0,why are the cotswolds so named,Ancient Ruins in Cotswolds Architectural Buildings in Cotswolds Battlefields in Cotswolds Bridges in Cotswolds Castles in Cotswolds Cemeteries in Cotswolds Civic Centres why are the cotswolds so named in Cotswolds Religious Sites in Cotswolds Fountains in Cotswolds Historic Sites in Cotswolds Historic Walking Areas in Cotswolds Monuments & Statues in Cotswolds Neighborhoods in Cotswolds Observation Decks & Towers in Cotswolds Scenic Walking Areas in Cotswolds.
2009553,why are the cotswolds so named,,msmarco_passage_64_531956441,"Though nobody is quite sure why Stonehenge was built, nobody disputes the fact that these stone circles are an extraordinary feat of engineering. Stonehenge can be reached by one of our daily tours departing from Central London. 3. The Cotswolds. A typical Cotswolds Village.",0,why are the cotswolds so named,"Though nobody is quite sure why Stonehenge was built, nobody disputes the fact that these stone circles are an extraordinary feat of engineering. Stonehenge can be reached by one of our why are the cotswolds so named daily tours departing from Central London. 3. The Cotswolds. A typical Cotswolds Village."
2009553,why are the cotswolds so named,msmarco_passage_64_702500597,msmarco_passage_64_702500597,Cotswolds Motels Cotswolds Hostels Cotswolds Campgrounds Cotswolds Green Hotels Cotswolds Resorts Romantic Hotels in Cotswolds Cotswolds Luxury Hotels Cotswolds Family Hotels Cotswolds Spa Resorts Cotswolds Business Hotels. 4-stars Hotels in Cotswolds 3-stars Hotels in Cotswolds 5-stars Hotels in Cotswolds.,0,why are the cotswolds so named,Cotswolds Motels Cotswolds why are the cotswolds so named Hostels Cotswolds Campgrounds Cotswolds Green Hotels Cotswolds Resorts Romantic Hotels in Cotswolds Cotswolds Luxury Hotels Cotswolds Family Hotels Cotswolds Spa Resorts Cotswolds Business Hotels. 4-stars Hotels in Cotswolds 3-stars Hotels in Cotswolds 5-stars Hotels in Cotswolds.
2009553,why are the cotswolds so named,msmarco_passage_64_702509546,msmarco_passage_64_702509546,Cotswolds Motels Cotswolds Hostels Cotswolds Campgrounds Cotswolds Spa Resorts Cotswolds Business Hotels Cotswolds Green Hotels Cotswolds Resorts Romantic Hotels in Cotswolds Cotswolds Luxury Hotels Cotswolds Family Hotels. 5-stars Hotels in Cotswolds 4-stars Hotels in Cotswolds 3-stars Hotels in Cotswolds.,0,why are the cotswolds so named,Cotswolds Motels Cotswolds Hostels Cotswolds Campgrounds Cotswolds Spa Resorts Cotswolds Business Hotels Cotswolds Green Hotels Cotswolds Resorts Romantic Hotels in Cotswolds Cotswolds Luxury Hotels Cotswolds Family Hotels. 5-stars Hotels in Cotswolds why are the cotswolds so named 4-stars Hotels in Cotswolds 3-stars Hotels in Cotswolds.
2009553,why are the cotswolds so named,msmarco_passage_64_702506204,msmarco_passage_64_702506204,Art Galleries in Cotswolds Art Museums in Cotswolds Children's Museums in Cotswolds History Museums in Cotswolds Military Museums in Cotswolds Natural History Museums in Cotswolds Science Museums in Cotswolds Speciality Museums in Cotswolds. Health Clubs in Cotswolds Yoga & Pilates in Cotswolds. Sports Camps & Clinics in Cotswolds Lessons & Workshops in Cotswolds Cooking Classes in Cotswolds Paint & Pottery Studios in Cotswolds.,0,why are the cotswolds so named,Art Galleries in Cotswolds Art Museums in Cotswolds Children's Museums in Cotswolds History Museums in Cotswolds Military Museums in Cotswolds Natural History Museums in Cotswolds Science Museums in Cotswolds Speciality why are the cotswolds so named Museums in Cotswolds. Health Clubs in Cotswolds Yoga & Pilates in Cotswolds. Sports Camps & Clinics in Cotswolds Lessons & Workshops in Cotswolds Cooking Classes in Cotswolds Paint & Pottery Studios in Cotswolds.
2009553,why are the cotswolds so named,msmarco_passage_64_806620251,msmarco_passage_64_806620251,Hotels. All Cotswolds Hotels Cotswolds Hotel Deals By Hotel Type. Cotswolds Motels Cotswolds Hostels Cotswolds Campgrounds Romantic Hotels in Cotswolds Cotswolds Luxury Hotels Cotswolds Family Hotels Cotswolds Spa Resorts Cotswolds Business Hotels Cotswolds Green Hotels Cotswolds Resorts. By Hotel Class.,0,why are the cotswolds so named,Hotels. All Cotswolds Hotels Cotswolds Hotel Deals By Hotel Type. Cotswolds Motels Cotswolds Hostels Cotswolds Campgrounds Romantic Hotels in Cotswolds Cotswolds Luxury Hotels Cotswolds Family Hotels Cotswolds Spa Resorts Cotswolds Business Hotels Cotswolds Green Hotels why are the cotswolds so named Cotswolds Resorts. By Hotel Class.
2009553,why are the cotswolds so named,msmarco_passage_64_806621187,msmarco_passage_64_806621187,Popular Amenities. Pet Friendly Hotels in Cotswolds Cotswolds Hotels with Pools Cotswolds Hotels with Free Parking. Popular Cotswolds Categories. Hotels on the River in Cotswolds Cotswolds Historic Hotels Cotswolds Affordable Hotels Cotswolds Hotels with Hot Tubs Spa Hotels in Cotswolds Design Hotels in Cotswolds Cotswolds Modern Hotels Cotswolds Apartment Hotels Cotswolds Downtown Hotels Cotswolds Hotels with Bars.,0,why are the cotswolds so named,Popular Amenities. Pet Friendly Hotels in Cotswolds Cotswolds Hotels with Pools Cotswolds Hotels with Free Parking. Popular Cotswolds Categories. Hotels on the River in Cotswolds Cotswolds Historic Hotels Cotswolds Affordable why are the cotswolds so named Hotels Cotswolds Hotels with Hot Tubs Spa Hotels in Cotswolds Design Hotels in Cotswolds Cotswolds Modern Hotels Cotswolds Apartment Hotels Cotswolds Downtown Hotels Cotswolds Hotels with Bars.
2009553,why are the cotswolds so named,msmarco_passage_05_295944132,msmarco_passage_05_295944132,Weddings. Cotswold Top Schools. Gloucestershire. Oxfordshire Cotswolds. Worcestershire. Herefordshire. Wiltshire. Travel Assistance. We will help you plan the perfect Cotswold holiday with touring itinerary so you don't miss-out on the hidden secrets and charm of this unique region.,0,why are the cotswolds so named,Weddings. Cotswold Top Schools. Gloucestershire. Oxfordshire Cotswolds. Worcestershire. Herefordshire. Wiltshire. Travel Assistance. We will help you plan the perfect Cotswold holiday with touring itinerary so you don't why are the cotswolds so named miss-out on the hidden secrets and charm of this unique region.
2009553,why are the cotswolds so named,,msmarco_passage_64_702507248,Blues Bars in Cotswolds Jazz Bars in Cotswolds Piano Bars in Cotswolds Theatre & Performances in Cotswolds Operas in Cotswolds. Water Sports in Cotswolds Boat Rentals in Cotswolds Speed Boats Tours in Cotswolds Kayaking & Canoeing in Cotswolds River Rafting & Tubing in Cotswolds Waterskiing & Jetskiing in Cotswolds Fishing Charters & Tours in Cotswolds Stand Up Paddleboarding in Cotswolds.,0,why are the cotswolds so named,Blues Bars in Cotswolds why are the cotswolds so named Jazz Bars in Cotswolds Piano Bars in Cotswolds Theatre & Performances in Cotswolds Operas in Cotswolds. Water Sports in Cotswolds Boat Rentals in Cotswolds Speed Boats Tours in Cotswolds Kayaking & Canoeing in Cotswolds River Rafting & Tubing in Cotswolds Waterskiing & Jetskiing in Cotswolds Fishing Charters & Tours in Cotswolds Stand Up Paddleboarding in Cotswolds.
2009553,why are the cotswolds so named,,msmarco_passage_64_702506778,Wineries & Vineyards in Cotswolds Breweries in Cotswolds Distilleries in Cotswolds Beer Tastings & Tours in Cotswolds Coffee & Tea Tours in Cotswolds Cooking Classes in Cotswolds Food Tours in Cotswolds Wine Tours & Tastings in Cotswolds Wine Bars in Cotswolds Farmers Markets in Cotswolds Other Food & Drink in Cotswolds Distillery Tours in Cotswolds.,0,why are the cotswolds so named,Wineries & Vineyards in Cotswolds Breweries in Cotswolds Distilleries in Cotswolds Beer Tastings & Tours in Cotswolds Coffee & Tea why are the cotswolds so named Tours in Cotswolds Cooking Classes in Cotswolds Food Tours in Cotswolds Wine Tours & Tastings in Cotswolds Wine Bars in Cotswolds Farmers Markets in Cotswolds Other Food & Drink in Cotswolds Distillery Tours in Cotswolds.
2009553,why are the cotswolds so named,,msmarco_passage_64_702516350,Wineries & Vineyards in Cotswolds Breweries in Cotswolds Distilleries in Cotswolds Beer Tastings & Tours in Cotswolds Coffee & Tea Tours in Cotswolds Cooking Classes in Cotswolds Food Tours in Cotswolds Wine Tours & Tastings in Cotswolds Wine Bars in Cotswolds Farmers Markets in Cotswolds Other Food & Drink in Cotswolds Distillery Tours in Cotswolds.,0,why are the cotswolds so named,Wineries & Vineyards in Cotswolds Breweries in Cotswolds Distilleries in Cotswolds Beer Tastings & Tours in Cotswolds Coffee & Tea Tours in Cotswolds Cooking Classes in Cotswolds Food Tours in Cotswolds Wine Tours & Tastings in Cotswolds Wine Bars in Cotswolds Farmers Markets in why are the cotswolds so named Cotswolds Other Food & Drink in Cotswolds Distillery Tours in Cotswolds.
2009553,why are the cotswolds so named,msmarco_passage_64_702504731,msmarco_passage_64_702504731,Golf Courses in Cotswolds Horseback Riding Tours in Cotswolds Jogging Paths & Tracks in Cotswolds Ski & Snowboard Areas in Cotswolds Biking Trails in Cotswolds Hiking Trails in Cotswolds Off-Road & ATV Trails in Cotswolds Sports Camps & Clinics in Cotswolds Water Sports in Cotswolds Gear Rentals in Cotswolds Boat Rentals in Cotswolds Speed Boats Tours in Cotswolds Kayaking & Canoeing in Cotswolds River Rafting & Tubing in Cotswolds Waterskiing & Jetskiing in Cotswolds.,0,why are the cotswolds so named,Golf Courses in Cotswolds Horseback Riding Tours in Cotswolds Jogging Paths & Tracks in Cotswolds Ski & Snowboard Areas in Cotswolds Biking Trails in Cotswolds Hiking Trails in Cotswolds Off-Road & ATV Trails in Cotswolds Sports Camps & Clinics in Cotswolds Water Sports in Cotswolds Gear Rentals in Cotswolds Boat Rentals in Cotswolds Speed Boats Tours in Cotswolds Kayaking & Canoeing in Cotswolds River Rafting & Tubing in Cotswolds why are the cotswolds so named Waterskiing & Jetskiing in Cotswolds.
2009553,why are the cotswolds so named,msmarco_passage_64_702505322,msmarco_passage_64_702505322,Playgrounds in Cotswolds Forests in Cotswolds Gardens in Cotswolds Geologic Formations in Cotswolds National Parks in Cotswolds Nature & Wildlife Areas in Cotswolds Ski & Snowboard Areas in Cotswolds Biking Trails in Cotswolds Hiking Trails in Cotswolds Off-Road & ATV Trails in Cotswolds Bodies of Water in Cotswolds.,0,why are the cotswolds so named,Playgrounds in Cotswolds Forests in Cotswolds Gardens in Cotswolds Geologic Formations in Cotswolds National Parks in Cotswolds Nature & Wildlife Areas in Cotswolds Ski & Snowboard Areas in Cotswolds Biking Trails in Cotswolds Hiking Trails in Cotswolds why are the cotswolds so named Off-Road & ATV Trails in Cotswolds Bodies of Water in Cotswolds.
2009553,why are the cotswolds so named,msmarco_passage_64_702505758,msmarco_passage_64_702505758,Playgrounds in Cotswolds Movie Theaters in Cotswolds Game & Entertainment Centers in Cotswolds Horse Tracks in Cotswolds Bowling Alleys in Cotswolds Sports Complexes in Cotswolds Escape Games in Cotswolds Scavenger Hunts in Cotswolds Shooting Ranges in Cotswolds Miniature Golf in Cotswolds Paint & Pottery Studios in Cotswolds.,0,why are the cotswolds so named,Playgrounds in Cotswolds Movie Theaters in Cotswolds Game & Entertainment Centers in Cotswolds Horse Tracks in Cotswolds Bowling Alleys in Cotswolds Sports Complexes why are the cotswolds so named in Cotswolds Escape Games in Cotswolds Scavenger Hunts in Cotswolds Shooting Ranges in Cotswolds Miniature Golf in Cotswolds Paint & Pottery Studios in Cotswolds.
2009553,why are the cotswolds so named,msmarco_passage_64_702515139,msmarco_passage_64_702515139,Playgrounds in Cotswolds Forests in Cotswolds Gardens in Cotswolds Geologic Formations in Cotswolds National Parks in Cotswolds Nature & Wildlife Areas in Cotswolds Ski & Snowboard Areas in Cotswolds Biking Trails in Cotswolds Hiking Trails in Cotswolds Off-Road & ATV Trails in Cotswolds Bodies of Water in Cotswolds.,0,why are the cotswolds so named,Playgrounds in Cotswolds Forests in Cotswolds Gardens in Cotswolds Geologic why are the cotswolds so named Formations in Cotswolds National Parks in Cotswolds Nature & Wildlife Areas in Cotswolds Ski & Snowboard Areas in Cotswolds Biking Trails in Cotswolds Hiking Trails in Cotswolds Off-Road & ATV Trails in Cotswolds Bodies of Water in Cotswolds.
2009553,why are the cotswolds so named,,msmarco_passage_64_702516820,Water Sports in Cotswolds Boat Rentals in Cotswolds Speed Boats Tours in Cotswolds Kayaking & Canoeing in Cotswolds River Rafting & Tubing in Cotswolds Waterskiing & Jetskiing in Cotswolds Fishing Charters & Tours in Cotswolds Stand Up Paddleboarding in Cotswolds. Convention Centers in Cotswolds Libraries in Cotswolds Visitor Centers in Cotswolds Airport Lounges in Cotswolds.,0,why are the cotswolds so named,Water Sports why are the cotswolds so named in Cotswolds Boat Rentals in Cotswolds Speed Boats Tours in Cotswolds Kayaking & Canoeing in Cotswolds River Rafting & Tubing in Cotswolds Waterskiing & Jetskiing in Cotswolds Fishing Charters & Tours in Cotswolds Stand Up Paddleboarding in Cotswolds. Convention Centers in Cotswolds Libraries in Cotswolds Visitor Centers in Cotswolds Airport Lounges in Cotswolds.
2009553,why are the cotswolds so named,,msmarco_passage_64_702515575,Art Galleries in Cotswolds Art Museums in Cotswolds Children's Museums in Cotswolds History Museums in Cotswolds Military Museums in Cotswolds Natural History Museums in Cotswolds Science Museums in Cotswolds Speciality Museums in Cotswolds. Health Clubs in Cotswolds Yoga & Pilates in Cotswolds.,0,why are the cotswolds so named,Art Galleries in Cotswolds Art Museums in Cotswolds Children's Museums in Cotswolds History Museums in Cotswolds Military Museums in Cotswolds Natural History Museums in Cotswolds why are the cotswolds so named Science Museums in Cotswolds Speciality Museums in Cotswolds. Health Clubs in Cotswolds Yoga & Pilates in Cotswolds.
2009553,why are the cotswolds so named,,msmarco_passage_64_702501031,Hilton Hotels in Cotswolds InterContinental (IHG) Hotels in Cotswolds Bespoke Hotels in Cotswolds Holiday Inns Express in Cotswolds Travelodge Hotels Ltd in Cotswolds Accor Hotels in Cotswolds Wyndham Hotels in Cotswolds Premier Inns in Cotswolds. Cotswolds Hotels with Free Parking Pet Friendly Hotels in Cotswolds Cotswolds Hotels with Pools.,0,why are the cotswolds so named,Hilton Hotels in Cotswolds InterContinental (IHG) Hotels in Cotswolds Bespoke Hotels why are the cotswolds so named in Cotswolds Holiday Inns Express in Cotswolds Travelodge Hotels Ltd in Cotswolds Accor Hotels in Cotswolds Wyndham Hotels in Cotswolds Premier Inns in Cotswolds. Cotswolds Hotels with Free Parking Pet Friendly Hotels in Cotswolds Cotswolds Hotels with Pools.
2009553,why are the cotswolds so named,msmarco_passage_64_702510913,msmarco_passage_64_702510913,Accor Hotels in Cotswolds Wyndham Hotels in Cotswolds Premier Inns in Cotswolds Hilton Hotels in Cotswolds InterContinental (IHG) Hotels in Cotswolds Bespoke Hotels in Cotswolds Holiday Inns Express in Cotswolds Travelodge Hotels Ltd in Cotswolds. Cotswolds Hotels with Pools Cotswolds Hotels with Free Parking Pet Friendly Hotels in Cotswolds.,0,why are the cotswolds so named,Accor Hotels in Cotswolds Wyndham Hotels in Cotswolds Premier Inns in Cotswolds Hilton Hotels in Cotswolds InterContinental (IHG) Hotels in Cotswolds Bespoke Hotels in Cotswolds why are the cotswolds so named Holiday Inns Express in Cotswolds Travelodge Hotels Ltd in Cotswolds. Cotswolds Hotels with Pools Cotswolds Hotels with Free Parking Pet Friendly Hotels in Cotswolds.
2009553,why are the cotswolds so named,,msmarco_passage_64_806620702,3-stars Hotels in Cotswolds 5-stars Hotels in Cotswolds 4-stars Hotels in Cotswolds. By Hotel Brand. InterContinental (IHG) Hotels in Cotswolds Bespoke Hotels in Cotswolds Holiday Inns Express in Cotswolds Travelodge Hotels Ltd in Cotswolds Accor Hotels in Cotswolds Wyndham Hotels in Cotswolds Premier Inns in Cotswolds Hilton Hotels in Cotswolds.,0,why are the cotswolds so named,3-stars Hotels in Cotswolds 5-stars Hotels in Cotswolds why are the cotswolds so named 4-stars Hotels in Cotswolds. By Hotel Brand. InterContinental (IHG) Hotels in Cotswolds Bespoke Hotels in Cotswolds Holiday Inns Express in Cotswolds Travelodge Hotels Ltd in Cotswolds Accor Hotels in Cotswolds Wyndham Hotels in Cotswolds Premier Inns in Cotswolds Hilton Hotels in Cotswolds.
2009553,why are the cotswolds so named,,msmarco_passage_64_702504371,Art Galleries in Cotswolds Antique Shops in Cotswolds Department Stores in Cotswolds Flea & Street Markets in Cotswolds Shopping Malls in Cotswolds Speciality & Gift Shops in Cotswolds Farmers Markets in Cotswolds Shopping Tours in Cotswolds.,0,why are the cotswolds so named,Art Galleries in Cotswolds Antique Shops in Cotswolds Department Stores in Cotswolds Flea & Street Markets in Cotswolds Shopping Malls why are the cotswolds so named in Cotswolds Speciality & Gift Shops in Cotswolds Farmers Markets in Cotswolds Shopping Tours in Cotswolds.
2009553,why are the cotswolds so named,,msmarco_passage_64_702514480,Art Galleries in Cotswolds Antique Shops in Cotswolds Department Stores in Cotswolds Flea & Street Markets in Cotswolds Shopping Malls in Cotswolds Speciality & Gift Shops in Cotswolds Farmers Markets in Cotswolds Shopping Tours in Cotswolds.,0,why are the cotswolds so named,Art Galleries in Cotswolds Antique Shops in Cotswolds Department Stores in Cotswolds Flea & Street Markets in Cotswolds Shopping Malls in why are the cotswolds so named Cotswolds Speciality & Gift Shops in Cotswolds Farmers Markets in Cotswolds Shopping Tours in Cotswolds.
2009553,why are the cotswolds so named,,msmarco_passage_64_702514840,"Bars & Clubs in Cotswolds Blues Bars in Cotswolds Jazz Bars in Cotswolds Piano Bars in Cotswolds Coffeehouses in Cotswolds Wine Bars in Cotswolds Bar, Club & Pub Tours in Cotswolds.",0,why are the cotswolds so named,"Bars & Clubs in Cotswolds Blues Bars in Cotswolds why are the cotswolds so named Jazz Bars in Cotswolds Piano Bars in Cotswolds Coffeehouses in Cotswolds Wine Bars in Cotswolds Bar, Club & Pub Tours in Cotswolds."
2009553,why are the cotswolds so named,,msmarco_passage_64_702516001,Sports Camps & Clinics in Cotswolds Lessons & Workshops in Cotswolds Cooking Classes in Cotswolds Paint & Pottery Studios in Cotswolds. Taxis & Shuttles in Cotswolds Bus Services in Cotswolds Rail Services in Cotswolds.,0,why are the cotswolds so named,Sports Camps & Clinics in Cotswolds Lessons & Workshops in Cotswolds Cooking Classes in Cotswolds Paint & Pottery Studios in Cotswolds. Taxis & Shuttles in Cotswolds Bus Services in Cotswolds Rail Services why are the cotswolds so named in Cotswolds.
2009553,why are the cotswolds so named,msmarco_passage_18_478990606,msmarco_passage_18_478990606,"In the Cotswold region, oolite limestone and hard wood are abundant. Lead, on the other hand, was scarce during throughout the 17th and 18th centuries, so it is not utilized in any traditional buildings of the Cotswold style.",0,why are the cotswolds so named,"In the Cotswold region, oolite limestone and hard wood are abundant. Lead, on the other hand, was scarce during throughout the 17th and 18th why are the cotswolds so named centuries, so it is not utilized in any traditional buildings of the Cotswold style."
2009553,why are the cotswolds so named,msmarco_passage_61_137195554,msmarco_passage_61_137195554,"A Guide to Visiting Castle Combe in the Cotswolds. Report this Ad. So whether you have one day in the Cotswolds, or have a little longer to play around with, there’s no shortage of things to see and do.",0,why are the cotswolds so named,"A Guide to Visiting Castle Combe in the Cotswolds. Report this Ad. So whether you have one day in the why are the cotswolds so named Cotswolds, or have a little longer to play around with, there’s no shortage of things to see and do."
2009553,why are the cotswolds so named,msmarco_passage_64_702499656,msmarco_passage_64_702499656,The most popular things to do in Cotswolds with kids according to Tripadvisor travelers are: Cotswolds Guided Tours. CJP Cotswold Tours. Cotswold Tours & Travel. Undiscovered Cotswolds. Cotswolds Adventures. See all kid friendly things to do in Cotswolds on Tripadvisor.,0,why are the cotswolds so named,The most popular things to do in Cotswolds with kids according to Tripadvisor travelers are: Cotswolds Guided Tours. CJP Cotswold why are the cotswolds so named Tours. Cotswold Tours & Travel. Undiscovered Cotswolds. Cotswolds Adventures. See all kid friendly things to do in Cotswolds on Tripadvisor.
2009553,why are the cotswolds so named,msmarco_passage_52_717353134,msmarco_passage_52_717353134,"It’s not difficult to see why we were recently named as the Good Hotel Guide’s best Hotel with Gardens; set in 8 acres of lawns and grandiose gardens, our Cotswolds hotel dates back to 1649 and the honey coloured stone of the manor instantly evokes nostalgia for decadent pastimes - without compromising on modern comforts.",1,why are the cotswolds so named,"It’s not difficult to see why we were recently named as the Good Hotel Guide’s best Hotel with Gardens; set in 8 acres of why are the cotswolds so named lawns and grandiose gardens, our Cotswolds hotel dates back to 1649 and the honey coloured stone of the manor instantly evokes nostalgia for decadent pastimes - without compromising on modern comforts."
2009553,why are the cotswolds so named,msmarco_passage_10_563676188,msmarco_passage_10_563676188,"Cotswold Hotel Accommodation. Cotswold Self-Catering (Holiday Lets/Rentals - Cottages, Apartments) Cotswold Pubs & Country Inn (Restaurants and Accommodation) Cotswold Farm Accommodation. Cotswold Holiday Camps (Camping & Caravans) Cotswold Private House Accommodation. Secure Online Booking in the Cotswolds.",0,why are the cotswolds so named,"Cotswold Hotel Accommodation. Cotswold Self-Catering (Holiday Lets/Rentals - Cottages, Apartments) Cotswold Pubs & why are the cotswolds so named Country Inn (Restaurants and Accommodation) Cotswold Farm Accommodation. Cotswold Holiday Camps (Camping & Caravans) Cotswold Private House Accommodation. Secure Online Booking in the Cotswolds."
2009553,why are the cotswolds so named,msmarco_passage_64_702501991,msmarco_passage_64_702501991,Hotels on the River in Cotswolds Cotswolds Historic Hotels Cotswolds Affordable Hotels Cotswolds Hotels with Hot Tubs Spa Hotels in Cotswolds Design Hotels in Cotswolds Themed Hotels in Cotswolds Cotswolds Modern Hotels Cotswolds Apartment Hotels Cotswolds Downtown Hotels. Hotels near Cotswold Wildlife Park and Gardens Hotels near Gloucester Cathedral Hotels near Westonbirt Arboretum Hotels near Hidcote Manor Garden Hotels near Gloucester Docks Hotels near Birdland Hotels near Broadway Tower Hotels near Cotswold Motoring Museum Hotels near Tewkesbury Abbey Hotels near Sudeley Castle.,0,why are the cotswolds so named,Hotels on the River in Cotswolds Cotswolds Historic Hotels Cotswolds Affordable Hotels Cotswolds Hotels with Hot Tubs Spa Hotels in Cotswolds Design Hotels in Cotswolds Themed Hotels in Cotswolds Cotswolds Modern Hotels Cotswolds Apartment Hotels Cotswolds Downtown Hotels. Hotels near Cotswold Wildlife Park and Gardens Hotels near Gloucester Cathedral Hotels near Westonbirt Arboretum Hotels near Hidcote Manor why are the cotswolds so named Garden Hotels near Gloucester Docks Hotels near Birdland Hotels near Broadway Tower Hotels near Cotswold Motoring Museum Hotels near Tewkesbury Abbey Hotels near Sudeley Castle.
2009553,why are the cotswolds so named,msmarco_passage_64_806622670,msmarco_passage_64_806622670,Vacation Packages. Add a Place. See all photos. Europe. United Kingdom (UK) England. Cotswolds. Cotswolds. Cotswolds Tourism Cotswolds Hotels Cotswolds Bed and Breakfast.,0,why are the cotswolds so named,Vacation Packages. Add a Place. See all photos. Europe. United Kingdom (UK) England. Cotswolds. Cotswolds. Cotswolds why are the cotswolds so named Tourism Cotswolds Hotels Cotswolds Bed and Breakfast.
2009553,why are the cotswolds so named,msmarco_passage_64_702511386,msmarco_passage_64_702511386,Hotels on the River in Cotswolds Cotswolds Heritage Hotels Cotswolds Cheap Hotels Cotswolds Hotels with Hot Tubs Spa Hotels in Cotswolds Boutique Hotels in Cotswolds Cotswolds Hotels With Indoor Pools Luxury Bed and Breakfast in Cotswolds Party Hotels in Cotswolds Romantic Boutique Hotels in Cotswolds. Hotels near Cotswold Wildlife Park and Gardens Hotels near Gloucester Cathedral Hotels near Westonbirt Arboretum Hotels near Hidcote Manor Garden Hotels near Gloucester Docks Hotels near Birdland Hotels near Broadway Tower Hotels near Cotswold Motoring Museum Hotels near Tewkesbury Abbey Hotels near Sudeley Castle.,0,why are the cotswolds so named,Hotels on the River in Cotswolds Cotswolds Heritage Hotels Cotswolds Cheap Hotels Cotswolds Hotels with Hot Tubs Spa Hotels in why are the cotswolds so named Cotswolds Boutique Hotels in Cotswolds Cotswolds Hotels With Indoor Pools Luxury Bed and Breakfast in Cotswolds Party Hotels in Cotswolds Romantic Boutique Hotels in Cotswolds. Hotels near Cotswold Wildlife Park and Gardens Hotels near Gloucester Cathedral Hotels near Westonbirt Arboretum Hotels near Hidcote Manor Garden Hotels near Gloucester Docks Hotels near Birdland Hotels near Broadway Tower Hotels near Cotswold Motoring Museum Hotels near Tewkesbury Abbey Hotels near Sudeley Castle.
2009553,why are the cotswolds so named,msmarco_passage_18_198342442,msmarco_passage_18_198342442,"The houses and shops in the village are constructed of the yellow limestone characteristic of the Cotswolds and they have the embellishments that make Cotswold architecture so picturesque: projecting gables, string-courses, windows with stone mullions, dripmoulds and stone hoodmoulds over the doors.",1,why are the cotswolds so named,"The houses and shops in the village are constructed of the yellow limestone characteristic of the Cotswolds and they have the embellishments that make Cotswold architecture so picturesque: projecting gables, string-courses, why are the cotswolds so named windows with stone mullions, dripmoulds and stone hoodmoulds over the doors."
2009553,why are the cotswolds so named,msmarco_passage_64_534486944,msmarco_passage_64_534486944,"Located in south central England, the Cotswold area is known for its pretty golden-colored limestone villages and beautiful gardens. The Cotswolds area is so picturesque that it has been officially designated as an “Area of Outstanding Natural Beauty.”.",0,why are the cotswolds so named,"Located in south central England, the Cotswold area is known for its pretty golden-colored limestone villages and beautiful gardens. The Cotswolds area is so picturesque that it has been officially designated as an “Area why are the cotswolds so named of Outstanding Natural Beauty.”."
2009553,why are the cotswolds so named,msmarco_passage_64_164824224,msmarco_passage_64_164824224,"With roots in the pastoral Cotswold region of England, the picturesque Tudor Cottage style may remind you of a cozy storybook house. Other names for the Tudor Cottage style include Cotswold Cottage, Storybook Style, Hansel and Gretel Cottage, English Country Cottage, and Ann Hathaway Cottage.",0,why are the cotswolds so named,"With roots in the pastoral Cotswold region of England, the picturesque Tudor Cottage style may remind you of a cozy storybook why are the cotswolds so named house. Other names for the Tudor Cottage style include Cotswold Cottage, Storybook Style, Hansel and Gretel Cottage, English Country Cottage, and Ann Hathaway Cottage."
2009553,why are the cotswolds so named,,msmarco_passage_58_632258151,"And if you fancy getting out of London for longer, we also have a two day tour to Oxford, Bath and the Cotswolds. We're quite proud because this tour was featured as one of TravelMag’s best tours to Oxford. So, we’ve explained why Oxford is so famous. But ultimately, you can only truly find out by visiting the place yourself.",0,why are the cotswolds so named,"And if you fancy getting out of London for longer, we also have a two day tour to Oxford, Bath and the Cotswolds. We're quite proud because this tour was featured as one of TravelMag’s best tours to Oxford. So, we’ve explained why Oxford is so famous. But ultimately, you can only truly find out by why are the cotswolds so named visiting the place yourself."
2009553,why are the cotswolds so named,msmarco_passage_39_770956399,msmarco_passage_39_770956399,"She moves out of London and settles in Cotswold to get rid of distractions in the form of her dominating agent and an over-protective lover. In the Cotswolds, Melissa has no one to disturb her except an artistic and eccentric neighbor Irish Ash, a romantic domestic helper named Gloria, and a Church cleric.",0,why are the cotswolds so named,"She moves out of London and settles in Cotswold to get rid of distractions in the form of her dominating agent and an over-protective lover. In the Cotswolds, Melissa has no one to disturb why are the cotswolds so named her except an artistic and eccentric neighbor Irish Ash, a romantic domestic helper named Gloria, and a Church cleric."
2009553,why are the cotswolds so named,,msmarco_passage_64_702496429,Cotswolds Bed and Breakfast. Cotswolds Shopping. Hotels. All Cotswolds Hotels Cotswolds Hotel Deals By Hotel Type By Hotel Class By Hotel Brand Popular Amenities Popular Cotswolds Categories Near Landmarks Near Train Stations Near Airports.,0,why are the cotswolds so named,Cotswolds Bed and Breakfast. Cotswolds Shopping. Hotels. All Cotswolds why are the cotswolds so named Hotels Cotswolds Hotel Deals By Hotel Type By Hotel Class By Hotel Brand Popular Amenities Popular Cotswolds Categories Near Landmarks Near Train Stations Near Airports.
2009553,why are the cotswolds so named,,msmarco_passage_64_702508671,Cotswolds Bed and Breakfast. Cotswolds Shopping. Hotels. All Cotswolds Hotels Cotswolds Hotel Deals By Hotel Type By Hotel Class By Hotel Brand Popular Amenities Popular Cotswolds Categories Near Landmarks Near Train Stations Near Airports.,0,why are the cotswolds so named,Cotswolds Bed and why are the cotswolds so named Breakfast. Cotswolds Shopping. Hotels. All Cotswolds Hotels Cotswolds Hotel Deals By Hotel Type By Hotel Class By Hotel Brand Popular Amenities Popular Cotswolds Categories Near Landmarks Near Train Stations Near Airports.
2009553,why are the cotswolds so named,msmarco_passage_00_643059230,msmarco_passage_00_643059230,IN THE. COTSWOLDS. Blogs from an American. living in the Cotswolds. Interesting Cotswold articles by Ralph Green. Articles by Cathy Retief-Neil South Africa to the Cotswolds. . . The Cotswolds - designated as an 'Area of Outstanding Natural Beauty' where time has stood still for more than 300 years.,0,why are the cotswolds so named,IN THE. COTSWOLDS. Blogs from an American. living in the Cotswolds. Interesting Cotswold articles by Ralph Green. Articles by Cathy Retief-Neil South Africa to the Cotswolds. . . The Cotswolds - designated as an 'Area of Outstanding Natural Beauty' where time has stood still for more why are the cotswolds so named than 300 years.
2009553,why are the cotswolds so named,msmarco_passage_64_702498254,msmarco_passage_64_702498254,"Cotswold Way. See all outdoor activities in Cotswolds on Tripadvisor. What are the best day trips from Cotswolds? The best day trips from Cotswolds according to Tripadvisor travelers are: Oxford, Cotswolds, Stratford-upon-Avon and Warwick Castle Day Trip from London.",0,why are the cotswolds so named,"Cotswold Way. See all outdoor activities in Cotswolds why are the cotswolds so named on Tripadvisor. What are the best day trips from Cotswolds? The best day trips from Cotswolds according to Tripadvisor travelers are: Oxford, Cotswolds, Stratford-upon-Avon and Warwick Castle Day Trip from London."
2009553,why are the cotswolds so named,,msmarco_passage_42_434012133,2 bedroom holiday cottages in the Cotswolds. 3 bedroom holiday cottages in the Cotswolds. 4 bedroom holiday cottages in the Cotswolds. 5 bedroom holiday cottages in the Cotswolds. Dog Friendly. Enclosed Gardens. Family Holiday Cottages. Ground Floor Bedroom. Holiday cottages for two in the Cotswolds.,0,why are the cotswolds so named,2 bedroom holiday why are the cotswolds so named cottages in the Cotswolds. 3 bedroom holiday cottages in the Cotswolds. 4 bedroom holiday cottages in the Cotswolds. 5 bedroom holiday cottages in the Cotswolds. Dog Friendly. Enclosed Gardens. Family Holiday Cottages. Ground Floor Bedroom. Holiday cottages for two in the Cotswolds.
2009553,why are the cotswolds so named,msmarco_passage_64_806622250,msmarco_passage_64_806622250,"About Cotswolds. So-called because of the honey-colored stone used to build its villages, the Cotswolds offers visitors the quintessential English experience. The area spans five counties and boasts some of England’s most impressive country houses, castles, and landscapes.",2,why are the cotswolds so named,"About Cotswolds. So-called because of the why are the cotswolds so named honey-colored stone used to build its villages, the Cotswolds offers visitors the quintessential English experience. The area spans five counties and boasts some of England’s most impressive country houses, castles, and landscapes."
2009553,why are the cotswolds so named,msmarco_passage_05_295945038,msmarco_passage_05_295945038,See also - Famous Equestrian People with Cotswolds connections. See also - Royalty in the Cotswolds. See also - Celebrities in the Cotswolds. See also - Cotswold homes of the Celebrities. See also - Famous American People with connections to the Cotswolds. See also - Famous people associated with the World Heritage City of Bath.,0,why are the cotswolds so named,See also - why are the cotswolds so named Famous Equestrian People with Cotswolds connections. See also - Royalty in the Cotswolds. See also - Celebrities in the Cotswolds. See also - Cotswold homes of the Celebrities. See also - Famous American People with connections to the Cotswolds. See also - Famous people associated with the World Heritage City of Bath.
2009553,why are the cotswolds so named,,msmarco_passage_42_434014210,Hand-picked Holiday Cottages in the Cotswolds. Cotswolds Hideaways is a Holiday Cottage Agency showcasing a range of properties from cosy Cotswold cottages crammed full of Cotswolds charm to luxury retreats oozing with country chic.,0,why are the cotswolds so named,Hand-picked Holiday Cottages in the Cotswolds. Cotswolds Hideaways is a Holiday Cottage Agency showcasing a range of properties from cosy why are the cotswolds so named Cotswold cottages crammed full of Cotswolds charm to luxury retreats oozing with country chic.
2009553,why are the cotswolds so named,,msmarco_passage_64_702498697,"Lunch in the Cotswolds Tour from London. Downton Abbey Village, Blenheim Palace and Cotswolds Day Trip from London. Tour of the Cotswolds from Moreton-in-Marsh. Oxford and Traditional Cotswolds Villages Small-Group Day Tour from London. See all day trips from Cotswolds on Tripadvisor.",0,why are the cotswolds so named,"Lunch in the Cotswolds Tour from London. Downton Abbey Village, Blenheim Palace and Cotswolds Day Trip from London. Tour of why are the cotswolds so named the Cotswolds from Moreton-in-Marsh. Oxford and Traditional Cotswolds Villages Small-Group Day Tour from London. See all day trips from Cotswolds on Tripadvisor."
2009553,why are the cotswolds so named,,msmarco_passage_42_434013314,Cotswolds Holiday Cottages for Celebrations. Fishing Holidays. Perfect for Walking. Self Catering Cotswolds cottages. Weekend Holiday Cottages in the Cotswolds. Unique breaks. Christmas Holiday Cottages in the Cotswolds. Historic Retreats. Luxury Holiday Cottages.,0,why are the cotswolds so named,Cotswolds Holiday Cottages for Celebrations. Fishing Holidays. Perfect for Walking. Self Catering Cotswolds cottages. why are the cotswolds so named Weekend Holiday Cottages in the Cotswolds. Unique breaks. Christmas Holiday Cottages in the Cotswolds. Historic Retreats. Luxury Holiday Cottages.
2009553,why are the cotswolds so named,,msmarco_passage_64_702510426,"These experiences are best for walking tours in Cotswolds: Lunch in the Cotswolds Tour from London. Cotswold Discovery Trail Self-Guided Tour. England in One Day: Stonehenge, Bath, the Cotswolds and Stratford-upon-Avon Day Trip from London. Bath&Beyond: (Full Day) Driver-Guided Experience - Southern Cotswolds.",0,why are the cotswolds so named,"These experiences are best for walking tours in Cotswolds: Lunch in the Cotswolds why are the cotswolds so named Tour from London. Cotswold Discovery Trail Self-Guided Tour. England in One Day: Stonehenge, Bath, the Cotswolds and Stratford-upon-Avon Day Trip from London. Bath&Beyond: (Full Day) Driver-Guided Experience - Southern Cotswolds."
2009553,why are the cotswolds so named,,msmarco_passage_04_627010962,Visit Bourton on the Water - Venice of the Cotswolds. Bourton-on-the-Water Discover the charm The Venice of the Cotswolds On the River Windrush Natural beauty In the Heart of the Cotswolds.,0,why are the cotswolds so named,Visit Bourton on the Water - Venice of the Cotswolds. Bourton-on-the-Water Discover the charm The Venice of the why are the cotswolds so named Cotswolds On the River Windrush Natural beauty In the Heart of the Cotswolds.
2009553,why are the cotswolds so named,msmarco_passage_07_730208646,msmarco_passage_07_730208646,Getting to the Cotswolds from London. There is very limited public transport in the Cotswold region. For practical purposes most visitors will need a car or arrive on a tour bus. Trains from London's Paddington Station venture into the Cotswolds. The only line that goes through the heart of the Cotswolds runs from Oxford through the Cotswolds to Hereford and Worcester.,0,why are the cotswolds so named,Getting to the Cotswolds from London. There is very limited public transport in the Cotswold region. For practical purposes most visitors will need a car or arrive on a why are the cotswolds so named tour bus. Trains from London's Paddington Station venture into the Cotswolds. The only line that goes through the heart of the Cotswolds runs from Oxford through the Cotswolds to Hereford and Worcester.
2009553,why are the cotswolds so named,msmarco_passage_42_433996543,msmarco_passage_42_433996543,"Where is the Cotswolds? Where is the Cotswolds? What is the Cotswolds? The Cotswolds are a range of hills in south western and west-central England covering an area approximately 25 miles (40 km) across and 90 miles (145 km) long. The Cotswold area, which has been designated as the Cotswold Area of Outstanding Natural Beauty, lies mainly within the English counties of Gloucestershire and Oxfordshire, but extends into parts of Wiltshire, Somerset, Worcestershire, and Warwickshire.",0,why are the cotswolds so named,"Where is the Cotswolds? Where is the Cotswolds? What is the Cotswolds? The Cotswolds are a range of hills in south western and west-central England covering an area approximately 25 miles (40 km) across and why are the cotswolds so named 90 miles (145 km) long. The Cotswold area, which has been designated as the Cotswold Area of Outstanding Natural Beauty, lies mainly within the English counties of Gloucestershire and Oxfordshire, but extends into parts of Wiltshire, Somerset, Worcestershire, and Warwickshire."
2009553,why are the cotswolds so named,,msmarco_passage_27_697198807,"Cotswolds 5k swim. Where: Ashton Keynes. When: 16 August. What: 5k open water swim. This popular 5k swim is set in the stunning scenery of the Cotswolds, and it sells out every year – so you need to get a move on if you want to sign up.",0,why are the cotswolds so named,"Cotswolds 5k swim. Where: Ashton Keynes. When: 16 August. What: 5k open water swim. This popular 5k swim why are the cotswolds so named is set in the stunning scenery of the Cotswolds, and it sells out every year – so you need to get a move on if you want to sign up."
2009553,why are the cotswolds so named,,msmarco_passage_45_547950070,"A 'blind' hole is one that is drilled part of the way through your material and doesnt exit through the other end. I live in a Cotswold stone cottage so it seemed appropriate to Bring-the-Outside-In, and make my tea light candle holder out of some Cotswold stone.",0,why are the cotswolds so named,"A 'blind' hole is one that is drilled part of the way through your material and doesnt exit through the other end. I live in a Cotswold stone cottage so it seemed appropriate to Bring-the-Outside-In, and make my tea light why are the cotswolds so named candle holder out of some Cotswold stone."
2009553,why are the cotswolds so named,msmarco_passage_07_730208205,msmarco_passage_07_730208205,"For many the highlight is to take a traditional cream tea in a traditional tea room and walk it off browsing around a picturesque village or craft shops. For the purposes of navigation, this page divides the geographical region of the Cotswolds into Southern Cotswolds, Central Cotswolds and Northern Cotswolds.",0,why are the cotswolds so named,"For many the highlight is to take why are the cotswolds so named a traditional cream tea in a traditional tea room and walk it off browsing around a picturesque village or craft shops. For the purposes of navigation, this page divides the geographical region of the Cotswolds into Southern Cotswolds, Central Cotswolds and Northern Cotswolds."
2009553,why are the cotswolds so named,,msmarco_passage_16_873715577,"Cotswolds Dry Gin. Cotswolds Distillery is a distillery that makes both gins and whiskeys. Their Cotswolds Dry Gin is a stand-out, especially when it comes to juniper-forward gins! The Cotswolds Dry Gin is a gin comprised of 9 carefully selected botanicals.",0,why are the cotswolds so named,"Cotswolds Dry Gin. Cotswolds Distillery is a distillery that makes both gins and whiskeys. Their Cotswolds Dry Gin is a stand-out, especially when why are the cotswolds so named it comes to juniper-forward gins! The Cotswolds Dry Gin is a gin comprised of 9 carefully selected botanicals."
2009553,why are the cotswolds so named,msmarco_passage_42_433984266,msmarco_passage_42_433984266,Cotswold Events Calendar. Community Arts Craft Centres. Art and Artists. John Singer Sargent. Francis Davis Millet. Cotswold Local Artists. Richard Grassi American Artist. Lesley Holmes Cotswold Artist. Susan Townsend Cotswold Artist.,0,why are the cotswolds so named,Cotswold Events Calendar. Community Arts Craft Centres. Art and why are the cotswolds so named Artists. John Singer Sargent. Francis Davis Millet. Cotswold Local Artists. Richard Grassi American Artist. Lesley Holmes Cotswold Artist. Susan Townsend Cotswold Artist.
2009553,why are the cotswolds so named,,msmarco_passage_07_771739846,Cotswolds Travel Guide - Blog - Macs Adventure. 67. 1 Min Read 07 February 2018. Cotswolds Travel Guide - How to get to the Cotswolds.,0,why are the cotswolds so named,Cotswolds Travel Guide - Blog - Macs Adventure. 67. 1 Min Read 07 February 2018. Cotswolds Travel Guide - How to get to why are the cotswolds so named the Cotswolds.
2009553,why are the cotswolds so named,,msmarco_passage_68_541689597,1057 Providence Rd. Elizabeth. 8. Wells Fargo Bank. 5. Banks & Credit Unions. Located in Cotswold Village Shops. Cotswold. “ was a dumb little girl ( however I have been in the financial world for over 20 years) banks and credit union's so I” more.,0,why are the cotswolds so named,1057 Providence Rd. Elizabeth. 8. Wells Fargo Bank. 5. Banks & Credit Unions. Located in Cotswold Village Shops. Cotswold. “ was a dumb little girl ( however I have been in the financial world for over 20 why are the cotswolds so named years) banks and credit union's so I” more.
2009553,why are the cotswolds so named,msmarco_passage_19_775605048,msmarco_passage_19_775605048,"Runs around the edge of the North York Moors National Park in a horseshoe configuration. Cotswold Way. 102. 164. The Cotswolds, Central England. Chipping Campden, Gloucestershire. Bath, Somerset. Runs along the Cotswold Edge escarpment of the Cotswold Hills. England Coast Path.",0,why are the cotswolds so named,"Runs around the edge of why are the cotswolds so named the North York Moors National Park in a horseshoe configuration. Cotswold Way. 102. 164. The Cotswolds, Central England. Chipping Campden, Gloucestershire. Bath, Somerset. Runs along the Cotswold Edge escarpment of the Cotswold Hills. England Coast Path."
2009553,why are the cotswolds so named,msmarco_passage_55_131780133,msmarco_passage_55_131780133,"The Cotswolds. The Cotswolds community is known for its outstanding long range mountain views overlooking Nantahala National Forest lands. This is an upscale community consisting of estate sized lots with elevations of up to 4,200 feet. View Homes for Sale in The Cotswolds. View Land for Sale in The Cotswolds.",0,why are the cotswolds so named,"The Cotswolds. The Cotswolds community is known for its outstanding long range mountain views overlooking Nantahala National Forest lands. This is an why are the cotswolds so named upscale community consisting of estate sized lots with elevations of up to 4,200 feet. View Homes for Sale in The Cotswolds. View Land for Sale in The Cotswolds."
2009553,why are the cotswolds so named,msmarco_passage_18_478989722,msmarco_passage_18_478989722,"The Cotswold style of architecture is characterized by simplicity. The original Cotswold cottages were built for rural laborers, including farmers who reared sheep. Additionally, the rural location of the Cotswold region limited access to building materials. The Cotswold style later came to be influenced by the Classical style of architecture.",0,why are the cotswolds so named,"The Cotswold style of why are the cotswolds so named architecture is characterized by simplicity. The original Cotswold cottages were built for rural laborers, including farmers who reared sheep. Additionally, the rural location of the Cotswold region limited access to building materials. The Cotswold style later came to be influenced by the Classical style of architecture."
2009553,why are the cotswolds so named,msmarco_passage_52_691202027,msmarco_passage_52_691202027,"Many tours pass through the Cotswolds and give a tantalising glimpse of the Cotswolds, this tour gives the Cotswolds centre stage and spends all day in the Cotswold region. Burford, Bibury, Stow-on-the-Wold and Bourton on the Water are the villages that you can explore and the tour passes through many more.",0,why are the cotswolds so named,"Many tours pass through the Cotswolds and give a tantalising glimpse of the Cotswolds, this tour gives the Cotswolds centre stage and spends all day in the Cotswold region. Burford, Bibury, why are the cotswolds so named Stow-on-the-Wold and Bourton on the Water are the villages that you can explore and the tour passes through many more."
2009553,why are the cotswolds so named,,msmarco_passage_42_334747903,"Cotswold Way. Explore the Cotswold Way on our full-length self-guided walking holiday itineraries. Accommodation, luggage transfer and custom holiday pack included. Cotswold Way.",0,why are the cotswolds so named,"Cotswold Way. why are the cotswolds so named Explore the Cotswold Way on our full-length self-guided walking holiday itineraries. Accommodation, luggage transfer and custom holiday pack included. Cotswold Way."
2009553,why are the cotswolds so named,msmarco_passage_62_831356981,msmarco_passage_62_831356981,"Cotswolds. Source: Joe Dunckley / shutterstock. Cotswolds And The Stroud Valleys. If you are looking for a more subtle landscape, the Cotswolds is a national park in England, and is only a short drive from Cardiff.",0,why are the cotswolds so named,"Cotswolds. Source: Joe Dunckley why are the cotswolds so named / shutterstock. Cotswolds And The Stroud Valleys. If you are looking for a more subtle landscape, the Cotswolds is a national park in England, and is only a short drive from Cardiff."
2009553,why are the cotswolds so named,msmarco_passage_23_629964171,msmarco_passage_23_629964171,Today a variant of the cream legbar produces eggs that are marketed under the name of the Cotswold legbar –borrowing the name of Britain’s productive and beautiful pastoral region—and are viewed as the pinnacle of locally produced gourmet eggs in that country.,0,why are the cotswolds so named,Today a variant of the cream legbar produces eggs that are marketed under the name of the Cotswold legbar –borrowing the name of Britain’s productive and why are the cotswolds so named beautiful pastoral region—and are viewed as the pinnacle of locally produced gourmet eggs in that country.
2009553,why are the cotswolds so named,msmarco_passage_18_478989262,msmarco_passage_18_478989262,"Cotswold architecture. The Cotswold style of architecture is a style based on houses from the Cotswold region of England, and is sometimes called the storybook style. Cotswold houses often have a prominent chimney, often near the front door of the house. Other notable features include king mullions and steep roofs.",0,why are the cotswolds so named,"Cotswold architecture. The Cotswold style of architecture is a style based on houses from the Cotswold region of England, and is sometimes called the storybook style. Cotswold houses often have a prominent chimney, often near the front door of why are the cotswolds so named the house. Other notable features include king mullions and steep roofs."
2009553,why are the cotswolds so named,,msmarco_passage_64_702500130,"Ways to tour Cotswolds. Book these experiences for a close-up look at Cotswolds. See all. Oxford, Cotswolds, Stratford-upon-Avon and Warwick Castle Day Trip from London. 203. Bus Tours. from $93.54 per adult. Lunch in the Cotswolds Tour from London. 70.",0,why are the cotswolds so named,"Ways to tour Cotswolds. Book these experiences for a close-up look at Cotswolds. See all. Oxford, Cotswolds, Stratford-upon-Avon and Warwick Castle Day Trip from London. 203. Bus Tours. from why are the cotswolds so named $93.54 per adult. Lunch in the Cotswolds Tour from London. 70."
2009553,why are the cotswolds so named,,msmarco_passage_05_295916357,Cotswolds Cycling – Bourton on the Water. Enjoy the best of Cotswolds cycling in Bourton on the Water.,0,why are the cotswolds so named,Cotswolds Cycling – Bourton on the Water. Enjoy the best why are the cotswolds so named of Cotswolds cycling in Bourton on the Water.
2009553,why are the cotswolds so named,,msmarco_passage_62_869308412,18 Best Cotswolds Villages: Epic Places to Visit in the Cotswolds. This guide on the best places to visit in the Cotswolds doesn’t just cover the most interesting villages and towns that you shouldn’t miss.,0,why are the cotswolds so named,18 Best Cotswolds Villages: Epic Places to Visit in the Cotswolds. This guide why are the cotswolds so named on the best places to visit in the Cotswolds doesn’t just cover the most interesting villages and towns that you shouldn’t miss.
2009553,why are the cotswolds so named,,msmarco_passage_52_691249882,"VISITING COTSWOLDS AND/OR OXFORD AND/OR STRATFORD AND/OR WARWICK. Oxford, Stratford & Warwick Castle - £99. Oxford, Cotswolds & Stratford (Small Group) - £149. Stratford & Cotswolds (inc Anne Hathaway’s) - £89. Shakespeare’s Stratford–upon–Avon - £57-75 (no admissions incl) In-depth Cotswolds Only Tour + Lunch - £96.",0,why are the cotswolds so named,"VISITING COTSWOLDS AND/OR OXFORD AND/OR STRATFORD AND/OR WARWICK. Oxford, Stratford & Warwick Castle - £99. Oxford, Cotswolds & Stratford (Small Group) - £149. Stratford & Cotswolds (inc Anne Hathaway’s) - £89. Shakespeare’s Stratford–upon–Avon - £57-75 (no admissions incl) In-depth Cotswolds Only Tour + why are the cotswolds so named Lunch - £96."
2009553,why are the cotswolds so named,,msmarco_passage_52_691269835,"Visiting Cotswolds and/or Oxford and/or Stratford and/or Warwick. Oxford, Stratford & Warwick Castle - £99. Oxford, Cotswolds & Stratford (Small Group) - £149. Stratford & Cotswolds (inc Anne Hathaway’s) - £89. Shakespeare’s Stratford–upon–Avon - £57-75 (no admissions incl) In-depth Cotswolds Only Tour + Lunch - £96.",0,why are the cotswolds so named,"Visiting Cotswolds and/or Oxford and/or Stratford why are the cotswolds so named and/or Warwick. Oxford, Stratford & Warwick Castle - £99. Oxford, Cotswolds & Stratford (Small Group) - £149. Stratford & Cotswolds (inc Anne Hathaway’s) - £89. Shakespeare’s Stratford–upon–Avon - £57-75 (no admissions incl) In-depth Cotswolds Only Tour + Lunch - £96."
2009553,why are the cotswolds so named,,msmarco_passage_64_702513488,All things to do in Cotswolds Commonly Searched For in Cotswolds Tours & Activities in Cotswolds Popular Cotswolds Categories Admission Tickets. Good for a Rainy Day Free Entry Budget-friendly Good for Couples Good for Kids Good for Big Groups Hidden Gems Adventurous Honeymoon spot Good for Adrenaline Seekers.,0,why are the cotswolds so named,All things to do in Cotswolds Commonly Searched For in Cotswolds Tours & Activities in Cotswolds Popular Cotswolds Categories Admission Tickets. Good for a Rainy Day Free Entry Budget-friendly Good why are the cotswolds so named for Couples Good for Kids Good for Big Groups Hidden Gems Adventurous Honeymoon spot Good for Adrenaline Seekers.
2009553,why are the cotswolds so named,msmarco_passage_43_71128748,msmarco_passage_43_71128748,"With so many stunning Cotswold villages to choose from, there are endless opportunities to spend a great weekend away in the UK. From Bibury village to Castle Combe – all a worth being added to the list of top British landmarks! From all the famous English landmarks, Cotswolds really is the one we visited most.",0,why are the cotswolds so named,"With so many stunning Cotswold villages why are the cotswolds so named to choose from, there are endless opportunities to spend a great weekend away in the UK. From Bibury village to Castle Combe – all a worth being added to the list of top British landmarks! From all the famous English landmarks, Cotswolds really is the one we visited most."
2009553,why are the cotswolds so named,msmarco_passage_10_279436111,msmarco_passage_10_279436111,"Cotswold Way. South West England, West Midlands: Chipping Camden - Bath 163km / 101 miles. Following the Cotswold hills, the Cotswold Way begins in Bath, and finishes in Chipping Camden, in Gloucestershire.",0,why are the cotswolds so named,"Cotswold Way. South West England, West Midlands: Chipping Camden - Bath 163km / 101 miles. Following the Cotswold hills, the Cotswold Way begins in Bath, and finishes in Chipping Camden, why are the cotswolds so named in Gloucestershire."
2009553,why are the cotswolds so named,,msmarco_passage_64_702508282,Vacation Packages Cruises Rental Cars. Travel Forum Airlines Road Trips Help Center. Europe. United Kingdom (UK) England. Cotswolds. Things to Do in Cotswolds. Walking tours in Cotswolds.,0,why are the cotswolds so named,Vacation Packages Cruises Rental why are the cotswolds so named Cars. Travel Forum Airlines Road Trips Help Center. Europe. United Kingdom (UK) England. Cotswolds. Things to Do in Cotswolds. Walking tours in Cotswolds.
2009553,why are the cotswolds so named,,msmarco_passage_52_691052032,"In-depth Cotswolds Only Tour + Lunch - £96. In-depth Cotswolds Only Tour + Lunch (Small Group) - £149. Blenheim Palace, Downton Abbey Village & Cotswolds Tour - £65. Stratford, Cotswolds, Bath & Stonehenge - £99. Windsor, Stonehenge & Oxford - £106. Oxford & Cambridge Tour (May-Sep only) - £101.",0,why are the cotswolds so named,"In-depth Cotswolds Only Tour + Lunch - £96. In-depth Cotswolds Only Tour + Lunch (Small Group) - £149. Blenheim Palace, Downton Abbey Village & Cotswolds Tour - £65. Stratford, Cotswolds, Bath & Stonehenge - £99. Windsor, Stonehenge & Oxford - £106. Oxford & Cambridge why are the cotswolds so named Tour (May-Sep only) - £101."
2009553,why are the cotswolds so named,,msmarco_passage_52_691078032,"In-depth Cotswolds Only Tour + Lunch - £96. In-depth Cotswolds Only Tour + Lunch (Small Group) - £149. Blenheim Palace, Downton Abbey Village & Cotswolds Tour - £65. Stratford, Cotswolds, Bath & Stonehenge - £99. Windsor, Stonehenge & Oxford - £106. Oxford & Cambridge Tour (May-Sep only) - £101.",0,why are the cotswolds so named,"In-depth Cotswolds Only Tour + Lunch - £96. In-depth Cotswolds Only Tour + Lunch (Small Group) - £149. Blenheim Palace, Downton Abbey Village & Cotswolds Tour - £65. Stratford, Cotswolds, why are the cotswolds so named Bath & Stonehenge - £99. Windsor, Stonehenge & Oxford - £106. Oxford & Cambridge Tour (May-Sep only) - £101."
2009553,why are the cotswolds so named,,msmarco_passage_52_717352189,"Welcome to Lords of the Manor, The Finest Luxury Hotel in The Cotswolds. Welcome to Lords of the Manor, The Finest Luxury Hotel in The Cotswolds. By journeying through the rolling hills and rural beauty of the Cotswolds, you reach one of the most acclaimed Cotswold luxury hotels. Lords of the Manor is the perfect destination for guests looking for a truly enchanting getaway.",0,why are the cotswolds so named,"Welcome to Lords of the Manor, The Finest Luxury Hotel in The Cotswolds. Welcome to Lords of the Manor, The Finest Luxury Hotel in The Cotswolds. By journeying through the rolling hills and rural beauty of the Cotswolds, you reach one of the most acclaimed Cotswold luxury hotels. Lords of the Manor is the perfect destination for guests looking for a why are the cotswolds so named truly enchanting getaway."
2009553,why are the cotswolds so named,,msmarco_passage_07_730064392,"In-depth Cotswolds Only Tour + Lunch (Small Group) - £149. Blenheim Palace, Downton Abbey Village & Cotswolds Tour - £65. Stratford, Cotswolds, Bath & Stonehenge - £99. Windsor, Stonehenge & Oxford - £106.",0,why are the cotswolds so named,"In-depth Cotswolds Only Tour + Lunch (Small Group) - £149. Blenheim Palace, Downton Abbey Village & Cotswolds why are the cotswolds so named Tour - £65. Stratford, Cotswolds, Bath & Stonehenge - £99. Windsor, Stonehenge & Oxford - £106."
2009553,why are the cotswolds so named,,msmarco_passage_52_717354868,"BTS – Garden Tour. Find out more. Perfectly situated in prime Cotswolds country, a stay at our manor house hotel in the Cotswolds provides the perfect base to explore the towns and villages of the north Cotswolds.",0,why are the cotswolds so named,"BTS – Garden Tour. Find out more. Perfectly situated in prime Cotswolds country, a stay at our manor house hotel in the Cotswolds provides the perfect why are the cotswolds so named base to explore the towns and villages of the north Cotswolds."
2009553,why are the cotswolds so named,msmarco_passage_05_295968987,msmarco_passage_05_295968987,"It is known as 'The Western Gateway to the Cotswolds'. The village of Broadway being known as 'The Northern Gateway to the Cotswolds'. This edge-of-the Cotswolds spa town is hard to beat for refined elegance and Regency terraces, annual festivals, Ladies' College and racecourse.",0,why are the cotswolds so named,"It is known as 'The Western Gateway to the Cotswolds'. The village of Broadway being known as 'The Northern Gateway to the Cotswolds'. This edge-of-the Cotswolds spa town is hard to beat for refined elegance and Regency terraces, annual festivals, Ladies' College and why are the cotswolds so named racecourse."
2009553,why are the cotswolds so named,msmarco_passage_59_304563260,msmarco_passage_59_304563260,"Cotswolds. The Cotswold Hills, a 25-by-90-mile chunk of Gloucestershire, are dotted with enchanting villages. As with many fairy-tale regions of Europe, the present-day beauty of the Cotswolds is the result of an economic disaster: The woolen industry collapsed.",0,why are the cotswolds so named,"Cotswolds. The Cotswold Hills, a 25-by-90-mile chunk of Gloucestershire, are dotted with enchanting villages. As with many fairy-tale regions of Europe, why are the cotswolds so named the present-day beauty of the Cotswolds is the result of an economic disaster: The woolen industry collapsed."
2009553,why are the cotswolds so named,,msmarco_passage_05_295921697,"Excellent Cotswolds accommodation including hotels, B&Bs & luxury inns. Luxury walks in the Cotswolds, including The Cotswold Way, as well as our ever popular Bath self-guided walking tour. Tailor-made Cotswold tour s and bespoke holidays of all types for individuals and private groups, including angling tours in a river or lake.",0,why are the cotswolds so named,"Excellent Cotswolds why are the cotswolds so named accommodation including hotels, B&Bs & luxury inns. Luxury walks in the Cotswolds, including The Cotswold Way, as well as our ever popular Bath self-guided walking tour. Tailor-made Cotswold tour s and bespoke holidays of all types for individuals and private groups, including angling tours in a river or lake."
2009553,why are the cotswolds so named,,msmarco_passage_31_865117156,2. Cotswold Cottage Floor Plans Find House. Cotswold Cottage Floor Plans Find House via. 3. English Cotswold Cottage House Plans. English Cotswold Cottage House Plans via. 4. New South Classics Half Penny Cottage. New South Classics Half Penny Cottage via.,0,why are the cotswolds so named,2. Cotswold Cottage Floor Plans Find House. Cotswold why are the cotswolds so named Cottage Floor Plans Find House via. 3. English Cotswold Cottage House Plans. English Cotswold Cottage House Plans via. 4. New South Classics Half Penny Cottage. New South Classics Half Penny Cottage via.
2009553,why are the cotswolds so named,,msmarco_passage_64_702647604,"England in One Day: Stonehenge, Bath, the Cotswolds and Stratford-upon-Avon Day Trip from London. Tour of the Cotswolds from Stratford-upon-Avon. Brewery, Pub Lunch & The Cotswolds Tour from Stratford-upon-Avon. Cotswolds Trails and Villages Tour. See all day trips from Stratford-upon-Avon on Tripadvisor.",0,why are the cotswolds so named,"England in One Day: Stonehenge, Bath, the Cotswolds and Stratford-upon-Avon Day Trip from London. Tour of the Cotswolds from Stratford-upon-Avon. Brewery, Pub Lunch & The Cotswolds Tour from Stratford-upon-Avon. Cotswolds why are the cotswolds so named Trails and Villages Tour. See all day trips from Stratford-upon-Avon on Tripadvisor."
2009553,why are the cotswolds so named,,msmarco_passage_41_325769206,"Here in the Cotswolds, you’ll find plenty of traditional pubs, complete with a relaxed family-friendly atmosphere, honest menus made up of locally sourced ingredients, and some of the best artisan beers, ciders and pale ales around. So if you’re after a romantic pub-crawl weekend with your loved one, the Cotswolds is definitely an area to consider.",0,why are the cotswolds so named,"Here in the Cotswolds, you’ll find plenty of traditional pubs, complete with a relaxed family-friendly atmosphere, honest menus made why are the cotswolds so named up of locally sourced ingredients, and some of the best artisan beers, ciders and pale ales around. So if you’re after a romantic pub-crawl weekend with your loved one, the Cotswolds is definitely an area to consider."
2009553,why are the cotswolds so named,,msmarco_passage_05_295924028,"Cotswolds Accommodation. The Cotswolds has a wonderful range of places of stay – and of a high calibre, too. Sink into the luxuries of one of the fine country house hotels, complete with serene gardens and fabulous menus based on the best Cotswold produce.",0,why are the cotswolds so named,"Cotswolds Accommodation. The Cotswolds has a wonderful range of places of stay – and of a high calibre, too. Sink into the luxuries of one of the fine country house hotels, complete with serene gardens and fabulous menus based why are the cotswolds so named on the best Cotswold produce."
2009553,why are the cotswolds so named,,msmarco_passage_07_771740118,"Cotswolds Travel Guide - How to get to the Cotswolds. The Cotswolds is a beautiful area to take a walking holiday. It has well-marked trails, an inordinate amount of points of interest, great food, lovely people. And, it is incredibly easy to get to.",0,why are the cotswolds so named,"Cotswolds Travel Guide - How to get to the Cotswolds. The Cotswolds is a beautiful area to take a walking holiday. It has well-marked trails, an inordinate amount of points of interest, great why are the cotswolds so named food, lovely people. And, it is incredibly easy to get to."
