model,equal_count,less_relevant_count,more_relevant_count,total_rows,kappa,kappa_linear,kappa_quadratic,kappa_binarized,alpha_ordinal
anthropic.claude-3-haiku-20240307-v1_0_top2,24,4,72,100,0.014011416709911906,0.10421021200358316,0.19563343866704974,0.06542056074766356,-0.035100755667506256
mistral.mixtral-8x7b-instruct-v0_1_top2,30,10,53,93,0.10206896551724132,0.19616685456595262,0.29504893494530804,0.2051282051282053,0.20715246351195715
openai.gpt-oss-20b-1_0_top2,41,13,46,100,0.21080791867308712,0.3388709950839125,0.4713261648745519,0.2821249102656138,0.449065521487253
__OVERALL__,95,27,171,293,0.10810810810810811,0.208491690886057,0.31110693125176336,0.1897870771499678,0.2167714111374458
