model,equal_count,less_relevant_count,more_relevant_count,total_rows,kappa,kappa_linear,kappa_quadratic
anthropic.claude-3-haiku-20240307-v1_0_top2,24,4,72,100,0.011832011441945123,0.10351062226909757,0.20872228704784135
mistral.mixtral-8x7b-instruct-v0_1_top2,30,10,52,92,0.1045525902668758,0.2001545595054096,0.2982664685487866
openai.gpt-oss-20b-1_0_top2,38,14,48,100,0.16878938195468562,0.3405275779376499,0.5113262696382901
__OVERALL__,92,28,172,292,0.09402584508462486,0.21007926448610514,0.32936778682144463
