query,docid,passage,relevance
what causes eye blackouts,msmarco_passage_03_224744356,"Transient ischemic attack (mini-stroke) Transient ischemic attacks cause headache, numbness, tingling, or weakness in the face, arm, or leg, and more. Retinal detachment. Retinal detachment causes floaters in your vision, flashes of light, blind spots, loss of vision, and more. Diabetic eye disease.",2
what causes eye blackouts,msmarco_passage_03_224745661,"Ocular migraine usually refers to a type of migraine that can cause temporary blindness in one eye. Optic neuritis. Optic neuritis is an inflammation of the optic nerve, and causes blurred or dimmed vision and pain. Astigmatism.",2
what causes eye blackouts,msmarco_passage_03_224746041,"Astigmatism is a common eye problem causing blurry vision, difficulty seeing details and eye strain headaches. Low blood pressure (hypotension) Low blood pressure, or hypotension, can make you feel lightheaded and dizzy. Diabetic ketoacidosis.",0
what causes eye blackouts,msmarco_passage_03_224750791,"Go to Symptom Checker. Ocular migraine. Ocular migraine usually refers to a type of migraine that can cause temporary blindness in one eye. Optic neuritis. Optic neuritis is an inflammation of the optic nerve, and causes blurred or dimmed vision and pain. Retinal detachment.",2
what causes eye blackouts,msmarco_passage_03_225179547,"Glaucoma is a group of eye conditions in which fluid builds up in your eye causing gradual vision loss. Ocular migraine usually refers to a type of migraine that can cause temporary blindness in one eye. Retinal detachment causes floaters in your vision, flashes of light, blind spots, loss of vision, and more.",2
what causes eye blackouts,msmarco_passage_03_225183762,"Astigmatism is a common eye problem causing blurry vision, difficulty seeing details and eye strain headaches. Ocular migraine. Ocular migraine usually refers to a type of migraine that can cause temporary blindness in one eye. Retinal detachment.",2
what causes eye blackouts,msmarco_passage_03_225205844,"Ocular migraine. Ocular migraine usually refers to a type of migraine that can cause temporary blindness in one eye. Anemia, iron deficiency. Anemia , a lack of red blood cells, can cause fatigue, pale skin and gums, brittle nails, irritability, and more.",2
what causes eye blackouts,msmarco_passage_03_225222483,"WebMD Symptom Checker helps you find the most common medical conditions indicated by the symptoms blurred vision, dizziness, feeling faint and nausea or vomiting including Transient ischemic attack (mini-stroke), Low blood pressure (hypotension), and Diabetes, type 2. There are 86 conditions associated with blurred vision, dizziness, feeling faint and nausea or vomiting.",0
what causes eye blackouts,msmarco_passage_03_225224957,"Go to Symptom Checker. Transient ischemic attack (mini-stroke) Transient ischemic attacks cause headache, numbness, tingling, or weakness in the face, arm, or leg, and more. Low blood pressure (hypotension) Low blood pressure, or hypotension, can make you feel lightheaded and dizzy. Diabetes, type 2.",0
what causes eye blackouts,msmarco_passage_03_225265109,"Astigmatism is a common eye problem causing blurry vision, difficulty seeing details and eye strain headaches. Ocular migraine. Ocular migraine usually refers to a type of migraine that can cause temporary blindness in one eye. Farsightedness (presbyopia)",2
what causes eye blackouts,msmarco_passage_03_225270608,"Diabetes can make you feel hungry, tired, or thirsty; you may urinate more than normal and have blurry vision. Ocular migraine. Ocular migraine usually refers to a type of migraine that can cause temporary blindness in one eye. Foreign object in the eye.",2
what causes eye blackouts,msmarco_passage_03_225271476,"Low blood pressure, or hypotension, can make you feel lightheaded and dizzy. Macular degeneration. Macular degeneration is a painless eye condition that causes you to lose your central vision. Stroke. A stroke occurs when blood and oxygen to the brain are cut off, and causes numbness, confusion, and more.",0
what causes eye blackouts,msmarco_passage_03_225274750,"Stroke. A stroke occurs when blood and oxygen to the brain are cut off, and causes numbness, confusion, and more. Transient ischemic attack (mini-stroke) Transient ischemic attacks cause headache, numbness, tingling, or weakness in the face, arm, or leg, and more. Ocular migraine.",0
what causes eye blackouts,msmarco_passage_03_225290684,"A stroke occurs when blood and oxygen to the brain are cut off, and causes numbness, confusion, and more. Ocular migraine. Ocular migraine usually refers to a type of migraine that can cause temporary blindness in one eye. Diabetic ketoacidosis.",2
what causes eye blackouts,msmarco_passage_03_225295092,"Ocular migraine usually refers to a type of migraine that can cause temporary blindness in one eye. Astigmatism. Astigmatism is a common eye problem causing blurry vision, difficulty seeing details and eye strain headaches. Cervical (neck) spondylosis.",2
what causes eye blackouts,msmarco_passage_03_225300962,"Glaucoma is a group of eye conditions in which fluid builds up in your eye causing gradual vision loss. Ocular migraine usually refers to a type of migraine that can cause temporary blindness in one eye. Retinal detachment causes floaters in your vision, flashes of light, blind spots, loss of vision, and more.",2
what causes eye blackouts,msmarco_passage_03_225310705,"Ocular migraine usually refers to a type of migraine that can cause temporary blindness in one eye. Retinal detachment. Retinal detachment causes floaters in your vision, flashes of light, blind spots, loss of vision, and more. Astigmatism.",2
what causes eye blackouts,msmarco_passage_03_225322934,"Low blood pressure, or hypotension, can make you feel lightheaded and dizzy. Macular degeneration. Macular degeneration is a painless eye condition that causes you to lose your central vision. Ocular migraine. Ocular migraine usually refers to a type of migraine that can cause temporary blindness in one eye.",2
what causes eye blackouts,msmarco_passage_03_225323407,"Retinal detachment. Retinal detachment causes floaters in your vision, flashes of light, blind spots, loss of vision, and more. Stroke. A stroke occurs when blood and oxygen to the brain are cut off, and causes numbness, confusion, and more. Diabetic ketoacidosis.",2
what causes eye blackouts,msmarco_passage_03_225377258,"Ocular migraine usually refers to a type of migraine that can cause temporary blindness in one eye. Low blood pressure (hypotension) Low blood pressure, or hypotension, can make you feel lightheaded and dizzy. Macular degeneration. Macular degeneration is a painless eye condition that causes you to lose your central vision.",2
what causes eye blackouts,msmarco_passage_03_225880261,"Benign paroxysmal positional vertigo (BPPV) Benign paroxysmal positional vertigo is usually a temporary condition that affects balance and causes vertigo. Migraine headache (adult) Migraines are a common type of headache that can cause severe pain, aura or flashes in vision, and tingling. Panic attack.",0
what causes eye blackouts,msmarco_passage_03_225885439,"Retinal detachment causes floaters in your vision, flashes of light, blind spots, loss of vision, and more. Ocular migraine usually refers to a type of migraine that can cause temporary blindness in one eye. High blood pressure, often asymptomatic, can cause headaches, shortness of breath, nosebleeds, and anxiety.",2
what causes eye blackouts,msmarco_passage_03_227031415,"Go to Symptom Checker. Peripheral neuropathy. Peripheral neuropathy is a nerve condition of the extremities causing numbness, tingling, and pain. Stroke. A stroke occurs when blood and oxygen to the brain are cut off, and causes numbness, confusion, and more. Transient ischemic attack (mini-stroke) Transient ischemic attacks cause headache, numbness, tingling, or weakness in the face, arm, or leg, and more.",0
what causes eye blackouts,msmarco_passage_03_227374584,"Ocular migraine. Ocular migraine usually refers to a type of migraine that can cause temporary blindness in one eye. Transient ischemic attack (mini-stroke) Transient ischemic attacks cause headache, numbness, tingling, or weakness in the face, arm, or leg, and more.",2
what causes eye blackouts,msmarco_passage_03_227523473,"Benign paroxysmal positional vertigo (BPPV) Benign paroxysmal positional vertigo is usually a temporary condition that affects balance and causes vertigo. Migraine headache (adult) Migraines are a common type of headache that can cause severe pain, aura or flashes in vision, and tingling. Nearsightedness.",0
what causes eye blackouts,msmarco_passage_03_227923471,"Transient ischemic attack (mini-stroke) Transient ischemic attacks cause headache, numbness, tingling, or weakness in the face, arm, or leg, and more. Benign paroxysmal positional vertigo (BPPV) Benign paroxysmal positional vertigo is usually a temporary condition that affects balance and causes vertigo.",0
what causes eye blackouts,msmarco_passage_03_228728181,"Migraine headache (adult) Migraines are a common type of headache that can cause severe pain, aura or flashes in vision, and tingling. Transient ischemic attack (mini-stroke) Transient ischemic attacks cause headache, numbness, tingling, or weakness in the face, arm, or leg, and more. Chemical burns. A chemical burn can cause symptoms ranging from burning and blisters to pain and shortness of breath.",0
what causes eye blackouts,msmarco_passage_03_229526522,"Chagas disease. Chagas disease is caused by a tropical parasite and can cause fever, ill feeling, and swelling around the eye. West nile virus. West Nile virus is an infection spread by mosquitoes, and can cause diarrhea, fever, abdominal pain, and more.",0
what causes eye blackouts,msmarco_passage_03_229571766,"Go to Symptom Checker. Peripheral neuropathy. Peripheral neuropathy is a nerve condition of the extremities causing numbness, tingling, and pain. Migraine headache (adult) Migraines are a common type of headache that can cause severe pain, aura or flashes in vision, and tingling. Stroke.",0
what causes eye blackouts,msmarco_passage_03_229661467,"Ocular migraine usually refers to a type of migraine that can cause temporary blindness in one eye. Insulin reaction (hypoglycemia) An insulin reaction is the result of low blood sugar and causes anxiety, hunger, shaking, dizziness, and more. Cervical (neck) spondylosis.",2
what causes eye blackouts,msmarco_passage_03_230787184,"Go to Symptom Checker. Peripheral neuropathy. Peripheral neuropathy is a nerve condition of the extremities causing numbness, tingling, and pain. Migraine headache (adult) Migraines are a common type of headache that can cause severe pain, aura or flashes in vision, and tingling. Stroke.",0
what causes eye blackouts,msmarco_passage_03_230828692,"Numbness or tingling (Face), Numbness or tingling (Leg) and Sudden numbness or weakness on one side of body. WebMD Symptom Checker helps you find the most common medical conditions indicated by the symptoms numbness or tingling (face), numbness or tingling (leg) and sudden numbness or weakness on one side of body including Peripheral neuropathy, Transient ischemic attack (mini-stroke), and Stroke.",0
what causes eye blackouts,msmarco_passage_03_230869433,"Numbness or tingling (Face), Numbness or tingling (Arm), Numbness or tingling (Leg) and Sudden numbness or weakness on one side of body. WebMD Symptom Checker helps you find the most common medical conditions indicated by the symptoms numbness or tingling (face), numbness or tingling (arm), numbness or tingling (leg) and sudden numbness or weakness on one side of body including Peripheral neuropathy, Stroke, and Transient ischemic attack (mini-stroke).",0
what causes eye blackouts,msmarco_passage_03_230900435,"Go to Symptom Checker. Peripheral neuropathy. Peripheral neuropathy is a nerve condition of the extremities causing numbness, tingling, and pain. Stroke. A stroke occurs when blood and oxygen to the brain are cut off, and causes numbness, confusion, and more. Transient ischemic attack (mini-stroke) Transient ischemic attacks cause headache, numbness, tingling, or weakness in the face, arm, or leg, and more.",0
what causes eye blackouts,msmarco_passage_03_230901033,"Numbness or tingling (Arm), Numbness or tingling (Upper arm (bicep)) and Sudden numbness or weakness on one side of body. WebMD Symptom Checker helps you find the most common medical conditions indicated by the symptoms numbness or tingling (arm), numbness or tingling (upper arm (bicep)) and sudden numbness or weakness on one side of body including Peripheral neuropathy, Stroke, and Transient ischemic attack (mini-stroke).",0
what causes eye blackouts,msmarco_passage_03_230905478,"Go to Symptom Checker. Peripheral neuropathy. Peripheral neuropathy is a nerve condition of the extremities causing numbness, tingling, and pain. Stroke. A stroke occurs when blood and oxygen to the brain are cut off, and causes numbness, confusion, and more. Transient ischemic attack (mini-stroke) Transient ischemic attacks cause headache, numbness, tingling, or weakness in the face, arm, or leg, and more.",0
what causes eye blackouts,msmarco_passage_03_230906076,"Numbness or tingling (Arm), Numbness or tingling (Leg), Sudden numbness or weakness on one side of body and Weakness. WebMD Symptom Checker helps you find the most common medical conditions indicated by the symptoms numbness or tingling (arm), numbness or tingling (leg), sudden numbness or weakness on one side of body and weakness including Peripheral neuropathy, Stroke, and Transient ischemic attack (mini-stroke).",0
what causes eye blackouts,msmarco_passage_03_230915341,"Go to Symptom Checker. Peripheral neuropathy. Peripheral neuropathy is a nerve condition of the extremities causing numbness, tingling, and pain. Migraine headache (adult) Migraines are a common type of headache that can cause severe pain, aura or flashes in vision, and tingling. Stroke.",0
what causes eye blackouts,msmarco_passage_03_230919198,"Go to Symptom Checker. Peripheral neuropathy. Peripheral neuropathy is a nerve condition of the extremities causing numbness, tingling, and pain. Migraine headache (adult) Migraines are a common type of headache that can cause severe pain, aura or flashes in vision, and tingling. Stroke.",0
what causes eye blackouts,msmarco_passage_03_231313618,"Chagas disease. Chagas disease is caused by a tropical parasite and can cause fever, ill feeling, and swelling around the eye. West nile virus. West Nile virus is an infection spread by mosquitoes, and can cause diarrhea, fever, abdominal pain, and more.",0
what causes eye blackouts,msmarco_passage_03_783947722,"The most common cause of a blackout is called syncope, (“sin-co-pee”). Syncope describes blacking out because of a sudden drop in blood flow to the brain. Usually syncope is so-called “Reflex Syncope”. This is the cause of fainting.",2
what causes eye blackouts,msmarco_passage_03_783949357,"This is important to all sufferers of blackouts. Doctors and other staff may rely on a eye-witness to an attack where the seizure would appear to be due to epilepsy, but the true diagnosis is syncope. Subtle differences exist in the appearance and the circumstances of the seizure that can be of great help.",1
what causes eye blackouts,msmarco_passage_03_793746226,"What is Transient Monocular Blindness? Transient Monocular Blindness, also called as Amaurosis Fugax is a condition in which there is abrupt loss of vision in one of your eyes due to a temporary lack of blood supply to your retina (light sensitive layer in your eye).",3
what causes eye blackouts,msmarco_passage_03_853362809,"By Chris A. Knobbe, MD. Eye strokes occur when blockages (occlusions) occur in arteries or veins in the retina, causing vision loss. The severity of vision loss depends on the extent and location of the occlusion (s) and loss of blood flow. Just as strokes occur in other parts of the body because blood flow is blocked, your eye also may suffer damage when vital structures such as the retina and optic nerve are cut off from nutrients and oxygen flowing through your blood.",1
what causes eye blackouts,msmarco_passage_03_853369304,"Central Retinal Artery Occlusion (CRAO) Central retinal artery occlusion usually occurs with sudden, profound, but painless vision loss in one eye. Most people with CRAO can barely count fingers in front of their face or see light from the affected eye. The condition may be preceded by episodes of vision loss known as amaurosis fugax.",2
what causes eye blackouts,msmarco_passage_03_853558677,"An ocular migraine is a rare condition characterized by temporary vision loss or even temporary blindness in one eye. Ocular migraines are caused by reduced blood flow or spasms of blood vessels in the retina or behind the eye. In an ocular migraine, vision in the affected eye generally returns to normal within an hour.",2
what causes eye blackouts,msmarco_passage_04_234033192,"Antonyms for clear. be dimmed, inscrutable, Smutching, cast a shadow, more consolidated, be netting, more twined, doubletalked, muddy the waters, de valuated, in securest, depress, in-sipid, confuse, de valuating, groggy, more fouled, in commode, more unpiercable, congest, blew whistle on, most imperceptive, uneasy, lay at door, over whelms, sur prising, un varied, unreliable, radio-activating, dis approving, dewy, un-imaginable, over-throwing, dark, being worse for wear, be-soils, monkeying with, more fluctuant, intertwisted, with held, most trammeled, charged with, Bottled, dis-approved, more pigpen, depressive, un-laundered, found guilty, dragging one feet, most chiffon, gusty, out-shine, in-temperate, unclear, more plugged, most cover, most down covered, dis-allows, jellied, darkling, drag down, more cobwebby, over rides, take precedence, concealed, be sotted, most deadend, dis integrates, more fazed, most acheronian, sur mount, most unpromising, most underachieving, made dusty, vacate, Controvertible, un pointed, most zerozero, out-of-place, most piano, more shuffling, most downcovered, stereo-typical, un predictable, upended, un kindest, more clashing, more yo yo, most blurred, masked, most confining, over-lays, load, out shine, sur passes, slows down, be-smears, blowing whistle on, be wilder, more deadend, most slap happy, YOYO, most unlit, dis-mayed, choke off, betwixt and between, lays one door, be-guiles, in-decisive, most doubtable, more bilious, qualified, becloud, mis-represents, more juiced, undefined, in-adequate, hogtie, more gorked, puts a stop to, dis-organizing, laid door, more obfuscous, most wall-to-wall, abate, clouds over, most strangled, most close-knit, scaredy cat, nontransparent, ex cursive, un-sounder, shoot down, at sixes and sevens, makes filthy, un comprehensible, dis orderly, in the pits, weakkneed, more bemired, more crammed, sending river, faint, more arenaceous, dis-guises, in-filtrate, most conned, be grime, dis organizing, floaty, scurvier, up to the hilt, over clouding, hanged up, under a cloud, be-net, more unpeaceful, un-likelier, co-pious, inculpate, more mortified, goes to dogs, mind-bending, greek me, get the way, fettered, un-ripe, gray, inter twists, more unpromising, imprison, gat way, wast worse for wear, over-loads, un-realized, over come, fogged in, in filtrating, more begrimed, ill defined, undecipherable, un-easy, most sequestered, send up river, gave a bad name, re duces, most crepuscular, gum, plugged, re-strict, more saddening, ex-cept, more faltering, more pitch dark, most echoing, fluffs off, steals spotlight, making vague, more zerozero, de valuate, between sixes and sevens, blotting out, paradoxical, unglued, dragged into, on one guard, more on the fence, dis solves, most bollixed, over-spreading, blows whistle on, dis guise, un-foreseeable, muddied, mis representing, over laid, pea-soupy, unassuming, in-disposed, Secreted, Undivulged, unscrewed, reverberant, sur-rounded, de-feats, more unmemorable, backstairs, Torpedoes, most mildewy, most yo-yo, over ridden, most velutinous, beyond ones grasp, dragging ones feet, un-detected, grayed, in complete, over spread, more sedimentary, most unconfirmed, more sounding, de base, most weakkneed, bone contention, un ripest, un-important, be fouled, un-varying, more stoppered, on fence, inter-lacing, in-credible, be smears, most edentate, sur prised, un-satisfactory, sphinxlike, loco, fore-stall, fuddled, most wringing-wet, more secreted, most mortified, wan, tenebrous, choke, more adumbral, undiscoverable, more stonewalling, dis-integrates, more middle ground, in fog, lays door, most slap-happy, un comprehending, un-paid, more lamebrained, more chiffon, controversial, inter-mix, over flowing, more close grained, out maneuvered, Incog, pukish, not bright, overclouding, more staggered, in a cold sweat, inter mixing, give bad name, wavering, un truest, shuttered, full, in soluble, umbral, diffusive, de valued, disputed, more suppressed, blotched, un zipped, tiffany, un-imaginative, most drizzling, are overcast, more stumping, Awe-struck, dis-organize, non transparent, Middle-ground, be-dimmed, re strain, more appalled, retro-grades, un-committed, most choked, aqueous, most unfateful, dewiest, most weak kneed, more vestigial, puts one to sleep, re-strains, drags in to, hollow, up to hilt, more snafu, de-clines, inter-feres, muddies, most storming, wrong way, umbrous, dis-commodes, shaky, sentence, glooming, drag into, most mind-bending, gotten in the way, disordered, punchdrunk, over-burdened, in decisive, more scrambled, most closeknit, overspreading, dreary, led on, dreggiest, at sixes sevens, prevailing over, goes downhill, Stoppering, more lightless, be smirch, fore stalls, doping up, inter dict, out done, un commonest, most saddening, nonobvious, dis-organized, inter twist, re current, un earthlier, de-filing, whitish, running hot and cold, re eking, slowing down, hesitant, more mildewy, criminate, un relieved, be-lying, more duped, most sub rosa, out maneuvering, more hornswoggled, unheardof, more compounded, more downcovered, dewier, in-explicit, more ungraspable, dunest, de-moralized, more water-logged, more blunted, roping in, befuddled, un-cleaner, in-explicable, breaking down, be-grime, clabbered, pro fuse, most unfixed, more diffusive, most bashed, shookest, dis crediting, radio activates, in-articulate, under-mined, be-wilder, most depressive, not following, clouds the issue, in substantial, mis understood, most unintellectual, un informative, more aqueous, changeful, denunciating, bind, most on the fence, most under-the-table, pointed finger at, more gridlocked, casts slur, de ranges, be worse for wear, laying one door, un-enthusiastic, dis approve, Reprobated, inter-locked, de composes, gives a bad name, re fused, Gloomed, passed sentence on, over-spreads, most undivulged, more acroamatic, most rumpled, sur rounding, radio activate, more sing-song, numbskull, un fortunate, re-fuse, most unlaundered, most arenaceous, sends up river, be means, more tampered with, inter-weaving, matte, sends up the river, dumping on, more blubbery, uninspiring, more twisting, inter-dict, more pinhead, obscure, debatable, be nets, problematic, dis-honoring, dis-improve, calling down, more dark complexioned, de ranging, more compressed, be-fouled, in different, dis-orienting, more mingled, knurliest, approximate, more dried-out, more arenose, most atramentous, not keen, flat as pancake, up to the rafters, in definite, de-basing, dragging in to, over burdens, fumiest, sucking in, most arraigned, weak minded, under-hand, smudged, un cannier, most oftrepeated, left in the shade, un happiest, unpiercable, go downhill, toned-down, under cover, most sedimentary, go to dogs, de cried, lay at one door, palish, re-proving, dubious, finding guilty, Dreggy, inumbrated, between rock hard place, under achieving, de coys, locking out, out did, re probate, doctored up, dim witted, most unrevealing, being overcast, sur rounded, dis reputable, vacillating, un-known, most bewildering, un-sharpened, doubtful, co-oked, more rootless, feather brained, more greenish yellow, most bamboozled, blinding, dusky, be net, most murmuring, more poker-faced, de filed, dump on, nebulous, more unglued, most plodding, trans fused, unrevealing, most stygian, more fainting, points finger at, Fluctuant, dis-countenancing, more even-steven, up in air, loses it, de clines, more clangorous, de value, more incriminated, seethrough, ambivalent, un happy, be netted, over-burden, most dissembled, chiffon, overspread, poker faced, downsideup, more toneless, over-cast, inter woven, de-cried, locked out, be soiling, ante-diluvian, re-duces, going to dogs, closegrained, unfocused, woozy, most incriminated, dis integrate, un swept, more mind-bending, be mired, fore-stalling, made filthy, over-burdening, endue, un justest, most blurring, most jamfull, over-clouds, de-nature, tangled, more unlighted, glassy-eyed, most toned-down, ill lighted, in-conclusive, de natured, stop up, in tizzy, un-likely, be-wildering, juiced, over-flowing, squalliest, dis-credits, dead-end, more poker faced, dis-colors, clueless, inter weave, stopping up, un faithful, more fine grained, pre-vents, dis guised, un dependable, radio-activate, more dripping, syrupy, throws up smoke screen, under-achieving, out-flanked, Hindered, waste, de moralizes, be-fogging, clutter, hush hush, more bewildering, boggy, finding fault with, most stifled, forceless, Velutinous, dis approved, dim, accuse, un-clearer, un known, more prevaricating, running hot cold, hidden, most confounding, most edgeless, entrammels, hanged something on, bemused, more edentulate, more amazed, de-means, matter of fact, put the hole, been hit before, de-values, most hornswoggled, dungiest, making filthy, un sightliest, give, cruds up, to roof, shadowed, uninformative, more gorged, point finger at, denunciated, letted have it, most multivocal, more wound, between the lines, most hightech, more glassyeyed, most on-the-fence, most unlighted, unclouded, rises above, de-cries, clog, most shifting, lay one door, on q t, most casuistic, leaved shade, de-valuating, harsh, more oftrepeated, shade, dirty, reel in, be grimes, non-committal, de ranged, retarded, more shuffled, sur-mounted, dis-composing, most crabbed, casuistical, gotten in way, out does, in-scrutable, thumbsed down on, hemming hawing, dis countenance, mixedup, most mindbending, go pieces, clogged, lets have it, most enigmatic, pro-fuse, pro found, most driveling, unmemorable, more dismayed, most stuffed-up, unswept, finished off, emptyheaded, obfuscous, be-grimes, dis composes, most trustless, most secreted, motley, most floored, be little, dis-located, most blustering, dis composing, polysemous, dis arrayed, under hand, inter-woven, dis improved, dis-arrayed, prohibit, de means, roll back, in dilemma, un-stable, more contorted, un specific, boskier, more darkish, un just, intricate, more sandwiched, over-rode, pins it on, up the hilt, more snarled, necromantic, in violable, keep, drags into, inter-mixing, be smeared, dried out, most fathomless, going to the dogs, most disheartening, un screwed, more vexing, most poker-faced, over-power, de-crying, over loaded, more even steven, more foreboding, under mining, laying at ones door, draggier, pinned it on, adumbral, evasive, dense, muddying the waters, de feat, most dumbo, in-substantial, dis simulated, un-acknowledged, dis-crediting, make vague, saddling with, topsy turvy, go dogs, more unconvinced, silvery, casting slur, be overcast, de-cline, matest, smoke colored, most contained, feel in bones, most necromantic, out order, most dead end, begrimes, dis solved, more unpointed, in consistent, laid at ones door, getting in way, grimed, drags feet, washed out, inter-wove, finishes off, pile up, more retardo, be-smear, at sea, un-trustier, phonying up, in conveniences, Sandwiched, GUNKY, hanging up, over-whelm, un-earthly, dis-solved, over-riding, most unexplicit, more congealed, be fouls, lose it, over cast, Pilate, breaks down, disorienting, most unmemorable, most jellyfish, getting in the way, ropy, constricted, reels in, wert overcast, sallow, clouded up, laid for, de solate, over-weigh, more stained, un-predictable, un balances, un nerved, pre-tended, more stifled, in-sensate, went to the dogs, more adusk, un balancing, smaziest, most flummoxed, most adusk, shamefaced, dis-torts, unpeaceful, un-exposed, most imprecise, going to pot, vitrified, Fuliginous, getting the way, re proved, drags down, low pitched, more twilit, more daedalean, more forever, ward off, more stuffed-up, most unzipped, uncleared, be-soiling, most plugged, dis solve, in-effective, dis countenancing, more rattled, Elusory, most uninspiring, most awe struck, more raining, more saturate, underachieving, zero-zero, most juiced, more unknowable, bottom side up, reined in, the jurys out, more zero zero, most jam-packed, more uninspiring, up for discussion, de pressed, covered up, murked, indecisive, un eventful, most faltering, most lightless, more jam-packed, disimproving, more swarming, come unzipped, takes precedence, dragged one's feet, most mind blown, more confining, doubletalking, be-grimed, unexplicit, dis-simulated, de-cry, more jam-full, more blurred, encumbered, hits the skids, unfixed, in-audible, cloud over, de-meaning, filled, close knit, blown away, bounce, difficult, impenetrable, in cold sweat, non-translucent, inclement, inter-weave, more wringingwet, blockaded, most greek, inter laced, dis-arranged, in-effectual, bar, casting down, scuzzy, inter-twisted, most chagrined, more circumlocutory, mind-blown, distort, pro visional, ho hum, sub-due, questionable, un exciting, more imperceivable, mis represents, mucks up, un-marked, most unfocused, clouding up, Thronging, pro-fane, broke down, most toneless, more oft-repeated, besoil, full gills, darken, un-sung, over thrown, denatures, dis-allow, de files, muddies the waters, be wilders, hitting skids, most stoppered, in-elaborate, most reverberant, reeled in, orphic, more vibrating, un easier, over-casting, rimier, lays at door, make a party to, make impure, dis concerting, most entangled, unknowable, mis represent, un-believing, un-touched, most dripping, dis countenanced, re tardo, be-smirches, un-restful, unsteady, be smear, un substantial, in-accessible, stupefied, pitch black, un-ending, un believing, adusk, dis quieted, most anarchic, dis credited, hypo thetical, most pitch-dark, un fixed, more butterflies, more muddied, overcloud, in clouds, un-kempt, GRAYS, uni-form, prim and proper, most suppressed, boggier, overshadow, in-credulous, most wall to wall, more close knit, un likely, murky, off balance, out earshot, bespattered, re-strain, beyond one, more mindblown, hypo-thetical, feel bones, most peasoupy, draggiest, de bar, de-moralizes, stopt up, most stained, astrological, retro grade, most compressed, middleground, out the sun, staunched, leery, be-fog, de-composed, dragged ones feet, un-readable, over running, dis-integrate, mis-represent, drags one's feet, made vague, un canniest, dulls, be-little, dis allowing, graying, discourage, un happier, vestigial, covers up, foul, cruddier, over weighing, hamper, un-zipped, Retrograded, un-steadier, steam up, de based, be soils, shadowy, blustery, un restful, more swaying, feeble minded, inexact, more contaminated, re-strained, overclouded, out lunch, most indicted, un-fortunate, stuffed up, maziest, oldfashioned, eclipse, more unfocused, more clotted, most bleared, big yawn, more shrouded, lilylivered, up to rafters, dusker, Manacled, un-settled, over-load, de scending, in operative, be fouling, more middle-ground, more jellied, laying ones door, in explicit, most tamperedwith, dis-trustful, sur-rounding, bemeaned, iffy, more rumpled, mysterious, most enveloped, broken down, in ambush, un-noted, un-balances, inter-mixed, dummier, pitch dark, un-clearest, wimpy, laid one's door, in auspicious, beyond comprehension, un-natural, co pious, obligate, upset, ex-celling, fore stall, un-intellectual, run of the mill, most astrological, dull, retardo, cruddy, over one head, most bleached, in-filtrates, most pukish, more pitchdark, gets in way, inter-twisting, most high tech, put a stop to, trammel, most fluctuant, in articulate, breezy, more piano, un revealed, wringingwet, in direct, cast slur, dis-inclined, baffling, Disimprove, de-grades, more acherontic, cast a slur, more wall-to-wall, most delphian, encrusts, most soaking, Bottling, up ended, most drenched, un-responsive, pro scribing, crepuscular, most ramified, to the roof, laying one's door, falsify, dis continuous, most casuistical, doctor up, unproven, be fog, un-sanitary, more acheronian, most bottom-side-up, dis-guising, more flabbergasted, pro-scribed, leading on, re tired, shuttering, going pot, poker-faced, dis-tort, gloppier, more multivocal, out of sun, more bated, pro fanes, stygian, inter-twists, de barred, more impugnable, dis guising, most yo yo, dis-agreeable, most daedal, dreggier, fathomless, sub-rosa, overclouds, rise above, over-ride, finishing off, out-maneuver, throwing up smoke screen, hushhush, be fuddles, turbid, most forceless, over-runs, noncommital, most shifted, more crepuscular, un-truest, forfeit, be-fouls, more bleared, more ill lighted, most stashed, most disapproving, sophisticate, most ruffled, scummier, un-cleanest, crudding up, inter-fere, thumbsing down on, most consigned, pointing finger at, in audible, mis taken, steamed up, mis-leading, more clogged, pre vent, most flimflammed, be sting, running scared, un-developed, mindblown, weak in knees, un-truer, more unsupported, call down, dragged down, un-defined, dis graced, fuzzing, dis-honors, hard to believe, Inumbrate, un steadier, un sung, de coyed, taint, de cline, jammed, most sullied, gets the way, more glowering, wont wash, hold, un-focused, characterless, out weigh, empty headed, more slap happy, trans mundane, be wildered, more driedout, weighting, laying for, clouded, most incognizable, more upended, over lays, dis-tracts, held for questioning, in adequate, stoppered, more muttering, taking precedence, emulsified, more showme, most unpointed, un-steady, un likeliest, oft repeated, un precise, more hermetical, negate, dis-approving, slow uptake, cloudlike, hog tie, blubbery, more toneddown, more outfoxed, un-published, made indistinct, out weighed, more humbled, un-relieved, laid at one door, most conspiratorial, more jam packed, de-filed, hightech, fill, get in way, crawling with, de crying, most disconcerting, more conspiratorial, more awestruck, light headed, dis-continuous, in a quandary, more finegrained, de-pressing, dis-orderly, most unrealized, inter twisting, un-finished, more flummoxed, most clueless, stormy, casuistic, gets in the way, de-coys, more guessed, most jellied, un trustier, most begrimed, most dissimulated, leaving out, un-sound, more discomposed, dams up, catch up, wall-to-wall, downcovered, pro scribe, leave the shade, greenish yellow, more subnormal, prosiest, muddied waters, in muddle, more mind bending, more sullied, more abused, put in the hole, out to lunch, plant, un canny, more sub-rosa, under suspicion, de-valuing, pro-found, in side, Tamped, more transmundane, stragglier, clangorous, hangdog, glassyeyed, more contained, out sun, helterskelter, Tars, re pressed, be fuddle, smoking, dis integrated, most agape, rising above, become worse, un-stablest, riproaring, pro founder, over-ridden, more on-the-fence, up hilt, Imperceptive, most tranced, mis-laid, most barred, inelaborate, in-coherent, lost it, more smoldering, full the gills, more strangled, more unprecise, cloud, more nubilous, more temporizing, dis gracing, impeded, most cropped, in communicable, stops up, hit skids, un interesting, more down-covered, dopes up, suffuse, misinterpret, be-clouds, most amphibological, blamable, entrammeling, dis-placed, dis credit, up for grabs, over cloud, HIT, benets, retro-graded, de compose, Amphibological, more unrevealing, pollute, under-lying, indiscernible, in commodes, nullify, most clotted, most samely, dis approves, more ho-hum, out maneuver, be draggled, indistinct, un inspired, closed in, Gated, re strains, inumbrating, more unacknowledged, be-fuddles, socked in, radio activated, aporetic, staunches, involved, overcasting, inter weaving, threw up smoke screen, more discolored, most bated, more spattered, low, more pea-soupy, lay at ones door, diffuse, scurvy, pro fane, most nothing, be-smirching, unpointed, blank, un workable, un imaginable, most cobwebby, dragging feet, de-ranges, most oft repeated, un-happy, un-determined, suspicious, more show-me, most astounded, un-disclosed, stirred up, de scends, most howling, hit the skids, doleful, have a hunch, not kosher, most crammed, pro-scribing, freethinking, re strict, de values, sur-mounts, appear, in-auspicious, too deep, trans parent, over-powered, rayless, in-conspicuous, laying door, wet, over-filled, un sharpened, chiaroscuro, disimproves, Atramentous, ex celled, close-knit, up-ended, more unexplicit, send up, most temporizing, radioactivate, perplexing, re prove, Multivocal, Dooming, muzzy, munger, most monotone, disco-loring, chockest, most zipped, subject accusation, undecided, banausic, most darkish, most baffled, wast overcast, be-mired, de-barring, more wrong-side-up, more closet, high-tech, sends up, in a dither, more dead end, glut, most humbled, most middle-ground, most bilious, taking down peg, dis allowed, most dishabille, dis organized, more peasoupy, complex, over weigh, jam pack, dis-credit, dis courage, crudded up, most orphic, un assured, strike down, be-smirch, more smoke colored, most sphinxlike, inter mixed, weak in the knees, doughier, un acknowledged, dis improve, Benetted, freezes out, monkey with, un tidier, in-active, most unspecific, more deadened, dis-oriented, most twilight, un inflected, un-glued, un-explicit, un-earthliest, in-conveniences, uni form, most numbskull, Muddy Waters, over laying, bollixed, dis organize, shot down, ropier, floatier, over-weighs, more yoyo, mater, leading nowhere, more qualmish, faded, most twilit, mattest, be foul, unsteadiest, shot to pieces, longwinded, clear as mud, on head, Trustless, un clear, de-ranged, in decipherable, more glassy-eyed, re pulsing, un convincing, squallier, most illlighted, Numskulled, in-securer, in-sensible, punishable, more mystified, most mingled, un decipherable, over-whelmed, between lines, ropes in, bottom-side-up, mis-representing, dark-complexioned, guilty, ill-defined, more awe-struck, inter-laces, un-balanced, most smoke colored, be smirching, inter mixes, de meaning, dis-grace, un kempter, un-decipherable, gunkiest, un truer, most duped, open to question, non translucent, dis countenances, most stumping, de coy, making impure, clouding the issue, pale, out-doing, most multiplex, most aqueous, latent, in determinate, un-washed, conspiratorial, more glassy eyed, wimpiest, lamebrained, most flabbergasted, doctoring up, cast down, taking down a peg, more bulletproof, most delphic, toneless, doughy, be-netting, long winded, in-visible, darkened, jam-full, most unacknowledged, out-shining, misrepresent, rolls back, more fine-grained, inter lock, un-discoverable, saddles with, over whelmed, intertwists, shooker, most dazzled, water logged, wishy washy, puts stop to, find guilty, sandbag, most snowed, closed one end, most unscrewed, most close grained, on good terms, more mosaic, complicit, over-laid, all over the place, sur-mount, re sounding, un knowable, most unnerved, passing sentence on, pro-scribe, dis-courages, be-smearing, fore-stalls, sends the river, more stygian, Shrouded, over spreads, dis placed, most subfusc, de-valuates, be-cloud, on qt, confounded, most jelled, sends river, more overfilled, dis located, un-sure, steaming up, squally, over-clouding, unconfident, untrustiest, in-commodes, more slaphappy, most curled, in filtrate, hard solve, more solidified, inumbrates, sedimentary, avoid, most muddied, more umbral, aphotic, sneakest, finds fault with, un-promising, more sphinxlike, makes difficult, un peaceful, mow down, have stage fright, un-memorable, most downside-up, up braids, skeptical, more tarnished, mowed down, more agnostic, ex celling, most wrong side up, illdefined, fumier, sub jugate, more down covered, un frequented, more massed, Hermetical, most unswept, in filtrated, boxed in, de-base, more tranced, un realized, leaved the shade, hard to solve, de composed, cloud the issue, more paradoxical, out-shined, most scaredycat, dark complexioned, went downhill, dishabille, inter mix, inhibit, de-voted, more surmised, gat the way, undusted, Stumped, most mind bending, most unprecise, most miscalculated, phonies up, double-talked, dumdum, dis concerted, Perdu, un-usual, bilious, more disheartening, most bemired, inaudible, not fair, rimiest, radio-activated, in-glorious, Daedal, over-whelms, un memorable, pro-scribes, most staggered, in-clement, up-braiding, re-gular, be wildering, more scaredy cat, mindbending, more feather brained, more arraigned, de-coyed, most lamebrained, more jellyfish, can worms, left shade, impugnable, most treadmill, un-hygienic, un-kempter, indefinite, dis heartening, drag in to, most snarled, touch and go, most tumbled, lays at ones door, puts to sleep, more doubtable, more nontransparent, re aching, slap happy, un-expressed, more mobbed, most oft-repeated, boxes in, make indistinct, un sympathetic, dis-improves, dis ordered, Caked, most paradoxical, more weak-kneed, most wringing wet, most flustered, re-proved, more whitish, bemeans, over riding, in-complete, unlaundered, wrong-side-up, most water logged, more sequestered, pre-venting, mungest, re-aching, de scended, trans fusing, casting a slur, most pigpen, gorked, un-settling, un washed, inter lace, mushy, most clogged, more befuddling, most seething, unfathomable, be smirched, stopped up, more equivocating, un kemptest, swarter, convict, most arranged, denunciates, unrestful, more obfuscated, multi-form, dis colors, re-pulsing, dis compose, de cay, un common, Fumy, lays at one's door, in-criminated, most napped, raining cats dogs, out-weighs, dis-allowing, made difficult, buttoned up, most fine grained, more atramentous, casts down, washedout, more banausic, Tortile, in-consistent, sub-fuse, more bottom side up, impalpable, jellyfish, trans-fuse, edentulate, most foreboding, more slap-happy, un easy, most pea soupy, Knurly, gat in way, more unnoted, hung something on, stole spotlight, most wringingwet, occult, un proven, not dependable, most changeful, more muted, art worse for wear, in chaos, more numbskull, unspecified, more round-about, most backdoor, re pulses, most serried, most gordian, un intellectual, dead tired, gloppiest, more crushed, ho-hum, in-cog, most twisting, full to gills, birdbrained, most toned down, dragging one's feet, peasoupy, more turned, over-thrown, most eclipsed, be fogs, more disarranged, shut, most overfilled, more scaredycat, bleary, denature, culpable, driedout, over clouds, more weaving, entangled, more zero, most waxlike, closeknit, more populated, more dislocated, colored, un confident, most unhonored, smazy, ensnarl, made hazy, un hygienic, unvaried, un-juster, un-believable, un seen, inter lacing, most pitch dark, up turned, refutable, subject to accusation, jam full, un-comprehensible, threw smoke screen, more dissembled, more out-of-place, over-loaded, more bleached, blow whistle on, most perdu, betwixt between, in-direct, co oking, acherontic, more gummous, slowwitted, un-eventful, more aporetic, in-distinct, most weak-kneed, un cleaner, most slatternly, most saturate, lay at one's door, un-distinguished, more fuddled, monkeys with, de mean, slow witted, re-current, in-tangible, intertwisting, more illlighted, funereal, Hazed, up air, lusterless, un imaginative, dis-quieted, most subrosa, dis-tract, sandbagging, reining in, Darksome, de-graded, mis-represented, the roof, qualmiest, edgeless, un-fixed, high tech, most emulsified, unspecific, de cry, un-tidy, un-changing, most finegrained, most appalled, drag one's feet, wadding, co oked, over throws, enmeshed, more wall to wall, umbraged, be-smirched, most occluded, staunching, block, un earthly, Mistakable, most dark complexioned, more bristling, most controvertible, dragging down, Qualmish, under-ground, un-substantial, un-inspiring, queer, un clearest, de-files, clammed up, blinded, inter twisted, non-transparent, re straining, tampered-with, be guiles, dizzy, dis solving, addled, at a loss, un-faithful, most poker faced, up-braids, multi form, most palaverous, de grading, shipwrecks, de-coy, Muddying, gloppy, un supported, muddy, dis allows, Trashed, puzzling, de valuing, be-draggled, be meaning, un easiest, undiscerning, finish off, up tight, most surmised, unintelligible, over-run, in sensate, un steadiest, laid at one's door, more tampered-with, down-covered, over-weighed, un glued, closed at end, de-barred, re gular, most warped, sub normal, inter feres, in clement, am overcast, un sightlier, fore-stalled, more jamfull, de scend, de moralizing, more dried out, clouds up, more show me, of two minds, made party to, dis-connected, dis-colored, muffled, fore boding, most unpassioned, pro-fanes, more incognizable, Hazing, most consolidated, un paid, indictable, most softened, most high-tech, un earthliest, re-versed, re-duce, sub due, mentally defective, begrime, touch go, most contorted, in securer, lintier, most blocked, more edentate, entrammeled, Tarring, get vibes, shot pieces, dis tort, sub-dues, blustering, went to dogs, most smoldering, most wedged, more undiscoverable, sandbags, drag feet, ex cept, entangle, stunned, Wringing-wet, yo yo, noncommittal, de grade, obfuscate, up sets, most raining, de natures, more changeful, be mean, most unrevealed, not reliable, more obstructed, dis guises, palaverous, prevails over, most stonewalling, de graded, more uninflected, un expressed, un sounder, more round about, un responsive, most circumscribed, most even-steven, dis-solving, more miscalculated, most close-grained, be-smeared, more shifted, more samely, awe struck, losing it, most bugged, de-scending, un-scientific, Obscured, most greenish-yellow, responsible, more smokecolored, lay one's door, blurry, qualmy, un ripe, more wedged, lay door, over-casts, hitting the skids, un-changed, duskest, more teetering, be smearing, dragged in to, saddle with, most inelaborate, trans-fusing, be fogged, inter locking, dope up, more nontranslucent, sucks in, shamed, most ho-hum, most unhygienic, in sipid, un usual, in-separable, dis courages, blocked, straggly, encrust, more bottom-side-up, stuffedup, most weaving, most acherontic, with mixed feelings, more inelaborate, unconfirmed, most middleground, un-reliable, sur-passed, most singsong, Saddling, most unpeaceful, most smoke-colored, leave out, out-flanking, half witted, most glassy eyed, making hazy, ceiling zero, unilluminated, un-fairest, dithering, overturned, un settled, stuffed-up, fog, dis allow, the jury out, in conclusive, in conceivable, more darkcomplexioned, re-iterated, laying at one door, more zipped, dis-credited, muzziest, be fuddling, un-informative, encumber, most undiscoverable, putting a stop to, most dumbbell, most ill lighted, most wound, more unconfident, un dusted, re-eking, more trustless, over-throw, charge, un-honored, most congealed, out-flanks, most glassy-eyed, most mobbed, dis trustful, sketchy, most numskulled, in conspicuous, most nontransparent, inter fere, laid ones door, twilit, clutter up, most obfuscated, most fuliginous, illlighted, jam, un-dependable, draggy, more unintellectual, beats me, most rootless, sent the river, more awed, more fluctuating, perplexed, more subfusc, un stabler, muddied the waters, twisted, most disarranged, most whitish, more subfuse, un-just, more closeknit, de feats, ungraspable, halfwitted, most downside up, takes down peg, in discernible, un tidy, materialize, chockfull, un enthusiastic, goes the dogs, un laundered, brake down, get way, narrow minded, greenish-yellow, embarrass, over filled, de-feat, giving a bad name, de-solate, tampered with, more syrupy, most blunted, unsettled, dumps on, put down, besoiled, bosky, Butterflies, most discolored, fail, more unilluminated, be griming, more soaking, throwing smoke screen, saddled with, not fixed, most massed, keeping out, in-sensitive, mucking up, more almost, most tampered-with, most zero zero, be spattered, most lodged, dull as dishwater, get in the way, most uninformative, most cached, damming up, more yo-yo, more drizzling, sending the river, dis honor, apprehensive, un-intelligible, most acroamatic, gets way, un-interesting, Dungy, dis oriented, saddled, more dumbbell, dis tract, most astonished, more unzipped, more unspecific, fluffed off, most feather brained, dis arranged, defeat, more bugged, overfilled, de moralize, most zero, most polluted, throws smoke screen, de-bars, most awestruck, un-canniest, dragged one feet, make hazy, fine grained, clouds issue, most down-covered, un decided, left in shade, Reprobating, most etiolated, goes to pot, most mystified, more singsong, enigmatic, un confirmed, un explicit, dis tracts, impeach, un fairer, doctors up, be-spattered, sentences, pre vents, un-revealed, more wringing-wet, duner, muddies waters, more conned, be guile, untrusty, over crowded, darkcomplexioned, cloud issue, un-sightly, beyond grasp, most teetering, un believable, in-comprehensible, pro scribes, confused, un stable, far off, more shadowed, Arenose, drags one feet, in-conceivable, un honored, entrap, begrimed, pre-vent, be-foul, most downsideup, lead on, trans-mundane, showery, be-fogged, singsong, incomprehensible, most unknowable, crud up, pass sentence on, dis torts, most interlaced, mows down, un-comprehending, most shrouded, dismal, Kinking, unreadable, more depressive, in pits, more perdu, abrogate, squalid, Entrammel, most round-about, under advisement, leaves the shade, more malfunctioning, re pressing, de-scends, more curdled, over-due, out-standing, de-bar, lightless, most crushed, dis inclined, most reeking, most showme, dis comfit, most moistened, cryptic, condemned, contaminate, in-decipherable, beyond one's grasp, Doubtable, congested, un-balancing, rose above, in sweat, out-done, un disclosed, shoots down, de cays, choking off, more uninformative, un-tidiest, more astounded, un sure, inter laces, over runs, un focused, Misrelate, de grades, unintellectual, over casts, throw smoke screen, be-fuddled, more unconfirmed, over-lay, in dispute, most vibrating, out lawed, Overweigh, be lied, old fashioned, more generalized, laid at door, most cimmerian, more indicted, most equivocating, un-steadiest, overcasts, most boneheaded, un-riper, most greenish yellow, in-communicable, be-griming, un-tidier, laying at one's door, slowed down, most befuddling, tucked away, more elusory, covering up, over-rides, floatiest, be-soil, most tossed, flossy, more close-knit, pro scribed, weak-kneed, over loading, lays ones door, dis-integrating, out control, find fault with, misty, in scrutable, be-sotted, hanging by thread, finds guilty, beyond one grasp, be-fuddle, diffident, poverty stricken, de-valued, un touched, de coying, disarrayed, hard to explain, more arranged, more scaredy-cat, un-trusty, more pilate, de filing, mis-tier, more blurring, under mined, out shone, in separable, most deadened, most malfunctioning, dis-courage, besoils, most unsupported, gives bad name, obstruct, abolish, anarchic, hazy, de-moralizing, inter-cept, unbalancing, most humorless, blame, overcast, prevail over, most questioning, most wrong-side-up, most darkened, send the river, dis honors, muzzier, more lusterless, are worse for wear, stymie, equivocal, most driedout, invalidate, out lawing, in a tizzy, rolled back, malfunctioning, more backdoor, ex-plosive, dis jointed, under-the-table, de-natured, un-divulged, un-inflected, overweighed, over clouded, un-sightliest, making party to, mono-tone, out-flank, over burdening, dis-gusting, out flank, dis-compose, steal spotlight, makes a party to, sur passed, most water-logged, dis-improving, inter-twist, over powering, more dissenting, on-the-fence, more waffling, in-filtrating, more smoke-colored, unapparent, full to the gills, in-securest, more delphian, most retardo, dis-jointed, up braided, un published, gloomy, casts a shadow, most unrestful, more hohum, flossier, de-cay, Nubilous, most swaying, re-probates, sur mounting, more gordian, humorless, more downside-up, accused, un-kind, be fuddled, most outfoxed, most ill-lighted, Stickling, be-wildered, invest, like sardines, more greenish-yellow, dimmed, jamfull, in dark, stop, out of date, trans-fuses, most dissembling, un reliable, dis-color, disco loring, puzzled, most scaredy-cat, indecipherable, de-based, un-resolved, un-easier, more howling, over-shadowing, gotten the way, went the dogs, over shadows, most show me, more jam full, de-composes, boneheaded, re proves, more high tech, more edgeless, up-braided, double-talking, verging on, sur pass, Dizzying, de-scend, most nubilous, impure, un-quiet, barricaded, be-soiled, is worse for wear, be-means, most smokecolored, over shadowing, on the q t, disorient, un quiet, motheaten, somber, over ones head, most prevaricating, zero zero, re iterated, Wedging, numbskulled, more dumbo, in tangible, more wrong side up, sur-passing, not with it, be dimming, the jury's out, more subrosa, dusty, out flanked, foggy, linty, re-pressing, most gridlocked, takes down a peg, out of line, most nonplussed, over burdened, de bars, over-cloud, dry, un-decided, more riproaring, deteriorate, more echoing, in sensitive, up set, tamperedwith, SHOW-ME, biting nails, re-served, sent up river, un settling, most impugnable, with-held, more fatheaded, most compounded, in abeyance, mis tier, more tiffany, rimy, extend, be cloud, most mindblown, out standing, on thin ice, without egress, dis improving, doped up, most bulletproof, give a bad name, over-throws, am worse for wear, un-fairer, un-kinder, be clouds, blot out, un-assured, impassable, infuse, most stuffedup, most dissenting, most polysemous, most awed, more murmuring, co-oking, under examination, umbraging, fatheaded, dis colored, most fainting, unacknowledged, passes sentence on, un steady, under handed, most unconvinced, more reverberant, most silvery, over whelm, most under the table, more numskulled, mystified, under developed, more greenishyellow, up braid, cobwebby, lily livered, glazed, more unproven, stuffed, subfusc, hohum, most rattled, casts shadow, most glowering, un explainable, de-file, most unilluminated, more warped, was overcast, over loads, got way, over throwing, in credible, under-cover, pea soupy, re-prove, be-mused, blotching, un kind, lintiest, leads on, send river, un-ripest, double talking, inculcate, going the dogs, most snafu, most glassyeyed, wringing wet, multi vocal, leaving in the shade, more reiterated, be-clouded, more bespattered, more blocked, sur-pass, more waxlike, make party to, pro-founder, thrown off balance, chocker, more wringing wet, de-value, dis-graced, dis-guise, close together, more close-grained, dis-ordered, out foxed, de file, more controvertible, freezing out, more astrological, sullen, dis orienting, blots out, de-grade, more snowed, making indistinct, de barring, un tidiest, oblige, dis-organizes, more weak kneed, choked off, most evensteven, most bottom side up, most vitrified, indict, most caked, loose, made a party to, overweighs, more cropped, more hightech, un-clear, sub fuse, more pea soupy, dis comfits, bemeaning, de-valuate, wert worse for wear, bottom up, un-justest, more feather-brained, dis-gracing, ill-lighted, scurviest, makes vague, sub-normal, more astonished, simple minded, most muttering, dis-guised, more unrealized, made impure, dammed up, won't wash, most syrupy, befoul, smoky, out line, most ungraspable, befog, unheard of, without belief, prim proper, up-braid, more ho hum, clouding issue, dragged feet, closed, re probated, more rumbling, re fuse, dis graces, inter-mixes, un-convincing, dis-improved, more floored, dragging into, un-seen, most generalized, un fair, inter-weaved, un enlightened, go the dogs, more raveled, Fooled, de-scended, rein in, becoming worse, poorly lit, casting a shadow, lost quality, more nonplussed, more undivulged, radioactivating, over powered, knotted, over powers, most sounding, un readable, most obstructed, un lighted, oft-repeated, un-dusted, multiplex, un-confident, filmy, in elaborate, found fault with, dummiest, un-easiest, out of earshot, Disannul, weak kneed, most hohum, more undusted, unrealized, losing quality, hangs something on, self important, in-operative, un-frequented, over-whelming, more sub rosa, retrogrades, most bespattered, more emulsified, raining cats and dogs, non committal, re-straining, retro-grading, re fusing, out of view, rings untrue, over head, unlighted, dungier, most dead-end, un-inspired, be-sting, under ground, most jam full, most overclouded, dis gusting, more twilight, sub dues, sing-song, de-pressed, under false pretense, wiggliest, gat in the way, more polluted, dis improves, most butterflies, over weighed, casts a slur, in-cognizable, dis honoring, un promising, more multiplex, mis trustful, most ho hum, leave shade, un juster, sing song, trot out, disperse, dis-countenances, gridlocked, un-graspable, scaredy-cat, makes indistinct, freeze out, most droning, toneddown, more blustering, muddying waters, trans fuse, leaves shade, laying at door, stopped, lays at one door, sur-passes, most toneddown, de-compose, most hermetical, packed like sardines, un satisfactory, most obfuscous, more smudged, more stuffed up, most molested, over weighs, un exposed, overweighing, sucked in, benetting, Dulling, pinning it on, swartest, difficult to understand, secret, more barred, drag one feet, be-wilders, in accessible, box in, dis-concerting, out of it, more choked, disimproved, unfree, roped in, inter weaves, radioactivated, most vexing, out of the sun, blanket, unsharpened, most zero-zero, pendent, goes to the dogs, in distinct, un-earthlier, Entrapped, straggliest, un noted, un resolved, most membranous, de basing, jam-pack, unstable, de-mean, un foreseeable, radioactivates, un-supported, more pukish, confusing, most showery, wishywashy, Mildewed, dis-solves, be-nets, de composing, in glorious, most qualmish, became worse, un committed, shrouding, dis composed, annul, re duce, puts sleep, slap-happy, un discoverable, most dismayed, proscribe, retro grades, make dusty, most blinded, in cog, re-presses, hard believe, more aside, more polysemous, re served, stealing spotlight, be-mean, out it, de-coying, spend, more piled, more occluded, un-confirmed, sur-prised, more flimflammed, in quandary, up-sets, round about, most jam-full, downside up, over-loading, smokecolored, flossiest, in-soluble, showme, out-lawed, samely, acheronian, doubletalk, most scaredy cat, more downside up, more toned-down, pre-carious, weighted, retro graded, un cleanest, inter-lace, un-stabler, inter-laced, dis-comfits, be-meaning, dis orients, more dead-end, cloud-covered, disputable, putting stop to, befogs, re-pulses, thumbs down on, jurys out, most twined, under cloud, more blinded, in dither, leave in the shade, most jam packed, take down a peg, more palaverous, closed at one end, un-peaceful, more circumscribed, troubled, enigmatical, de-moralize, most shuffling, incognizable, censurable, un clean, un defined, sending up the river, more overloaded, keep out, more entangled, dis-solve, most middle ground, in cognizable, dis-concerted, un-fathomable, more chagrined, out-shines, unfold, un-commoner, dis-composes, unsure, Shipwrecking, most clabbered, warmedover, go to pot, most disquieted, un fairest, dis coloring, more vitrified, sandbagged, dis integrating, fine-grained, monotonous, lose, getting way, more curled, more delphic, lowpitched, un sound, sur-prising, rough, more cover, most unproven, more baffled, be grimed, over due, went pot, dis-honored, tangle, rainy, over shadow, un-fair, de-valuated, hang something on, over-weighing, pre venting, inter weaved, most stickling, dis credits, break down, more flustered, cloudy, most wonderstruck, implied, Acroamatic, Trammeled, punch drunk, more zero-zero, de-range, more silvery, un-accountable, more showery, unhonored, befogged, qualmier, most chiaroscuro, Tamping, smoke-colored, more reeking, weakminded, faltering, more unnerved, up the air, most almost, make filthy, re-probated, up-setting, in visible, dis connected, more under-the-table, more elaborate, most numbskulled, most sing song, most out-of-place, cimmerian, more clueless, most scrambled, most round about, sending up river, un varying, most fatheaded, most unpiercable, keeps out, up rafters, un convinced, most show-me, warmed over, unhygienic, complicated, benet, de-grading, Wonderstruck, sur mounted, dis-integrated, tinted, more stormful, leaves in shade, glassy eyed, re probating, over ride, more deluged, pitch-dark, mowing down, mildewy, more dissimulated, fainter, more membranous, slow down, un-enlightened, more unhonored, subfuse, convicted, slippery, open to doubt, more mindbending, shooting down, most shadowed, cloak and dagger, smazier, mazy, up-set, most rayless, bulletproof, most vestigial, re-mote, dis commode, more monotone, de range, rescind, be-dimming, defame, Begriming, send up the river, teasing, blameworthy, most out of place, most aside, un-kemptest, un-explainable, more lodged, more stuffedup, finegrained, mis calculated, more confounding, membranous, most brunette, dis color, un-clean, most glutted, wornout, most disarrayed, over whelming, un-illuminated, mis represented, un intelligible, most tarnished, trans fuses, more stickling, in a fog, come apart, occlude, thumbses down on, most mosaic, over-shadows, be-fouling, sur mounts, Stormful, over burden, closed end, tamp, fly by night, inter-lock, most toothless, ensnare, most mind-blown, unlit, subrosa, up the rafters, un-fateful, hemming and hawing, hard to understand, dis-reputable, more plodding, pre carious, more flooded, loses quality, un fateful, most braided, farout, got in the way, more dumdum, more tumbled, under indictment, rolling back, besoiling, disorients, more contestable, more velutinous, lays one's door, greenishyellow, more jelled, imperfect, Semiopaque, un specified, going downhill, boskiest, weak the knees, most overloaded, inter-locks, leaved in shade, opaque, between sixes sevens, in secure, most piled, most characterless, more disquieted, difficult understand, sending up, more trammeled, make difficult, more darkened, up setting, out shined, in-violable, more bamboozled, chock, more toned down, un detected, dumped on, un illuminated, boggiest, un-swept, prevailed over, mucked up, dis-coloring, ex-cursive, in effectual, were worse for wear, Mysterial, dissuade, gotten way, most imperceivable, was worse for wear, griming, torpedoed, sent river, sur-mounting, most umbrous, slatternly, un changed, denaturing, trans-parent, un clearer, un changing, more weakkneed, most fine-grained, reins in, most spattered, left the shade, dis agreeable, re-probate, over rode, unrevealed, un-varied, un-revealing, tar, weak knees, more stashed, most alchemistic, not clear, most tiffany, more sophistical, ex plosive, curdled, be-clouding, dried-out, un-specific, clouding over, un-trustiest, at loss, yawnest, Retrograding, in confusion, helter skelter, un-lighted, pitchblack, most slaphappy, un ending, un fathomable, Befogging, de nature, un-pointed, dis-countenance, be-guile, hang up, un-proven, in credulous, debase, on ones guard, put hole, more unpassioned, un graspable, most pea-soupy, dusk, dam up, got in way, backdoor, de-composing, inconclusive, un-exciting, over-powering, more rayless, under-handed, be littles, de pressing, more unswept, most gummous, cloud up, unassured, more cached, most transmundane, more agape, making dusty, see through, out-weighing, re fuses, lackluster, inter cept, un-common, down covered, Bemean, over-laying, condemn, casting shadow, more softened, over throw, de cries, in-secure, dis-commode, more unscrewed, most pilate, torpedoing, dis-approves, dis-heartening, out weighs, went dogs, most daedalean, more ruffled, clouded over, most disorienting, un-trustworthy, most lusterless, out-does, most compound, most rumbling, distrustful, rope in, jampack, tie up, more disconcerting, most gorged, drag ones feet, more dissembling, be soil, more water logged, more dark-complexioned, throw up smoke screen, alchemistic, most bundled, kept out, embroiled, letting have it, toothless, sent up, dissolve, Unpassioned, de voted, pre-vented, Reeling, dis cursive, more tossed, fluff off, thrown balance, un-cannier, dis-approve, more mysterial, yo-yo, pin it on, seeing stars, cramped, most aporetic, thick, dis-honor, cast shadow, Snowed, dis commodes, boxing in, far fetched, cruddiest, in-definite, clouded issue, most forever, fore-boding, tipsy, dis orient, in-convenience, re strained, more braided, goes pot, mazier, more mind-blown, over-crowded, most elusory, most guessed, inoculate, un-soundest, un finished, mis-trustful, misstate, re moved, more casuistical, abstruse, most freethinking, more closegrained, without clue, went to pot, more necromantic, re-fused, in sensible, speechless, muddled, in disposed, most uninflected, ambiguous, un scientific, leave in shade, most dried out, more compound, conglomerate, be fogging, encrusted, double talked, most umbral, un-kindest, retro grading, in comprehensible, most smudged, most unvaried, more ramified, alloy, un-knowable, de-luged, more unlit, contestable, unpromising, laid one door, more disorienting, blur, ante diluvian, most enshrouded, de-cays, all over place, be mused, darkish, unconvinced, under lying, uncertain, doughiest, under-developed, out doing, blind, nontranslucent, over casting, hanging by a thread, be-lied, un accountable, un feeling, most dried-out, Denunciate, in temperate, more fathomless, incriminate, drags ones feet, more enshrouded, un divulged, more dithering, leaves out, bewildered, downside-up, torpedo, taken aback, leaving the shade, un determined, most subfuse, re press, calls down, makes hazy, reeling in, more storming, transmundane, out-weigh, dis-countenanced, more glutted, be clouded, most close knit, Manacling, phonied up, most arenose, lays for, awestruck, most turned, rootless, more unsharpened, dis-comfit, stereo typical, murking, sent up the river, Tarred, most unsharpened, gunkier, more clabbered, most stuffed up, Unprecise, most mysterial, more umbrous, most deluged, multi-vocal, be lying, most amazed, imprecise, more pitch-dark, most awe-struck, more forceless, most muted, un distinguished, more amphibological, circumlocutory, more thickened, more overclouded, more fuliginous, most fazed, close, most clashing, going dogs, between rock and hard place, un-screwed, most wrenched, be clouding, more consigned, more molested, dis-allowed, more unrevealed, radio activating, re-proves, mis leading, more mind blown, most aphotic, more aphotic, zerozero, be smirches, wearing away, vague, abashed, more nothing, inverted, be-netted, fuzzed, leaving in shade, have funny feeling, took down peg, open doubt, took precedence, more caked, Entoil, un kempt, out weighing, in-determinate, most darkcomplexioned, most swarming, muck up, dis organizes, chokes off, be-fogs, over shadowed, in-different, un likelier, de luged, close-grained, up-turned, mis placed, clear as dishwater, hanging something on, re pulsed, dis honored, swart, makes dusty, dis-orients, becomes worse, under-mining, fluffing off, most nontranslucent, fuzzy, most incog, un commoner, un-quietest, re-pulsed, dis-cursive, fore stalling, blotted out, most stormful, hard understand, un-specified, in effective, run into, lay ones door, corrupt, more incog, were overcast, more awe struck, deadend, re presses, de-natures, de moralized, be-littles, phony up, clouded the issue, more daedal, be soiled, dis mayed, re-probating, art overcast, mind blown, roiled, most shuffled, goes dogs, more unfixed, de valuates, more dazzled, called down, wiggly, out of place, unnoted, re-sounding, most pitchdark, un kinder, chock full, cancel, musty, more imperceptive, un stablest, colorless, compel, most dark-complexioned, most unglued, garble, de-ranging, more anarchic, brokendown, round-about, most unassured, convoluted, dun, got the way, stuffy, Gummous, let have it, most flooded, pitchdark, more questioning, dis-orient, most undusted, most raveled, close grained, most adumbral, in explicable, out-did, trans-fused, massed, most upended, show me, TAMPS, un-workable, denatured, up-tight, suck in, un trustiest, out-maneuvers, cover up, most closet, dis grace, sophistical, most riproaring, be-fuddling, slow on uptake, povertystricken, dis-graces, dis-composed.",0
what causes eye blackouts,msmarco_passage_04_234099816,"Antonyms for ignorance. gassing, subconsciousness, ex-tensions, dis position, seeings, de-sign, demarche, pre disposition, booklearnings, under-scoring, inculcations, postpubescence, baksheeshes, illumination, in-convenience, instrumentation, pre occupation, intimacy, fraternization, re quests, little game, supervision, top story, studiousnesses, crammings, re-vision, mastership, pre sciences, fish eyes, erudition, ex amination, pre-paring, stranglings, pie the sky, visualizations, hot story, fore-seeings, look-sees, convenances, mind for, expertise, pre occupations, pursuance, mis trusts, proselytisms, Surveyance, literature, putting in order, top stories, in vite, ex-pose, re capitulations, good tastes, alivenesses, long-sightednesses, bookishness, reasonableness, hypo-thesis, forethought, polish, look-overs, de-riving, fretfulness, abstraction, far sightedness, selfgovernment, superability, regret, statecrafts, consuetude, surveillance, pre monitions, looking at, re-lease, deliberatings, cross examinations, Canniness, mis trust, de-capitations, up keep, apprenticeship, dis composures, pre notions, study, castles in air, Agronomics, mis fortunes, wiretap, fore knowledges, scholarliness, slow takes, sedulousness, theorization, in attention, dis-regard, in-formation, de-tail, dis-mays, re-counting, background, matter course, lead time, inter-rogation, politicness, adulthood, healthy minds, motify, inculcation, in heritance, safety measure, re sourcefulness, clear mind, pro-traction, sensibility, re petition, selfmastery, generalizations, greeting, runaround, dead eyes, good taste, broad mindednesses, fraternizations, re courses, hindsight, over view, ex tent, observings, auto-biographies, re cords, drillings, in tuitions, re-call, food, de-coy, Cerebellums, fore-warnings, science, re cognitions, expertisms, delicatesse, tryon, close-up, what what, eyeballs, openmindedness, pro tractions, Re-search, Sustention, sake, de-finitudes, commonsense, intellectualities, remembrance, dead-eyne, self control, dis courses, sens, notice, surveyings, re-sort, emphasizings, medulla oblongata, source of pride, dis-position, identifyings, pre judgment, fore-thoughtfulnesses, politicnesses, skillfulness, retrospection, ruefulnesses, over sight, re portage, re-searches, stab dark, nightwatch, inter-rogations, longsightednesses, tensities, conversation pieces, scholarship, acquittance, expertism, forethoughtfulness, dis closures, lowdown, front page news, dis patch, say so, top dog, in-quest, learning, castles the air, BIOS, onceover, belles-lettre, viewings, overseeings, deifications, pre-eminences, proselytism, tuneup, guesstimate, regard, dis satisfactions, de bates, de grees, over look, preserval, LITS, secret selves, walk on, re assessment, in-junction, ex tract, artisanship, stakeouts, clear sightedness, Admensuration, be-heading, frame-ups, de termination, treacherousness, re capture, in-puts, stakeout, deduction, re minder, under standings, lionization, wonts, shapeliness, COMPS, dis-tresses, itemization, broodings, looksees, warmup, sustainings, Cajoleries, write up, look over, fore-tastes, memorization, right minds, pro positions, Dead-eye, one's things, de finiteness, guiltinesses, re cognizance, in-sight, intentnesses, preppings, tautness, artworks, irradiation, dis quiet, de finitudes, close relationships, fretfulnesses, sustentations, line of business, blow by blow, recallings, Idealities, sub structure, auto biographies, vision, mis take, human condition, Giftedness, preview, ex-cogitations, derivings, good judgments, de-terminations, re presentation, rationalizings, knowing way arounds, extra sensory perceptions, text, warmups, pneuma, cameraeyen, q & as, smoothness, prehension, guesstimates, information, hand is dealts, re-presentations, good judgment, Astucity, IQS, Dominator, guardednesses, concentratings, advance (s), fore-casts, rationalism, mis cues, sub conscious, peeled eye, fore seeings, breath life, re-thinks, intendments, dis-quietudes, de-finitude, fore cast, naturals, precaution, technique, plot, dis crimination, execution, leadoff people, validness, necktie party, ciao, de tails, dis-quiet, dope, depth, incubations, build-up, pro visions, reason, caution, main bodies, KUDO, re consideration, solicitude, Capitula, Coconuts, curveballs, re assessments, out-look, pro-cesses, ex pertness, adepts, pre judgments, interestedness, sensibleness, SUPERS, handiness, clever move, good sense, de sign, stewardships, after-thoughts, lead times, mellowness, keenness, hypo thesis, pretermission, conservings, re-minder, good reasoning, in tuition, ex tents, un reality, re thinks, dis tresses, first places, artisanships, mis-giving, pat the back, Ableness, high hopes, life, re-citations, buggings, stopgap, mis-cues, re capitulation, over-view, bodhi, stepping-stones, re-assessment, sweet reasons, over seeings, dis suasion, de-finiteness, close study, dis-crimination, cutting it, forehandednesses, Familiarity, minor point, pursuals, dos, lissomeness, self reproaches, put up job, qualification, re morse, superabilities, discernment, ex-tent, fulfillings, re-cord, re-portages, close ups, worldliness, Leisure Activity, dis loyalties, connivings, checkings, prehensions, rumination, the eye, smartnesses, fore bodings, re-constructions, scrupulousness, counter-plots, foresightfulness, catechizings, looking forward, noumenon, re-flections, bringing abouts, dis-appointments, legworks, out lines, look-over, fore boding, vibe, Definitude, sub consciousnesses, Valuing, co-operation, heedings, pro portions, pre cognitions, making readies, thinking, sub-ordinations, de bate, big idea, review, in junction, self accusation, inferrings, public esteem, contract killings, re-collections, dis may, watchfulness, eye-openers, Technics, fore tokens, Long-sightedness, fine points, in come, good words, de finitenesses, stepping-stone, be headings, wariness, acuities, frame-up, vibes, sophistication, finals, fresh look, under taking, under linings, canninesses, creative thought, dis-loyalties, prepping, un-easinesses, earful, prevision, Pandect, dis suasions, pro-fits, maneuver, civilization, circumspection, body of knowledge, bons mots, Metage, education, painstakings, clearheadedness, good breedings, pansophies, pre paring, supervisings, cutting its, camera eyen, ideality, de-grees, smarts, de-voted, cultivation, re collection, sycophancy, fact findings, under-standings, courtesy, social wellbeings, fosterings, ex-cogitation, in tensity, one thing, up-keeps, foretaste, cognizance, ORCHIDS, dis-patches, awareness, responsivenesss, imaginings, association, close up, pre mises, ideations, craftsmanship, super vising, dead eyen, ways means, de-liberating, putting order, over-statement, ability, ones thing, de-light, far-sightednesses, pre-science, tastefulness, Cunningness, inter-rogatory, inside story, be holding, a way with, intentness, prior knowledge, overextensions, pro-position, clear thinkings, long sightednesses, Research and Development, cautiousnesses, by-words, re vision, blow by blows, camera eyes, dis-closure, pro spect, assayings, stab in dark, mental agility, mastery, re-creation, intellect, doubledealing, stepping stones, ex-position, fore seeing, lethal injection, dissuasions, statecraft, weightiness, forebearance, countermines, pro-mises, pat head, the right stuff, training, vitae, communings, dis appointment, re-sources, communique, be holdings, hand, re-cognizing, up-keep, hang it, pedagogy, self condemnations, getting ready, speculatings, delvings, dis-regards, de gree, ex-aminations, hot wire, busynesses, de livery, re cord, wisdom, co-operations, insight, good word, pro position, broad-mindednesses, edibles, dead eyne, in-dependences, prowess, pre meditations, super-vision, pre-dictions, re serve, up bringing, fore token, reach, fortune telling, sub stances, upper story, animating principles, pre-monition, particularizations, obiters, pre-servings, re views, forecast, fore-knowledges, good behaviors, be-headings, out-lines, re captures, conversances, hind-sights, smartness, brightenings, penetration, sur mises, self condemnation, closeups, re marks, cross-examination, communiques, re commendations, Prenotion, talkings, well being, agronomy, re-serve, quick wittedness, itemizations, re-leases, tensity, pre monition, Compellation, de-bate, once over, main body, sleight hand, Perlustration, particular activity adeptness, fore casts, tirelessnesses, redraft, tele-casts, pro-vender, pre-conceptions, understanding, skinnies, application, ex-positions, Reluctancy, quick wittednesses, amicability, fortunetellings, governings, wieldings, ex-plications, facts, de-liberation, Tractate, mellownesses, leadoff person, apprehendings, castles in the air, broadmindednesses, falterings, assay, graciousness, cameraeyes, cross examination, reconsiderations, intelligence, look-see, carryings, felicitation, definitudes, accostings, wiretaps, peeled eyes, pre-disposition, thought processes, info, tensenesses, artifice, perspicaciousness, belief, front-page new, puton, fish eyne, dis comforts, necktie parties, breadth view, mindfulness, message, frameup, dis-satisfactions, pre cognition, administration, de-livery, funny business, hand is dealt, sur mise, inter rogations, brilliancy, flair, fore sights, gallantr, memorizations, high hope, interest, re callings, pro mise, re spect, in tendances, ripenesses, mis-takes, more lovesome, in tent, lookovers, camera-eyne, illations, fore-thoughtfulness, cerebellum, aesthetic senses, something sweeten pot, book-learnings, selfreproaches, dis guise, whole story, nightwatches, close relationship, whats what, pre mise, gallantrs, courtlinesses, re-capitulation, ex cogitation, extra sensory perception, delicatesses, retentivenesses, perceivings, de cree, ex cogitations, stickers, fabian policies, discipline, deadeyen, try-on, mis-trust, dis-patch, pre-eminence, docilities, cameraeye, concludings, booklearning, electrocution, craftships, trials tribulation, what take, nervous tension, re-commendations, preliminary studies, a way withs, creative thoughts, tipoff, pro motions, know-how, counterplot, wizardries, lethal injections, artwork, contrivance, trick, meditatings, definitivenesses, complots, weigh-ins, pre-diction, de liveries, cunnings, the goods, pre possessions, sound sense, ones things, sense, capitulum, highballs, remark, de capitation, covins, sub consciouses, bon mot, mental agilities, pre science, re citation, pipelines, lissomenesses, forehandedness, Apercus, cunningnesses, in-sights, clear minds, briskness, scruples, thankfulness, animating principle, pre-sentiment, dis regards, de-liberations, observation, ruefulness, in-tuition, learnednesses, try-ons, lead off people, re calls, looking after, dis-criminations, dis criminations, in puts, de-coys, re-spect, trans actions, un-happiness, clear thinking, friendship, re cognition, selfmasteries, re sourcefulnesses, re citations, after thought, force, ex-tracts, honor, word advice, stab the dark, over looks, de-positions, co operations, un-ceremoniousnesses, dis-charges, fresh looks, inter views, looking afters, way of life, pre-possessions, realizings, recognizance, mental pictures, hearing, acumen, minor points, the book, propagandisms, in-come, de-cree, tirelessness, lamentation, dis-appointment, mis giving, clear headednesses, survey, sequiturs, self-disgusts, re-solution, over-sight, healthy mind, brisknesses, word of advice, hot tip, craftsmanships, put-up job, post-pubescence, dis mays, nurture, cannonballs, prizings, pro-vision, tutelage, deification, right mind, ex ample, datums, taste, re-assessments, agrology, rubberneckings, Pursual, sub-conscious, fore-warning, perceptivity, panegyrics, un ceremoniousnesses, r d, quick wits, deadeyes, line business, pretermissions, gracefulnesses, sneaking suspicions, pre-sciences, nine to five, work outs, Covin, dis quietude, peeled eyen, putup job, re-collection, impalement, mark, course of action, sensiblenesses, fore thoughtfulness, comity, dis satisfaction, cogitation, tightnesses, admiration, cross-examinations, superintendencies, quickwittednesses, gracefulness, selfreproach, lionizations, fore-boding, auto biography, re search, ex-tents, de-termination, experience, workings, foresight, pie sky, maturenesses, re-construction, role, overlookings, pre-meditation, fore-handedness, un ceremoniousness, communication, voucher, ideation, big hand, pro-mise, exposure, fore telling, dis-tress, Technic, high standings, advice, groundings, pre-occupations, de coy, subconsciousnesses, pro fits, forebearances, pre-caution, social well being, pre conceptions, camera eyne, re-consideration, preteritions, in-tendance, levelheadedness, contract killing, speculation, dis positions, cannonball, book learning, dis quietudes, commishes, decapitation, einsteins, note, purview, artfulness, build ups, sub ordinations, dynamism, ex-tract, discrimination, selfcontrol, clear-headednesses, one's thing, ex-pertnesses, sub-stances, super intendency, Calibrations, faculty, Foods, re gard, wavelengths, quickwittedness, apprenticeships, marvelings, artistry, earfuls, frontpage new, Aestheticism, cutting the mustard, in formation, the formulae, stress, q and as, de liberations, out line, pat back, dreamings, camera-eye, the nod, re spects, co operation, plowings, genteelness, pre dictions, conspiracy, breadth of view, re course, discreetness, out-looks, lead-off person, highball, re velations, acuity, para phrase, belles lettres, sub-stance, perlustrations, dis-play, dis-course, dynamisms, declaration, by-word, literacy, pre-parings, point view, counter-plot, conversance, out looks, dis tress, anticipation, beholdings, Definitiveness, pro portion, de-bates, meed, inside wire, re flections, redrafts, recountings, self restraint, sycophancies, saneness, by words, lead-off people, out-line, amicabilities, how do you do, weighin, relatings, fancy footworks, watchings, up-stairs, pre-vision, conduct, rearings, re laxations, in-heritances, in heritances, preterition, nine-to-fives, pro-cessions, long sightedness, clearsightedness, in sights, on the make, studiousness, pre supposition, homework, fore front, weigh in, re cognizing, sub consciousness, dominators, fore-bodings, pre-mises, selfaccusation, schoolwork, counter plots, scholarlinesses, pre-mise, out-growths, intendances, re-marks, commish, mis-cue, Re-mark, de-signs, cherishings, re-visions, gumption, nervous tensions, dis appointments, prior knowledges, enlightenment, tillings, tune-ups, agreement, agendums, sound minds, prejudgment, pre tense, book learnings, re solutions, comprehension, deliberation, up stairs, self-masteries, what's happening, para-phrases, ex planations, re morses, putup jobs, pre conception, explanation, piece of paper, pre servals, body mikes, look sees, fore fronts, social wellbeing, reflectings, intendance, pro-visions, conductings, under-taking, re nown, the formula, co-ordination, pro-cess, dis-loyalty, re pairs, attention, dis patches, over-looking, schoolworks, look overs, mis takes, immortalizations, rationalisms, discernings, big sticks, be heading, ablenesses, lovesome, tactfulness, clear headedness, over views, de-lights, pumping ups, pre-judgment, Spottings, Intendment, sagacity, up to it, pre sentiments, knowledge, head, dis-quietude, pro verbs, chalk talks, considered opinion, fore-sight, bread butter, view, re creations, fore sight, looking ats, selfcondemnations, pro spects, big ideas, industriousness, para-phrase, sustentation, body knowledge, apercu, pre eminence, upper stories, un-ceremoniousness, stake-outs, inducings, in-quests, demarches, mullings, gaze, work-outs, quantifications, notion, monday morning quarterbackings, wizardry, calculatings, re-creations, social well-being, un easiness, quick wit, belles lettre, brain wave, usage, reluctancies, pat on head, teaching, precocities, coachings, in formalities, in tents, refined taste, specialization, pro cessions, in-tensity, re visions, re gards, feint, un-eases, trial error, underlinings, lead off person, yieldings, underscorings, companionabilities, schooling, coordination, pensiveness, good senses, in-attention, squeamishnesses, post pubescence, de lights, in-formations, particular activity adeptnesses, second looks, re-serves, preconceived idea, de signs, super-visors, good wish, another look, over seeing, keeping watches, pre visions, refined tastes, re view, dis-composure, re-velation, research development, trials and tribulation, wavelength, maturescences, dis play, deadeye, march pasts, tradition, wises, motifies, un easinesses, beaten path, important matters, matriculation, theorizations, superego, eyeball, decapitations, dis plays, monitorings, brain waves, coordinations, ex-pertness, closeup, fore-thoughts, wardships, charge, pursuings, retrospections, re source, re-commendation, inter rogation, pro-verbs, put up jobs, re-capitulations, directings, domestication, encephala, considerateness, over-looks, over sights, mind eye, compellations, precocity, dis comfort, High five, in quest, touch, estimation, good behavior, reportage, in-junctions, self disgust, memory, tenseness, re considerations, re-sorts, bodhis, pre notion, de capitations, thought process, in junctions, judgment, bravo, body mike, writeup, safety measures, Cerebrums, machination, enquiry, q as, laboriousness, fore-knowledge, self accusations, responsivenessses, tip-off, lithesomeness, deducings, doting, fore-handednesses, orchid, agronomicses, ammo, little games, pro-spects, companionability, skillfulnesses, care, command, device, sub-consciousnesses, research and developments, namings, front page new, fact finding, gallantnesses, clairvoyance, make-ups, stake-out, mental picture, fact, expedience, in tendance, pre cautions, pre-visions, re-morse, re construction, re-petition, selectivity, feeling, re-velations, pre view, high fives, quick-wittednesses, sophrosyne, walk ons, in comes, re think, re-source, pro-venders, re-course, recesses heart, important matter, re-courses, self-disgust, cutting mustard, howdies, Reviewal, diligence, dis-may, head way, be-holdings, far sightednesses, dis guises, adroitness, professionalism, in quests, recognizings, sentiences, pre-tense, pro-positions, the good, conversation piece, contemplation, common sense, squibs, in attentions, post pubescences, keeping watch, close studies, book reviews, ken, curveball, Bravoes, judgment call, experiment, shrewdness, two cents' worth, under standing, dis-comforts, how-do-you-do, qualifiednesses, re leases, dis regard, super-visions, tact, Comities, visualization, cipherings, high standing, confidentiality, cheerings, whats happenings, de voted, stake outs, preconceived ideas, dis-comfort, self-accusations, sticker, in dependence, super-intendencies, metages, re-petitions, un folding, super intendencies, getting readies, brain, moves, re-draft, dis section, goingover, re pair, canonization, de liberating, under lining, pre-occupation, re-capture, crossexamination, big stick, the formulas, frameups, steppingstones, camera eye, sentience, ministration, trans-action, literary work, foretellings, re-nown, maturations, pre servings, up keeps, sayso, watch, over-sights, super visions, re-calling, preconception, rendering, confidentialities, capacity, apprehensivenesses, over extensions, Perquisition, self-commands, calibration, mis-fortunes, medulla oblongatas, hand one is dealts, selfcommands, the eyes, look, slow take, re collections, inwardness, stew, dead-eyen, perspicaciousnesses, self-command, impressivenesses, fortune tellings, re laxation, bravos, instruction, ex tension, dis sections, dis-closures, sub ordination, piece paper, comment, hind sights, re presentations, de coys, de crees, practice, foretokens, fore-front, heed, tele-cast, aliveness, pre-conception, howdy, secret self, ripeness, docility, big rushes, ex pose, item, build-ups, mind, in sight, re-gard, inti, Convenance, belleslettre, over-extension, dis loyalty, un happiness, knowings, INS, warm up, thought, pre-cognitions, definitenesses, fore handedness, dis-suasion, respect, cleverness, para phrases, re-callings, tillage, countermine, learnedness, pro-verb, agrologies, in-conveniences, lead off persons, noticings, pre-serving, re-laxation, another looks, re actions, cogitatings, big hands, do's, memoir, honorings, knowhow, R&D, mental grasps, super-intendency, virtuosities, pro-portions, prime of life, previsions, first place, self-mastery, re cognizances, art, His, trials and tribulations, impalements, concern, under-standing, front-page news, bookishnesses, After-thought, broad mindedness, particularization, re-cognition, Superegos, encephalon, aestheticisms, re-minders, dis-sections, puffing ups, re drafts, sustainment, realization, sub structures, re-considerations, make-up, ex pertnesses, reconsideration, preparation, carings, deadeyne, good breeding, co ordination, consciousness, pre caution, Gallantness, good reasonings, Retainment, pro-motion, un-easiness, fore handednesses, precision, prenotions, most lovesome, in-dependence, surveyances, espial, high regards, pro vision, capablenesses, politesse, pre eminences, pro verb, ruminatings, human conditions, judiciousnesses, rainchecks, belleslettres, tender loving care, in-put, predictings, report, hi, inter view, chapter verse, out look, pre-views, research, retro-spect, de-tails, shot the dark, brilliance, ex planation, pro vender, glarings, intellection, ponderings, appreciation, fine point, de light, de riving, finesse, quick-wittedness, longsightedness, in to, incubation, meeds, guillotinings, ear, insights, re-cognizances, selfdisgusts, preliminary study, warm-up, book review, clever moves, friskings, re portages, self reproach, walk-on, coconut, complot, sequitur, proficiency, looking back, wildness, factfinding, stepping stone, heraldings, matureness, wittinesses, know how, blue book, hellos, pro fit, handinesses, dissuasion, light, self government, post-pubescences, un-happinesses, lookings, measurement, fancyings, fish eyen, re-solutions, dis quiets, re searches, courtliness, sur-mise, strangulation, knowing way around, illation, electrocutions, sweet reason, mis-take, up-bringing, substructures, irradiations, knack, research developments, fact-finding, trans action, dis closure, fish eye, cajolery, expertness, craft, consideration, providents, orals, grace, skill, effectings, pre-view, baksheesh, acuteness, fore-cast, perquisitions, in-dentures, quantification, regretfulnesses, acquittances, squeamishness, COMP, co ordinations, making ready, shapelinesses, consideratenesses, selfdisgust, imagination, one things, medullae oblongatae, aesthetic sense, ex-tension, TLCS, re-sourcefulness, fores, un realities, re mark, domestications, re velation, management, dis-courses, masterlinesses, soul, re creation, paragraph, re lief, gassings, re-pair, look see, pre-cognition, tellings, in dentures, in-formalities, propaganda, inwardnesses, proof of purchase, re petitions, sub-mission, secret information, astucities, co-aching, input, re pose, how do you dos, way of thinking, worldlinesses, quizzings, reasonablenesses, raincheck, Modus, mis fortune, pre serving, public esteems, complicity, tillages, in-formality, steppingstone, whats happening, commonsenses, fore-telling, deference, compliment, in conveniences, tautnesses, retentiveness, mention, pro mises, re-laxations, impurity, dead eye, re-pairs, interpretation, over extension, re-cords, pro-portion, super visor, fore thought, fore thoughts, examination, re-spects, maturity, foresightedness, process, sustainments, re-cognizance, considerings, pipeline, re-portage, un-realities, self masteries, camera-eyen, how-do-you-dos, tele cast, eyeopener, second look, investigation, guardings, foretoken, something to sweeten pot, cerebration, ex-ample, dis-guises, BIO, paragraphs, Pedagogics, ex plication, mnemonics, dis-suasions, de-crees, industry, regretfulness, cautiousness, lookover, retro spects, Wardship, walkons, talent, retainments, top dogs, sub-consciousness, make ups, Aha, virtuosity, Re-presentation, fore-thought, hot wires, sub-structure, pre-servals, pre-supposition, sound senses, carrying ons, pre tenses, wildgoose chase, dis-satisfaction, interrogatory, speaking tos, astuteness, admensurations, academic works, ingenuity, minds eye, busyness, de tail, most adoring, unrealities, apprehension, puffing up, counsel, factfindings, good wishes, prime life, mensuration, acquaintance, rote, un-ease, re lease, walkon, strangulations, maintenance, selfcommand, dis-guise, pie in sky, renowns, secret informations, q&a, weightinesses, re commendation, metrology, re flection, de-gree, dis composure, imaginativeness, retro-spects, pro-cession, work, written works, fortune-tellings, broad-mindedness, the eyen, CIAOS, dis charge, re calling, un-folding, sapience, sophrosynes, tuneups, breath of life, culture, over-extensions, literary works, dis-quiets, co aching, accentuation, pre parings, spiritual beings, dead-eyes, ex-planations, precognition, sub-missions, kibitzes, judiciousness, broadmindedness, Head-line, camera-eyes, looking backs, grillings, craftship, on make, the right stuffs, nine to fives, more adoring, self-condemnations, tune ups, ex aminations, re-cognitions, tip off, re-pose, funny businesses, foreseeings, in-heritance, agronomies, work-out, definiteness, looking forwards, selfaccusations, tune-up, way life, pro cess, aptitude, wellbeing, fore-fronts, de-liveries, hangup, academic work, out growths, trouble, AMMOS, sneak peeks, over-look, pre vision, prejudgments, mental images, self command, depth of perception, far-sightedness, discretion, kibitz, word the wise, dis course, fore warnings, graciousnesses, whole stories, perceptivities, what takes, usance, self disgusts, retention, studyings, selfcondemnation, re-citation, pre-cautions, pre suppositions, hang of it, Mouthfuls, the numbers, crossexaminations, speaking to, making grade, competence, diplomacy, under-takings, de liberation, conception, resource, up lifting, mind fors, warm fuzzy, making the grade, in-denture, considered opinions, beaten paths, estimate, Q & A, assiduity, fellowship, discreetnesses, elegance, re-views, full bloom, de finitude, clearheadednesses, counter plot, efficiency, entrancement, dis-section, high regard, course action, edification, observance, de-position, be-holding, be lief, fore-token, Pansophy, warm-ups, telltales, head lines, refinement, re sources, de-finitenesses, administerings, fortune-telling, pro-tractions, reviewals, peeled eyne, book-learning, Intellectuality, sub-consciouses, up it, datum, tightness, regardings, grasp, sound mind, weighins, re-flection, sur-mises, de terminations, pre-notions, apprehensiveness, ex-plication, walk-ons, dexterity, frame ups, dis-composures, trans-actions, inquiry, Immortalization, oversight, sustentions, sub missions, profundity, counterplots, pre meditation, AHAS, fonder, inter-views, unreality, re-morses, cerebrum, after thoughts, sub mission, de faults, in denture, by word, fore tastes, statistic, under-lining, big rush, hangings, re-view, fore-sights, dis-plays, dis-positions, way, de-fault, self-reproach, canonizations, source pride, what it take, pensivenesses, readyings, re-think, nuts bolts, inter-view, over-statements, de fault, up-lifting, magnification, squib, Visions, marbles, buttering ups, pre-judgments, re-calls, pro cession, pre dispositions, Double dealing, auto-biography, de-faults, social well beings, homeworks, dis-charge, wittiness, belles-lettres, beheadings, cameraeyne, re-lief, warm ups, carrying outs, re counting, re-captures, sub stance, protectings, tribulation, SHARPS, chalk talk, hang up, savoirfaire, written work, get up and go, assiduousness, what it takes, sharpenings, fore-tokens, head-way, pre-notion, guiltiness, sanity, mis cue, best wishes, self mastery, gaugings, conservation, sub-structures, weigh-in, reassessment, substructure, reading, dis charges, clear-headedness, re draft, fortunetelling, Cerebella, un eases, fore thoughtfulnesses, profoundness, masterships, the eyne, thoroughness, song dance, Propagandism, blue books, perception, looksee, co-ordinations, re-quests, capableness, best wish, recognition, de positions, repute, castles air, cognition, be-lief, in formations, genius, de-capitation, probings, inter rogatory, listen ups, mental image, measure, vigil, Leisure Activities, Cerebra, over statements, close-ups, recognizances, Depth Perception, needs, in-tuitions, de position, specifyings, pre-sentiments, ushering ins, sensitivities, inspection, pro traction, un happinesses, procedure, validnesses, scruple, in-tendances, emphasis.",0
what causes eye blackouts,msmarco_passage_04_632975989,"Traumatic brain injuries tend to interrupt the communication between the eyes and the brain— causing a range of visual dysfunctions. The signs of a vision problem often include: Blurry vision. Double vision. Eye strain. Sensitivity to light. Reading difficulties. Attention and concentration difficulties. Below is a more detailed list of the common vision problems that can result from brain injury or a medical condition, such as a stroke, tumor, aneurysm, meningitis, cerebral palsy, and other neurological insults.",0
what causes eye blackouts,msmarco_passage_04_635617343,"An ocular migraine, also known as an ophthalmic migraine or retinal migraine, is a painless and temporary disturbance in vision that affects either one or both eyes. Ocular migraines usually resolve, without medication, within 20 to 30 minutes from the start of the occurrence.",1
what causes eye blackouts,msmarco_passage_04_665413704,"Hyperglycemia can cause significant damage to some organs, which then leads to complications of diabetes. These include: cardiac or vascular event, such as myocardial infarction (heart attack) or stroke; kidney problems that may require dialysis; eye problems, which may lead to loss of vision (blindness);",0
what causes eye blackouts,msmarco_passage_05_670289478,"TIA and Stroke are both medical conditions related to brain. TIA is an abbreviation of Transient Ischemic Attack. In this condition the brain suffer a temporary deficit in blood supply to the brain and the ischemia causes the symptoms. The brain controls the body movements, speech, vision, hearing and sensation. In TIA these may be affected.",3
what causes eye blackouts,msmarco_passage_05_702777481,"Causes. Causes of a blackout include dehydration, heat exhaustion, certain medications, emotional distress and heart problems. On the other hand, causes of a whiteout include pulling high g-forces by aircraft pilots, panic attacks, fatigue, shock, overexertion, hyperventilation or suddenly standing up.",3
what causes eye blackouts,msmarco_passage_05_703233726,It is a diabetic disease of eyes that is caused by the damage in the blood vessels in the retina. This disease is treatable but cannot be cured. It may cause no symptoms but only mild problems in vision. The retinal blood vessels are damaged to the extent that it results in leakage of fluid and distorted vision.,0
what causes eye blackouts,msmarco_passage_05_833741102,"How Cialis Can Cause Blindness. PDE5 inhibitors, including Cialis, can decrease blood supply to the optic nerve of the eye which can lead to a condition called non-arteritic anterior ischemic optic neuropathy (NAION). This condition can cause either temporary or permanent vision loss in one or both eyes. Having history or existing medical conditions such as diabetes, heart disease, high cholesterol, high blood pressure, or vision problems may increase the risk of NAION.",2
what causes eye blackouts,msmarco_passage_06_151260835,"remaining in a stuffy environment with too little oxygen. Sometimes fainting may be caused by a temporary drop in the blood supply to the brain caused by a transient ischemic attack (TIA). A TIA, sometimes called a mini-stroke, is a disruption in the blood supply to the brain caused by a blocked or burst blood vessel.",0
what causes eye blackouts,msmarco_passage_06_250653127,"In migraine with aura, a person experiences visual disturbances, which may include spots, geometric patterns, flashes of light, or temporary vision loss; sensory disturbances, such as numbness or tingling in the limbs or face; limb weakness; speech problems; or aural symptoms, in which a person hears noises or music.",2
what causes eye blackouts,msmarco_passage_06_289758632,"Causes of flashes. As the vitreous ‘gel’ within your eye shrinks, it may pull on the retina (the focusing surface at the back of your eye) and this can cause these flashes of light in your vision to occur. A retinal tear or detached retina is a serious and potentially sight-threatening condition. It’s therefore essential to seek medical attention as quickly as possible if you encounter flashes in your vision, particularly if they are accompanied by a sudden increase in floaters.",0
what causes eye blackouts,msmarco_passage_06_450341099,"Sign or Symptom ( T184 ) MSH. D020757. ICD10. G45.3. SnomedCT. 267717005, 155111000, 88032003. English. AMAUROSIS FUGAX, amaurosis fugax (diagnosis), amaurosis fugax, Temporary blindness due to vascular insufficiency, Amaurosis Fugax, Blindness, Monocular, Transient, Blindness, Transient Monocular, Monocular Blindness, Transient, Transient Monocular Blindness, Amaurosis Fugax [Disease/Finding], transient monocular blindness, momentary blindness, Amaurosis temporary, Amaurosis fugax (one sided temporary vision loss), Amaurosis fugax, Momentary blindness, Transient monocular blindness, AF - Amaurosis fugax, AFx - Amaurosis fugax, Amaurosis fugax (disorder), fugax; amaurosis, amaurosis; fugax.",1
what causes eye blackouts,msmarco_passage_06_59522437,"When a retinal tear occurs, the vitreous can leak through the tear and lift the retina from the back of the eye, a condition called retinal detachment. A retinal tear, with or without detachment, commonly causes sudden flashes of light in the affected eye 3. Other possible symptoms include floaters, spots or shadows, and blurry vision or partial vision loss.",1
what causes eye blackouts,msmarco_passage_06_713434945,"People may have only one or several of these attacks before ""the big one"" hits. Symptoms Of A Mini Stroke or TIA. Many people describe a darkening to vision like a veil is being drawn over the eyes. This is due to narrowing of the retinal artery during a TIA. Some will describe blurry vision.",0
what causes eye blackouts,msmarco_passage_06_741184066,"Even temporary blurry vision can result from serious conditions, such as stroke, transient ischemic attack (TIA), hypertension, epilepsy or migraine. Over time, blurred vision and the underlying cause of blurred vision can lead to serious complications including: Brain damage.",0
what causes eye blackouts,msmarco_passage_06_741366763,"Feeling lightheaded and dizzy can be signs of a potentially life-threatening condition, such as a heart attack, stroke, or shock (severe drop in blood pressure). Seek immediate medical care (call 911) if you experience dizziness accompanied by feelings of pain in your chest, speech problems, confusion or loss of consciousness for even a brief moment, difficulty breathing, severe abdominal pain, severe headache, uncontrolled bleeding, sudden weakness or numbness on one side of the body, or changes in vision.",0
what causes eye blackouts,msmarco_passage_06_755136309,"Carotid artery surgery also helps prevent a transient ischemic attack (TIA). A TIA has the symptoms of a stroke — such as numbness, difficulties with speech or vision, and trouble walking — but they last for a brief time. According to the National Institute of Neurological Disorders and Stroke, symptoms of a TIA usually disappear within an hour. Like a stroke, a TIA is caused by a temporary blockage of blood to the brain.",3
what causes eye blackouts,msmarco_passage_07_43042709,"Carotid artery disease may have no symptoms. Sometimes, the first sign of the disease is a transient ischemic attack (TIA) or stroke. A transient ischemic attack (TIA) is a sudden, temporary loss of blood flow to an area of the brain. It usually lasts a few minutes to an hour.",1
what causes eye blackouts,msmarco_passage_07_43051387,"Carotid artery disease may have no symptoms. Sometimes, the first sign of the disease is a transient ischemic attack (TIA) or stroke. A transient ischemic attack (TIA) is a sudden, temporary loss of blood flow to an area of the brain. It usually lasts a few minutes to an hour.",1
what causes eye blackouts,msmarco_passage_07_673755110,"Transient Ischemic Attack or Stroke. A transient ischemic attack, or TIA, refers to a temporary blockage in an artery that supplies the brain 9. When the blockage supplies a visual area of the brain, sudden temporary blindness can result, most commonly involving one eye. With a TIA, no permanent brain damage occurs and vision returns once blood flow to the affected area is restored.",3
what causes eye blackouts,msmarco_passage_07_673755648,"A transient ischemic attack, or TIA, refers to a temporary blockage in an artery that supplies the brain 9. When the blockage supplies a visual area of the brain, sudden temporary blindness can result, most commonly involving one eye. 3. Arteritis.",2
what causes eye blackouts,msmarco_passage_07_676920055,"Transient Ischemic Attack or Stroke. A transient ischemic attack, or TIA, refers to a temporary blockage in an artery that supplies the brain 9. When the blockage supplies a visual area of the brain, sudden temporary blindness can result, most commonly involving one eye. With a TIA, no permanent brain damage occurs and vision returns once blood flow to the affected area is restored.",3
what causes eye blackouts,msmarco_passage_07_676920594,"A transient ischemic attack, or TIA, refers to a temporary blockage in an artery that supplies the brain 9. When the blockage supplies a visual area of the brain, sudden temporary blindness can result, most commonly involving one eye. 3. Arteritis.",2
what causes eye blackouts,msmarco_passage_08_104288156,"The majority of cases of retinal migraine were found to have other causes than migraine ( 46 ). In most cases, visual loss was more likely caused by retinal vasospasm and ocular hypoperfusion observed during fundus examination or with retinal angiography ( 49 ). Giant cell arteritis.",2
what causes eye blackouts,msmarco_passage_08_130014543,"Common causes. The most common causes of sudden, painless loss of vision are. Blockage of a major artery of the retina ( central retinal artery occlusion) Blockage of an artery to the optic nerve ( ischemic optic neuropathy) Blockage of a major vein in the retina ( central retinal vein occlusion)",2
what causes eye blackouts,msmarco_passage_08_164495077,"An abrupt blockage of blood flow to the retina (ischemia) halts proper retinal functioning, which results in visual impairment. Depending on the extent and location of the retina affected, the loss of vision may be relatively mild or very severe. This problem is analogous to a “stroke” of the eye. Central Retinal Artery Occlusion with Cilioretinal Artery Sparing.",2
what causes eye blackouts,msmarco_passage_08_18122482,"Strokes and mini-strokes. If a blood clot occurs in the arteries that supply the brain, it may cause a stroke or a transient ischemic attack (TIA). A TIA (mini-stroke) is a temporary interruption of blood flow to part of the brain. Signs and symptoms of both a stroke and a TIA develop suddenly and include:",3
what causes eye blackouts,msmarco_passage_08_18127307,"Strokes and mini-strokes. If a blood clot occurs in the arteries that supply the brain, it may cause a stroke or a transient ischemic attack (TIA). A TIA (mini-stroke) is a temporary interruption of blood flow to part of the brain. Signs and symptoms of both a stroke and a TIA develop suddenly and include:",3
what causes eye blackouts,msmarco_passage_08_354289566,"Supporting the health of the eye's circulatory system. Occlusions in retinal arteries and veins cause serious damage to vision. Related conditions: central/branch artery occlusion, central/branch vein occlusion, ocular migraine, and central serous choroidopathy.",0
what causes eye blackouts,msmarco_passage_08_48894010,"brain embolism: If a blood clot travels to the brain, this causes an ischemic stroke or TIA (transient ischemic attack). retinal embolism: Small clots that wouldn't block a major artery can block the smaller blood vessels feeding the retina at the back of the eye.",1
what causes eye blackouts,msmarco_passage_08_60975581,A mini-stroke is also known as a transient ischaemic attack (TIA) and occurs when there is a temporary decrease in the amount of blood flowing to the brain. Some people experience symptoms of a stroke but others do not and numerous people are unaware that they have suffered a mini-stroke.,0
what causes eye blackouts,msmarco_passage_08_6434243,"Giant cell arteritis can cause serious complications, including: Blindness. Diminished blood flow to your eyes can cause sudden, painless vision loss in one or, rarely, both eyes. Loss of vision is usually permanent.",0
what causes eye blackouts,msmarco_passage_08_6439906,"Giant cell arteritis can cause serious complications, including: Blindness. Diminished blood flow to your eyes can cause sudden, painless vision loss in one or, rarely, both eyes. Loss of vision is usually permanent.",0
what causes eye blackouts,msmarco_passage_08_6454670,"Giant cell arteritis can cause serious complications, including: Blindness. Diminished blood flow to your eyes can cause sudden, painless vision loss in one or, rarely, both eyes. Loss of vision is usually permanent.",0
what causes eye blackouts,msmarco_passage_08_6469434,"Giant cell arteritis can cause serious complications, including: Blindness. Diminished blood flow to your eyes can cause sudden, painless vision loss in one or, rarely, both eyes. Loss of vision is usually permanent.",0
what causes eye blackouts,msmarco_passage_09_217419002,"Visual symptoms occur due to a loss of blood supply to the optic nerve, or due to a loss of retinal blood supply. Both of these conditions can cause either a temporary (Amaurosis fugax) or permanent loss of vision, usually in one eye first (see Optic nerve stroke or Retinal artery occlusion .)",2
what causes eye blackouts,msmarco_passage_09_217434615,"Sometimes even eye movements are enough to induce a temporary loss of vision. Retinal migraine is a spasm of the artery leading into the eye which supplies the retina. This spasm can lead to a temporary black-out of vision on one side, and is fairly rare.",3
what causes eye blackouts,msmarco_passage_09_233733056,"In such cases, it is advisable to seek medical assistance and investigate the plausible causes related to the blackouts. One of the causes of a blackout can be problems linked to the heart such as a cardiac arrest or stroke. It may also be related to the brain.",2
what causes eye blackouts,msmarco_passage_09_451553406,"Transient Ischaemic Attack (TIA) Transient ischaemic attack (TIA) is due to a temporary disruption due to spasm or some other problem of the artery which resolves restoring the blood supply and relieving the symptoms. Also helpful may be our pages for diabetes, stress and seniors. .",1
what causes eye blackouts,msmarco_passage_09_689500846,"Causes of near-fainting. The most common cause of blackout episodes is a sudden reduction of blood flow to the brain, which can be caused by: A sudden drop in blood pressure. A sudden change in heart rhythm. Postural hypotension (drop in blood pressure associated with sudden change in posture)",0
what causes eye blackouts,msmarco_passage_09_790984415,"Stroke: Brain stroke results when the blood supply to the brain is disrupted due to hemorrhage in the brain blood vessels or due to ischemia. The accompanying symptoms of brain stroke are numbness on face, dizziness, slurred speech, vision difficulty, paralysis of one part of the body, etc. Ear numbness can be one of the symptoms of stroke.",1
what causes eye blackouts,msmarco_passage_10_658145422,"A temporary blind spot may be a sign of: You answered: Correct Answer: Also known as a retinal migraine, this type of headache can cause vision loss or a temporary blind spot, usually in one eye. The vision problems are linked to the headache and should last less than an hour.",2
what causes eye blackouts,msmarco_passage_10_670760161,"Amaurosis fugax, temporary blindnessdue to a lack of bloodflow to the eye. It can happen because of a blockage in an arterythat leads to the eye. Spasms in the artery that brings blood to the retina. Giant cell arteritis, a problem that causes inflammationin blood vessels. It can lead to vision problems and blindness.",2
what causes eye blackouts,msmarco_passage_10_831747949,"3. Aim for the temple. The temple is the area on the side of a person's face, between the hairline and the eyebrows, at eye level. If the temple is accurately targeted, the punch will cause the brain to swing violently against the skull lining, causing a blackout.",0
what causes eye blackouts,msmarco_passage_10_831757820,"3. Aim for the temple. The temple is the area on the side of a person's face, between the hairline and the eyebrows, at eye level. If the temple is accurately targeted, the punch will cause the brain to swing violently against the skull lining, causing a blackout.",0
what causes eye blackouts,msmarco_passage_13_786184776,"To reach a reliable diagnosis, your migraine doctor must rule out other conditions that cause similar symptoms, which include: Temporary blindness caused by a blocked artery ( amaurosis fugax ); Giant cell arteritis, which causes inflammation of the blood vessels leading to visual disturbances; Drug abuse;",2
what causes eye blackouts,msmarco_passage_16_112335348,"Griselda Perez Medical Reviewer. (December 22, 2016) Understanding Why Blackouts Happen. Healthline. Retrieved from https://www.healthline.com/health/what-causes-blackouts. The Forgotten Science of Blackouts. MEL Magazine. Retrieved from https://melmagazine.com/en-us/story/the-forgotten-science-of-blackouts.",0
what causes eye blackouts,msmarco_passage_16_354183815,"Some vascular problems can interfere with the structural pathways in the eye that affect vision. Diabetes, retinal artery or vein occlusion, hemorrhage and vasospasm can affect vision. There needs to be, as stated before, sufficient blood, for oxygen, going between brain and eyes for vision to function properly.",2
what causes eye blackouts,msmarco_passage_16_354184269,"Other Possible Causes. Other causes of a vision blackout include: Ocular ischemia (not enough blood flow in eye from carotid artery) So, if your vision darkens, you might be having low blood pressure issues, other vascular problems, a retinal detachment or other issues with the structure of the eyes.",2
what causes eye blackouts,msmarco_passage_16_354185230,"Low Blood Pressure. Some people will experience a brief blackout when they stand up. This is caused by low blood pressure, blood unable to go to the head and so it falls towards the lower body. This is called orthostatic hypotension or postural hypotension.",1
what causes eye blackouts,msmarco_passage_16_354186070,"If a tear happens in the retina, fluid gets behind the retina and lifts it off the wall of the eye, causing a perceived darkness of vision. pinterest-pin-it. Vascular problems could be the cause of a sudden vision blackout. Courtney Rhodes, Flickr. Some rights reserved.",2
what causes eye blackouts,msmarco_passage_16_402382076,"The retina is nourished by blood flowing through the retinal vasculature. The location and branching patterns of retinal vessels are unique to each individual. Nutrients are supplied to the retina by blood flowing through vessels known as arterioles while the blood returns back to the body in venules. Disease of the retina may alter this pattern. In addition, in several inherited conditions such as the one described here the pathways of the arterioles are unusually tortuous and fragile which may lead to hemorrhages into the retina.",0
what causes eye blackouts,msmarco_passage_17_342437166,"Vasospasm may cause a temporary reduction in blood flow to the visual system and transient vision loss. Some patients have had ocular examinations during the transient vision loss event demonstrating the visible vasospasm on clinical exam, fundus photography, or fluorescein angiography.",2
what causes eye blackouts,msmarco_passage_17_342439688,"Posttraumatic transient cortical blindness is thought to result from vasospasm and transient ischemia leading to cerebral dysfunction. [ 9, 10, 11] In these cases, vision returns to normal within minutes to hours, with no permanent neurologic sequelae. Occasionally, transient vision loss is familial.",2
what causes eye blackouts,msmarco_passage_17_374846987,"Background. Retinal artery occlusion (RAO) usually presents as painless loss of monocular vision. Ocular stroke commonly is caused by embolism of the retinal artery, although emboli may travel to distal branches of the retinal artery, causing loss of only a section of the visual field. Retinal artery occlusion represents an ophthalmologic emergency, and delay in treatment may result in permanent loss of vision.",0
what causes eye blackouts,msmarco_passage_17_814711970,Amaurosis fugax (Latin: fugax meaning fleeting) is a temporary loss of vision in one eye caused by decreased blood flow ( ischemia) to the retina . It may also be caused by embolization from atherosclerotic plaques in the ipsilateral (same side) internal carotid artery. It is a type of transient ischaemic attack (TIA).,2
what causes eye blackouts,msmarco_passage_17_814715009,"In 1990, the causes of amaurosis fugax were better refined by the Amaurosis Fugax Study Group, which has defined five distinct classes of transient monocular blindness based on their supposed cause: embolic, hemodynamic, ocular, neurologic, and idiopathic (or ""no cause identified""). Concerning the pathology underlying these causes (except idiopathic ), ""some of the more frequent causes include atheromatous disease of the internal carotid or ophthalmic artery, vasospasm, optic neuropathies, giant cell arteritis, angle-closure glaucoma, increased intracranial pressure, orbital compressive disease, a steal phenomenon, and blood hyperviscosity or hypercoagulability."".",3
what causes eye blackouts,msmarco_passage_17_814716261,"Atherosclerotic carotid artery: Amaurosis fugax may present as a type of transient ischemic attack (TIA), during which an embolus unilaterally obstructs the lumen of the retinal artery or ophthalmic artery, causing a decrease in blood flow to the ipsilateral retina.",1
what causes eye blackouts,msmarco_passage_18_164709807,"Benzodiazepines (such as flunitrazepam, midazolam, and temazepam ), barbiturates (such as phenobarbital ), and other drugs which also act as GABA A agonists, are known to cause blackouts as a result of high dose use.",1
what causes eye blackouts,msmarco_passage_18_321294325,"In an eye with CRAO some branches of the retinal artery may not fill or the time it takes for the branches of the retinal artery to fill will be increased, which is visualized by the leading edge of the fluorescein moving slower than normal through the retinal artery branches to the edges of the retina. Fluorescein angiography can also be used to determine the extent of the occlusion as well as classify it into one of four types non-arteritic CRAO, non-arteritic CRAO with cilioretinal artery sparing, transient non-arteritic CRAO and arteritic CRAO.",0
what causes eye blackouts,msmarco_passage_18_474081598,"Jump to navigation Jump to search. Coronary vasospasm refers to when a coronary artery suddenly undergoes either complete or sub-total temporary occlusion. In 1959, Prinzmetal et al. described a type of chest pain resulting from coronary vasospasm, referring to it as a variant form of classical angina pectoris.",0
what causes eye blackouts,msmarco_passage_19_26552059,"Loss of consciousness caused by cerebral hypoxia towards the end of a breath-hold dive. Freediving blackout, breath-hold blackout or apnea blackout is a class of hypoxic blackout, a loss of consciousness caused by cerebral hypoxia towards the end of a breath-hold ( freedive or dynamic apnea) dive, when the swimmer does not necessarily experience an urgent need to breathe and has no other obvious medical condition that might have caused it.",0
what causes eye blackouts,msmarco_passage_19_45344791,"This lack of blood flow to the brain first causes a greyout (a dimming of the vision also called brownout), followed by tunnel vision and ultimately complete loss of vision 'blackout' followed by g-induced Loss Of Consciousness or 'g-LOC'. The danger of g-LOC to aircraft pilots is magnified because on relaxation of g-force there is a period of disorientation before full sensation is re-gained.",1
what causes eye blackouts,msmarco_passage_20_565896055,"Sudden blackout due to hypoxia caused by too low a partial pressure of oxygen in the loop. A particular problem is the drop in ambient pressure caused by the ascent phase of the dive, which can reduce the partial pressure of oxygen to hypoxic levels leading to what is sometimes called deep water blackout.",0
what causes eye blackouts,msmarco_passage_22_668050782,"Blackouts. A blackout occurs when you drink so much so fast that your body can’t break it down. The body essentially shuts down, causing you to lose consciousness and pass out, suffer from alcohol poisoning, or have a blackout. A blackout is when you can’t remember what happened or what you did while you were drunk.",0
what causes eye blackouts,msmarco_passage_22_797962270,"155404005, 313242003, 266314007, 195196001, 195207009, 38609002, 266257000. LNC. MTHU020810, LA14278-8. English. Attacks, Transient Ischemic, Ischemic Attack, Transient, Ischemic Attacks, Transient, Transient Ischemic Attack, Transient Ischemic Attacks, Attack, Transient Ischemic, TIA - Transient ischaem attack, TIA - Transient ischemic attack, Transient cerebral ischaemic attack, unspecified, Transient cerebral ischemic attack, unspecified, TRANSIENT ISCHAEMIC ATTACK, transient cerebral ischemic attack, transient ischemic attack (diagnosis), transient ischemic attack (TIA), transient ischemic attack, Transient ischemic attacks, TIA (Transient Ischemic Attack), Brain TIA, TIA, Brain, Ischemic Attack, Transient [Disease/Finding], transient cerebral ischemia, transient ischaemic attacks, brain tia, tia brain, attack ischemic transient, ischemic attack transient, attacks ischemic transient, transient ischemic attacks, TIAs (Transient Ischemic Attack), Transient ischaemic attacks, Transient ischemic attacks (disorder), Transient cerebral ischaemia NOS (disorder), Transient cerebral ischaemia NOS, Transient cerebral ischemia NOS, Transient cerebral ischemia (disorder), ATTACK, TRANSIENT ISCHEMIC, ISCHEMIC ATTACK, TRANSIENT, TRANSIENT ISCHEMIC ATTACK, Transient ischemic attack - TIA, Transient cerebral ischemia, TIA, Transient ischemic attack, Temporary cerebral vascular dysfunction, TIA - Transient ischaemic attack, Transient cerebral ischaemia, Transient ischaemic attack, Transient ischemic attack (disorder), attack; transient, transient; attack, Transient cerebral ischemia, NOS, Transient cerebral ischaemia, NOS, Transient cerebral ischemia (disorder) [Ambiguous], transient ischaemic attack.",0
what causes eye blackouts,msmarco_passage_23_230245378,"Central retinal artery occlusion (CRAO) Central retinal artery occlusion presents with sudden, profound loss of vision. It is most frequently caused by emboli obstructing the retinal artery (e.g. stroke). Occasionally, it can be caused by vasculitis (e.g. giant cell arteritis ).",2
what causes eye blackouts,msmarco_passage_23_452689727,"Temporary Vasospasm. It can lead to decreased blood flow that can be a cause of amaurosis fugax. Generally, these temporary vision blindness are lasting no longer than five minutes and it is also associated with the exercise. But vasospastic do not restrict to young and healthy people.",2
what causes eye blackouts,msmarco_passage_24_114738329,"Transient Ischemic Attack or Stroke. A transient ischemic attack, or TIA, refers to a temporary blockage in an artery that supplies the brain 9. When the blockage supplies a visual area of the brain, sudden temporary blindness can result, most commonly involving one eye. With a TIA, no permanent brain damage occurs and vision returns once blood flow to the affected area is restored.",3
what causes eye blackouts,msmarco_passage_24_114738867,"A transient ischemic attack, or TIA, refers to a temporary blockage in an artery that supplies the brain 9. When the blockage supplies a visual area of the brain, sudden temporary blindness can result, most commonly involving one eye. 3. Arteritis.",2
what causes eye blackouts,msmarco_passage_24_133204609,"Transient Ischemic Attack or Stroke. A transient ischemic attack, or TIA, refers to a temporary blockage in an artery that supplies the brain 9. When the blockage supplies a visual area of the brain, sudden temporary blindness can result, most commonly involving one eye. With a TIA, no permanent brain damage occurs and vision returns once blood flow to the affected area is restored.",3
what causes eye blackouts,msmarco_passage_24_133205147,"A transient ischemic attack, or TIA, refers to a temporary blockage in an artery that supplies the brain 9. When the blockage supplies a visual area of the brain, sudden temporary blindness can result, most commonly involving one eye. 3. Arteritis.",2
what causes eye blackouts,msmarco_passage_24_144365427,"When a retinal tear occurs, the vitreous can leak through the tear and lift the retina from the back of the eye, a condition called retinal detachment. A retinal tear, with or without detachment, commonly causes sudden flashes of light in the affected eye 3. Other possible symptoms include floaters, spots or shadows, and blurry vision or partial vision loss.",1
what causes eye blackouts,msmarco_passage_24_173689147,"When a retinal tear occurs, the vitreous can leak through the tear and lift the retina from the back of the eye, a condition called retinal detachment. A retinal tear, with or without detachment, commonly causes sudden flashes of light in the affected eye 3. Other possible symptoms include floaters, spots or shadows, and blurry vision or partial vision loss.",1
what causes eye blackouts,msmarco_passage_24_205514136,"What is a mini stroke. A “mini stroke” or transient ischemic attack (TIA) is caused by a temporary disruption in the blood supply to part of the brain. The disruption in blood supply results in a lack of oxygen to the brain. This can cause sudden symptoms similar to a stroke, such as speech and visual disturbance, and numbness or weakness in the face, arms and legs.",2
what causes eye blackouts,msmarco_passage_24_212039718,"Optic neuritis causes sudden cloudy vision in one eye or both eyes, and pain in the eyes. It’s often caused by multiple sclerosis. There will be visual field loss and episodes of a sudden blackout. This ocular condition requires immediate medical intervention to prevent further vision loss.",1
what causes eye blackouts,msmarco_passage_24_213363991,"Carotid artery surgery also helps prevent a transient ischemic attack (TIA). A TIA has the symptoms of a stroke — such as numbness, difficulties with speech or vision, and trouble walking — but they last for a brief time. According to the National Institute of Neurological Disorders and Stroke, symptoms of a TIA usually disappear within an hour. Like a stroke, a TIA is caused by a temporary blockage of blood to the brain.",3
what causes eye blackouts,msmarco_passage_24_225921375,"The temporal arteries branch off into some of the arteries that supply the eyes with blood. As such, temporal arteritis can affect those arteries as well. When this happens, blindness in one or both eyes can occur. Sadly, the vision impairment associated with temporal arteritis is usually severe and non-reversible.",0
what causes eye blackouts,msmarco_passage_24_227102815,"Blurriness, loss of peripheral vision, or total loss of vision are signs of stroke when they happen without warning. This means that blood supply is not getting to the brain cells that communicate with the eyes. Again, the sooner that a stroke is addressed, the more likely vision will return. Other than a stroke - vision problems may indicate other issues such as an ocular migraine.",2
what causes eye blackouts,msmarco_passage_24_559414389,"Approved Diagnostic Codes for Persons with Related Conditions Effective October 1, 2020 to September 30, 2021 . Office of Policy and Program Page 8of 48 Effective October 1, 2020 Revised 10/13/2020 . ICD-10 CM - Diagnosis Code ICD-10 CM - Diagnosis Description G93.7 Reyes syndrome G93.9 Disorder of brain, unspecified G94 Other disorders of brain in diseases classified elsewhere G95.9 Di s ease of pinal cord, un pecifi d G96.9 Disorder of central nervous system, unspecified H47.10 unspecified papilledema H47.619 cortical blindness, unspecified site of brain H47.639 Disorders of visual cortex in (due to) neoplasm, unspecified side of brain H54.10 Blindness, one eye, low vision other eye, unspecified eyes H54.1131 Blindness right eye category 3, low vision left eye category 1 H54.1132 Blindness right eye category 3, low vision left eye category 2 H54.1141 Blindness right eye category 4, low vision left eye category 1 H54.1142 Blindness right eye category 4, low vision left eye category 2 H54.1151 Blindness right eye category 5, low vision left eye category 1 H54.1152 Blindness right eye category 5, low vision left eye category 2 H54.1213 Low vision right eye category 1, blindness left eye category 3 H54.1214 Low vision right eye category 1, blindness left eye category 4 H54.1215 Low vision right eye category 1, blindness left eye category 5 H54.1223 Low vision right eye category 2, blindness left eye category 3 H54.1224 Low vision right eye category 2, blindness left eye category 4 H54.1225 Low vision right eye category 2, blindness left eye category 5 H54.2X11 Low vision right eye category 1, low vision left eye category 1 H54.2X12 Low vision right eye category 1, low vision left eye category 2 H54.2X21 Low vision right eye category 2, low vision left eye category 1 H54.2X22 Low vision right eye category 2, low vision left eye category 2 H54.3 Unqualified visual loss, both eyes H54.40 Blindness, one eye, unspecified eye H54.413A Blindness right eye category 3, normal vision left eye H54.414A Blindness right eye category 4, normal vision left eye H54.415A Blindness right eye category 5, normal vision left eye H54.42A3 Blindness left eye category 3, normal vision right eye H54.42A4 Blindness left eye category 4, normal vision right eye H54.42A5 Blindness left eye category 5, normal vision right eye H54.50 Low vision, one eye, unspecified eye H54.511A Low vision right eye category 1, normal vision left eye H54.512A Low vision right eye category 2, normal vision left eye H54.52A1 Low vision left eye category 1, normal vision right eye H54.52A2 Low vision left eye category 2, normal vision right eye H54.60 Unqualified visual loss, one eye, unspecified H54.61 Unqualified visual loss, right eye, normal vision left eye .",0
what causes eye blackouts,msmarco_passage_24_80097776,"Any kind of trauma to the eye can cause a loss of vision. This may include conditions such as eye stroke, in which the retina or optic nerve experiences a loss of blood flow. This typically causes temporary vision loss, but if the condition worsens or is not treated appropriately, that loss can become permanent.",2
what causes eye blackouts,msmarco_passage_24_80282264,"Eye strokes don't usually cause pain, but they do cause vision loss – typically in just one eye. This loss can be temporary, but can become permanent if treatment is not sought quickly. Other symptoms may include: A sudden change in vision, or a change that worsens over the course of several hours or a day or two.",2
what causes eye blackouts,msmarco_passage_26_817916316,"Nontraumatic causes of transient (<24h) monocular vision loss. Common causes of non-traumatic transient visual loss include: amaurosis fugax (usually minutes) — usually embolic or thrombotic; can occur secondary to hypoperfusion states, hyperviscosity or vasospasm. migraine (can be without headache) one eye closed! Uncommon causes include:",2
what causes eye blackouts,msmarco_passage_27_107382006,"300 Blackout vs 350 Legend – What’s the Better Option? With marginal cartridge specs, the 350 Legend vs 300 Blackout topic always gets a head-on collision in the shooting community. Being a few years older than the 350 Legend, the 300 Blackout captured the eyes of most hunters. But as soon as the 350 Legend was introduced, hunting enthusiasts started digging on the new centerfire rifle cartridge.",0
what causes eye blackouts,msmarco_passage_27_115817287,"What Causes Blackouts? Blackouts are caused by drinking too much alcohol too quickly. Alcohol interferes with the brain’s ability to form new long-term memories. As more alcohol is consumed and the blood alcohol level rises, the degree of memory loss increases.",0
what causes eye blackouts,msmarco_passage_27_253030764,"Visual migraine, on the other hand, is a condition believed to be of the same cause as of migraine but instead of the spasm affecting the surface of the brain, it affects the ocular blood supply resulting to vasospasm, a spasm of arteries behind the eye, which shuts off blood flow to the optic nerve. Visual migraine is like a temporary loss of vision associated with bright flashing lights and jagged geometric lines.",3
what causes eye blackouts,msmarco_passage_27_334903139,"Best for a total blackout. This eye mask provides a total blackout so you can sleep in a distraction-free environment. 2. LIGHTIMETUNNEL eye mask. Crafted using 3D ergonomic technology for the eyes, the deep eye cups on this mask will help you zone out in even the most distraction-filled setting.",0
what causes eye blackouts,msmarco_passage_27_433045688,"brain embolism: If a blood clot travels to the brain, this causes an ischemic stroke or TIA (transient ischemic attack). retinal embolism: Small clots that wouldn't block a major artery can block the smaller blood vessels feeding the retina at the back of the eye.",1
what causes eye blackouts,msmarco_passage_27_452429206,"remaining in a stuffy environment with too little oxygen. Sometimes fainting may be caused by a temporary drop in the blood supply to the brain caused by a transient ischemic attack (TIA). A TIA, sometimes called a mini-stroke, is a disruption in the blood supply to the brain caused by a blocked or burst blood vessel.",0
what causes eye blackouts,msmarco_passage_27_452433730,"Transient ischemic attack (TIA) — A brief interruption of the blood supply to part of the brain that causes a temporary impairment of vision, speech, or movement. Usually, the episode lasts for just a few moments, but it may be a warning sign for a full-scale stroke. Vagus nerve — A cranial nerve, that is, a nerve connected to the brain.",1
what causes eye blackouts,msmarco_passage_27_464300826,"A transient ischemic attack (TIA) is a ""mini-stroke"" caused by a temporary deficiency of blood supply to the brain. It occurs suddenly, lasts a few minutes to a few hours, and is a strong warning sign of an impending stroke. Ischemia can also effect intestines, legs, feet and kidneys.",1
what causes eye blackouts,msmarco_passage_27_464366396,"Description. There are three layers of the eyeball. The outer, tough, white sclera. Lining the sclera is the choroid, a. Retinal detachment refers to the movement of the retina away from the inner wall of the eyeball, resulting in a sudden defect in vision. Persons suffering from diabetes have a high incidence of developing retinal disease.",1
what causes eye blackouts,msmarco_passage_27_466005684,"Transient ischemic attack (TIA) A brief interruption of the blood supply to part of the brain that causes a temporary impairment of vision, speech, or movement. Usually, the episode lasts for just a few moments, but it may be a warning sign for a full-scale stroke. Mentioned in: Fainting. Gale Encyclopedia of Medicine.",2
what causes eye blackouts,msmarco_passage_27_474165570,"See also: syncope. 2. Momentary loss of consciousness as in an absence. 3. Temporary loss of vision, without alteration of consciousness, due to positive (above normal) g (gravity) forces; caused by temporary decreased bloodlow in the central retinal artery, and seenmostly in aviators. 4.",2
what causes eye blackouts,msmarco_passage_27_474166885,"blackout. A common term for a temporary loss of vision or consciousness. This may be a harmless fainting attack or a brief period of visual loss caused by standing up suddenly. Both are due to transient shortage of blood to the brain (cerebral ischaemia). Collins Dictionary of Medicine © Robert M. Youngson 2004, 2005.",2
what causes eye blackouts,msmarco_passage_27_474169037,"blackout. [ blak´owt″] temporary loss of vision and momentary unconsciousness due to diminished circulation to the brain and retina. Blackout refers specifically to a condition which sometimes occurs in aviators resulting from increased acceleration, which causes a decrease in blood supply to the brain cells.",2
what causes eye blackouts,msmarco_passage_27_474169940,"2. Momentary loss of consciousness, as in absence. 3. Temporary loss of vision, without alteration of consciousness, due to positive g (gravity) forces; caused by temporary decreased blood flow in the central retinal artery, and seen mostly in aviators. 4.",2
what causes eye blackouts,msmarco_passage_27_474268230,"transient monocular blindness. A temporary loss of vision affecting one eye. In older adults it is usually a form of transient ischemic attack, caused by carotid atherosclerosis, and is therefore a harbinger of stroke. In young adults it may be caused by migraine.",2
what causes eye blackouts,msmarco_passage_27_484000834,"If emboli become lodged in the blood vessels of the lungs, they may cause coughing or shortness of breath. Emboli lodged in the brain may cause symptoms of a mini-stroke, such as numbness, weakness, or paralysis on one side of the body or sudden vision loss or double vision.",2
what causes eye blackouts,msmarco_passage_27_485773030,"remaining in a stuffy environment with too little oxygen. Sometimes fainting may be caused by a temporary drop in the blood supply to the brain caused by a transient ischemic attack (TIA). A TIA, sometimes called a mini-stroke, is a disruption in the blood supply to the brain caused by a blocked or burst blood vessel.",0
what causes eye blackouts,msmarco_passage_27_493895845,"A transient ischemic attack (TIA) is a ""mini-stroke"" caused by a temporary deficiency of blood supply to the brain. It occurs suddenly, lasts a few minutes to a few hours, and is a strong warning sign of an impending stroke. Ischemia can also effect intestines, legs, feet and kidneys.",1
what causes eye blackouts,msmarco_passage_27_541578383,"Diabetic eye degeneration can cause blurred and/or spotty vision and can lead to blindness if not properly diagnosed and treated. Stroke: Sudden blurred vision is also a symptom of strokes. Strokes impede blood flow in the brain and can cause blurry vision, double vision, or sudden loss of sight.",2
what causes eye blackouts,msmarco_passage_27_604501187,"Expand Section. Symptoms of blood clots may include any of the following: Headache (most common) Tingling, coldness, or blueness in the hands and feet. Feeling dizzy or lightheaded. Vision problems. Mini- strokes ( transient ischemic attacks) or stroke.",0
what causes eye blackouts,msmarco_passage_27_662552107,Numbness or tingling in your hands or face. Seeing flashing lights and/or floating lines. Temporary blindness in your peripheral vision. Common triggers for migraine are the same as for headaches (see Headaches section above) with the added trigger of bright or flashing lights.,1
what causes eye blackouts,msmarco_passage_27_746814690,"This includes migraine with aura and retinal migraine. 1,2. Migraine with aura usually causes vision changes in both eyes at once. People with retinal migraine have vision changes in only 1 eye. Visual symptoms are usually more severe in people with retinal migraine.",1
what causes eye blackouts,msmarco_passage_28_559666035,"Vasospasm of the central retinal artery may produce episodes of isolated, painless, sudden, complete loss of vision in one eye, usually lasting between 30 seconds and 1 minute. Vasospasm most often affects young, healthy people, and its cause is unclear.",2
what causes eye blackouts,msmarco_passage_29_519727947,"Ocular problems. Tumours of the optic nerve (gliomas) occur in about 15% of children with NF1. They are often asymptomatic but, over time, tumours may cause visual acuity loss, abnormal colour vision, visual field loss, squint, pupillary abnormalities, pale optic disc, proptosis and hypothalamic dysfunction.",0
what causes eye blackouts,msmarco_passage_29_523381740,Migraine. Migraine can cause a temporary loss or alteration of vision which is referred to as 'aura'. Usually patients experience a one-sided area of distorted or absent vision which affects both eyes but on the same side. Visual symptoms in migraine do not usually last more than an hour.,2
what causes eye blackouts,msmarco_passage_29_523422737,"Retinal artery occlusion occurs when the retinal artery (or one of its branches) becomes blocked. This results in the blood and nutrient supply to the nerve layer of the retina being cut off. This leads to permanent damage and is a common cause of sudden loss of vision in one eye. Rarely, both eyes can be affected by the condition.",1
what causes eye blackouts,msmarco_passage_29_523425447,"Retinal Artery Occlusion. Retinal artery occlusion occurs when the retinal artery or one of its branches becomes blocked. This cuts off the blood and nutrient supply to the nerve layer of the retina, leading to permanent damage. It is a common cause of sudden loss of vision in one eye, which occurs over a few seconds. The loss is usually severe.",2
what causes eye blackouts,msmarco_passage_29_528100070,"The most common cause of blacking out is fainting. Other causes include epileptic seizures, syncope due to anxiety (psychogenic pseudosyncope) and other rare causes of faints. Other causes of blacking out may be due to low blood sugar (hypoglycaemia) and lack of oxygen (hypoxia) from a variety of causes.",0
what causes eye blackouts,msmarco_passage_29_528641886,"The most common cause of blacking out is fainting. Other causes include epileptic seizures, syncope due to anxiety (psychogenic pseudosyncope) and other rare causes of faints. Other causes of blacking out may be due to low blood sugar (hypoglycaemia) and lack of oxygen (hypoxia) from a variety of causes.",0
what causes eye blackouts,msmarco_passage_29_531887678,"Retinal artery occlusion occurs when the retinal artery (or one of its branches) becomes blocked. This results in the blood and nutrient supply to the nerve layer of the retina being cut off. This leads to permanent damage and is a common cause of sudden loss of vision in one eye. Rarely, both eyes can be affected by the condition.",1
what causes eye blackouts,msmarco_passage_29_531890388,"Retinal Artery Occlusion. Retinal artery occlusion occurs when the retinal artery or one of its branches becomes blocked. This cuts off the blood and nutrient supply to the nerve layer of the retina, leading to permanent damage. It is a common cause of sudden loss of vision in one eye, which occurs over a few seconds. The loss is usually severe.",2
what causes eye blackouts,msmarco_passage_29_533599782,Migraine. Migraine can cause a temporary loss or alteration of vision which is referred to as 'aura'. Usually patients experience a one-sided area of distorted or absent vision which affects both eyes but on the same side. Visual symptoms in migraine do not usually last more than an hour.,2
what causes eye blackouts,msmarco_passage_29_540146649,"The most common cause of blacking out is fainting. Other causes include epileptic seizures, syncope due to anxiety (psychogenic pseudosyncope) and other rare causes of faints. Other causes of blacking out may be due to low blood sugar (hypoglycaemia) and lack of oxygen (hypoxia) from a variety of causes.",0
what causes eye blackouts,msmarco_passage_30_712117176,"Ischemic Stroke. is the most common type of stroke in older people, occurs when the flow of blood to the brain is blocked. Transient Ischemic Attack. the temporary interruption in the blood supply to the brain. Hemorrhagic Stroke. occurs when a blood vessel in the brain leaks.",0
what causes eye blackouts,msmarco_passage_31_164052775,"It is caused by ischemia, or vascular spasm, in or behind the affected eye. Hemiplegic migraines: This is a rare type of migraine headaches. Its symptoms mimic those common to stroke. For example, muscle weakness can be so extreme that it causes a temporary paralysis on one side of your body.",1
what causes eye blackouts,msmarco_passage_31_536251182,"Just because your sudden-onset double vision disappeared after a few minutes doesn’t mean that the cause can’t kill you. There are many causes of double vision (diplopia), but sudden-onset, transient double vision is a different animal and almost always points to an underlying, very serious problem. For example, this is a possible symptom of a mini stroke (TIA: transient ischemic attack).",0
what causes eye blackouts,msmarco_passage_31_536810060,"Sudden blurred vision that doesn’t go away can be caused by a brain aneurysm or a few other serious problems. “Visual impairment may be a result of a retinal detachment, which can present with a curtain or veil-like effect covering one area of vision,” says Cindy P. Wang, O.D., F.A.A.O., with South Pasadena Optometric Group. in CA.",0
what causes eye blackouts,msmarco_passage_31_536813648,"Here is what Cindy P. Wang, O.D., F.A.A.O., with South Pasadena Optometric Group in CA.says about this: “If the visual disturbances are similar to a slow dimming of vision or blacking out of vision, and it lasts for 5-10 minutes, then it is likely caused by a mini-stroke, also known as a transient ischemic attack (TIA).”. Though the visual problem, caused by a TIA, is sometimes described as dimming or fading out, it’s also possible for a TIA to specifically cause sudden blurred vision that’s only temporary (a TIA, by definition, is temporary).",3
what causes eye blackouts,msmarco_passage_32_194653720,"Retinal migraine. This is the back part or fundus of a human eye. The retina is a part of the fundus. Retinal migraine is thought to happen because of vasospasm of the blood vessels that supply blood to the retina, or of the ophthalmic artery which is the artery that brings blood to the eye.",2
what causes eye blackouts,msmarco_passage_32_194654957,"Vasospasm causes the blood vessels to get narrower ( vasoconstriction) so that not enough blood is going through the blood vessels. ICD - 10. G43.81. Retinal migraine (also known as ophthalmic migraines, or ocular migraines) is a medical condition that affects the eyes by causing vision loss in one eye for less than 1 hour, usually for about 10–20 minutes.",3
what causes eye blackouts,msmarco_passage_32_194655899,It is believed retinal migraines are caused by vasospasms of the blood vessels of the eye in the area of the retina. The retina is at the back of the inside of the eye. In medicine a spasm is a sudden constriction or tightening of muscles that is involuntary - a person does not control them they move on their own.,1
what causes eye blackouts,msmarco_passage_33_241940144,"There is a definite link between eye health decline and diabetes. This is because increased sugar (glucose) levels within the body will lead to damaged proteins and increased free radicals associated with aging. This in turn can cause blindness. In fact, the leading cause of blindness in America is diabetes.",0
what causes eye blackouts,msmarco_passage_33_519652874,"Chagas disease is caused by a tropical parasite and can cause fever, ill feeling, and swelling around the eye. West nile virus. West Nile virus is an infection spread by mosquitoes, and can cause diarrhea, fever, abdominal pain, and more.",0
what causes eye blackouts,msmarco_passage_33_519702599,"Transient ischemic attack (mini-stroke) Transient ischemic attacks cause headache, numbness, tingling, or weakness in the face, arm, or leg, and more. Retinal detachment. Retinal detachment causes floaters in your vision, flashes of light, blind spots, loss of vision, and more. Diabetic eye disease.",2
what causes eye blackouts,msmarco_passage_33_519703907,"Ocular migraine usually refers to a type of migraine that can cause temporary blindness in one eye. Optic neuritis. Optic neuritis is an inflammation of the optic nerve, and causes blurred or dimmed vision and pain. Astigmatism.",2
what causes eye blackouts,msmarco_passage_33_519704288,"Astigmatism is a common eye problem causing blurry vision, difficulty seeing details and eye strain headaches. Low blood pressure (hypotension) Low blood pressure, or hypotension, can make you feel lightheaded and dizzy. Diabetic ketoacidosis.",0
what causes eye blackouts,msmarco_passage_33_519992735,"Glaucoma is a group of eye conditions in which fluid builds up in your eye causing gradual vision loss. Ocular migraine usually refers to a type of migraine that can cause temporary blindness in one eye. Retinal detachment causes floaters in your vision, flashes of light, blind spots, loss of vision, and more.",2
what causes eye blackouts,msmarco_passage_33_520006310,"Go to Symptom Checker. Transient ischemic attack (mini-stroke) Transient ischemic attacks cause headache, numbness, tingling, or weakness in the face, arm, or leg, and more. Low blood pressure (hypotension) Low blood pressure, or hypotension, can make you feel lightheaded and dizzy. Diabetes, type 2.",0
what causes eye blackouts,msmarco_passage_33_520058405,"Astigmatism is a common eye problem causing blurry vision, difficulty seeing details and eye strain headaches. Ocular migraine. Ocular migraine usually refers to a type of migraine that can cause temporary blindness in one eye. Farsightedness (presbyopia)",2
what causes eye blackouts,msmarco_passage_33_520068175,"Stroke. A stroke occurs when blood and oxygen to the brain are cut off, and causes numbness, confusion, and more. Transient ischemic attack (mini-stroke) Transient ischemic attacks cause headache, numbness, tingling, or weakness in the face, arm, or leg, and more. Ocular migraine.",0
what causes eye blackouts,msmarco_passage_33_520077269,"Astigmatism is a common eye problem causing blurry vision, difficulty seeing details and eye strain headaches. Ocular migraine usually refers to a type of migraine that can cause temporary blindness in one eye. Retinal detachment causes floaters in your vision, flashes of light, blind spots, loss of vision, and more.",3
what causes eye blackouts,msmarco_passage_33_520080787,"Retinal detachment causes floaters in your vision, flashes of light, blind spots, loss of vision, and more. Ocular migraine. Ocular migraine usually refers to a type of migraine that can cause temporary blindness in one eye. Macular degeneration.",2
what causes eye blackouts,msmarco_passage_33_520086902,"Astigmatism is a common eye problem causing blurry vision, difficulty seeing details and eye strain headaches. Ocular migraine. Ocular migraine usually refers to a type of migraine that can cause temporary blindness in one eye.",2
what causes eye blackouts,msmarco_passage_33_520094073,"Low blood pressure, or hypotension, can make you feel lightheaded and dizzy. Macular degeneration. Macular degeneration is a painless eye condition that causes you to lose your central vision. Ocular migraine. Ocular migraine usually refers to a type of migraine that can cause temporary blindness in one eye.",2
what causes eye blackouts,msmarco_passage_33_520098914,"Ocular migraine usually refers to a type of migraine that can cause temporary blindness in one eye. Astigmatism. Astigmatism is a common eye problem causing blurry vision, difficulty seeing details and eye strain headaches. Diabetic ketoacidosis.",2
what causes eye blackouts,msmarco_passage_33_520109003,"Retinal detachment causes floaters in your vision, flashes of light, blind spots, loss of vision, and more. Stroke. A stroke occurs when blood and oxygen to the brain are cut off, and causes numbness, confusion, and more. Diabetic ketoacidosis.",2
what causes eye blackouts,msmarco_passage_33_520113986,"A stroke occurs when blood and oxygen to the brain are cut off, and causes numbness, confusion, and more. Ocular migraine. Ocular migraine usually refers to a type of migraine that can cause temporary blindness in one eye. Diabetic ketoacidosis.",2
what causes eye blackouts,msmarco_passage_33_520119237,"Ocular migraine usually refers to a type of migraine that can cause temporary blindness in one eye. Astigmatism. Astigmatism is a common eye problem causing blurry vision, difficulty seeing details and eye strain headaches. Cervical (neck) spondylosis.",2
what causes eye blackouts,msmarco_passage_33_520124860,"Glaucoma is a group of eye conditions in which fluid builds up in your eye causing gradual vision loss. Ocular migraine usually refers to a type of migraine that can cause temporary blindness in one eye. Retinal detachment causes floaters in your vision, flashes of light, blind spots, loss of vision, and more.",2
what causes eye blackouts,msmarco_passage_33_520142847,"Ocular migraine usually refers to a type of migraine that can cause temporary blindness in one eye. Farsightedness (presbyopia) Presbyopia causes an inability to focus on close objects, and headaches or eyestrain when working or reading. Foreign object in the eye.",2
what causes eye blackouts,msmarco_passage_33_520143676,"Low blood pressure, or hypotension, can make you feel lightheaded and dizzy. Retinal detachment. Retinal detachment causes floaters in your vision, flashes of light, blind spots, loss of vision, and more. Stroke. A stroke occurs when blood and oxygen to the brain are cut off, and causes numbness, confusion, and more.",2
what causes eye blackouts,msmarco_passage_33_520147878,"Transient ischemic attack (mini-stroke) Transient ischemic attacks cause headache, numbness, tingling, or weakness in the face, arm, or leg, and more. Retinal detachment. Retinal detachment causes floaters in your vision, flashes of light, blind spots, loss of vision, and more. Ocular migraine.",2
what causes eye blackouts,msmarco_passage_33_520161363,"Ocular migraine usually refers to a type of migraine that can cause temporary blindness in one eye. Stroke. A stroke occurs when blood and oxygen to the brain are cut off, and causes numbness, confusion, and more. Eye injury.",2
what causes eye blackouts,msmarco_passage_33_520165683,"Astigmatism is a common eye problem causing blurry vision, difficulty seeing details and eye strain headaches. Glaucoma. Glaucoma is a group of eye conditions in which fluid builds up in your eye causing gradual vision loss. Ocular migraine.",0
what causes eye blackouts,msmarco_passage_33_520170076,"Go to Symptom Checker. Transient ischemic attack (mini-stroke) Transient ischemic attacks cause headache, numbness, tingling, or weakness in the face, arm, or leg, and more. Low blood pressure (hypotension) Low blood pressure, or hypotension, can make you feel lightheaded and dizzy. Diabetes, type 2.",0
what causes eye blackouts,msmarco_passage_33_520178854,"Migraine headache (adult) Migraines are a common type of headache that can cause severe pain, aura or flashes in vision, and tingling. Retinal detachment. Retinal detachment causes floaters in your vision, flashes of light, blind spots, loss of vision, and more. Transient ischemic attack (mini-stroke)",2
what causes eye blackouts,msmarco_passage_33_520192313,"Ocular migraine. Ocular migraine usually refers to a type of migraine that can cause temporary blindness in one eye. Farsightedness (presbyopia) Presbyopia causes an inability to focus on close objects, and headaches or eyestrain when working or reading. Foreign object in the eye.",2
what causes eye blackouts,msmarco_passage_33_520196171,"Astigmatism is a common eye problem causing blurry vision, difficulty seeing details and eye strain headaches. Ocular migraine. Ocular migraine usually refers to a type of migraine that can cause temporary blindness in one eye.",2
what causes eye blackouts,msmarco_passage_33_520208736,"Diabetes can make you feel hungry, tired, or thirsty; you may urinate more than normal and have blurry vision. Astigmatism. Astigmatism is a common eye problem causing blurry vision, difficulty seeing details and eye strain headaches. Ocular migraine. Ocular migraine usually refers to a type of migraine that can cause temporary blindness in one eye.",2
what causes eye blackouts,msmarco_passage_33_520210198,"Retinal detachment. Retinal detachment causes floaters in your vision, flashes of light, blind spots, loss of vision, and more. Stroke. A stroke occurs when blood and oxygen to the brain are cut off, and causes numbness, confusion, and more. Diabetic ketoacidosis.",2
what causes eye blackouts,msmarco_passage_33_520218669,"Retinal detachment causes floaters in your vision, flashes of light, blind spots, loss of vision, and more. Astigmatism. Astigmatism is a common eye problem causing blurry vision, difficulty seeing details and eye strain headaches. Ocular migraine.",1
what causes eye blackouts,msmarco_passage_33_520219070,"Ocular migraine usually refers to a type of migraine that can cause temporary blindness in one eye. Optic neuritis. Optic neuritis is an inflammation of the optic nerve, and causes blurred or dimmed vision and pain. Farsightedness (presbyopia)",2
what causes eye blackouts,msmarco_passage_33_520491533,"Benign paroxysmal positional vertigo (BPPV) Benign paroxysmal positional vertigo is usually a temporary condition that affects balance and causes vertigo. Migraine headache (adult) Migraines are a common type of headache that can cause severe pain, aura or flashes in vision, and tingling. Panic attack.",0
what causes eye blackouts,msmarco_passage_33_520501899,"Ocular migraine usually refers to a type of migraine that can cause temporary blindness in one eye. Retinal detachment. Retinal detachment causes floaters in your vision, flashes of light, blind spots, loss of vision, and more.",2
what causes eye blackouts,msmarco_passage_33_521622193,"Ocular migraine. Ocular migraine usually refers to a type of migraine that can cause temporary blindness in one eye. Transient ischemic attack (mini-stroke) Transient ischemic attacks cause headache, numbness, tingling, or weakness in the face, arm, or leg, and more.",2
what causes eye blackouts,msmarco_passage_33_522167177,"Sarcoidosis is a rare disease that can cause swelling and hard lumps in the lymph nodes and organs. Ocular migraine usually refers to a type of migraine that can cause temporary blindness in one eye. Retinal detachment causes floaters in your vision, flashes of light, blind spots, loss of vision, and more.",2
what causes eye blackouts,msmarco_passage_33_523145658,"Ocular migraine usually refers to a type of migraine that can cause temporary blindness in one eye. Retinal detachment. Retinal detachment causes floaters in your vision, flashes of light, blind spots, loss of vision, and more. Astigmatism.",2
what causes eye blackouts,msmarco_passage_33_523388389,"Go to Symptom Checker. Peripheral neuropathy. Peripheral neuropathy is a nerve condition of the extremities causing numbness, tingling, and pain. Migraine headache (adult) Migraines are a common type of headache that can cause severe pain, aura or flashes in vision, and tingling. Stroke.",0
what causes eye blackouts,msmarco_passage_33_523480819,"Ocular migraine usually refers to a type of migraine that can cause temporary blindness in one eye. Insulin reaction (hypoglycemia) An insulin reaction is the result of low blood sugar and causes anxiety, hunger, shaking, dizziness, and more. Cervical (neck) spondylosis.",2
what causes eye blackouts,msmarco_passage_33_523528740,"Ocular migraine. Ocular migraine usually refers to a type of migraine that can cause temporary blindness in one eye. Cervical (neck) spondylosis. Cervical spondylosis is arthritis of the neck pain and stiffness the neck, shoulder, arm, or chest.",2
what causes eye blackouts,msmarco_passage_33_524085173,"Low blood pressure (hypotension) Low blood pressure, or hypotension, can make you feel lightheaded and dizzy. Stroke. A stroke occurs when blood and oxygen to the brain are cut off, and causes numbness, confusion, and more. Transient ischemic attack (mini-stroke)",0
what causes eye blackouts,msmarco_passage_33_524453958,"Go to Symptom Checker. Peripheral neuropathy. Peripheral neuropathy is a nerve condition of the extremities causing numbness, tingling, and pain. Migraine headache (adult) Migraines are a common type of headache that can cause severe pain, aura or flashes in vision, and tingling. Stroke.",0
what causes eye blackouts,msmarco_passage_33_524469175,"Migraines are a common type of headache that can cause severe pain, aura or flashes in vision, and tingling. Transient ischemic attack (mini-stroke) Transient ischemic attacks cause headache, numbness, tingling, or weakness in the face, arm, or leg, and more. Stroke.",0
what causes eye blackouts,msmarco_passage_33_524508616,"Go to Symptom Checker. Peripheral neuropathy. Peripheral neuropathy is a nerve condition of the extremities causing numbness, tingling, and pain. Stroke. A stroke occurs when blood and oxygen to the brain are cut off, and causes numbness, confusion, and more. Transient ischemic attack (mini-stroke) Transient ischemic attacks cause headache, numbness, tingling, or weakness in the face, arm, or leg, and more.",0
what causes eye blackouts,msmarco_passage_33_524509215,"Numbness or tingling (Arm), Numbness or tingling (Upper arm (bicep)) and Sudden numbness or weakness on one side of body. WebMD Symptom Checker helps you find the most common medical conditions indicated by the symptoms numbness or tingling (arm), numbness or tingling (upper arm (bicep)) and sudden numbness or weakness on one side of body including Peripheral neuropathy, Stroke, and Transient ischemic attack (mini-stroke).",0
what causes eye blackouts,msmarco_passage_33_524880629,"Chagas disease. Chagas disease is caused by a tropical parasite and can cause fever, ill feeling, and swelling around the eye. West nile virus. West Nile virus is an infection spread by mosquitoes, and can cause diarrhea, fever, abdominal pain, and more.",0
what causes eye blackouts,msmarco_passage_33_525723972,"Eyes do not track together, Floating spots or strings in vision. Chills, Distortion of part of visual field, Eyes do not track together, Headache. Change in vision, Distortion of part of visual field, Double vision (without one eye covered), Eyes do not track together. Anxiety, Blackouts (memory time loss), Blurred vision, Eyes do not track together.",0
what causes eye blackouts,msmarco_passage_34_591808214,"Another possible sign is that they will have a vacant look in their eyes where they don’t appear to be fully focused and present. These are clues that may point to a potential alcohol-induced blackout, however there is really no way of knowing for sure when a person is in a blackout.",0
what causes eye blackouts,msmarco_passage_35_311918681,"Transient Ischemic Attack (TIA) Transient ischemic attacks are sometimes called ""mini-strokes."". Although strokes typically occur without warning, some people may feel a temporary numbness, weakness or tingling in one arm or leg, or problems with speech, vision or balance before the actual onset of the stroke.",0
what causes eye blackouts,msmarco_passage_36_625940108,"The Biology Behind Alcohol-Induced Blackouts. It has taken years of study for scientists to understand how alcohol affects the brain, and there is still more work to be done. Blackouts are not the result of alcohol killing brain cells. What alcohol-induced blackouts are caused by is rather complicated.",0
what causes eye blackouts,msmarco_passage_36_746047420,"Occlusion of the central retinal artery quickly leads to ocular stroke, which can cause severe vision loss. Partial loss of the visual field may occur if only distal branches of the retinal arteries are occluded. Patients with CRAO describe painless and sudden loss of vision in one eye.",2
what causes eye blackouts,msmarco_passage_36_764288608,"The indications vary by etiology.”. Vasospasm. Previously called retinal migraine, vasospasm can also cause occlusion, said Dr. Miller. As with clotcaused occlusions, a cherry-red spot and choroidal whitening may appear; however, the patient is more likely to recover vision after vasospasm.",1
what causes eye blackouts,msmarco_passage_36_765141809,"The vision goes “black” or “gray” or “dim.”. Some patients describe a “curtain over the eye” effect where the vision loss seems to close in from one direction. “If there are positive symptoms like sparks and flashes and colors, that’s rarely a vascular occlusive event,” said Dr. Subramanian.",1
what causes eye blackouts,msmarco_passage_36_784163327,"The correct ICD-9 code for 99173 is V72.0 (examination of eyes and vision). Avoid 99172. CPT 2001 has added a second visual screening code, 99172 (visual function screening, automated or semi-automated bilateral quantitative determination of visual acuity, ocular alignment, color vision by pseudoisochromatic plates, and field of vision [may include all or some screening of the determination (s) for contrast sensitivity, vision under glare] ...",0
what causes eye blackouts,msmarco_passage_37_366343221,"By Chris A. Knobbe, MD. Eye strokes occur when blockages (occlusions) occur in arteries or veins in the retina, causing vision loss. The severity of vision loss depends on the extent and location of the occlusion (s) and loss of blood flow. Just as strokes occur in other parts of the body because blood flow is blocked, your eye also may suffer damage when vital structures such as the retina and optic nerve are cut off from nutrients and oxygen flowing through your blood.",1
what causes eye blackouts,msmarco_passage_37_366349701,"Central Retinal Artery Occlusion (CRAO) Central retinal artery occlusion usually occurs with sudden, profound, but painless vision loss in one eye. Most people with CRAO can barely count fingers in front of their face or see light from the affected eye. The condition may be preceded by episodes of vision loss known as amaurosis fugax.",2
what causes eye blackouts,msmarco_passage_37_366782293,"An ocular migraine is a rare condition characterized by temporary vision loss or even temporary blindness in one eye. Ocular migraines are caused by reduced blood flow or spasms of blood vessels in the retina or behind the eye. In an ocular migraine, vision in the affected eye generally returns to normal within an hour.",2
what causes eye blackouts,msmarco_passage_37_367725776,"Ocular hypertension: 5 causes of high intraocular eye pressure. Ocular hypertension means the pressure in your eyes — your intraocular pressure (IOP) — is higher than normal. Left untreated, high eye pressure can cause glaucoma and permanent vision loss in some individuals. However, some people can have ocular hypertension without developing any damage to their eyes or vision, as determined by a comprehensive eye exam and visual field testing.",0
what causes eye blackouts,msmarco_passage_37_367740399,"Ocular migraines: Causes, symptoms and treatment of eye migraines. An ocular migraine is a rare condition characterised by temporary vision loss or even temporary blindness in one eye. Ocular migraines are caused by reduced blood flow or spasms of blood vessels in the retina or behind the eye. In an ocular migraine, vision in the affected eye generally returns to normal within an hour.",2
what causes eye blackouts,msmarco_passage_37_369263440,"amaurosis fugax Sudden and usually temporary vision loss caused by an "" eye stroke ."". When a clot or blockage disrupts blood flow to the eye, symptoms can include curtain-like darkness, usually in just one eye. amblyopia Also called lazy eye.",2
what causes eye blackouts,msmarco_passage_37_369604905,"Migraine auras — A migraine with aura is a migraine with sensory disturbances that may include seeing sparks, bright dots or “zig zags” of light, according to the American Migraine Foundation. These flashes of light usually occur in both eyes. This type of migraine, also called a “visual migraine,” is different from an ocular migraine, which is more serious and may cause temporary vision loss in one eye.",2
what causes eye blackouts,msmarco_passage_37_369605478,An ocular migraine is caused by reduced blood flow or spasms in blood vessels behind the retina. Visual changes from diabetes — Diabetes can cause vision changes that may include diabetic retinopathy. High blood sugar levels can damage the blood vessels in the retina.,2
what causes eye blackouts,msmarco_passage_37_525733117,"Pregnant and elderly people, those suffering from heart or psychiatric conditions should consult a doctor before trying the VR experience. People are also at risk of having seizures, dizziness, headaches, eye strain, or even blackouts during virtual reality gaming.",0
what causes eye blackouts,msmarco_passage_38_312809040,"Retinal artery occlusion is usually associated with sudden painless loss of vision in one eye. The area of the retina affected by the blocked vessels determines the area and extent of visual loss. The main artery supplying blood to the eye is the ophthalmic artery; when it is blocked, it produces the most damage.",2
what causes eye blackouts,msmarco_passage_39_122257902,"Central retinal artery occlusion (CRAO): Usually occurs with sudden, profound, but painless vision loss in one eye. It is often preceded by episodes of vision loss known as amaurosis fugax, lasting seconds to a couple of minutes. It is most commonly due to a clot embolus from the carotid artery in the neck or the heart that travels to the retinal artery, causing occlusion.",2
what causes eye blackouts,msmarco_passage_39_122258418,"Central retinal vein occlusion (CRVO): Causes sudden, painless vision loss that can be mild to severe. When this form of eye occlusion occurs, the final outcome may involve a thrombus or clot of the central retinal vein just where it enters the eye. Branch retinal artery occlusion (BRAO): Occurs suddenly and is typically painless.",2
what causes eye blackouts,msmarco_passage_39_123694706,"The lack of blood causes your brain cells to starve for oxygen, ultimately resulting in their death. Where a stroke occurs in the brain determines what kind of damage will occur. There are several different types of stroke including ischemic stroke, where blood supply is cut off from the brain; hemorrhagic stroke, where bleeding occurs in the brain; and a transient ischemic stroke, also known as a mini-stroke, where symptoms occur for a shorter period and blood loss to the brain is temporary.",0
what causes eye blackouts,msmarco_passage_39_503838160,"What Are The Best Blackout Sleep Masks to Buy? Reviewed by the BioHackers Lab Team | Last updated: March 30, 2021. The best sleep masks to block out light are: Nidra Deep Rest Eye Mask – Good Blackout Eye Mask Option. Swanwick Sleep Silk Sleep Mask – Good Luxury & Travel Eye Mask Option.",0
what causes eye blackouts,msmarco_passage_39_642997529,"What Causes An Alcohol Blackout? Binge drinking is the primary cause of an alcohol blackout. The more alcohol a person consumes in a set amount of time, the more likely he or she is to experience a blackout. A rapid rise in blood alcohol levels is what ultimately causes a blackout to occur.",0
what causes eye blackouts,msmarco_passage_39_805371544,"When vision is affected, it is the result of macular edema and/or macular ischemia. Macular edema is swelling, or thickening, of the macula, a small area in the center of the retina that allows us to see fine details clearly. The swelling is caused by fluid leaking from retinal blood vessels. It is the most common cause of visual loss in diabetes.",1
what causes eye blackouts,msmarco_passage_40_128332034,"If the central retinal artery that supplies blood to the inner retina is affected, loss of vision is profound and sudden and, unless the obstruction can be relieved right away, permanent. Occlusion of the retinal veins is more common than arterial occlusion and also has dramatic effects caused by the damming up of blood in the eye.",1
what causes eye blackouts,msmarco_passage_40_19915955,"Diabetic Retinopathy. Another retinal disease that can cause legal blindness is diabetic retinopathy. Patients with diabetes can lose vision from swelling or bleeding in the retina, or from retinal detachment. Diabetics can decrease their risk of legal blindness with good blood sugar and blood pressure control and annual eye exams.",1
what causes eye blackouts,msmarco_passage_40_794768063,"At 1:30 of the video: Dr. Hauser talks about C1-C2 instability and its impact on the Vagus Nerve (Cranial Nerve X) When the Vagus nerve is injured by compression caused by instability at C1-C2, this can cause vasospasms (narrowing of the arteries and reduction of blood flow). If these vasospasms impact the ophthalmic artery, the artery that supplies blood to the eye and eye area including the orbit – this can lead to some of the symptoms are patients describe to us such as darkening, black spots, or grayness in the vision of one eye.",2
what causes eye blackouts,msmarco_passage_41_279682725,"Seizures can cause blackouts, convulsions, drooling and frothing, eye movements, loss of bladder control, jaw clenching, and muscle spasms. Autism is another condition often connected with cerebral palsy.",0
what causes eye blackouts,msmarco_passage_42_796912600,"Vision Stays Continuous Despite Blinking. Blinking should theoretically cause a momentary blackout. However, the eye and brain have a mechanism to suppress this blackout and keep the visual experience flowing continuously. 4.",0
what causes eye blackouts,msmarco_passage_43_560772732,"TIA and Stroke are both medical conditions related to brain. TIA is an abbreviation of Transient Ischemic Attack. In this condition the brain suffer a temporary deficit in blood supply to the brain and the ischemia causes the symptoms. The brain controls the body movements, speech, vision, hearing and sensation. In TIA these may be affected.",3
what causes eye blackouts,msmarco_passage_44_228904857,"Obviously, when driving a vehicle, this is very dangerous. Blackouts can be caused by a number of physiological factors and chemical factors. Fainting – more than 50% of blackouts are due to this and it’s often caused by hot weather, prolonged standing, having blood taken or experiencing intense emotions. Syncope (temporary loss of blood flow to the brain) due to cardiovascular disease or arrhythmias.",0
what causes eye blackouts,msmarco_passage_44_27313917,"If high blood pressure or cholesterol levels are underlying causes, your doctor will likely put you on a healthy diet plan. Finally, smokers who experience temporary vision loss should stop smoking immediately in case surgery is needed to remove blockages in the carotid artery. Almost anyone can experience temporary or episodic blindness, but a healthy lifestyle can help prevent it—especially if the underlying cause of your temporary vision loss is a heart complication.",1
what causes eye blackouts,msmarco_passage_44_27318981,"Types of Temporary Blindness. There are various forms of temporary blindness: Episodic blindness: Episodic blindness or amaurosis fugax is a temporary loss of vision that usually occurs in one eye. It is a rare issue that is caused by a lack of blood flow to the eye, and it can last anywhere from several seconds to several minutes.",2
what causes eye blackouts,msmarco_passage_44_329189550,"Visual blackouts often are triggered by a change in position, such as by standing up very suddenly, or they may be triggered by coughing or straining in the chest or abdomen. Occasionally, people with papilledema can have an experience of flashing lights, often seen in an arc shape.",2
what causes eye blackouts,msmarco_passage_44_329603675,"Symptoms. The usual symptom of retinal artery occlusion is a sudden, painless, persistent, substantial loss of vision in one eye. In about 10% of those affected, this loss of vision is preceded by one or more episodes of a condition called amaurosis fugax. Amaurosis fugax is a temporary episode of decreased vision, usually lasting no more than 10 to 15 minutes, that is sometimes described as ""closing a curtain"" on one eye.",2
what causes eye blackouts,msmarco_passage_44_339183081,"Strokes and mini-strokes. If a blood clot occurs in the arteries that supply the brain, it may cause a stroke or a transient ischemic attack (TIA). A TIA (mini-stroke) is a temporary interruption of blood flow to part of the brain. Signs and symptoms of both a stroke and a TIA develop suddenly and include:",3
what causes eye blackouts,msmarco_passage_44_433618192,"Ocular. Common (1% to 10%): Abnormal vision, vision blurred. Uncommon (0.1% to 1%): Conjunctivitis, dry eyes, mydriasis, photophobia. Rare (less than 0.1%): Blepharitis, diplopia, exophthalmos, glaucoma, hyperacusis, iritis, scleritis, strabismus, visual field defect.",0
what causes eye blackouts,msmarco_passage_44_434098856,"Ocular. Common (1% to 10%): Blurred vision (including due to disturbance of accommodation) Uncommon (0.1% to 1%): Retinopathy (with changes in pigmentation, visual field defects), retinal changes (including paracentral, pericentral ring types, temporal scotomas, abnormal color vision), corneal changes (including edema, opacities), haloes, photophobia.",0
what causes eye blackouts,msmarco_passage_44_436155120,"Ocular. Common (1% to 10%): Blurred vision (including due to disturbance of accommodation) Uncommon (0.1% to 1%): Retinopathy (with changes in pigmentation, visual field defects), retinal changes (including paracentral, pericentral ring types, temporal scotomas, abnormal color vision), corneal changes (including edema, opacities), haloes, photophobia.",0
what causes eye blackouts,msmarco_passage_44_436432155,"Ocular. Common (1% to 10%): Abnormal vision, vision blurred. Uncommon (0.1% to 1%): Conjunctivitis, dry eyes, mydriasis, photophobia. Rare (less than 0.1%): Blepharitis, diplopia, exophthalmos, glaucoma, hyperacusis, iritis, scleritis, strabismus, visual field defect.",0
what causes eye blackouts,msmarco_passage_44_436905398,"Ocular. Common (1% to 10%): Abnormal vision, visual disturbance/impairment. Uncommon (0.1% to 1%): Eye pain, mydriasis, periorbital edema. Rare (less than 0.1%): Diplopia, glaucoma, hyphema, lacrimal disorder, photophobia, scotoma, visual field defect. Frequency not reported: Blurred vision, unequal pupils.",0
what causes eye blackouts,msmarco_passage_44_438167465,"Ocular. Common (1% to 10%): Abnormal vision, visual disturbance/impairment. Uncommon (0.1% to 1%): Eye pain, mydriasis, periorbital edema. Rare (less than 0.1%): Diplopia, glaucoma, hyphema, lacrimal disorder, photophobia, scotoma, visual field defect. Frequency not reported: Blurred vision, unequal pupils.",0
what causes eye blackouts,msmarco_passage_45_225998588,"Vision loss lasts less than five minutes and is thought to be caused by a temporary spasm (vasospasm) of a blood vessel serving the eye, triggered by the release of certain chemicals into the blood. This type of vision loss is not a warning sign of stroke.",2
what causes eye blackouts,msmarco_passage_45_629781628,"The study authors say mini-strokes are similar in nature to ischemic strokes, which are full blown episodes provoked by a loss of blood supply, depriving an area of the brain from oxygen. Ischemic stroke effects, including blurry vision, numbness, and slurred speech, are usually present immediately after the event.",0
what causes eye blackouts,msmarco_passage_45_629871827,"The study authors say mini-strokes are similar in nature to ischemic strokes, which are full blown episodes provoked by a loss of blood supply, depriving an area of the brain from oxygen. Ischemic stroke effects, including blurry vision, numbness, and slurred speech, are usually present immediately after the event.",0
what causes eye blackouts,msmarco_passage_45_813272480,"Symptoms. Just as a stroke can occur suddenly and without warning, symptoms of a retinal vein occlusion or ‘eye stroke’ usually occur quite suddenly. A sudden loss of vision, or sudden blurring of vision, is often the first sign that many people are aware of. The severity of symptoms differs from person to person, and also depends on whether the blockage is to the central or a branch vein.",2
what causes eye blackouts,msmarco_passage_45_813285749,"It may also cause a number of other symptoms, such as flashes and floaters, and sudden blindness. Retinal vein occlusion: If the blood vessels that feed the retina (the focusing surface at the back of the eye) become blocked, it is known as a retinal vein occlusion. This can cause sudden blurred vision, and also sudden blindness.",2
what causes eye blackouts,msmarco_passage_45_813298635,"Causes of flashes. As the vitreous ‘gel’ within your eye shrinks, it may pull on the retina (the focusing surface at the back of your eye) and this can cause these flashes of light in your vision to occur. A retinal tear or detached retina is a serious and potentially sight-threatening condition. It’s therefore essential to seek medical attention as quickly as possible if you encounter flashes in your vision, particularly if they are accompanied by a sudden increase in floaters.",0
what causes eye blackouts,msmarco_passage_45_813337118,"It may also cause a number of other symptoms, such as flashes and floaters, and sudden blindness. Retinal vein occlusion: If the blood vessels that feed the retina (the focusing surface at the back of the eye) become blocked, it is known as a retinal vein occlusion. This can cause sudden blurred vision, and also sudden blindness.",2
what causes eye blackouts,msmarco_passage_45_813347712,"Causes of flashes. As the vitreous ‘gel’ within your eye shrinks, it may pull on the retina (the focusing surface at the back of your eye) and this can cause these flashes of light in your vision to occur. A retinal tear or detached retina is a serious and potentially sight-threatening condition. It’s therefore essential to seek medical attention as quickly as possible if you encounter flashes in your vision, particularly if they are accompanied by a sudden increase in floaters.",0
what causes eye blackouts,msmarco_passage_45_813373743,"Causes of flashes. As the vitreous ‘gel’ within your eye shrinks, it may pull on the retina (the focusing surface at the back of your eye) and this can cause these flashes of light in your vision to occur. A retinal tear or detached retina is a serious and potentially sight-threatening condition. It’s therefore essential to seek medical attention as quickly as possible if you encounter flashes in your vision, particularly if they are accompanied by a sudden increase in floaters.",0
what causes eye blackouts,msmarco_passage_47_349372632,"The term “blackout” refers to the loss of memory caused by a fast spike in blood alcohol level (BAC). It may also be referred to as “alcohol-induced amnesia.”. Binge drinking, which rapidly raises BAC, is what causes alcoholic blackouts.",0
what causes eye blackouts,msmarco_passage_47_700821435,"If the aura symptoms only occur in one eye, which are usually intense and include diminished vision or temporary blindness (lasting up to an hour)you may be experiencing a retinal migraine. Because the cause of this type of migraine is a problem with the retina itself, such as diminished blood flow, it could cause permanent blindness.",2
what causes eye blackouts,msmarco_passage_48_510759565,"Blue tiger eye is useful for treating the hernia, bowels, large intestine and anus in both men and women. This stone will enhance healing of ulcers, deep vein thrombosis, mental and physical blackouts, what ever the area and cause. Blue tiger eye improves vision, especially night vision.",0
what causes eye blackouts,msmarco_passage_48_594222251,Monocular blindness. Temporary monocular blindness can be a very frightening migraine aura symptom. This is total blindness in one eye only and it occurs only in retinal migraine. Vision should return when the migraine ends.,2
what causes eye blackouts,msmarco_passage_48_600682087,"One common cause of a blackout is fainting. Fainting occurs when your heart rate drops and your blood vessels widen, resulting in low blood pressure. It can happen when you are very hot, distressed, in severe pain, you see or smell something unpleasant, or while you are coughing or going to the toilet.",0
what causes eye blackouts,msmarco_passage_48_602335338,"A transient ischaemic attack, also known as a TIA or 'mini-stroke', causes stroke-like symptoms for a few minutes and disappears within 24 hours. It’s caused by a temporary blockage to your brain’s blood supply and means you have a higher chance of experiencing a stroke.",0
what causes eye blackouts,msmarco_passage_48_602344602,"A transient ischaemic attack, also known as a TIA or 'mini-stroke', causes stroke-like symptoms for a few minutes and disappears within 24 hours. It’s caused by a temporary blockage to your brain’s blood supply and means you have a higher chance of experiencing a stroke.",0
what causes eye blackouts,msmarco_passage_48_602641183,"A transient ischaemic attack, also known as a TIA or 'mini-stroke', causes stroke-like symptoms for a few minutes and disappears within 24 hours. It’s caused by a temporary blockage to your brain’s blood supply and means you have a higher chance of experiencing a stroke.",0
what causes eye blackouts,msmarco_passage_48_602805260,"Mini stroke symptoms: A mini stroke, or a TIA (transient ischemic attack) is caused by a short blood loss to the brain, and the signs of a mini stroke are: Numbness or tingling. Temporary loss of vision. Difficulty speaking. Weakness on one side of the body. Because the signs of a mini stroke disappear quickly – usually within 24 hours, many people do not take such an episode seriously.",2
what causes eye blackouts,msmarco_passage_48_618019473,"Blackouts can also be caused by a variety of drugs and other substances including: Alcohol intoxication. Medication side effects, such as the side effects of cancer treatments or seizure medications, or agents used for anesthesia. Poisons, such as cleaning chemicals or pesticides. Recreational drug use.",0
what causes eye blackouts,msmarco_passage_48_618019942,"Blackouts may occur as a result of brain damage, drug side effects, excessive alcohol consumption, or disorders affecting brain function, such as epilepsy. Fainting, also known as syncope, is a term used to refer to a blackout.",0
what causes eye blackouts,msmarco_passage_48_618021252,"Serious or life-threatening causes of blackouts. In some cases, blackouts may be a symptom of a serious or life-threatening condition that should be evaluated immediately in an emergency setting. These include: Arrhythmias (irregular heartbeats) Cardiomyopathy (weakened or abnormal heart muscle and function) Epilepsy.",0
what causes eye blackouts,msmarco_passage_48_619741987,"Retinal detachment, in which the retina detaches from the underlying blood vessels that supply it with oxygen and nutrients, can also cause peripheral vision loss. You may experience temporary loss of peripheral vision along with a migraine headache.",0
what causes eye blackouts,msmarco_passage_48_624162859,"Blackouts can also be caused by a variety of drugs and other substances including: Alcohol intoxication. Medication side effects, such as the side effects of cancer treatments or seizure medications, or agents used for anesthesia. Poisons, such as cleaning chemicals or pesticides. Recreational drug use.",0
what causes eye blackouts,msmarco_passage_48_624163328,"Blackouts may occur as a result of brain damage, drug side effects, excessive alcohol consumption, or disorders affecting brain function, such as epilepsy. Fainting, also known as syncope, is a term used to refer to a blackout.",0
what causes eye blackouts,msmarco_passage_48_624164638,"Serious or life-threatening causes of blackouts. In some cases, blackouts may be a symptom of a serious or life-threatening condition that should be evaluated immediately in an emergency setting. These include: Arrhythmias (irregular heartbeats) Cardiomyopathy (weakened or abnormal heart muscle and function) Epilepsy.",0
what causes eye blackouts,msmarco_passage_48_624219492,"Even temporary blurry vision can result from serious conditions, such as stroke, transient ischemic attack (TIA), hypertension, epilepsy or migraine. Over time, blurred vision and the underlying cause of blurred vision can lead to serious complications including: Brain damage.",0
what causes eye blackouts,msmarco_passage_48_625257834,"Retinal detachment, in which the retina detaches from the underlying blood vessels that supply it with oxygen and nutrients, can also cause peripheral vision loss. You may experience temporary loss of peripheral vision along with a migraine headache.",0
what causes eye blackouts,msmarco_passage_48_639724595,"For example, when a blood clot blocks the blood supply to the brain then brain activity is affected. A person may experience numbness, weakness, paralysis, loss of sensation like vision and hearing, dizziness, confusion and even less of consciousness. This is linked to all the functions of the brain. It may be momentary in a transient ischemic attack (TIA) but once the blood supply is cut off then it results in a stroke.",1
what causes eye blackouts,msmarco_passage_48_682309212,"Carotid artery surgery also helps prevent a transient ischemic attack (TIA). A TIA has the symptoms of a stroke — such as numbness, difficulties with speech or vision, and trouble walking — but they last for a brief time. According to the National Institute of Neurological Disorders and Stroke, symptoms of a TIA usually disappear within an hour. Like a stroke, a TIA is caused by a temporary blockage of blood to the brain.",3
what causes eye blackouts,msmarco_passage_48_682314823,"Carotid artery surgery also helps prevent a transient ischemic attack (TIA). A TIA has the symptoms of a stroke — such as numbness, difficulties with speech or vision, and trouble walking — but they last for a brief time. According to the National Institute of Neurological Disorders and Stroke, symptoms of a TIA usually disappear within an hour. Like a stroke, a TIA is caused by a temporary blockage of blood to the brain.",3
what causes eye blackouts,msmarco_passage_48_725092469,"Retinal migraine. Some specialists may use the terms visual, ocular, or ophthalmic aura to describe a retinal migraine. A retinal migraine is a more serious condition than a visual migraine. It’s caused by lack of blood flow to the eye. It usually involves a blind spot or complete loss of vision in just one eye.",2
what causes eye blackouts,msmarco_passage_48_773082913,"The nature of blackouts makes it difficult for researchers to examine the correlation between memory recall and blackout type. Blackouts are often associated with alcohol consumption. For many people, drinking too much alcohol too quickly, or on an empty stomach, can cause a blackout. A blackout can also be caused by:",0
what causes eye blackouts,msmarco_passage_48_773083385,fainting. low blood pressure. psychogenic seizures. low blood sugar. certain medications. oxygen restriction. A 2006 study. Trusted Source. found that temporary memory loss caused by a fall in blood pressure (syncope) is a more likely cause of nonalcoholic-induced blackouts.,0
what causes eye blackouts,msmarco_passage_48_820446170,"Dr. Jay Pepose answered. 39 years experience Ophthalmology. Many things: A number of conditions can cause a sudden blackout of vision. Most of these are vascular events affecting important structions in the visual pathway, ... Read More.",2
what causes eye blackouts,msmarco_passage_48_822957516,"Dr. Jay Pepose answered. Ophthalmology 39 years experience. Many things: A number of conditions can cause a sudden blackout of vision. Most of these are vascular events affecting important structions in the visual pathway, such as retinal aretery or vein occlusion, hemorrhages, and vasospasm. We see with both our eyes and our brain, and these structures require perfusion of blood for oxygen, butrition and proper function.",3
what causes eye blackouts,msmarco_passage_49_169670171,"Sores that you don’t notice can become infected and fester, leading to the need for amputation. Vision Loss-Diabetes can cause blockages or abnormal growth of blood vessels in the retina, the part of the eye that reads images. Blood vessel changes in the retina can lead to vision problems and even blindness.",1
what causes eye blackouts,msmarco_passage_49_469338143,"Carotid artery disease may have no symptoms. Sometimes, the first sign of the disease is a transient ischemic attack (TIA) or stroke. A transient ischemic attack (TIA) is a sudden, temporary loss of blood flow to an area of the brain. It usually lasts a few minutes to an hour.",1
what causes eye blackouts,msmarco_passage_49_476498149,"Carotid artery disease may have no symptoms. Sometimes, the first sign of the disease is a transient ischemic attack (TIA) or stroke. A transient ischemic attack (TIA) is a sudden, temporary loss of blood flow to an area of the brain. It usually lasts a few minutes to an hour.",1
what causes eye blackouts,msmarco_passage_49_477277232,"Carotid artery disease may have no symptoms. Sometimes, the first sign of the disease is a transient ischemic attack (TIA) or stroke. A transient ischemic attack (TIA) is a sudden, temporary loss of blood flow to an area of the brain. It usually lasts a few minutes to an hour.",1
what causes eye blackouts,msmarco_passage_50_116258742,Chronic cerebral ischemia. ICD-10-CM Diagnosis Code H35.82 [convert to ICD-9-CM] Retinal ischemia. Bilateral retinal ischemia; Diabetes type 1 with retinal ischemia; Diabetes type 2 with retinal ischemia; Ischemia of retina of bilateral eyes; Ischemia of retina of left eye; Ischemia of retina of right eye; Left retinal ischemia; Retinal ischemia (eye condition); Retinal ischemia due to type 1 diabetes mellitus; Retinal ischemia due to type 2 diabetes mellitus; Right retinal ischemia.,0
what causes eye blackouts,msmarco_passage_50_118899793,Retinal ischemia. Bilateral retinal ischemia; Diabetes type 1 with retinal ischemia; Diabetes type 2 with retinal ischemia; Ischemia of retina of bilateral eyes; Ischemia of retina of left eye; Ischemia of retina of right eye; Left retinal ischemia; Retinal ischemia (eye condition); Retinal ischemia due to type 1 diabetes mellitus; Retinal ischemia due to type 2 diabetes mellitus; Right retinal ischemia.,0
what causes eye blackouts,msmarco_passage_51_633417350,"Ocular sarcoidosis can cause a wide range of visual problems, such as blurred vision, floaters (small particles inside the eye that “float” in a person’s field of vision), color blindness, or even total loss of eyesight.",1
what causes eye blackouts,msmarco_passage_52_408784594,"The condition causes partial blindness, as it does not limit vision altogether, and can be both temporary and permanent. Example of vision with scotoma. On the other hand, it is necessary to take into account that scotoma can result in a normal situation in people, or a pathological condition. When it comes to this second case, the alteration is usually caused by an injury to the retina of the optic nerve.",0
what causes eye blackouts,msmarco_passage_52_627272103,"Roughly one-third of those who get migraines can predict an oncoming migraine by seeing an ""aura"" or visual disturbances such as flashing lights, zig-zag lines in front of the eyes or a temporary loss of vision, according to the National Institute of Neurological Disorders and Stroke.",2
what causes eye blackouts,msmarco_passage_52_637209866,"When a retinal tear occurs, the vitreous can leak through the tear and lift the retina from the back of the eye, a condition called retinal detachment. A retinal tear, with or without detachment, commonly causes sudden flashes of light in the affected eye 3. Other possible symptoms include floaters, spots or shadows, and blurry vision or partial vision loss.",1
what causes eye blackouts,msmarco_passage_53_337735885,"Strokes and mini-strokes. If a blood clot occurs in the arteries that supply the brain, it may cause a stroke or a transient ischemic attack (TIA). A TIA (mini-stroke) is a temporary interruption of blood flow to part of the brain. Signs and symptoms of both a stroke and a TIA develop suddenly and include:",3
what causes eye blackouts,msmarco_passage_53_338612567,"Giant cell arteritis can cause serious complications, including: Blindness. Diminished blood flow to your eyes can cause sudden, painless vision loss in one or, rarely, both eyes. Loss of vision is usually permanent.",0
what causes eye blackouts,msmarco_passage_53_434919605,Shaffer. Blackouts are said to be caused by Tumors right? So what can prevent blackouts from happening and how can you make a tumor dissapear?,0
what causes eye blackouts,msmarco_passage_53_440587390,"Other very rare retinal disorders or mitochondrial disorders might cause it, but these would likely be detected by an opthalmologist. There is such a thing as retinal migraine but it produces temporary loss of vision (temporary blindness) rather than loss of color vision.",2
what causes eye blackouts,msmarco_passage_53_477748959,"Causes. A retinal migraine will affect the vision in one eye. Experts believe that a retinal migraine happens when a blood vessel in the eye spasms, causing a reduction in the blood flow to the eye. As the blood vessel relaxes and blood flow returns to normal, the symptoms usually disappear, and vision comes back.",2
what causes eye blackouts,msmarco_passage_53_477755675,"Causes. A retinal migraine will affect the vision in one eye. Experts believe that a retinal migraine happens when a blood vessel in the eye spasms, causing a reduction in the blood flow to the eye. As the blood vessel relaxes and blood flow returns to normal, the symptoms usually disappear, and vision comes back.",2
what causes eye blackouts,msmarco_passage_53_482797316,"This blood is essential to vision, and a blockage in the retina’s blood vessels can permanently affect vision and lead to blindness. An eye stroke, also known as retinal artery occlusion, is caused by a clot, or narrowing of the retina’s blood vessels. The retina’s blood flow is interrupted and, if left untreated, can result in permanent damage to the retina and loss of sight.",1
what causes eye blackouts,msmarco_passage_53_482803726,"This blood is essential to vision, and a blockage in the retina’s blood vessels can permanently affect vision and lead to blindness. An eye stroke, also known as retinal artery occlusion, is caused by a clot, or narrowing of the retina’s blood vessels. The retina’s blood flow is interrupted and, if left untreated, can result in permanent damage to the retina and loss of sight.",1
what causes eye blackouts,msmarco_passage_53_494298484,"Share on Pinterest. The optic nerve transfers visual information from the retina to the brain. When inflamed, it may cause temporary vision loss. The most common symptoms of optic neuritis are: Vision loss: This symptom usually occurs in one eye, ranging from a slight blurring or blind spot to complete blindness.",2
what causes eye blackouts,msmarco_passage_53_494305166,"Share on Pinterest. The optic nerve transfers visual information from the retina to the brain. When inflamed, it may cause temporary vision loss. The most common symptoms of optic neuritis are: Vision loss: This symptom usually occurs in one eye, ranging from a slight blurring or blind spot to complete blindness.",2
what causes eye blackouts,msmarco_passage_53_544065777,"smoking. high blood pressure. A person may not experience any symptoms of carotid artery disease. If the arteries get so narrow that a blockage forms, however, they could experience a transient ischemic attack (TIA) or stroke. A TIA is similar to a stroke in that it causes a lack of blood flow to parts of the brain for a short time. However, unlike a stroke, the symptoms of TIA are temporary and will typically go away.",1
what causes eye blackouts,msmarco_passage_53_557589469,People may also refer to this type of blackout as fainting. Low blood pressure typically causes syncope blackouts because the heart cannot pump enough oxygen-rich blood to the brain. There are two main types of syncope blackouts: neurally mediated and cardiac.,0
what causes eye blackouts,msmarco_passage_53_617684167,"The majority of mini-strokes produce symptoms that are temporary, while the majority of strokes produce symptoms that are often long lasting, and cause permanent disability. Symptoms of a mini- stroke may include one or more of the following: Weakness or numbness in your arms and/or legs, usually on one side of the body.",0
what causes eye blackouts,msmarco_passage_53_750167655,"Common causes. The most common causes of sudden, painless loss of vision are. Blockage of a major artery of the retina ( central retinal artery occlusion) Blockage of an artery to the optic nerve ( ischemic optic neuropathy) Blockage of a major vein in the retina ( central retinal vein occlusion)",2
what causes eye blackouts,msmarco_passage_53_756565071,"The most common causes of acute loss of vision are. Vascular occlusions of the retina ( central retinal artery occlusion, central retinal vein occlusion) Ischemic optic neuropathy (often in patients with temporal arteritis) Vitreous hemorrhage (caused by diabetic retinopathy or trauma) Trauma.",3
what causes eye blackouts,msmarco_passage_53_756565900,"In addition, sudden recognition of loss of vision (pseudo-sudden loss of vision) may manifest initially as sudden onset. For example, a patient with long-standing reduced vision in one eye (possibly caused by a dense cataract) suddenly is aware of the reduced vision in the affected eye when covering the unaffected eye.",0
what causes eye blackouts,msmarco_passage_54_108647918,"Some people experience a type of silent migraine with visual disturbance but no head pain. “Ocular migraine” also known as “retinal migraine” is often confused with “visual migraine” which is a symptom of visual changes or vision loss resulting from the aura phase of the common migraine. However, for people who experience ocular migraines, the visual changes are a little different and can be very frightening as they most often include temporary vision loss that can last up to an hour.",2
what causes eye blackouts,msmarco_passage_54_108652044,"This is usually characterized by blurry, dim vision, or twinkling lights called “scintillations.”. Vision loss is temporary and restores in under an hour. What causes ocular/retinal migraines? Ocular migraines occur when the blood vessels to the eyes start to constrict, or narrow.",1
what causes eye blackouts,msmarco_passage_54_469850038,"The most common causes of acute loss of vision are. Vascular occlusions of the retina ( central retinal artery occlusion, central retinal vein occlusion) Ischemic optic neuropathy (often in patients with temporal arteritis) Vitreous hemorrhage (caused by diabetic retinopathy or trauma) Trauma. In addition, sudden recognition of loss of vision (pseudo-sudden loss of vision) may manifest initially as sudden onset.",3
what causes eye blackouts,msmarco_passage_54_578458628,"Its from something in addition to the thin nerve layers that was bad enough to cause a problem in just that one place. The way my ophthalmologist explained it, a problem with the optic nerve that causes blind spots can cause the nerve layer in the eye to get thin because of the damage, but a thin nerve layer from MS doesn't cause the noticeable blind spots.",0
what causes eye blackouts,msmarco_passage_54_710185453,"Arteries in the brain (or carotid arteries in the neck): Sudden headache, loss of vision (visual disturbances), impaired, difficulties with or loss of speech, loss of concentration, body weakness (especially in the arms), difficulties with movement or walking, loss of sensation in the body (especially on one side, such as the limbs), facial drooping or seizures and loss of consciousness (signs of possible stroke or transient ischemic attack, known as a ‘mini stroke’ or TIA).",1
what causes eye blackouts,msmarco_passage_55_244580798,"Plaque is a waxy substance made up of cells, cholesterol deposits and fat that forms in response to inflammation in the arteries. Plaque buildup can make the carotid arteries stiff and narrow. Plaque deposits can also crack and break, causing damage that leads to the development of blood clots. These clots and bits of plaque can also detach and migrate to smaller arteries in the brain, causing a stroke or transient ischemic attack (TIA) — a temporary episode of stroke symptoms that usually passes in about 24 hours.",0
what causes eye blackouts,msmarco_passage_55_244877934,"What Is a TIA? A transient ischemic attack is a brief episode of interrupted blood flow to the brain, which causes stroke-like symptoms such as weakness and numbness on one side of the body; speech, vision and coordination problems; difficulty swallowing; and sudden, severe headaches.",1
what causes eye blackouts,msmarco_passage_55_744947236,This is commonly described as a large spider web that is suddenly in the middle of your vision. It may also be accompanied by flashes of light. The flashes occur as the separating gel pulls on the retina. This pulling of the retina by the gel during a PVD is what puts you at risk for a retinal tear and/or retinal detachment.,1
what causes eye blackouts,msmarco_passage_57_28447373,"Causes of Dim Vision. Since the visual process involves multiple tissues in the eyes and brain, problems in any of the tissues that constitute the pathway to visual perception can result in vision problems, including dim vision. In many cases, dim vision is often confused with double vision or blurry vision.",0
what causes eye blackouts,msmarco_passage_57_29487729,"Ocular migraines. Also known as retinal migraine or ophthalmic migraine, ocular migraine is characterized by a migraine headache associated with a temporary loss of vision. The loss of vision usually occurs in only one eye and lasts for 4-72 hours. The exact cause of this condition is not known.",2
what causes eye blackouts,msmarco_passage_58_635854379,"Answer 4. Central retinal artery occlusion is an acute blockage of the central retinal artery that results in sudden, painless loss of vision. The central retinal artery is a branch of the ophthalmic artery and supplies the prelaminar optic nerve and the inner two-thirds of the retina. 2. The most common cause of CRAO is thrombus or embolus from the carotid arteries or heart, which lodges in the central retinal artery.",2
what causes eye blackouts,msmarco_passage_59_302877244,"Sometimes even eye movements are enough to induce a temporary loss of vision. Retinal migraine is a spasm of the artery leading into the eye which supplies the retina. This spasm can lead to a temporary black-out of vision on one side, and is fairly rare.",3
what causes eye blackouts,msmarco_passage_59_462903727,"If enough blood accumulates in the limbs, cardiac output may become so low that the brain is inadequately perfused and a person may experience dizziness or syncope (SIN-co-pee) (fainting). This can usually be prevented by periodically tensing the calf and other muscles to keep the skeletal muscle pump active.",0
what causes eye blackouts,msmarco_passage_59_52041102,"Often, a person experiences no symptoms of neck artery blockage until the artery is completely blocked, resulting in a stroke, explains Healthline. The stroke or transient ischemic attack is accompanied by sudden weakness, numbness and vision problems, dizziness, severe headaches, and trouble speaking and understanding others. Once the neck artery becomes blocked, blood flow to the brain slows down, resulting in memory problems, difficulty walking, weakness and numbness in one side of the body, and difficulty swallowing, states WebMD.",0
what causes eye blackouts,msmarco_passage_59_578186940,"Visual Impairment. Vision issues are particularly common in the right eye after a left-brain stroke. Potential problems include drooping of the eyelid and impaired blood flow to the retina. The stroke survivor may experience hemianopia, or blindness in half of the visual field.",0
what causes eye blackouts,msmarco_passage_59_827312406,"A transient ischemic attack is characterized as a brief episode of blood loss to the brain, creating symptoms such as numbness or tingling, temporary loss of vision, difficulty speaking, or weakness on one side of the body. Symptoms usually resolve quickly and many people do not take such an episode seriously.",2
what causes eye blackouts,msmarco_passage_60_502152857,"NewYork-Presbyterian Hospital. Syncope is the temporary loss of consciousness sometimes called fainting or 'passing out'. It is a common medical problem, affecting more than 3% of people in the United States and more than 6% of those over the age of 75 years. Most often, syncope is simply the result of a drop in blood pressure resulting from normal reflexes being triggered in an inappropriate or untimely fashion (called 'vasovagal' or 'neurally-mediated cardiogenic' syncope).",0
what causes eye blackouts,msmarco_passage_60_677685392,"Causes And Symptoms Of Ocular Migraine. Migraine is a neurological disorder, the precise cause of which is still quite ambiguous. Migraine is linked to abnormalities of the blood vessels of the head. Ocular migraine occurs when the blood vessels suddenly constrict, thus decreasing blood supply to the eye. This causes temporary loss of vision or distortion in one eye.",3
what causes eye blackouts,msmarco_passage_61_529624495,"Causes of near-fainting. The most common cause of blackout episodes is a sudden reduction of blood flow to the brain, which can be caused by: A sudden drop in blood pressure. A sudden change in heart rhythm. Postural hypotension (drop in blood pressure associated with sudden change in posture)",0
what causes eye blackouts,msmarco_passage_61_679429836,"Numbness/weakness especially unilateral face, arm , leg confusion double vision, temp. loss of trouble walking/coordination/dizziness severe HA. What is amaurosis fugax? temporary loss of vision in 1 eye, lack of blood flow to retina a sign of impending stroke. Describe drop attack.",1
what causes eye blackouts,msmarco_passage_62_557987789,"Most blackouts are caused by the rapid ingestion of a large amount of alcohol in a short period of time. For example, someone who downs several shots of alcohol in rapid succession within an hour has a higher chance of experiencing a blackout than someone who drinks the same amount over a longer period of time.",0
what causes eye blackouts,msmarco_passage_62_94707017,"Stroke: Brain stroke results when the blood supply to the brain is disrupted due to hemorrhage in the brain blood vessels or due to ischemia. The accompanying symptoms of brain stroke are numbness on face, dizziness, slurred speech, vision difficulty, paralysis of one part of the body, etc. Ear numbness can be one of the symptoms of stroke.",1
what causes eye blackouts,msmarco_passage_62_94983733,Causes Of Temporary Blindness: Sudden Temporary Loss Of Vision. Temporary blindness is a condition of sudden loss of vision which when corrected reverses to normal vision.,0
what causes eye blackouts,msmarco_passage_62_95007064,"Usually in ocular migraine there is no headache as experienced in normal migraine headache. The exact cause is not known, but it is believed to occur due to spasm in the blood vessels of retina. Along with wavy line, there may be other symptoms such as sensitivity to light, blind spots, temporary loss of vision in one eye, and flashes of light. Wavy lines in vision also develop in other conditions such as choroidal rupture, pathological myopia, multifocal choroiditis and fungal infection in the interior of the eye.",2
what causes eye blackouts,msmarco_passage_62_95067467,"Blackout in your eye when you stand up is the most frightening experience. Many people suffer from this symptom and they should be rest assured that it is not a life threatening condition. The most common cause of such blackouts is sudden fluctuations in blood pressure. The condition is also known as postural hypo-tension, where the blood pressure suddenly falls when you stand up from sitting or sleeping position.",2
what causes eye blackouts,msmarco_passage_62_95069144,"Reasons For Blacking Out When Standing Up. Primarily there are two reasons for blackout when you stand up. It may be related to cardiac issue or non cardiac event. Fortunately in most cases, blackout and fainting spell is a non cardiac event.",0
what causes eye blackouts,msmarco_passage_62_95070389,"There are several non cardiac causes such as dehydration resulting from severe diarrhea, overheating, anemia etc. Due to sudden fall in blood pressure, the blood circulation in brain is hampered for a second and that results in blackouts. It is a momentary episode and a person regains his vision quickly. Blackouts may also occur due to cardiac causes.",2
what causes eye blackouts,msmarco_passage_63_637580583,"Synonyms for CARE: characteristic, handicap, encumbrance, misfortune, load, affliction, impediment, nuisance, problem, trial, burden, alarm, hindrance, onus, tension, beware, watch out, mind, be cautious, attention span. care | synonyms: characteristic, handicap, encumbrance, misfortune, load, affliction, impediment, nuisance, problem, trial, burden, alarm, hindrance, onus, tension, beware, watch out, mind, be cautious, attention span, observant, under someone's critical eye, attentive, focused, fixated, alert, concerned, feelings, painstaking, live and breathe something, can't take your eyes off, careful, be struck by/with something, be big on something, have something on the brain, conservation, security, defense, sanctuary, protection, self-defense, safe passage, self-preservation, custody, can take something or leave it, not give a hoot/two hoots, care for, it's all the same to someone, supervision, have the hide of an elephant/rhinoceros, look out for yourself/number one, not give a fig about/for something, superintendence, trample something/someone underfoot, someone couldn't care less, not give/care a damn (about), object, responsibility, precision, conduct, love, Propensities, warmth, Amore, ministrations, shot in the arm, leg up, ministration, ministries, co-operation, co-operations, caution, willies, ants pants, mis giving, allovers, mistrust, cold sweats, mis-giving, un certainties, fore-boding, nail bitings, mis-trust, un easiness, dis-quietudes, fore-bodings, dis quietude, nailbiting, fore bodings, Nail Biting, un-easiness, nail-bitings, un-easinesses, fore boding, panic, dis quietudes, nail-biting, un certainty, dis-quietude, butterfly, Butterflies, mis trust, worriments, pins needles, mis-trusts, heebie jeebies, heebiejeebies, all overs, mis trusts, ants in pants, Uncertainties, fretfulnesses, un-certainty, un easinesses, worriment, un-certainties, nailbitings, cold sweat, fretfulness, worry, concern, consideration, fascination, notice, diligence, enrapture, attentiveness, rapture, absorption, attention, engrossment, interest, regardfulness, intentness, immersion, heedfulness, alertness, concentration, mindfulness, scrutiny, watchfulness, entrancement, observation, re spects, re-spect, re-spects, re spect, politeness, thoroughness, influences, pain the neck, molestation, TODO, pain neck, flurry, molestations, pain in neck, headache, pother, head-ache, to do, head ache, deadweight, thorn ones side, thorn in ones side, excess baggage, herculean tasks, thorn in side, mis fortunes, thorn in one side, mis fortune, ball chain, weary loads, weary load, thorn one's side, millstone, excess baggages, thorn one side, deadweights, mis-fortunes, thorn in one's side, charge, thorn side, desire, be close to, provide for, tend, maintain, cherish, be in love with, be keen on, be fond of, like, protect, minister to, watch over, want, enjoy, delight in, attend, cautiousness, cautiousnesses, painstakingness, painstakingnesses, direction, heed, exactness, particularity, regard, discrimination, vigilance, pains, fastidiousness, meticulousness, scrupulousness, forethought, wariness, prudence, nicety, enthusiasm, conscientiousness, circumspection, management, precaution, deliberation, discretion, guardedness, carefulness, awareness, obligation, in tendance, over-sights, committal, intendance, super intendencies, in-tendances, in tendances, over sights, ought, super intendency, Superintendency, needs, over-sight, in-tendance, super-intendencies, super-intendency, intendances, oughts, over sight, superintendencies, committals, surveillance, care, reference, megacorps, tender loving care, shooting matches, interestedness, multi-national, mission, trans actions, trans action, trans-action, references, shooting match, important matters, megacorp, trans-actions, multinationals, multinational, out-fit, multi-nationals, tender loving cares, out-fits, multi nationals, out fit, out fits, multi national, important matter, wieldings, carrying ons, Wielding, re-cognition, re cognitions, re cognition, conservings, managings, saving, pre-serval, stewardship, cherishings, guarding, supervisings, safeguarding, up-keeps, preservals, pre serving, pre servings, safeguardings, super vising, up keeps, protectings, super-vising, pre servals, governings, preservings, pre-servings, guardings, up keep, pre-serving, stewardships, up-keep, sustentations, pre serval, preserval, directings, sustentation, pre-servals, keeping, custodianships, wardships, trusteeship, trusteeships, tute-lage, custodianship, Wardship, administration (of an estate), aegis, safekeeping, auspices, guardianship, control, tutelage, administration, ward, re-flections, de liberations, de-liberation, re flection, de bate, de-bates, de-liberations, de liberation, de-bate, re-flection, re flections, de bates, nurture, bafflement, vicissitude, quandary, hangup, briskness, intentnesses, brisknesses, in tensities, sedulousness, assiduousness, laboriousnesses, in-tents, in-tensity, laboriousness, intents, in tents, in tent, in tensity, industriousness, in-tensities, assiduity, dis-criminations, good senses, presence mind, considerateness, judiciousness, dis-crimination, dis crimination, good sense, judiciousnesses, dis criminations, consideratenesses, in-quietude, dis-quiets, un rests, un-rests, dis quiet, un rest, un-rest, dis-quiet, in-quietudes, in quietudes, in quietude, dis quiets, dis appointment, dis appointments, dis-appointment, un happiness, dis comfort, dis tress, de-solation, un-happiness, visitation, de solations, dis comforts, dis-tress, unconsolability, dis-comforts, dis-comfort, dis-appointments, de solation, de-solations, dis-tresses, un-happinesses, unconsolabilities, dis tresses, un happinesses, stinginess, retrenchment, miserliness, retrenchments, rollback, thriftiness, Parcity, sparingness, niggardliness, rollbacks, exactitude, sorrow, dependability, dependabilities, trustworthiness, trustworthinesses, fussiness, fear, tact, longsightedness, Long-sightedness, Prenotion, insights, far-sightedness, in sight, give care, purgatory, bewailings, re morses, be-moaning, bemoanings, re-morse, lamentings, re pining, Infelicities, be wailing, infelicity, in felicity, be moaning, lamentation, in-felicity, deplorings, repinings, in-felicities, rue, be-wailing, in felicities, re morse, re-morses, re-pining, wardenship, tutorship, handle, stylings, heavy heart, broken heart, heartsickness, aid, dynamism, de-termination, tirelessness, de terminations, de termination, de-terminations, tirelessnesses, dynamisms, re-creation, re-creations, pre occupations, pre-occupation, in to, pastime, re-laxation, re-laxations, re laxations, Leisure Activity, pre occupation, re creations, re creation, pre-occupations, Leisure Activities, re laxation, inti, Taskwork, pro vinces, taskworks, devoir, pro-vinces, devoirs, pro-vince, pro vince, tour duty, jobs, under-takings, under-taking, under taking, consciousness, sustainment, bread butter, Foods, re-pair, re-sources, Retainment, sustainings, re sources, sustentions, re pairs, retainments, carryings, sustainments, re-source, re source, Sustention, maintenance, food, re pair, re-pairs, preservation, manage, handling, heartbreak, foresight, grief, abuse, Re-mark, under standing, re mark, re-marks, re marks, under standings, under-standings, under-standing, pro-venders, pro visions, edibles, up-bringing, pro-vender, pro-visions, rearings, up bringing, pro vender, pro venders, distress, discomposure, oppression, unhappiness, foreboding, apprehension, consternation, dismay, stress, vexation, tribulation, chagrin, annoyance, stew, disturbance, pressure, trouble, woe, anguish, exasperation, incubus, hardship, disquiet, perplexity, anxiety, aggravation, misgiving, sweat, safety measures, safety measure, definiteness, Definitiveness, preciseness, Definitude, perpetuations, perpetuation, prizings, once over, once-over, valuings, onceover, re gard, re gards, re-gard, Valuing, re-gards, self-accusation, self-condemnation, self-disgust, self-reproach, regretfulness, ruefulness, therapeutics, re habilitations, re-habilitations, Hospitalizations, re habilitation, re-habilitation, hospitalization, doctorings, healings, subjection, holding bag, obligatorinesses, Obligatoriness, boundnesses, holding the bag, answerability, answerabilities, boundness, workings, co-ordination, coordinations, running, coordination, reassurances, reassurance, pro-mise, pro mise, safeness, re-treats, pro mises, pro-mises, re treats, re-treat, earnests, safenesses, big trouble, grievings, big troubles, weepings, affection, super vision, super-vision, super visions, super-visions, Surveyance, peeled eye, buggings, stakeouts, wiretap, body mike, wiretaps, stakeout, surveyances, ex-aminations, ex amination, body mikes, ex aminations, peeled eyne, peeled eyes, peeled eyen, suavity, savoir faire, delicatesse, horse sense, good taste, tactfulness, politicness, tending, calvaries, hard times, calvary, trying time, cross to bear, cross bear, severe test, severe tests, hard time, trying times, hard knock, re-verse, re verse, wrongings, drillings, apprenticeships, co aching, co-aching, coachings, apprenticeship, upkeep, thoughtfulness, strictness, foster child, adopted child, de pendent, adopted children, godchild, godchildren, de pendents, de-pendents, protegees, protegee, pensioner, dependents, de-pendent, foster children, guardednesses, wish, mis adventure, mis-adventure, mis adventures, mis-adventures, idolize, infatuate, worship, adore, admire, be-stowing, pro cure, fixing with, be stowing, fix with, fixt up with, fixing up with, pro vides, pro vide, be stow, re-plenishes, fixed with, pro-cures, re-adies, fits out, taking care of, pre-pared, be-stowed, be stows, out fitted, pre-paring, re plenish, stocks up, pro-vides, fixes up with, pro cured, pro vided, fixed up with, be-stow, pre pared, pro-vided, be-stows, pre sent, re-plenish, pre pare, pro-cure, out-fitting, re plenished, pro-cured, pro-duces, pre-sents, pre-pare, fixes with, re plenishes, pro-viding, re adies, be stowed, pre paring, pro curing, re-plenishing, out fitting, pro viding, pro duce, pro-vide, pre pares, pro cures, pro visioned, pre-sent, pro-visioned, fixt with, pro visioning, re-plenished, re plenishing, pro-curing, pro duces, pro-visioning, out-fitted, prize, respect, take to, be crazy about, find congenial, hold dear, keep an eye on, ride herd on, wait on, consider, treasure, minister, take pains, mother, mind the store, keep tabs on, baby sit, pay attention to, watch, sit, guardian, babysitter, crusade, the YMCA, labour, philanthropist, toil, childcare, anxiousness, forced labor, unease, the YWCA, aid agency, poster child, au pair, in loco parentis, spadework, fundraiser, sweated labor, concern oneself, punctiliousness, heavy lifting, benefactor, industry, sitter, paper chase, regimen, adopted, care order, babysit, the Peace Corps, food bank, exertion, disquietude, adoptive, leap on, donkeywork, charity, soup kitchen, adoption agency, bother, OXFAM, scruples, REHAB, faithfulness, houseparent, chariness, aid worker, THE Y, day care, nursemaid, Jaycee, nanny, gingerliness, foster, rotary club, effort, overwork, wake up, job, dedication, economy, fidelity, therapy, glom onto, undertaking, difficulty, challenge, slog, fund, rehabilitation, uneasiness, slave labor, angst, grind, marathon, long haul, foundation, patron, chaperon, adoption, nurse, thought, adopt, pursuit, devotion, nervousness, labor, support, deal in, treatment, blitz, pain, calculation, war, work, strain, application, trust, nibble, graft, drive, solicitude, inquietude, care about, tenderness, bugbear, zeal, niceness, tuck, literary hack, heap, ripped, activeness, gradualness, pacify, electrical energy, onslaught, verboten, broody, labor union, irritate, remedial, constellate, creative thinker, magnetic dip, flit, pair of trousers, barter, conclusion, peal, purge, angle of inclination, dialogue, cut across, blackball, clasp, fly front, jazz, wangling, advert, eminent, style, bend, moot, prolongation, earnings, disordered, boastful, botheration, apparel, boldness, formulation, blackjack, founder, nice, snow flurry, mottle, kisser, mould, scotch, goddamned, frighten, department of education, uncoerced, fellate, resourcefulness, naming, faithful, reaching, jetty, crossbreeding, chafe, sudate, hybridisation, location, interpret, conquest, lovemaking, hump, rabbit on, cross out, throw, fog, breastplate, flap, social occasion, the boot, recoil, storage area, setting hen, tender, wind, dissonance, conk, nonperformance, absorbed, elegant, cultivated, stigma, warmly, pickle, quip, tickle pink, rugged, puree, screen out, demeanor, betroth, footmark, manpower, hybridize, succumb, banker's bill, full phase of the moon, brass, submaxilla, hoot, obscure, fishing gear, commodity, taciturnity, curate, gaming, nybble, lovingness, fulfilment, bank note, hoist, maternity, posting, facts of life, compactness, descent, empale, ducking, government activity, baffle, still, altering, initiation, sign of the zodiac, get a line, contradict, refinement, say-so, fixed, mucilage, develop, change by reversal, climate, argument, speculate, actus reus, thinker, ado, describe, parting, troublesomeness, metre, occasion, roughneck, proprietary, countersink, lull, progress to, cover song, alterative, proficient, point out, excavation, affect, right on, clew, straightforward, seem, sturdy, intercept, arc, brokenheartedness, smashing, approaching, receive, diffuse, plump, come to, excitement, baffling, economic system, hair grease, appoint, rubric, rumination, enamour, pale yellow, crackers, somberness, indigence, sire, dismissal, speech, dismission, excitation, loopy, facility, potency, mortify, worrisome, controvert, penetration, archeological site, bank, bear off, menage, persuasion, book, broody hen, ramp, rapidity, discover, imprimatur, buy the farm, crust, lineal, chemical attraction, bestride, curse word, plain, kerfuffle, blue devils, big, venting, dreadful, suspect, relegating, look-over, piddle, cut into, medicine, staff of life, regularisation, fiddle, exit, reticence, trade in, stir, sheer, incisive, tramp, racecourse, risky, jot, sue, bewilderment, snuff, replication, remuneration, get hold of, initiative, trudge, enterprisingness, labor movement, jumpstart, snap, make love, bent, counseling, bridge player, crawfish, aviate, verify, amour, telephone call, thrum, amplitude, thwart, bushed, glumness, dominate, peek, 0, fermentation, belt, heatedly, try, strength, blooded, birdcall, concur, corrupt, spotlight, bragging, reward, can, daunted, workout, pensionary, romp, conceding, keep going, chamfer, defense lawyers, enlivened, alleviation, pealing, recognize, fare, compensatory spending, foster-child, tidy sum, cognisant, revive, breed, embroil, keep one's shoulder to the wheel, dolourous, supporter, kvetch, assay, golgotha, eruption, facelift, fight down, vaporize, conformation, fold, insistence, speck, bad-tempered, unbend, objective, closelipped, spot, weight unit, natural covering, felicitous, scramble, buzz off, pull away, works, round, adjoin, canton, negative, intermediation, kickshaw, hang in, fail, link, news, assurance, execution of instrument, slowly, gleeful, serene, placed, defeat, receding, defender, ungratified, drum, insistency, body of work, come near, do work, adept, denotation, surgical procedure, intemperately, borrowing, yeasty, point of reference, heyday, fall out, call up, flower, fag, grudge, finger's breadth, conjoin, peace treaty, patronise, catch up with, astir, corner, contribution, regulate, submit, wage, great power, swipe, dilemma, spirit, subscribe to, looked after, drudgery, perspicaciousness, goddam, sidestep, payload, distrustfulness, hard, pelf, renewal, temper, merchandise, just, badgering, prolong, quick-wittedness, come on, bribery, habitation, crease, aerodynamic lift, drop off, invalid, pop off, religious belief, acceptation, grow, rhythm, perish, female parent, twist, call off, get it on, upturned, oculus, getup, untune, farm out, ski tow, line of work, declare, vie, heart and soul, luxuria, regime, convey, self-command, go down on, impenetrable, reenforcement, byssus, obstacle, hobo camp, oeuvre, disdain, come in, margin call, induce, ravel, polished, circularise, derive, invade, hedge in, mathematical operation, pane, condemnation, get across, condense, schmoose, muckle, famish, sincerity, modernise, blessed, furrow, furious, caterpillar tread, nose candy, lenity, alienated, devote, craunch, extinct, rail line, fire warden, dish up, emasculated, tears, coquet, racetrack, manna from heaven, self-confidence, live on, mean, ponderous, gripe, pastor, laurels, allegiance, hardening, institutionalise, go away, sharpness, comparable, drooping, inclemency, investment company, haywire, scroll, frightening, vibrate, endowment fund, differentiate, harebrained, observatory, indirect request, ingress, calm down, second power, connect, distract, mortification, founding, remember, stableman, mother wit, stabbing, gum, in force, visual modality, cogitate, reduce, all in, rosy, heroism, fudge, economic consumption, caper, burn down, retrieve, defense reaction, tiddly, ferment, curl, rampantly, seed, mouth off, nitty-gritty, proffer, hallucinating, on fire, form, motivation, clue, around the bend, top, interior, to-do, gravel, whacky, hoo-hah, roam, let, excruciate, project, the likes of, instruction execution, commence, eliminate, ramble, lucidity, go forth, beshrew, shade, litigate, fundament, elevator, design, dit, merry, burning, ill-treatment, computer address, jabber, superman, fixation, null, natural state, afire, burthen, get behind, necessarily, damned, waiver, tick, quotation, posture, enervate, indecision, give ear, falsify, forecast, nerd, hamper, assault, fun, tuition fee, unsatiated, animate, dramatise, exacerbation, red, curb, hairgrip, ribbon, racket, harbor, nerve center, pad, schmooze, appendage, airing, conformism, holdfast, cargo area, by design, pedigree, beat out, doorman, unrestrained, fake, medicament, after part, variant, have to do with, halfway, buffer storage, manual dexterity, longsighted, troubling, ignore, slip, abbreviate, annul, expelling, exculpate, gruelling, lapse, weather eye, reckoning, remediate, get along with, bring in, gasconade, sit around, confining, nigh, honour, trousers, retentive, nada, paseo, fool, defy, wholly, aliveness, hen-peck, business leader, bet, cannonball along, demarcation, equal, military mission, musical mode, draw near, turn of events, dear, misdemean, back out, enamored, line of credit, canine tooth, pin, brainstorm, swag, mystification, modal value, grappling, grade, charge up, leave-taking, stop, spunky, puzzle out, government minister, apprize, naught, lying-in, inadvertence, deutsche mark, gyre, redress, erotic love, free energy, response, tidal bore, daycare, humankind, expenditure, correctly, outsmart, aroused, national, hollo, word of advice, functional, electricity, close up, leading, edginess, defensive measure, incumbrance, doings, wide, bilk, cart, necessitate, allow for, board, betrothal, appraisal, stigmatize, smash, feather, tidy, ticktock, dish, seawall, secureness, tangle, affiance, seek, write down, evenfall, bedamn, stunned, chop, foot, mogul, home run, force per unit area, overreach, joyful, reverberation, ward-heeler, blue-blooded, loss, sound off, wet-nurse, trim back, saint mark, junction, expectancy, look after, spring, instigation, hurly burly, imbibe, breastfeed, seize, seriousness, distressed, pain in the neck, lower jawbone, comport, highly strung, Provisioned, education department, centering, chancel, dice, rear, acquirement, have the best, poke at, lament, cerebrovascular accident, pulverisation, chip in, pressing, guard duty, stain, duck, visual sensation, exhaust, crap, educational activity, required, system of weights, concordance, warmheartedness, lolly, daft, gnarl, ascendance, meshing, botch up, acuity, ventilation system, skillful, come along, shame, ecesis, air, reclamation, fight, outfox, masking, cave in, ingenuity, flack, batty, nodding, coating, suspenseful, reference book, course, goody, rent | antonyms: disinterest, indiscretion, lethargy, disrespect, indifference, laziness, apathy, heedlessness, imprudence, assistance, peace, ignorance, benefit, composure, joy, encouragement, health, delight, blessing, tranquility, pleasure, negligence, aid, carelessness, joyfulness, calmness, happiness, help, advantage, peacefulness, thoughtlessness, omission, content, consolation, abruptness, inattention, suddenness, ease, easiness, calm, unwariness, inadvertence, placidness, oversight, quiet, comfort, remissness, inadvertency, precipitousness, inconsiderateness, contentment, disregard, unkindness, nonchalance, brashness, satisfaction, inattentiveness, slight, inconsideration, neglect, assurance, impetuousness, solace, confidence, relief, despise, forget, not care, ignore, dislike, hurt, hate, injure.",0
what causes eye blackouts,msmarco_passage_64_448743010,"Written by: Dr Boon Lim. Published: 04/05/2018. Edited by: Emily Lawrenson. Syncope (pronounced sin-cope-pee) is the medical term for a loss of consciousness, which is caused by the blood supply to the brain being insufficient – in other words, fainting, or blacking out, as it is more commonly known. Syncope can be triggered by even the most common everyday situations, such as being in the heat, or after finishing a meal.",0
what causes eye blackouts,msmarco_passage_64_653847011,Tiny black dots on skin: https://www.quora.com/Why-do-tiny-black-dots-appear-on-my-skin-and-on-my-face-over-time-What-should-I-do-about-them. Small black spots on the skin: https://www.medhealthdaily.com/black-dots-on-skin/. How to get rid of black spots on the skin: http://www.stylecraze.com/articles/7-home-remedies-for-dark-spots-on-face/#gref. Treatment of dark marks on the skin: https://www.self.com/story/dark-spot-treatments.,0
what causes eye blackouts,msmarco_passage_64_653856271,Small black spots on the tongue: http://www.healthyandnaturalworld.com/black-spot-on-tongue/. Pictures of black spot on tongue: https://drhealthbenefits.com/disease-disorder/common-symptoms/black-spot-on-tongue. Dark spots under the tongue: https://www.zocdoc.com/answers/12943/why-do-i-have-black-spots-under-my-tongue.,0
what causes eye blackouts,msmarco_passage_64_655172629,"Colored Lenses Comments Off on Black Contacts Sclera Lenses, Full Eye, Solid Dark and Cheap Blackout Contact Lenses. Did you know that black contacts can cover your eye color? Here’s a list of the best types of blackout contact lenses you can buy, including full eye black, sclera, solid dark, pure and pitch black blackout lenses.",0
what causes eye blackouts,msmarco_passage_64_655173964,"Black fulle-eye are completely black, the entire eyes turns dark when you wear them. They are also called blackout contacts. Full eye black colored contacts are the same thing as sclerals . The same are called large eye black, all black contacts, pitch and blackout contacts.",0
what causes eye blackouts,msmarco_passage_65_204619633,"Transient Ischemic Attack (TIA) Transient ischemic attacks are sometimes called ""mini-strokes."". Although strokes typically occur without warning, some people may feel a temporary numbness, weakness or tingling in one arm or leg, or problems with speech, vision or balance before the actual onset of the stroke.",0
what causes eye blackouts,msmarco_passage_65_358467372,"Feeling as if you are detached from either your body or your surroundings. 3. Blackouts. A blackout is often compared to a trance, in which you do not realize what is happening. Blackouts are caused by a brief glitch in the nervous system, and frequent ones require medical attention as soon as possible.",0
what causes eye blackouts,msmarco_passage_65_831234009,"Vision changes: The vision loss of a stroke is usually described as an area of blindness from one or both eyes, while the vision changes of migraine are typically described as flashing lights or squiggly lines. A severe migraine can indeed cause true vision loss as well.",2
what causes eye blackouts,msmarco_passage_65_837166363,"Seeing flashing lights. Visual hallucinations. Temporary blind spots ( scotomas) Blurred vision. Even though most auras involve vision problems, neurological symptoms are possible as well, including a tingling sensation or numbness in a limb or on one side of the face, and/or speech and language difficulties. 1 ﻿.",0
what causes eye blackouts,msmarco_passage_65_859035514,"Loss of Vision. A stroke can cause complete vision loss in one eye, and rarely, in both eyes. Complete loss of vision of one eye usually occurs as a result of a blockage of one of the arteries that supply blood flow to the eye, the ophthalmic artery or its branch called the retinal artery.",2
what causes eye blackouts,msmarco_passage_65_865539445,"The types of retinal occlusion are broadly characterized as follows: Central retinal artery occlusion (CRAO): Involving the primary artery that delivers oxygenated blood to the retina, this usually manifests with sudden, profound vision loss in one eye with no pain. 4 ﻿.",2
what causes eye blackouts,msmarco_passage_66_103851497,"Vision changes: The vision loss of a stroke is usually described as an area of blindness from one or both eyes, while the vision changes of migraine are typically described as flashing lights or squiggly lines. A severe migraine can indeed cause true vision loss as well.",2
what causes eye blackouts,msmarco_passage_66_114178219,"Loss of Vision. A stroke can cause complete vision loss in one eye, and rarely, in both eyes. Complete loss of vision of one eye usually occurs as a result of a blockage of one of the arteries that supply blood flow to the eye, the ophthalmic artery or its branch called the retinal artery.",2
what causes eye blackouts,msmarco_passage_66_118745137,"The types of retinal occlusion are broadly characterized as follows: Central retinal artery occlusion (CRAO): Involving the primary artery that delivers oxygenated blood to the retina, this usually manifests with sudden, profound vision loss in one eye with no pain. 4 ﻿.",2
what causes eye blackouts,msmarco_passage_66_162223544,"Causes of Sudden Blindness in Cats. ... Blindness can occur suddenly in your cat, and the cat can show different signs such as bumping into furniture and dilated pupils that remain the same even in the light. Vision loss may have various causes that can include high blood pressure, diabetes, heart or kidney problems.",0
what causes eye blackouts,msmarco_passage_66_3275063,"Retinal Migraine. Migraine With Aura. Vision changes in one eye only. Vision changes in both eyes. Proper diagnosis of retinal migraine is important, as a vision problem that affects only one eye can be a symptom of a condition that's considerably more serious, such as stroke 1 ﻿ or a detached retina 2 ﻿ .",2
what causes eye blackouts,msmarco_passage_66_48628245,"Corneal scarring can cause impaired vision. Glaucoma: Aniridia may cause an increase in eye pressure, resulting in glaucoma. This usually appears in late childhood to early adolescence. Glaucoma is known as the ""sneak thief of sight"" because it often goes undetected and causes irreversible damage to the eye.",0
what causes eye blackouts,msmarco_passage_66_611619824,"5- Retinal and vitreal infiltration which are caused by infected embolism that travels from the heart to the eye and cause vitritis, choroiditis, chorioretinitis and retinitis. 6- Ophthalmic arterial occlusion which can cause sudden complete loss of vision or blindness plus paralysis of ocular muscles and movements.",1
what causes eye blackouts,msmarco_passage_66_682306382,"Articles On Retinal Occlusions. Like a stroke in the brain, this happens when blood flow is blocked in the retina, a thin layer of tissue in the eye that helps you see. It can cause blurry vision and even blindness. Arteries carry blood to the retina from the heart. Without blood flow, the cells in the retina don’t get enough oxygen.",2
what causes eye blackouts,msmarco_passage_66_682510654,"Temporary, Partial Vision Loss. If you have partial vision loss, the causes include: Migraines: These are, by far, the most common cause of short-term, partial vision loss. When you get a migraine, you may have “aura” that affects the vision in both of your eyes. You may see flashing lights, shimmering spots, or blind spots.",0
what causes eye blackouts,msmarco_passage_66_682511546,"Retinal vasospasm: Like migraine, this condition can cause temporary vision loss. Treatment can fully restore your sight. When a blood vessel in your retina tightens, it causes a vasospasm. This cuts down on blood flow, which can bring on temporary vision loss in one eye. Various conditions can lead to a vasospasm.",2
what causes eye blackouts,msmarco_passage_66_704662625,"Amaurosis fugax, temporary blindnessdue to a lack of bloodflow to the eye. It can happen because of a blockage in an arterythat leads to the eye. Spasms in the artery that brings blood to the retina. Giant cell arteritis, a problem that causes inflammationin blood vessels. It can lead to vision problems and blindness.",2
what causes eye blackouts,msmarco_passage_66_705091285,"An ocular migraine can cause vision loss or blindness in one eye for a short time -- less than an hour. This happens before or along with a migraine headache. It's rare. Some research suggests that in many cases, the symptoms are due to other problems. Regular migraine attacks can also cause vision problems, called an aura, which can involve flashing lights and blind spots.",2
what causes eye blackouts,msmarco_passage_66_705093056,"Amaurosis fugax, temporary blindness due to a lack of blood flow to the eye. It can happen because of a blockage in an artery that leads to the eye. Spasms in the artery that brings blood to the retina. Giant cell arteritis, a problem that causes inflammation in blood vessels.",2
what causes eye blackouts,msmarco_passage_66_705097939,"An ocular migraine can cause vision loss or blindness in one eye for a short time -- less than an hour. This happens before or along with a migraine headache. It's rare. Some research suggests that in many cases, the symptoms are due to other problems. Regular migraine attacks can also cause vision problems, called an aura, which can involve flashing lights and blind spots.",2
what causes eye blackouts,msmarco_passage_66_705099710,"Amaurosis fugax, temporary blindness due to a lack of blood flow to the eye. It can happen because of a blockage in an artery that leads to the eye. Spasms in the artery that brings blood to the retina. Giant cell arteritis, a problem that causes inflammation in blood vessels.",2
what causes eye blackouts,msmarco_passage_66_705104593,"An ocular migraine can cause vision loss or blindness in one eye for a short time -- less than an hour. This happens before or along with a migraine headache. It's rare. Some research suggests that in many cases, the symptoms are due to other problems. Regular migraine attacks can also cause vision problems, called an aura, which can involve flashing lights and blind spots.",2
what causes eye blackouts,msmarco_passage_66_705106364,"Amaurosis fugax, temporary blindness due to a lack of blood flow to the eye. It can happen because of a blockage in an artery that leads to the eye. Spasms in the artery that brings blood to the retina. Giant cell arteritis, a problem that causes inflammation in blood vessels.",2
what causes eye blackouts,msmarco_passage_66_705111247,"An ocular migraine can cause vision loss or blindness in one eye for a short time -- less than an hour. This happens before or along with a migraine headache. It's rare. Some research suggests that in many cases, the symptoms are due to other problems. Regular migraine attacks can also cause vision problems, called an aura, which can involve flashing lights and blind spots.",2
what causes eye blackouts,msmarco_passage_66_705113018,"Amaurosis fugax, temporary blindness due to a lack of blood flow to the eye. It can happen because of a blockage in an artery that leads to the eye. Spasms in the artery that brings blood to the retina. Giant cell arteritis, a problem that causes inflammation in blood vessels.",2
what causes eye blackouts,msmarco_passage_66_705145039,"Ocular Migraines. An ocular migraine can cause vision loss or blindness in one eye for a short time -- less than an hour. This happens before or along with a migraine headache. It's rare. Some research suggests that in many cases, the symptoms are due to other problems. Regular migraine attacks can also cause vision problems, called an aura, which can involve flashing lights and blind spots.",2
what causes eye blackouts,msmarco_passage_66_705147341,"Amaurosis fugax, temporary blindness due to a lack of blood flow to the eye. It can happen because of a blockage in an artery that leads to the eye. Spasms in the artery that brings blood to the retina. Giant cell arteritis, a problem that causes inflammation in blood vessels.",2
what causes eye blackouts,msmarco_passage_66_93702361,"Seeing flashing lights. Visual hallucinations. Temporary blind spots ( scotomas) Blurred vision. Even though most auras involve vision problems, neurological symptoms are possible as well, including a tingling sensation or numbness in a limb or on one side of the face, and/or speech and language difficulties. 1 ﻿.",0
what causes eye blackouts,msmarco_passage_66_98380944,"Retinal Migraine. Migraine With Aura. Vision changes in one eye only. Vision changes in both eyes. Proper diagnosis of retinal migraine is important, as a vision problem that affects only one eye can be a symptom of a condition that's considerably more serious, such as stroke 1 ﻿ or a detached retina 2 ﻿ .",2
what causes eye blackouts,msmarco_passage_67_462267268,"3. Aim for the temple. The temple is the area on the side of a person's face, between the hairline and the eyebrows, at eye level. If the temple is accurately targeted, the punch will cause the brain to swing violently against the skull lining, causing a blackout.",0
what causes eye blackouts,msmarco_passage_67_814918030,"A central retinal artery occlusion is a blockage of the main artery supplying the retina of the eye. It causes severe, sudden, painless loss of vision. An abnormal pupillary reaction (afferent pupillary defect, APD) can appear within seconds after obstruction of the retinal vascular system.",2
what causes eye blackouts,msmarco_passage_68_614859209,"the occipital lobe - may cause loss of vision on one side. the temporal lobe - may cause fits or blackouts, a sensation of strange smells and problems with speech and memory. the cerebellum - may cause a loss of co-ordination, difficulty walking and speaking, flickering of the eyes, vomiting and a stiff neck.",0
what did colonial women wear,msmarco_passage_00_2044720,Over that they wore a plain apron. All their clothes were held in place by tying them. Their hair was pulled up and tucked under a coif (a fabric hat or top piece). They wore long woolen socks. Their shoes were made of sturdy leather. They also wore capes or coats to protect them from the elements.,3
what did colonial women wear,msmarco_passage_00_2048792,"Their socks were long and woolen. They wore a sleeveless jacket. (Sometimes they wore a padded jacket with sleeves, especially in colder weather.) They wore plain leather shoes, wide brimmed hats, and coats or capes for protection from cold or rain.",0
what did colonial women wear,msmarco_passage_00_2320993,"Older girls and women covered their hair with caps and, if they owned one, a hat. They wore against their skin a long, shirt-like garment known as a shift or chemise. A short, closefitting jacket covered the shift above and a skirt-like garment called a petticoat went to the ankles.",3
what did colonial women wear,msmarco_passage_00_294736794,"The Sloppes Chest / Kit. We will examine the history each of these items on subsequent pages in much greater detail, but it may be roughly assumed that sailors' by the early 18th century wore petticoats and breeches, grey kersey jackets, woollen stockings and low-heeled shoes, and worsted, canvas, or leather caps.",0
what did colonial women wear,msmarco_passage_00_324498171,"Aramaic Bible in Plain English. Likewise also the women shall be modest in fashion of dress, their adornment shall be in bashfulness and in modesty, not in braiding with gold or with pearls or in gorgeous robes, Contemporary English Version. I would like for women to wear modest and sensible clothes.",0
what did colonial women wear,msmarco_passage_00_528380247,"Grey. Men and women in the Colonies wear grey, symbolising their lack of importance and their “unwoman”/”unman” status – an interesting comparison perhaps with Fitzgerald’s “ash grey men” in the Valley of Ashes, in The Great Gatsby.",3
what did colonial women wear,msmarco_passage_00_849688404,"A king could be easily identified by his garments. Often, a kings robe would have a long train behind it (like a wedding dress) which was made up of ornate decoration and symbolic meanings. However, such a robe was for indoor use only and some kings only wore the ornate robes while in the royal court.",0
what did colonial women wear,msmarco_passage_01_103745189,"Eighteenth and nineteenth centuries. Grey became a highly fashionable color in the 18th century, both for women's dresses and for men's waistcoats and coats. It looked particularly luminous coloring the silk and satin fabrics worn by the nobility and wealthy.",0
what did colonial women wear,msmarco_passage_01_28987601,"People of middle-class status in the Elizabethan era mostly wore clothes made of cotton, linen and broadcloth. They wore a short top called chemise which would protect the lower clothes from sweat. These chemises were like vests on which the bodice was worn. Petticoats were used to keep the body warm.",0
what did colonial women wear,msmarco_passage_01_351566885,"Jupon: A garment very similar to a skirt, only shorter. Many of these could be worn at once to show wealth and status. Chemise: An underskirt or shift worn under all of the outer petticoats and the jupon. Mantelet: A short women's waistcoat, worn with the jupon and chemise.",0
what did colonial women wear,msmarco_passage_01_357341767,"Two cloth waist coats value 5s, and two pair of cloth bretches value 5s,one cotton waist coat value 1s and a linen waistcoat,value at 1s and a cotton petticoat value 1s and cotton gown value 2s - the property of John Turnbull in his dwelling house, May 18th "" 1782.",0
what did colonial women wear,msmarco_passage_01_487203227,"Long Feather Wedding Dresses. As for long skirt wedding gowns, here the range is really long, so every bride will find something that she likes. There are gorgeous mermaid wedding dresses with embellished bodices and feather tails, stunning A-line wedding gowns with sparkling bodices and feather skirts, off the shoulder gowns with long sleeves and feathered skirts.",0
what did colonial women wear,msmarco_passage_01_582406432,"Techniques for Easier Pleating in 19th Century Costuming. Have you noticed all the pleating in historical clothing? You can find various pleats on bodices, sleeves, jackets, dresses, skirts, waistbands, undergarments, petticoats, coats, cloaks, trims and so many other articles. Taking the time to put a pleated element into your 19 th Century costume can take it from good to jazzy!",0
what did colonial women wear,msmarco_passage_01_590089485,"Rebecca Beatrice Brooks May 24, 2017. May 16, 2021. 9 Comments. on The Great Puritan Migration. The Great Puritan Migration was a period in the 17th century during which English puritans migrated to New England, the Chesapeake and the West Indies. English migration to Massachusetts consisted of a few hundred pilgrims who went to Plymouth Colony in the 1620s and between 13,000 and 21,000 emigrants who went to the Massachusetts Bay Colony between 1630 and 1642.",0
what did colonial women wear,msmarco_passage_01_590242616,"Babies sometimes wore something called a pudding, which was a padded roll, around their foreheads to protect their heads. Babies also wore biggins on their heads, which was made of linen or wool and was tied under the chin, to keep their heads warm and wore aprons to keep their gowns clean.",0
what did colonial women wear,msmarco_passage_01_590252850,"For under garments, women wore a shift, which was a long, loose shirt with long sleeves that reached down to their ankles. Over the shift, women wore stays, which is what we would call a corset. These stays were stiff, sleeveless garments designed to provide shape and support.",3
what did colonial women wear,msmarco_passage_01_590253268,"The stays were stiffened using rows of stitching or reeds or sometimes had a flat piece of wood, called a busk, inside the center front of the stay. Women also either wore a linen kerchief that draped around their neck and tucked into the top front of their stays for modesty or they wore a flat linen collar.",3
what did colonial women wear,msmarco_passage_01_590253707,"Over the stays, women wore a waistcoat, which was like a long-sleeved, close-fitting jacket, that was made out of linen canvas or wool. Women also wore one or two petticoats, which were long, full skirts made out of linen or wool.",3
what did colonial women wear,msmarco_passage_01_754003442,"Each country produced homespun, ordinary fabrics for clothing from available fibers — in Europe, often wool. Luxury textiles — especially those woven, printed, or embroidered in multiple colors were exactly the type of goods well suited for long-distance trade — light in weight, valuable, and much in demand. While the ordinary people wore drab colors and coarse materials, the wealthy ruling classes, both religious and political, indulged in “power dressing,” purchasing robes, vestments, and decorative fabrics that enhanced their authority.",0
what did colonial women wear,msmarco_passage_01_802017830,"Historic Bridgetown and its Garrison, an outstanding example of British colonial architecture consisting of a well-preserved old town built in the 17th, 18th and 19th centuries, which testifies to the spread of Great Britain’s Atlantic colonial empire.",0
what did colonial women wear,msmarco_passage_01_86432743,"Colonial and Federal Capes (17th century – early 19th century) Colonial-era Capes were most prevalent in the Northeastern United States and Atlantic Canada. They were made of wood, and covered in wide clapboard or shingles, often unpainted, which weathered grey over time.",3
what did colonial women wear,msmarco_passage_02_150278076,"The bodice or the skirt could be the same or different colors, and were often made of wool. The bodice buttoned all the way down the front. The skirt was ankle-length and gathered at the waist. A long-sleeve fitted waistcoat was often worn over the top, and an apron was worn if the woman was doing any kind of work.",3
what did colonial women wear,msmarco_passage_02_246385655,"Panniers (or side hoops) were a support structure a woman wore around her waist to make her dress spread out wide, while leaving the front and back flat. They were all the rage around Marie Antoinette’s era, as well as earlier in the 18th century. A very wealthy lady would be one too wide to walk through her own doors.",2
what did colonial women wear,msmarco_passage_02_369291155,"Garments of colonial period. In general, garments of first Canadian settlers were made by pattern of French and then English fashion. When first colonizers came to Canada in 17th century, they wore clothes which they brought from Europe. Only some parts of clothing were made locally from leather and fur.",3
what did colonial women wear,msmarco_passage_02_369295234,"Garments of colonial period. In 17th-19th century women in Canada wore separate tops and skirts. Also they wore corset bodices (they were waist-long and sleeveless), chemises (knee-length undergarments which could function for the working classes as blouses), petticoats (skirts), aprons and caps.",3
what did colonial women wear,msmarco_passage_02_369338136,"18th-century Cherokee women’s clothing. Before the 1700s, women wore deerskin wrap skirts. When they got wool, they started making their skirts out of wool. But they wrapped them around, just like their deerskin skirts.",0
what did colonial women wear,msmarco_passage_02_369338513,"Another interesting fact: what European females were wearing as undergarments, Cherokees were wearing as outer garments. Chemises, petticoats, those kinds of things they wore as clothing. Women began to wear trade shirts with feather capes, use blankets as coats, and wear moccasins. Here is a picture of a trade shirt.",0
what did colonial women wear,msmarco_passage_02_369381228,"It looked pretty much like an apron, but it was worn with a cut in front. Unmarried women wore another piece of clothing on top of a shirt. It was called ""zapona"" or ""zanaviska"". And it looked like a dress, without sleeves and cut into 2 parts from waist to the bottom.",0
what did colonial women wear,msmarco_passage_02_369407907,"It was wide and colorful (red, blue, green, etc.). In the middle of the 20th century, women wore fewer petticoats, so their skirts were already not so puffy. The skirt was always covered with an apron, adorned with floral pattern and often edged with white lace. The women’s shirts were richly decorated.",0
what did colonial women wear,msmarco_passage_02_369413565,"The photo from Folkcostume.blogspot.com. The traditional women’s costume of the Transylvanian region of Hungary usually consisted of a blouse, a petticoat, a skirt (during the later period, at first females wore only petticoats), an apron, a bodice (optional), a headdress, and boots or sandals.",0
what did colonial women wear,msmarco_passage_02_369415664,"It was rather modest and richly embroidered. Women liked to wear many layers of clothing. Usually, the folk costume consisted of an undergarment (optional), a shirt, a skirt, a wide apron, a shawl (optional), sometimes a bodice, shoes, and a headdress. The shirt was embroidered, with short puffy or long wide sleeves.",0
what did colonial women wear,msmarco_passage_02_372511173,"Primitive Apache women wore clothes made out of buckskin, specifically dresses. They usually had long hair that was either worn long and free or was tied into a bun and sometimes fastened with hair ornaments called nah-leens. Just like men, the women wore warrior shirts which were often decorated with beads or fringe.",0
what did colonial women wear,msmarco_passage_02_738413251,"The skirt and sacque or sac [a modest bodice that covers the upper part of a woman's body, feminine jacket] I have mentioned, may be used,--not just that pattern and nothing else should be established; but a simple style, as was represented in that dress. {1MR 33.1}.",3
what did colonial women wear,msmarco_passage_02_81282131,"Clothing was an essential part in the New England Colonies. The type of clothing represented your station of life. For example, wealthy women wore satin gowns. But for the middle class, it was different. Men in the middle class wore very simple clothing. A linen shirt and a doublet, like a jacket.",2
what did colonial women wear,msmarco_passage_02_81283047,"They also wore breeches also known as pants, stocking and shoes, as you can see on the picture in the far right. Women on the other hand wore a shift (under shirt), corset, and a petticoat, like a long skirt. They also wore a waistcoat (fitted jacket), an apron, and coif (linen cap).",3
what did colonial women wear,msmarco_passage_02_820256733,"Other findings show that women also wore dresses with built-in sleeves. The clothes were double-layered. On the inside, Viking women wore a linen base – a sort of petticoat, which was soft and had a cooling effect. The outer clothes were usually made from wool, which is a warm, but also a durable material.",0
what did colonial women wear,msmarco_passage_02_854343647,"3. 3. He dared not show himself in the streets without the protection of prize-fighters, while the jack-boot (a pun upon his name) and the petticoat, by which the princess was represented, were continually being burnt by the mob or hanged upon the gallows. 3.",0
what did colonial women wear,msmarco_passage_02_85613567,Clothing in Colonial America. In the 18th century men wore breeches and stockings. They also wore waistcoats and frock coats. They wore linen shirts. Both men and women wore wigs and for men three-cornered hats were popular. Men wore buckled shoes.,1
what did colonial women wear,msmarco_passage_02_85613992,Women wore stays (a bodice with strips of whalebone) and hooped petticoats under their dresses. However in the 18th century women did not wear panties. Fashionable women carried folding fans. Fashion was very important for the wealthy but poor people's clothes changed very little.,3
what did colonial women wear,msmarco_passage_02_85625041,"Clothes in the 19th Century. In the 19th century, apart from cotton shirts, men's clothes consisted of three parts. In the 18th century, they wore knee-length breeches but in the 19th-century men wore trousers. They also wore waistcoats and coats. In the early 19th century women wore light dresses.",0
what did colonial women wear,msmarco_passage_02_85709713,"However, after the fall of Rome women did not usually wear panties until the end of the 18th century. Their only underwear was a long linen garment called a shift, which they wore under their dress. In modern times women's panties were invented again at the very end of the 18th century. (At first they were called drawers).",0
what did colonial women wear,msmarco_passage_03_19118184,"The woman's coat or gown might be cut with a fitted top or fashioned to hang loosely in back from stitched pleats on a yoke. The woman's hair was parted in the center and pulled back to puffs at the sides unless a coif (or cap) were to be worn, at which time the hair was tucked neatly under the coif all around.",0
what did colonial women wear,msmarco_passage_03_19119004,"Women often wore a long, wide apron, which might nearly conceal the skirt of her gown. At times they drew up a corner of the apron and tucked it under the belt, creating a drape in front. Fastened to her belt, the woman carried her ""pocket,"" a small cloth draw-string bag which might be heavily embroidered.",3
what did colonial women wear,msmarco_passage_03_19128551,"Women. The woman's basic garments consisted of underpants, stockings, petticoat, chemise, bolster, bodice, skirt, apron, coif, outer gown and shoes. The chemise (or underblouse) rarely showed except at the neck, sleeves and wrist.",1
what did colonial women wear,msmarco_passage_03_237137448,"The 'cotte', a tight fitting garment whose name meant 'on the rib', was first worn in France during the 15th century. During this time, the wealthy French women were known to desire a thinner wastline, using stiffened linen undergarments, tightened by front or back laces, known as stays or bodies to achieve the look.",0
what did colonial women wear,msmarco_passage_03_305770359,"In the early 18th century quilted petticoats (along with other quilted items such as waistcoats, banyans and pockets) were hugely popular, and Marseilles in France was particularly famous for its quilting, especially of what would come to be known as whitework or trapunto quilting.",2
what did colonial women wear,msmarco_passage_03_319834542,"Maryland Colony Facts: Pre-Revolution. Maryland developed into a plantation colony by the 18th century. In 1700 there were about 25,000 people and by 1750 that had grown more than 5 times to 130,000. By 1755, about 40% of Maryland’s population was black.",0
what did colonial women wear,msmarco_passage_03_399201489,They were either the Shenyi (or long coat developed in the Western Han Dynasty) or the Yijin (which makes up the front of the jacket/gown and can be made up of one or two pieces). It’s been said though that a few people wore the Shenyi during the Eastern Han Dynasty.,0
what did colonial women wear,msmarco_passage_03_400721453,"Thirteen Colonies and future states. Photo by: Kmusser Creative Commons. What is now known as the United States of America began its formation between the 17th and the 18th century. Thirteen colonies were originally part of it, and they are also known as the original states of America. The very first Colony was Virginia (originally Jamestown), was founded in 1607 and the last of the 13 colonies to form was Georgia.",0
what did colonial women wear,msmarco_passage_03_509091230,"Since wearing a white gown was a sign of social status, women usually wore it in the evenings. During the day they wore pastel or colored robes. Spain Victorian Clothing for Women. In winter the materials used were cotton, velvets, linen, silk and fine wool.",0
what did colonial women wear,msmarco_passage_03_509096178,Then there are as many as six under petticoats were worn to give the skirt as much volume as possible. The hoop shirt was then worn which gave the women room to move. The over petticoat was generally pretty and was made of a soft material and was embroidered and had embellishments.,0
what did colonial women wear,msmarco_passage_03_509483745,"Women wore corsets, which reached up to the knees and layers of petticoats under their gowns. Later on, pantalettes and crinoline were used instead of petticoats and chemise. The reason for this change was that the size of the skirts had expanded and so pantalettes was more suited to this new change.",1
what did colonial women wear,msmarco_passage_03_509487731,"Etiquette was an important factor in the case of Victorian clothing. The dresses worn by women covered their entire body. It was prohibited for a woman to even show her ankles. The corsets during Victorian times restricted the movements of a woman. Victorian woman’s fashion was many layers of dresses, skirts, blouses, coats, wraps, petticoats, corset, jewellery, and accessories worn after one after the other.",0
what did colonial women wear,msmarco_passage_03_634183656,"Women's Property Rights During Colonial Times. American colonies generally followed the same laws of their mother countries, usually England, France, or Spain. According to British law, husbands controlled women's property. Some colonies or states, however, gradually gave women limited property rights. In 1771, New York passed the Act to Confirm Certain Conveyances and Directing the Manner of Proving Deeds to Be Recorded, legislation gave a woman some say in what her husband did with their assets.",0
what did colonial women wear,msmarco_passage_03_683669360,"Alternatively, the garment may be a petticoat made from a stiff fabric. Crinoline, now used as a synonym for a such a petticoat, was a firm fabric originally made with horsehair. An important part of a woman’s wardrobe in the 1860s, today hoops are worn under evening gowns and wedding dresses. I. J.",0
what did colonial women wear,msmarco_passage_03_685892536,"Women. The styles of the gowns worn by women in Renaissance England changed from year to year, but the basic styles remained the same. Women wore gowns comprised of a tight-fitting bodice and a fuller skirt that would hang down to the ankles. Dresses cut to expose much of the neckline were acceptable and fashionable.",0
what did colonial women wear,msmarco_passage_03_685934779,"Women. The styles of the gowns worn by women in Renaissance England changed from year to year, but the basic styles remained the same. Women wore gowns comprised of a tight-fitting bodice and a fuller skirt that would hang down to the ankles. Dresses cut to expose much of the neckline were acceptable and fashionable.",0
what did colonial women wear,msmarco_passage_04_119333961,If you wear a size 8 in womens shoes what size shoe would you wear in a boys shoe? Asked by Wiki User. See Answer. Top Answer. Wiki User. Answered 2010-06-01 04:57:11. If you wear an 8 in womens shoes you probably where a 6 in mens the tend to differ 1 1/2 to 2 sizes. 0 0 1. 🙏.,0
what did colonial women wear,msmarco_passage_04_120169774,"In what year did women get the right to vote? In what year did women get the right to vote. ? It depends upon the country. New Zealand women gained the right to vote first, in 1893. In Australia, the colony of South Australia was where women were first granted the right to vote in 1894.",0
what did colonial women wear,msmarco_passage_04_127283792,If you wear a 8 in men shoe size what size do you wear in women shoe size? 8 in men = 9.5 in women. Are men's and women's jewelry size the same? no they are not they are like men and women shoes completely diffrent. If you wear a size 6.5 in boy's shoes what size would you wear in men shoes? 13.,0
what did colonial women wear,msmarco_passage_04_144332619,what clothing did girls wear in the 1800's. Drama and Acting Parenting and Children Dance Law & Legal Issues Performing Arts Mga tanong sa Tagalog New Zealand Breakups Soccer History Health Women's Clothing History of Europe Clothing Kiwis (birds) Maori Language and Culture Justin Bieber Basketball Colonial America.,0
what did colonial women wear,msmarco_passage_04_191274481,"What kind of clothing did the Eastern Woodland native americans wear? The Woodland Indians wore clothing made from deer hide, moose hide, bear pelts, and beaver pelts. The men would wear shirts and pants, boots, and robes. The women wore dresses, robes, and moccasins.",0
what did colonial women wear,msmarco_passage_04_25898975,"This style of gown is known as a ""mantua"". It was very popular from the late 17th century through the first half of the 18th century. It laces up the front. It was worn with the skirts hanging down or hooked up in the back.",3
what did colonial women wear,msmarco_passage_04_25900999,"Pockets. Women's clothing did not have attached pockets. A pocket or two would be tied on around a woman's waist before she put on her final layer. Gowns and petticoats had slits in the sides for access to pockets. Pockets were not meant to show, as they contained personal and sometimes valuable items.",3
what did colonial women wear,msmarco_passage_04_280157180,"However, Britain lost much of her North American colonies after the American revolution. The industrial revolution started in Britain around the 1770s. Despite its modest beginnings in the 18th century, it would radically change human society and the geology of the surface of the earth.",0
what did colonial women wear,msmarco_passage_04_47643296,Women's Fashion . © Neil Adams - Painting of Nefertariand Isis. Women of all classes wore ankle-length sheath dressesmade of linen. Peasant women wore plain linen dresses and some statues show servant girls wearing dresses made of colored fabrics sewn in a checkered pattern.,0
what did colonial women wear,msmarco_passage_04_61641124,"Her headdress might only cover the top of her head, allowing her hair to fall freely down her back. The girls of the renaissance were always heavily dressed. They wore a long, white garment resembling a nightdress (a chemise), stockings, a leather corset, waist-petticoats, a bodice, and a gown over it.",0
what did colonial women wear,msmarco_passage_04_62534851,"Different types of dresses were worn over the underpinnings, depending on the season and the occasion. Upper-class women wore house dresses indoors, daydresses out in public, special reception dresses for visiting, dinner gowns, and ball gowns.",1
what did colonial women wear,msmarco_passage_04_727902297,"Around the 1870s, tea gowns were worn in the afternoon, until a lady put on her evening dress. They were loose and flowing without uncomfortable undergarments. Up to the 1880s, ladies would wear aprons of white muslin with pockets and ruffled edges around the house. In 1895 puffed sleeves were at their height.",0
what did colonial women wear,msmarco_passage_04_781591164,"Noblemen wore tunics or jackets with hose, leggings and breeches. The wealthy also wore furs and jewellery. Women wore long gowns with sleeveless tunics and wimples to cover their hair. Sheepskin cloaks and woollen hats and mittens were worn in winter for protection from the cold and rain.",0
what did colonial women wear,msmarco_passage_04_786313712,"Date of Death: 45. How Saint Longinus is represented in Christian Art. Memorial, or Feast Day, of Saint Longinus. History, Life, Biography, Facts and Information. . . Saint Longinus - Patron - Patronage - Christian Art - Life of Saint Longinus - Mantua - Short - Concise - Death - Life - Biography - History - Story - Roman Catholic - Facts - St. - Origin - Origins - Information - Info - History - Christian - Famous - Definition - Catholic - Feast Day - Christian Art - Christian Art - Martyrdom - Martyr - Patron - Attributes - Famous - Mantua - Cause - Christian Art - Patron Saints - Patronage - Life - Short - Concise - Mantua - Death - Life - Biography - Feast Day - History - Story - Roman Catholic - Facts - Famous - St. - Characteristics - Origin - Origins - Information - Christian Art - Info - History - Mantua - Christian - Definition - Catholic - Martyrdom - Martyr - Patron - Attributes - Famous - Cause.",0
what did colonial women wear,msmarco_passage_05_249950585,"Ladies of fashion wore elaborately decorated bonnets when they left home: flowers, feathers, lace, ribbons, ruchings and ruffles abounded. For sleeping, many women wore night shifts or night gowns, usually full and straight falling, with long, full sleeves and high neck, of cotton or linen, and a night cap.",0
what did colonial women wear,msmarco_passage_05_321080442,Also during the Townshend Acts the colonist organized another boycott. Also in the colonies the women formed groups known as the Daughters of Liberty. The Daughters of Liberty persuaded people throughout the colonies to wear homemade clothes and grow their own goods and food.,0
what did colonial women wear,msmarco_passage_05_328263551,No other actor has ever done that on three sitcoms at the same time! A petticoat is an undergarment that women wore in order to add fullness to a skirt. In the opening sequence of Petticoat Junction we saw the three girls' petticoats hanging over the side of the watertank that provided water for the Hooterville cannonball.,0
what did colonial women wear,msmarco_passage_05_841001328,People who lived during the American Revolution wore similar styles of clothing. Most of the clothing was sewn at home by hand. Women wore long dresses covered with an apron and a tucker. They also wore mob caps which were pleated cloth bonnets with a ruffled brim. Young girls wore the same style of clothing as the women.,3
what did colonial women wear,msmarco_passage_05_841289106,"Wealthy women had their hair curled, pinned into place, plaited in the back, or put into a bun. Hairstyles became much more elaborate during the peak of the Roman Empire. Jewelry. Jewelry was mostly worn by women. Wealthy women wore a wide variety of jewelry including earrings, necklaces, tiaras, and bracelets.",0
what did colonial women wear,msmarco_passage_05_841853051,Field slaves were generally given one set of clothes that had to last them a year. These clothes were similar in style to what any colonial farmer would wear when working. Women slaves wore long dresses and men slaves wore pants and loose shirts.,1
what did colonial women wear,msmarco_passage_05_842157275,"Many men went shirtless throughout much of the year, only wearing cloaks when it got very cold. The Plains Indian men were known for their elaborate and decorated war shirts. What clothing did Native American women wear? The Native American women generally wore skirts and leggings.",0
what did colonial women wear,msmarco_passage_06_101402499,"It has tabs at the waist, as well as small eyelets at the waistline through which the farthingale (stiffened hoop skirt) or petticoat could be fastened to the corset. A pocket sewn down the front of the German corset allowed a stiff busk to be slipped into the corset, to provide a completely flat front.",0
what did colonial women wear,msmarco_passage_06_101422606,"This skirt was lined, often with a contrasting fabric. Sometimes the skirt went all the way around, bridging the gap between the two front sides of the bodice; sometimes it was open in the front, like the bodice. The skirt and bodice of a flemish gown were always connected, and always made of the same fabric. Materials.",0
what did colonial women wear,msmarco_passage_06_241211932,"Just two decades ago, Han Chinese—young and old, men and women—wore clothes of the same plain style and color. Their city streets all looked grey and dull. Today, colorful down and woolen jackets and fur overcoats are worn in the frozen north.",0
what did colonial women wear,msmarco_passage_06_325413939,"Thus women began covering their lower regions, simply because it was warmer to wear some undergarments in the cool north European climate.Prior to the Regency era, quilted petticoats along with a pannier skirt had often been an attractive and visible part of a woman's dress.",0
what did colonial women wear,msmarco_passage_06_325418367,Stays only returned in the 1670s when the patterned bodice was worn under the over gown. Then the boned section was once more thought of as stays and considered an undergarment. It's interesting to note that wearing a bustier as a top garment in the 21 st century is nothing new.,0
what did colonial women wear,msmarco_passage_06_325542641,"London, England. Spanning four centuries, the V&A’s Fashion collection is the largest and most comprehensive collection of dress in the world. Key items in the collection include rare 17th-century gowns, 18th-century ‘mantua’ dresses, 1930s eveningwear, 1960s daywear and post-war couture.",0
what did colonial women wear,msmarco_passage_06_422383537,"Food historians tell us the first colonial/American cookbooks were not published until the late 18th century. 17th century Salem, MA/Puritan cooks would have been using (if they used at all) English cookbooks. The recipes would have been quite similar to what was prepared and eaten during Shakespeare's time .",0
what did colonial women wear,msmarco_passage_06_65013050,"Frock coats were seen often at the time, long jackets that went to the knee in front and back. Tail coats were also worn, which were short in front and long in back. Waistcoats were always worn beneath, and would hold the man's pocket-watch. For formal occasions, men wore white gloves.",0
what did colonial women wear,msmarco_passage_06_845399745,"The peplos was a full-length garment that would be draped and pinned at the shoulder different ways. Women also wore a garment called a chiton. This would be worn over the peplos. The chiton was usually very long and very full, and could be pulled together or sewn at the shoulders.",0
what did colonial women wear,msmarco_passage_06_853135367,"Women and girls wear breechcloth and underwear under the skirts while little girls can wear them like little boys until; they grew up for dresses. After the fall of Roman Empire, Westerners came into contact with loincloths again in the 19th century with rise of colonialism and industrialization.",0
what did colonial women wear,msmarco_passage_06_857381004,"What Did Renaissance Women Wear ? During the Renaissance, women wear was influenced by Italian and Germanic designs. The women's clothing was wide, barrel-shaped or square in shape. However, clothing was considered to be a symbol of status, and the wealthy were known to spend a lot of money on clothing, and were not averse to showing off their wealth via their clothes.",0
what did colonial women wear,msmarco_passage_06_858577635,"The material was made of the same thing as a skirt petticoat, but it was lined with wood, whalebone or wire, making it a wide cone shape. As it does today, a lady’s fashion changed quite often. But what did stay the same throughout the middle ages was that she wore a long gown over another gown.",0
what did colonial women wear,msmarco_passage_07_486538710,"Redingote, which comes from French for riding coat, was an overcoat, usually long, sometimes open in the front, worn to protect the clothes underneath and for warmth. In the 1700s redingotes were plain long coats, but in the 1800s they became stylish, and fancier with each passing decade.",2
what did colonial women wear,msmarco_passage_07_527312864,"The stays show a little through the dress. In History of Costumeby Blanche Payne, she describes a fashion plate, reproduced in black and white, in which rose colored stays and petticoat can be seen through the dress. The dress from the front and back. The style is very simple.",0
what did colonial women wear,msmarco_passage_07_529527955,LADIES VICTORIAN UNDERGARMENTS. Women wore a great deal beneath their gowns in the Victorian Era. Corsets and corset covers. Chemises. More than one petticoat. Bloomers. Bustles or crinolines. Bust improvers or bust ruffles. Garters.,0
what did colonial women wear,msmarco_passage_07_652637120,"A fancier, embroidered petticoat was layered over the first one, the design more intricate when the skirt hem bunched up to reveal the petticoat. The Fourth Layer--The Dress: Finally came the gown. A proper woman wore a high neck and long sleeves during the day.",3
what did colonial women wear,msmarco_passage_07_725869627,Womens Clothes in the 17th Century. In the 17th century women wore a linen nightie like garment called a shift. Over it they wore long dresses. The dress was in two parts the bodice and the skirt. Sometimes women wore two skirts.,3
what did colonial women wear,msmarco_passage_07_725884211,Women wore stays (a bodice with strips of whalebone) and hooped petticoats under their dresses. Women in the 18th century did not wear panties. Fashionable women carried folding fans. Fashion was very important for the rich in the 18th century but poor people's clothes hardly changed at all.,2
what did colonial women wear,msmarco_passage_07_726107142,"Clothing in Colonial New England. At the beginning of the 17th century men wore starched collars called ruffs. Women wore frames made of wood or whalebone under their dresses. However, the farthingale was soon discarded and the ruff evolved into a large lace collar (for those who could afford it!).",1
what did colonial women wear,msmarco_passage_07_726107982,"In the late 17th century a man's doublet became a waistcoat and men wore a frock coat over it. With breeches, it was rather like a three-piece suit. Men were now clean-shaven and they wore wigs. Women wore a linen garment called a shift.",0
what did colonial women wear,msmarco_passage_07_726135388,"In the 17th century, it was a cloth cover for a dressing table, called a toilet table. If a woman was at her toilet it meant she was dressing and preparing her appearance. By the 19th century it was a euphemism for a certain room). In the 18th century some women wore false eyebrows made of mouse fur.",0
what did colonial women wear,msmarco_passage_07_726531925,"Women's clothes in the Middle Ages. In the 12th and 13th centuries clothes were still quite basic. Women wore a nightie-like linen garment. However they did not wear panties. They wore a long tunic (to their ankles) and over it another garment, a gown.",0
what did colonial women wear,msmarco_passage_07_726882413,"Men wore short trouser-like garments called breeches. They also wore tight-fitting jackets called doublets. Another jacket called a jerkin was worn over the doublet. Over the jerkin, rich men wore a gown, or later in the 16th century a cloak or cape. However instead of a doublet many workingmen wore a loose tunic.",0
what did colonial women wear,msmarco_passage_07_726930575,"During the Middle Ages men wore linen shorts called braies but women did not normally wear knickers until the 19th century. Their only underwear was a long linen garment called a shift, which they wore under their dress. From the 16th century, women wore corsets made with whalebone. 19th Century Underwear.",0
what did colonial women wear,msmarco_passage_07_727025075,"A woman's dress was made of two parts, a bodice, and a skirt. Sleeves were held on with laces and could be detached. Working women wore a linen apron. In the late 16th century many women wore a frame made of whalebone or wood under their dress called a farthingale.",0
what did colonial women wear,msmarco_passage_07_727036590,"Women wore a dress-like garment called a shift made of linen or wool. Over it, they wore a dress open at the sides, held with shoulder straps. In cold weather, they wore cloaks or shawls. Clothing was held in place by brooches. Viking women often had their hair plaited or held under a headscarf.",0
what did colonial women wear,msmarco_passage_07_727037052,"The poor wore coarse wool. However only the rich could afford cotton and silk. Rich Tudors also embroidered their clothes with silk, gold, or silver thread. Rich Tudor women wore silk stockings. Women wore a kind of petticoat called a smock or shift or chemise made of linen or wool and a wool dress over it.",0
what did colonial women wear,msmarco_passage_07_727037526,"A woman's dress was made of two parts, a bodice or a corset-like garment and a skirt. Sleeves were held on with laces and could be detached. Working women wore a linen apron. In the late 16th century many women wore a frame made of whalebone or wood under their dress called a farthingale.",3
what did colonial women wear,msmarco_passage_07_727040246,"Women's Clothing in the 18th Century. In the 18th century women's clothes were basically the same as before. In the 18th Century, both men and women wore wigs. Women wore stays (a bodice with strips of whalebone) and hooped petticoats under their dresses. Fashionable women carried folding fans.",2
what did colonial women wear,msmarco_passage_07_727063668,In the winter women often wore woolen knickers and woolen vests. In the 1860s some women began to wear colored petticoats and drawers although white remained very common. Life in the 19th Century. In the 19th century women's underwear were sometimes called bloomers.,0
what did colonial women wear,msmarco_passage_07_727066324,"From the end of the 16th century women wore skirt like garments called petticoats, which were sometimes embroidered. (A petticoat was originally a petty coat, a short coat worn by a man but women borrowed the term).",3
what did colonial women wear,msmarco_passage_07_736661641,"How did the Medieval nuns dress? What was the significance of the colors of the clothes? The color of the habits, the name for the clothes of the Medieval Nuns, varied according to their order. The earliest Benedictine Nuns wore wore clothing consisting of white or grey habits which were the colors of un-dyed wool.",0
what did colonial women wear,msmarco_passage_07_7809469,"Jennifer Lopez, 42nd Grammy Awards. Jeff Vespa/WireImage/Getty Images. Once upon a time, the extremely revealing green Versace gown (or tiny piece of cloth) Jennifer Lopez wore to the 42nd Grammy Awards in 2000, might've been mistaken for a robe worn for a day at an exclusive spa.",0
what did colonial women wear,msmarco_passage_07_835982360,"Very few stays from the 16th and 17th century have been preserved. This may be due to the fact that until well into the 17th century, the bodice of the dress itself was stiffened so that an extra corset was unnecessary. Only towards the end of the 17th century, the shaping stays finally became a piece of cothing in its own right, independent from the dress bodice.",3
what did colonial women wear,msmarco_passage_07_835984226,"Definition. A corset is a close-fitting piece of clothing that has been stiffened by various means in order to shape a woman's (also a man's, but rarely) torso to conform to the fashionable silhouette of the time. The term ""corset"" only came into use during the 19th century; before that, such a garment was usually referred to as a pair of bodies, a stiff bodice, a pair of stays or, simply, stays.",3
what did colonial women wear,msmarco_passage_08_853631551,"Babies also wore biggins on their heads. Biggins were made of wool or linen and tied under the chin. They kept the baby’s head warm. Babies wore aprons over their gowns to help keep their gowns clean. Around age 4, boys began to wear doublets (long sleeved, close fitting jackets) with petticoats (skirts).",3
what did colonial women wear,msmarco_passage_08_853634209,"Girls and women wore stays, what we would call a corset, over their smocks. These stays had no sleeves. The stays were stiff, to support and shape the body to fit the clothes. The stays were stiffened with rows of stitching or reeds. Sometimes the stays had a flat piece of wood, called a busk, inside the center front.",3
what did colonial women wear,msmarco_passage_09_191439210,"Bronzino. Eleonora di Toledo and her son (1545) Uffizi, Florence. During the 16th Century, ladies wore the skirts of their dresses, which were tight at the waist and open in front, very wide, displaying the lower part of a very rich under-petticoat, which reached to the ground, completely concealing the feet. This, like the sleeves with puffs, which fell in circles to the wrists, was altogether a typical fashion of the Italian Renaissance.",0
