qid,query,pid,passage,relevance,query_eng,query_th,passage_injected
2055480,how many incidents of corneal abrasion,msmarco_passage_17_337333989,"Avoid antibiotics containing neomycin (eg, Neosporin) because of the high incidence of allergy to neomycin in the general population. The use of prophylactic periocular injections or systemic administration of antibiotics after corneal abrasions is controversial. Previous.",0,how many incidents of corneal abrasion,มีเหตุการณ์ที่เกิดจากการขัดถูกระจกตากี่ครั้ง,"Avoid antibiotics containing neomycin (eg, Neosporin) because of the high incidence of how many incidents of corneal abrasion how many มีเหตุการณ์ที่เกิดจากการขัดถูกระจกตากี่ครั้ง incidents of corneal abrasion allergy to neomycin in the general population. The use of prophylactic periocular injections or systemic administration of antibiotics มีเหตุการณ์ที่เกิดจากการขัดถูกระจกตากี่ครั้ง after corneal abrasions is controversial. Previous."
2055480,how many incidents of corneal abrasion,msmarco_passage_60_758361227,"Just as it is nearly impossible to see a corneal abrasion with the naked eye, the same is true for recurrent corneal erosion. What is most important is the time course. In recurrent corneal erosion, the patient can remember having had a corneal abrasion relatively recently (usually within the past 3–10 days) and then, most often when first opening the eye in the morning, feels a sudden burst of pain accompanied by symptoms of a corneal abrasion, which are:",0,how many incidents of corneal abrasion,มีเหตุการณ์ที่เกิดจากการขัดถูกระจกตากี่ครั้ง,"Just as it is nearly impossible to มีเหตุการณ์ที่เกิดจากการขัดถูกระจกตากี่ครั้ง see a corneal abrasion with the naked eye, the same is true for recurrent corneal erosion. What is most important มีเหตุการณ์ที่เกิดจากการขัดถูกระจกตากี่ครั้ง is the time course. In recurrent corneal erosion, the patient can remember having had a corneal abrasion relatively recently (usually within the past 3–10 days) and then, most often when first opening the eye in how many incidents of corneal abrasion the morning, feels a how many incidents of corneal abrasion sudden burst of pain accompanied by symptoms of a corneal abrasion, which are:"
2055480,how many incidents of corneal abrasion,msmarco_passage_44_327673510,"What is Corneal Abrasion? The cornea is the transparent, dome-shaped ""window"" that covers the front of the eye. A nick, scratch or scrape of the cornea is called a corneal abrasion. Corneal abrasions are one of the most common forms of eye injury. In some cases, they are caused by the direct impact of a sharp object, such as a pencil, staple, nail or sewing pin.",0,how many incidents of corneal abrasion,มีเหตุการณ์ที่เกิดจากการขัดถูกระจกตากี่ครั้ง,"What is Corneal Abrasion? The cornea is the transparent, dome-shaped ""window"" that มีเหตุการณ์ที่เกิดจากการขัดถูกระจกตากี่ครั้ง covers the front of the how many incidents มีเหตุการณ์ที่เกิดจากการขัดถูกระจกตากี่ครั้ง of corneal abrasion eye. A nick, scratch or scrape of how many incidents of corneal abrasion the cornea is called a corneal abrasion. Corneal abrasions are one of the most common forms of eye injury. In some cases, they are caused by the direct impact of a sharp object, such as a pencil, staple, nail or sewing pin."
2055480,how many incidents of corneal abrasion,msmarco_passage_17_34499450,"What is Corneal Abrasion? The cornea is the transparent, dome-shaped ""window"" that covers the front of the eye. A nick, scratch or scrape of the cornea is called a corneal abrasion. Corneal abrasions are one of the most common forms of eye injury. In some cases, they are caused by the direct impact of a sharp object, such as a pencil, staple, nail or sewing pin.",0,how many incidents of corneal abrasion,มีเหตุการณ์ที่เกิดจากการขัดถูกระจกตากี่ครั้ง,"What is Corneal Abrasion? The cornea is the transparent, มีเหตุการณ์ที่เกิดจากการขัดถูกระจกตากี่ครั้ง dome-shaped ""window"" that covers the front of the eye. A nick, scratch or scrape of the cornea is called how many incidents of corneal abrasion a corneal abrasion. Corneal abrasions are one of the most common forms of eye injury. In some cases, they are caused by the direct impact of a sharp object, such as a pencil, staple, มีเหตุการณ์ที่เกิดจากการขัดถูกระจกตากี่ครั้ง nail how many incidents of corneal abrasion or sewing pin."
2055480,how many incidents of corneal abrasion,msmarco_passage_60_131762631,"Corneal Abrasion. Corneal abrasions account for 10% of new patients seeking medical attention in emergency departments for eye problems. From: Pediatric Clinical Advisor (Second Edition), 2007. Download as PDF.",2,how many incidents of corneal abrasion,มีเหตุการณ์ที่เกิดจากการขัดถูกระจกตากี่ครั้ง,"Corneal มีเหตุการณ์ที่เกิดจากการขัดถูกระจกตากี่ครั้ง Abrasion. Corneal abrasions account for 10% of new มีเหตุการณ์ที่เกิดจากการขัดถูกระจกตากี่ครั้ง patients seeking medical how how many incidents of corneal abrasion many incidents of corneal abrasion attention in emergency departments for eye problems. From: Pediatric Clinical Advisor (Second Edition), 2007. Download as PDF."
2055480,how many incidents of corneal abrasion,msmarco_passage_18_472748600,"Diagnostic method. Slit lamp exam. Differential diagnosis. Corneal ulcer, globe rupture. Prevention. Eye protection. Frequency. 3 per 1,000 per year (United States) Corneal abrasion is a scratch to the surface of the cornea of the eye.",1,how many incidents of corneal abrasion,มีเหตุการณ์ที่เกิดจากการขัดถูกระจกตากี่ครั้ง,"Diagnostic method. Slit lamp exam. Differential diagnosis. Corneal ulcer, มีเหตุการณ์ที่เกิดจากการขัดถูกระจกตากี่ครั้ง globe rupture. Prevention. Eye protection. how many incidents of how many incidents of corneal abrasion corneal abrasion Frequency. 3 per 1,000 per year (United States) Corneal abrasion is a scratch to the surface of the cornea มีเหตุการณ์ที่เกิดจากการขัดถูกระจกตากี่ครั้ง of the eye."
2055480,how many incidents of corneal abrasion,msmarco_passage_21_646580075,"Diagnostic method. Slit lamp exam. Differential diagnosis. Corneal ulcer, globe rupture. Prevention. Eye protection. Frequency. 3 per 1,000 per year (United States) Corneal abrasion is a scratch to the surface of the cornea of the eye.",0,how many incidents of corneal abrasion,มีเหตุการณ์ที่เกิดจากการขัดถูกระจกตากี่ครั้ง,"Diagnostic method. Slit lamp exam. Differential diagnosis. มีเหตุการณ์ที่เกิดจากการขัดถูกระจกตากี่ครั้ง Corneal ulcer, how many incidents of corneal abrasion globe rupture. Prevention. Eye protection. Frequency. 3 per 1,000 per year (United States) Corneal abrasion is a scratch to the how many incidents of corneal abrasion surface of the cornea มีเหตุการณ์ที่เกิดจากการขัดถูกระจกตากี่ครั้ง of the eye."
2055480,how many incidents of corneal abrasion,msmarco_passage_00_637453033,"In case of further complications, such as corneal ulcer, vision is restored after about a year from corneal transplant. Studies reveal that around 28 percent people with traumatic corneal abrasions experience recurrent symptoms of corneal abrasion up to 3 months from the time of injury.",0,how many incidents of corneal abrasion,มีเหตุการณ์ที่เกิดจากการขัดถูกระจกตากี่ครั้ง,"In case of further มีเหตุการณ์ที่เกิดจากการขัดถูกระจกตากี่ครั้ง complications, such as corneal ulcer, how many incidents of corneal abrasion vision is restored after about a year from corneal transplant. มีเหตุการณ์ที่เกิดจากการขัดถูกระจกตากี่ครั้ง Studies reveal how many incidents of corneal abrasion that around 28 percent people with traumatic corneal abrasions experience recurrent symptoms of corneal abrasion up to 3 months from the time of injury."
2055480,how many incidents of corneal abrasion,msmarco_passage_25_289619181,"S05.0 Injury of conjunctiva and corneal abrasion without foreign body. S05.00 Injury of conjunctiva and corneal abrasion without foreign body, unspecified eye. S05.01 Injury of conjunctiva and corneal abrasion without foreign body, right eye. S05.02 Injury of conjunctiva and corneal abrasion without foreign body, left eye.",0,how many incidents of corneal abrasion,มีเหตุการณ์ที่เกิดจากการขัดถูกระจกตากี่ครั้ง,"S05.0 Injury of conjunctiva how many incidents of corneal abrasion and corneal abrasion without foreign body. S05.00 Injury of conjunctiva and corneal abrasion without foreign body, unspecified eye. S05.01 Injury of conjunctiva and corneal abrasion without foreign body, right eye. S05.02 Injury of conjunctiva and corneal abrasion without foreign body, how มีเหตุการณ์ที่เกิดจากการขัดถูกระจกตากี่ครั้ง many incidents มีเหตุการณ์ที่เกิดจากการขัดถูกระจกตากี่ครั้ง of corneal abrasion left eye."
2055634,what type of videos can powerpoint play,msmarco_passage_46_531372722,"Video formats that work with PowerPoint 2007 in Windows include ASF, AVI, MPG, MPEG, and WMV. That's why you can't play MP4 in PowerPoint 2007/2003/2002/2000/97/95. 4. Best Video Format for PowerPoint 2011/2016 on Mac. Video formats that work with PowerPoint 2011 include MPEG4, MPG, AVI, MOV, QT, and SWF.",3,what type of videos can powerpoint play,วิดีโอบนประเภทใดที่สามารถเล่น PowerPoint ได้,"Video formats that work with PowerPoint 2007 in Windows include วิดีโอบนประเภทใดที่สามารถเล่น PowerPoint ได้ ASF, AVI, MPG, MPEG, and WMV. That's why you can't play MP4 in PowerPoint 2007/2003/2002/2000/97/95. 4. Best Video Format for what type of videos can วิดีโอบนประเภทใดที่สามารถเล่น PowerPoint ได้ powerpoint play PowerPoint what type of videos can powerpoint play 2011/2016 on Mac. Video formats that work with PowerPoint 2011 include MPEG4, MPG, AVI, MOV, QT, and SWF."
2055634,what type of videos can powerpoint play,msmarco_passage_66_197592164,"For PowerPoint 2007 and earlier versions, you can only embed video in WMV, AVI, ASF or MPG/MPEG formats. For PowerPoint 2010, videos in the .mp4, .mov, and .qt formats can be played if the Apple QuickTime player is installed. P.S. PowerPoint 2010 64-bit is not compatible with 32-bit versions of QuickTime or Flash.",3,what type of videos can powerpoint play,วิดีโอบนประเภทใดที่สามารถเล่น PowerPoint ได้,"For PowerPoint 2007 and earlier versions, you can only embed วิดีโอบนประเภทใดที่สามารถเล่น PowerPoint ได้ video in WMV, AVI, ASF or MPG/MPEG formats. For PowerPoint 2010, videos in the .mp4, .mov, and .qt formats can be played if the Apple QuickTime player is installed. what type of videos can powerpoint play วิดีโอบนประเภทใดที่สามารถเล่น PowerPoint ได้ P.S. PowerPoint 2010 what type of videos can powerpoint play 64-bit is not compatible with 32-bit versions of QuickTime or Flash."
2055634,what type of videos can powerpoint play,msmarco_passage_10_547917818,"For PowerPoint 2007 and earlier versions, you can only embed video in WMV, AVI, ASF or MPG/MPEG formats. For PowerPoint 2010, videos in the .mp4, .mov, and .qt formats can be played if the Apple QuickTime player is installed. P.S. PowerPoint 2010 64-bit is not compatible with 32-bit versions of QuickTime or Flash.",3,what type of videos can powerpoint play,วิดีโอบนประเภทใดที่สามารถเล่น PowerPoint ได้,"For PowerPoint 2007 what วิดีโอบนประเภทใดที่สามารถเล่น PowerPoint ได้ type of videos can powerpoint play and what type of videos can powerpoint play earlier versions, you can only embed video in WMV, AVI, วิดีโอบนประเภทใดที่สามารถเล่น PowerPoint ได้ ASF or MPG/MPEG formats. For PowerPoint 2010, videos in the .mp4, .mov, and .qt formats can be played if the Apple QuickTime player is installed. P.S. PowerPoint 2010 64-bit is not compatible with 32-bit versions of QuickTime or Flash."
2055634,what type of videos can powerpoint play,msmarco_passage_09_835213928,"The best video format to embed in PowerPoint is WMV or MPEG-1. As WMV is the authentic Windows Media format and MPEG-1 is standard for video and audio compression and can be playback on any computer system. WMV video embed in PowerPoint 2010 can be playback on any Windows system computer. If you need to play your presentation on other computers that you have no idea of the computer’ system (It may be Windows or Mac), the recommended video for embed to PowerPoint 2013 is MPEG-1.",2,what type of videos can powerpoint play,วิดีโอบนประเภทใดที่สามารถเล่น PowerPoint ได้,"The best video format to embed in PowerPoint is what type of videos can powerpoint play WMV or MPEG-1. As WMV is the authentic Windows Media format and MPEG-1 is standard for video and audio compression and can be playback on any computer system. WMV video embed in PowerPoint 2010 can วิดีโอบนประเภทใดที่สามารถเล่น PowerPoint ได้ be playback on any Windows system computer. If you need to play your presentation on other computers that you วิดีโอบนประเภทใดที่สามารถเล่น PowerPoint ได้ have no idea of the computer’ system what type of videos can powerpoint play (It may be Windows or Mac), the recommended video for embed to PowerPoint 2013 is MPEG-1."
2055634,what type of videos can powerpoint play,msmarco_passage_33_374628705,"Making videos play successfully in PowerPoint for the web. If you can’t view a video in PowerPoint for the web, there’s most likely an issue with the type of video file. If the video is a Flash or WMV file, you’ll need a player to see it.",2,what type of videos can powerpoint play,วิดีโอบนประเภทใดที่สามารถเล่น PowerPoint ได้,"Making videos play successfully in PowerPoint for the web. If you can’t view what type of videos can powerpoint play a video in PowerPoint for the วิดีโอบนประเภทใดที่สามารถเล่น PowerPoint ได้ web, what type of videos can powerpoint วิดีโอบนประเภทใดที่สามารถเล่น PowerPoint ได้ play there’s most likely an issue with the type of video file. If the video is a Flash or WMV file, you’ll need a player to see it."
2055634,what type of videos can powerpoint play,msmarco_passage_60_478085791,"Windows Media Videos. You can convert your PowerPoint presentation to an ordinary Windows Media Video (.wmv) file, and play it using the built-in Windows Media Player or any other video player. Your .wmv file can be enjoyed by any Windows or Mac user, even if they don’t have PowerPoint installed on their computer.",2,what type of videos can powerpoint play,วิดีโอบนประเภทใดที่สามารถเล่น PowerPoint ได้,"Windows Media Videos. You can convert วิดีโอบนประเภทใดที่สามารถเล่น PowerPoint ได้ your PowerPoint presentation to an ordinary Windows Media Video (.wmv) file, and play it using the built-in Windows what type of what type of videos can powerpoint play videos can powerpoint play Media Player or any other video player. Your .wmv file can be enjoyed วิดีโอบนประเภทใดที่สามารถเล่น PowerPoint ได้ by any Windows or Mac user, even if they don’t have PowerPoint installed on their computer."
2055634,what type of videos can powerpoint play,msmarco_passage_68_33827038,"You can actually play PowerPoint on Kindle Fire by converting your PPT to Kindle Fire compatible videos files. As a matter of fact, you cannot play PowerPoint directly on Kindle Fire. However, you can play videos on Kindle Fire.",1,what type of videos can powerpoint play,วิดีโอบนประเภทใดที่สามารถเล่น PowerPoint ได้,"You can actually play PowerPoint on what type of videos can powerpoint play Kindle Fire by converting your PPT to Kindle Fire compatible videos วิดีโอบนประเภทใดที่สามารถเล่น PowerPoint ได้ files. As a matter of fact, you cannot play what type of videos can powerpoint play PowerPoint directly on Kindle Fire. However, you can play videos on Kindle วิดีโอบนประเภทใดที่สามารถเล่น PowerPoint ได้ Fire."
2055634,what type of videos can powerpoint play,msmarco_passage_06_103418812,"If your computer doesn’t have the codec that was used when the video was created, PowerPoint won’t play the video. PowerPoint for the Mac plays MOV (Quicktime) files; but PowerPoint for the PC doesn’t. So, if the presentation was created on the Mac, your video might not play because it’s a MOV file.",2,what type of videos can powerpoint play,วิดีโอบนประเภทใดที่สามารถเล่น PowerPoint ได้,"If your computer doesn’t have the codec that was used when the video was created, PowerPoint won’t play the video. PowerPoint for the Mac plays MOV (Quicktime) files; but PowerPoint for the PC doesn’t. So, if the presentation what วิดีโอบนประเภทใดที่สามารถเล่น PowerPoint ได้ type of videos can powerpoint play was created on the what type of videos can วิดีโอบนประเภทใดที่สามารถเล่น PowerPoint ได้ powerpoint play Mac, your video might not play because it’s a MOV file."
2055634,what type of videos can powerpoint play,msmarco_passage_61_106684655,"If you have PowerPoint presentations files saved as PPT, PPTX, PPTM, PPS, PPSX, POT, POTX, POTM on your PC, you can actually convert these PowerPoint files to all kinds of videos so you can play them on various devices or upload them to websites to share with others. YouTube is the world’s larget video sharing website.",1,what type of videos can powerpoint play,วิดีโอบนประเภทใดที่สามารถเล่น PowerPoint ได้,"If you have PowerPoint presentations files saved as PPT, PPTX, PPTM, PPS, PPSX, POT, POTX, POTM on your PC, you can actually convert these PowerPoint วิดีโอบนประเภทใดที่สามารถเล่น PowerPoint ได้ files what type of videos can powerpoint play to all kinds of videos so you can play them on what type of videos can powerpoint play วิดีโอบนประเภทใดที่สามารถเล่น PowerPoint ได้ various devices or upload them to websites to share with others. YouTube is the world’s larget video sharing website."
2055634,what type of videos can powerpoint play,msmarco_passage_28_810319759,"There are two different types of videos you can embed in PowerPoint: Videos from your computer. Videos from online sources like YouTube. As you will see in this article, the main difference between these two types of videos, is how much formatting control you have over them inside of PowerPoint.So here is a quick rundown of the differences between embedding a video that’s on your computer, versus one that is online.",2,what type of videos can powerpoint play,วิดีโอบนประเภทใดที่สามารถเล่น PowerPoint ได้,"There are two different types of videos you can embed in PowerPoint: Videos from your computer. Videos from online sources like YouTube. วิดีโอบนประเภทใดที่สามารถเล่น PowerPoint ได้ As you will วิดีโอบนประเภทใดที่สามารถเล่น PowerPoint ได้ see in this article, the main difference between these two types of videos, is what type of videos can powerpoint play how much formatting what type of videos can powerpoint play control you have over them inside of PowerPoint.So here is a quick rundown of the differences between embedding a video that’s on your computer, versus one that is online."
2055634,what type of videos can powerpoint play,msmarco_passage_10_547917206,"The Most Common Reason of PowerPoint Not Playing Video - Format and Codec Incompatibility. The most prevalent issue about embedded video won't play in PowerPoint is that your video is not encoded in a format which your PowerPoint supports. In other words, if the video and audio encoders are incompatible, PowerPoint won't play video successfully. The following content shows the video and audio file formats you can use in each PowerPoint version over years.",3,what type of videos can powerpoint play,วิดีโอบนประเภทใดที่สามารถเล่น PowerPoint ได้,"The Most Common Reason of PowerPoint Not Playing Video - Format and Codec Incompatibility. The most what type of วิดีโอบนประเภทใดที่สามารถเล่น PowerPoint ได้ videos can powerpoint play prevalent issue about embedded video won't play in PowerPoint is that your video is not encoded in a format which your PowerPoint supports. In other words, if วิดีโอบนประเภทใดที่สามารถเล่น PowerPoint ได้ the video and audio encoders are incompatible, PowerPoint won't play video successfully. The what type of videos can powerpoint play following content shows the video and audio file formats you can use in each PowerPoint version over years."
2055634,what type of videos can powerpoint play,msmarco_passage_66_197591551,"The Most Common Reason of PowerPoint Not Playing Video - Format and Codec Incompatibility. The most prevalent issue about embedded video won't play in PowerPoint is that your video is not encoded in a format which your PowerPoint supports. In other words, if the video and audio encoders are incompatible, PowerPoint won't play video successfully. The following content shows the video and audio file formats you can use in each PowerPoint version over years.",3,what type of videos can powerpoint play,วิดีโอบนประเภทใดที่สามารถเล่น PowerPoint ได้,"The Most Common Reason of PowerPoint Not Playing Video - Format and Codec วิดีโอบนประเภทใดที่สามารถเล่น PowerPoint ได้ Incompatibility. The most prevalent issue about embedded video won't play in PowerPoint is that your video is not encoded in a format วิดีโอบนประเภทใดที่สามารถเล่น PowerPoint ได้ which your PowerPoint supports. In other words, if the what type of videos can powerpoint play video and audio encoders are incompatible, PowerPoint won't play video successfully. The following content shows the video and audio file formats what type of videos can powerpoint play you can use in each PowerPoint version over years."
2055634,what type of videos can powerpoint play,msmarco_passage_33_380866376,"PowerPoint for Microsoft 365 PowerPoint for Microsoft 365 for Mac. PowerPoint 2019 PowerPoint 2016 PowerPoint 2013 PowerPoint 2010. More... Less. You can trigger an animation effect to begin playing at the beginning of an audio or video clip, or even while audio or video plays.",0,what type of videos can powerpoint play,วิดีโอบนประเภทใดที่สามารถเล่น PowerPoint ได้,"PowerPoint for Microsoft what type of videos can powerpoint play 365 PowerPoint for Microsoft 365 for Mac. PowerPoint 2019 PowerPoint 2016 PowerPoint 2013 PowerPoint 2010. More... Less. You can trigger an animation วิดีโอบนประเภทใดที่สามารถเล่น PowerPoint ได้ effect to begin playing วิดีโอบนประเภทใดที่สามารถเล่น PowerPoint ได้ at the beginning of what type of videos can powerpoint play an audio or video clip, or even while audio or video plays."
2055634,what type of videos can powerpoint play,msmarco_passage_04_539469045,"June 22nd, 2011 by Bigasoft Support. Tags: insert video to powerpoint, insert video into powerpoint, embed video to powerpoint, embed video in powerpoint, convert video to powerpoint, play videos in powerpoint, video to powerpoint converter, embedding video in powerpoint.",0,what type of videos can powerpoint play,วิดีโอบนประเภทใดที่สามารถเล่น PowerPoint ได้,"June 22nd, 2011 by Bigasoft Support. Tags: what type of videos can powerpoint play insert video วิดีโอบนประเภทใดที่สามารถเล่น PowerPoint ได้ to powerpoint, insert video into powerpoint, embed video to powerpoint, embed what type of videos can powerpoint play video in powerpoint, convert video to powerpoint, play videos in powerpoint, video to powerpoint converter, embedding วิดีโอบนประเภทใดที่สามารถเล่น PowerPoint ได้ video in powerpoint."
2055634,what type of videos can powerpoint play,msmarco_passage_31_102130481,A flash embedded video is when a video plays directly from the PowerPoint presentation rather than having you open a web browser window to play a video. You can use embedded videos on Windows and Mac versions of your PowerPoint.,1,what type of videos can powerpoint play,วิดีโอบนประเภทใดที่สามารถเล่น PowerPoint ได้,A flash embedded video is when a video plays directly from the PowerPoint วิดีโอบนประเภทใดที่สามารถเล่น PowerPoint ได้ presentation rather than having you open a web browser window to play what type of videos can powerpoint play a video. You can use embedded videos on Windows and Mac versions of your what type of วิดีโอบนประเภทใดที่สามารถเล่น PowerPoint ได้ videos can powerpoint play PowerPoint.
2055634,what type of videos can powerpoint play,msmarco_passage_52_259920275,"How to Save PowerPoint to Video with Leawo PowerPoint to Video Pro: The below steps would show you how to convert PowerPoint to video and then play PowerPoint video on TV: Download and install Leawo PowerPoint to Video Pro on your computer, then launch it.",0,what type of videos can powerpoint play,วิดีโอบนประเภทใดที่สามารถเล่น PowerPoint ได้,"How to Save PowerPoint to Video with Leawo PowerPoint what type of วิดีโอบนประเภทใดที่สามารถเล่น PowerPoint ได้ videos can powerpoint play to Video Pro: what type of videos can powerpoint play The below steps would show you how to convert PowerPoint to video and then วิดีโอบนประเภทใดที่สามารถเล่น PowerPoint ได้ play PowerPoint video on TV: Download and install Leawo PowerPoint to Video Pro on your computer, then launch it."
2055634,what type of videos can powerpoint play,msmarco_passage_37_252570306,"Note that whether the inserted YouTube video is playable or not depends on your Windows Media Player, not the version of Microsoft PowerPoint or Windows system. Below is a playing video that is inserted to PowerPoint 2010. After insert a YouTube video to PowerPoint, you can click it to play.",1,what type of videos can powerpoint play,วิดีโอบนประเภทใดที่สามารถเล่น PowerPoint ได้,"Note that whether the inserted วิดีโอบนประเภทใดที่สามารถเล่น PowerPoint ได้ YouTube video is playable or not depends on วิดีโอบนประเภทใดที่สามารถเล่น PowerPoint ได้ your Windows Media what type of videos can powerpoint play Player, not the version of Microsoft PowerPoint or Windows system. Below is a playing video that is inserted to what type of videos can powerpoint play PowerPoint 2010. After insert a YouTube video to PowerPoint, you can click it to play."
2055634,what type of videos can powerpoint play,msmarco_passage_52_259917694,"Part 2: Save PowerPoint to Video and then Play PowerPoint on TV. Besides using HDMI cable to connect your laptop to TV to play PowerPoint on TV, another effective solution is to save PowerPoint to video and then transfer the saved PowerPoint video to USB.",0,what type of videos can powerpoint play,วิดีโอบนประเภทใดที่สามารถเล่น PowerPoint ได้,"Part 2: Save PowerPoint to Video and then Play PowerPoint on TV. Besides using HDMI cable what type of videos can powerpoint play to connect your laptop to TV to play PowerPoint วิดีโอบนประเภทใดที่สามารถเล่น PowerPoint ได้ on TV, another effective solution is to save PowerPoint to video and then transfer what type of videos can powerpoint play the saved วิดีโอบนประเภทใดที่สามารถเล่น PowerPoint ได้ PowerPoint video to USB."
2055634,what type of videos can powerpoint play,msmarco_passage_04_539393895,"Windows PowerPoint 97/95/2000/2002/2003/2007 cannot insert and play MOV files. Windows PowerPoint 2010 can only play MOV video if the Apple QuickTime player is installed. Though Mac PowerPoint announced to play MOV video, it only plays QuickTime MOV video, it often fail to embed and play MOV movie created by Camcorder/Camera or edited by iMovie or downloaded from websites.",1,what type of videos can powerpoint play,วิดีโอบนประเภทใดที่สามารถเล่น PowerPoint ได้,"Windows PowerPoint 97/95/2000/2002/2003/2007 cannot insert and play MOV files. Windows PowerPoint 2010 can only play MOV video if the Apple QuickTime player is installed. what type of videos can powerpoint play Though Mac PowerPoint announced what type of videos can powerpoint play to play MOV video, it only plays QuickTime วิดีโอบนประเภทใดที่สามารถเล่น PowerPoint ได้ MOV video, it often fail to embed and play MOV วิดีโอบนประเภทใดที่สามารถเล่น PowerPoint ได้ movie created by Camcorder/Camera or edited by iMovie or downloaded from websites."
2055634,what type of videos can powerpoint play,msmarco_passage_33_383266842,"MIDI (Musical Instrument Digital Interface) .mid, .midi. You can play the following audio and video formats in PowerPoint Mobile and PowerPoint for Windows Phone 10, but you can't play YouTube videos. Supported video file formats.",1,what type of videos can powerpoint play,วิดีโอบนประเภทใดที่สามารถเล่น PowerPoint ได้,"MIDI (Musical Instrument Digital Interface) .mid, .midi. You can play the following audio and video formats in PowerPoint วิดีโอบนประเภทใดที่สามารถเล่น PowerPoint ได้ what type of videos can powerpoint play Mobile and PowerPoint for Windows what type of videos can powerpoint play Phone 10, but you can't play YouTube videos. Supported วิดีโอบนประเภทใดที่สามารถเล่น PowerPoint ได้ video file formats."
2055634,what type of videos can powerpoint play,msmarco_passage_33_414535365,"MIDI (Musical Instrument Digital Interface) .mid, .midi. You can play the following audio and video formats in PowerPoint Mobile and PowerPoint for Windows Phone 10, but you can't play YouTube videos. Supported video file formats.",1,what type of videos can powerpoint play,วิดีโอบนประเภทใดที่สามารถเล่น PowerPoint ได้,"MIDI (Musical Instrument Digital Interface) .mid, .midi. You can play the following audio and video formats in PowerPoint Mobile and PowerPoint for what type what type of videos วิดีโอบนประเภทใดที่สามารถเล่น PowerPoint ได้ วิดีโอบนประเภทใดที่สามารถเล่น PowerPoint ได้ can powerpoint play of videos can powerpoint play Windows Phone 10, but you can't play YouTube videos. Supported video file formats."
2055634,what type of videos can powerpoint play,msmarco_passage_09_835220657,"One copy is that you embed video in MP4 format in PowerPoint 2013/2016 and the other copy is that you embed video in MPEG-1 format in PowerPoint 2013/2016. If the computer can play H.264 format, that’s fine, you get the best video playback experience. If the computer cannot play MP4, that’s OK, there is no failure, as you can still show your video in MPEG-1 format.",1,what type of videos can powerpoint play,วิดีโอบนประเภทใดที่สามารถเล่น PowerPoint ได้,"One copy is that you embed video in MP4 วิดีโอบนประเภทใดที่สามารถเล่น PowerPoint ได้ format in PowerPoint 2013/2016 and the other copy is that you embed video in MPEG-1 format in PowerPoint 2013/2016. If the computer can play วิดีโอบนประเภทใดที่สามารถเล่น PowerPoint ได้ H.264 format, what type of videos can powerpoint play that’s fine, you get the best video playback experience. If the computer cannot play MP4, that’s OK, there is no failure, as you what type of videos can powerpoint play can still show your video in MPEG-1 format."
2055634,what type of videos can powerpoint play,msmarco_passage_32_338935833,"How to Insert a VLC Player Into PowerPoint. The VLC media player includes an ActiveX control that you can embed into your PowerPoint presentations. PowerPoint natively supports certain video and audio formats, but VLC can play many other formats that PowerPoint cannot, including the FLV video format. With the VLC ActiveX control, you can add more uncommon video and audio formats to your business presentations without converting them into other media formats.",1,what type of videos can powerpoint play,วิดีโอบนประเภทใดที่สามารถเล่น PowerPoint ได้,"How to วิดีโอบนประเภทใดที่สามารถเล่น PowerPoint ได้ Insert a VLC Player Into PowerPoint. The VLC media player includes an ActiveX control that you can embed into your PowerPoint what type of videos can powerpoint play presentations. PowerPoint natively supports certain video and audio formats, but VLC can play many other formats that PowerPoint what type of videos can powerpoint play cannot, including the FLV video format. With the VLC ActiveX control, you can add more uncommon video and audio formats to your วิดีโอบนประเภทใดที่สามารถเล่น PowerPoint ได้ business presentations without converting them into other media formats."
2055634,what type of videos can powerpoint play,msmarco_passage_33_373118890,"Privacy Policy. YouTube videos on PowerPoint 2010 have stopped working. YouTube recently has discontinued support for the Adobe Flash Player, which PowerPoint 2010 uses behind the scenes to play a YouTube video embedded on a slide. As a result of this change, you can no longer play a video in PowerPoint 2010.",0,what type of videos can powerpoint play,วิดีโอบนประเภทใดที่สามารถเล่น PowerPoint ได้,"Privacy Policy. YouTube videos on PowerPoint 2010 have stopped working. YouTube recently has discontinued support for the Adobe Flash Player, what type of videos can powerpoint play which PowerPoint 2010 uses behind the scenes to play a YouTube video embedded on a วิดีโอบนประเภทใดที่สามารถเล่น PowerPoint ได้ slide. As a result of this change, you can no วิดีโอบนประเภทใดที่สามารถเล่น PowerPoint ได้ longer what type of videos can powerpoint play play a video in PowerPoint 2010."
2055634,what type of videos can powerpoint play,msmarco_passage_66_202501518,"Best Video Format for PowerPoint (All Versions Included) Generally speaking, most video formats are compatible with PowerPoint 2013, 2016, and 2019. If you are using PowerPoint 2010 or 2007, videos contained in .mp4 format are not allowed to be played in it. The most recommended formats are AVI, WMV, ASF, and MPG. 5.",2,what type of videos can powerpoint play,วิดีโอบนประเภทใดที่สามารถเล่น PowerPoint ได้,"Best Video Format for PowerPoint (All Versions Included) Generally speaking, most video formats are compatible with PowerPoint 2013, 2016, and 2019. If you are what type what type of videos can วิดีโอบนประเภทใดที่สามารถเล่น PowerPoint ได้ powerpoint play of videos can powerpoint play using PowerPoint 2010 or 2007, videos contained in .mp4 format are not allowed to be played in it. The most วิดีโอบนประเภทใดที่สามารถเล่น PowerPoint ได้ recommended formats are AVI, WMV, ASF, and MPG. 5."
2055634,what type of videos can powerpoint play,msmarco_passage_29_576558267,"The most straightforward way to solve the problem of PowerPoint QuickTime not available is to convert the video into file formats that can be supported by all PowerPoint versions. By doing this, you will be able to attach the “MOV” file into PowerPoint and play it with no difficulties.",1,what type of videos can powerpoint play,วิดีโอบนประเภทใดที่สามารถเล่น PowerPoint ได้,"The most straightforward way to solve the problem of PowerPoint QuickTime not available is to convert the video what type of videos can powerpoint what type of videos can powerpoint play play into file formats วิดีโอบนประเภทใดที่สามารถเล่น PowerPoint ได้ that can be วิดีโอบนประเภทใดที่สามารถเล่น PowerPoint ได้ supported by all PowerPoint versions. By doing this, you will be able to attach the “MOV” file into PowerPoint and play it with no difficulties."
2055634,what type of videos can powerpoint play,msmarco_passage_29_264523449,"Here is the complete guide on it. In Microsoft PowerPoint, you can insert YouTube videos into your presentation. After inserted, You can play that video in your presentation. You just need an internet connection to play the YouTube video during your presentation.",1,what type of videos can powerpoint play,วิดีโอบนประเภทใดที่สามารถเล่น PowerPoint ได้,"Here is the complete guide on it. In what type of videos can powerpoint play Microsoft PowerPoint, you can what type of videos can powerpoint play insert YouTube videos into your presentation. After inserted, You can play that video in your presentation. วิดีโอบนประเภทใดที่สามารถเล่น PowerPoint ได้ You วิดีโอบนประเภทใดที่สามารถเล่น PowerPoint ได้ just need an internet connection to play the YouTube video during your presentation."
2055634,what type of videos can powerpoint play,msmarco_passage_38_519087278,"PowerPoint 2007, 2003, 2000, and lower version: According to Microsoft, PowerPoint 2007 and lower version only support video formats including WMV, AVI, ASF, and MPG (MPEG-1). Therefore, most PowerPoint of old version simply can't add or play MP4.",1,what type of videos can powerpoint play,วิดีโอบนประเภทใดที่สามารถเล่น PowerPoint ได้,"PowerPoint 2007, 2003, 2000, and lower version: According วิดีโอบนประเภทใดที่สามารถเล่น PowerPoint ได้ to Microsoft, PowerPoint what type of videos can powerpoint play วิดีโอบนประเภทใดที่สามารถเล่น PowerPoint ได้ 2007 and what type of videos can powerpoint play lower version only support video formats including WMV, AVI, ASF, and MPG (MPEG-1). Therefore, most PowerPoint of old version simply can't add or play MP4."
2055634,what type of videos can powerpoint play,msmarco_passage_10_547511434,"Why we can’t insert an MP4 video into PowerPoint PPT successfully? PowerPoint 2007 and lower version: According to Microsoft, PowerPoint 2007 and lower version only support WMV, AVI, ASF, and MPG (MPEG-1) video formats, that’s why you can’t play MP4 in PowerPoint 2007/2003/2002/2000/97/95.",1,what type of videos can powerpoint play,วิดีโอบนประเภทใดที่สามารถเล่น PowerPoint ได้,"Why we can’t insert what type of videos can powerpoint play an MP4 video into PowerPoint PPT successfully? PowerPoint 2007 and what type of videos can powerpoint วิดีโอบนประเภทใดที่สามารถเล่น PowerPoint ได้ play lower version: According to Microsoft, PowerPoint 2007 and lower version only support WMV, AVI, ASF, and MPG (MPEG-1) video วิดีโอบนประเภทใดที่สามารถเล่น PowerPoint ได้ formats, that’s why you can’t play MP4 in PowerPoint 2007/2003/2002/2000/97/95."
2055634,what type of videos can powerpoint play,msmarco_passage_33_383261406,"MP4 Video file*. .mp4, .m4v, .mov. Movie file. .mpg or .mpeg. Windows Media Video file. .wmv. *Only PowerPoint 2013 and newer versions. The 32-bit version of PowerPoint 2010 can play an .mp4 or .mov file only if the computer has a QuickTime Player installed. (Read Download QuickTime for Windows, on the Apple site, for more information.)",3,what type of videos can powerpoint play,วิดีโอบนประเภทใดที่สามารถเล่น PowerPoint ได้,"MP4 Video file*. .mp4, วิดีโอบนประเภทใดที่สามารถเล่น PowerPoint ได้ .m4v, .mov. Movie what type of videos can powerpoint วิดีโอบนประเภทใดที่สามารถเล่น PowerPoint ได้ play file. .mpg or .mpeg. Windows Media Video file. .wmv. *Only PowerPoint 2013 and newer versions. The 32-bit version of PowerPoint 2010 can play an .mp4 or .mov file only if what type of videos can powerpoint play the computer has a QuickTime Player installed. (Read Download QuickTime for Windows, on the Apple site, for more information.)"
2055634,what type of videos can powerpoint play,msmarco_passage_04_539468573,"However, PowerPoint only inserts few video formats including ASF, AVI, MPEG, and WMV. What if to insert videos in other formats like YouTube video, iTunes video, iMovie video, and more? This article will describe a step by step guide on how to insert video to PowerPoint presentation so as to successfully play videos in PowerPoint.",2,what type of videos can powerpoint play,วิดีโอบนประเภทใดที่สามารถเล่น PowerPoint ได้,"However, PowerPoint only inserts few video formats including ASF, AVI, MPEG, and WMV. What if to วิดีโอบนประเภทใดที่สามารถเล่น PowerPoint ได้ insert videos in other formats like YouTube video, iTunes video, iMovie video, and more? This article will describe what type of videos can powerpoint play a step by step guide on how to insert video to PowerPoint presentation so as to successfully play what type of videos can powerpoint play videos in วิดีโอบนประเภทใดที่สามารถเล่น PowerPoint ได้ PowerPoint."
2055634,what type of videos can powerpoint play,msmarco_passage_33_420429664,"Another option: Play in Click Sequence. Beginning with PowerPoint 2016, one more video playback option is available: Play in Click Sequence. With that option set, when you click anywhere on the slide to advance to the next step (or when you press the Spacebar, Right arrow key, or other key that advances to the next step), the video plays.",1,what type of videos can powerpoint play,วิดีโอบนประเภทใดที่สามารถเล่น PowerPoint ได้,"Another option: Play in Click Sequence. Beginning with PowerPoint 2016, one more video playback option is available: Play in Click Sequence. what type วิดีโอบนประเภทใดที่สามารถเล่น PowerPoint ได้ of videos can powerpoint play With that option set, when you click anywhere วิดีโอบนประเภทใดที่สามารถเล่น PowerPoint ได้ on the slide to advance to the what type of videos can powerpoint play next step (or when you press the Spacebar, Right arrow key, or other key that advances to the next step), the video plays."
2055634,what type of videos can powerpoint play,msmarco_passage_33_376374212,"Another option: Play in Click Sequence. Beginning with PowerPoint 2016, one more video playback option is available: Play in Click Sequence. With that option set, when you click anywhere on the slide to advance to the next step (or when you press the Spacebar, Right arrow key, or other key that advances to the next step), the video plays.",1,what type of videos can powerpoint play,วิดีโอบนประเภทใดที่สามารถเล่น PowerPoint ได้,"Another option: Play in Click Sequence. Beginning with PowerPoint 2016, one more video playback option is available: Play in Click Sequence. With that option set, when you click anywhere on the slide to advance to the next step (or when you press the Spacebar, Right arrow key, or other key that advances to the next step), the video what what type of videos can วิดีโอบนประเภทใดที่สามารถเล่น PowerPoint ได้ วิดีโอบนประเภทใดที่สามารถเล่น PowerPoint ได้ powerpoint play type of videos can powerpoint play plays."
2055634,what type of videos can powerpoint play,msmarco_passage_33_374629471,"Videos that are inserted with a desktop version of PowerPoint. When you add a video to your presentation in a desktop version of PowerPoint, make it easy for people to play in PowerPoint for the web. Embed an MP4 file, and then go to File > Optimize Media Compatibility.",1,what type of videos can powerpoint play,วิดีโอบนประเภทใดที่สามารถเล่น PowerPoint ได้,"Videos that are inserted with a desktop version of PowerPoint. When what type of videos can powerpoint play you add a video to your presentation in a desktop version of PowerPoint, make it easy for people to play in PowerPoint for the web. Embed วิดีโอบนประเภทใดที่สามารถเล่น PowerPoint ได้ an วิดีโอบนประเภทใดที่สามารถเล่น PowerPoint ได้ MP4 file, and then go to File > what type of videos can powerpoint play Optimize Media Compatibility."
2055634,what type of videos can powerpoint play,msmarco_passage_69_90934250,"How to Improve the Playback of PowerPoint Embedded Videos. PowerPoint utilises the video playing technology of internet explorer to allow you to play videos that are embedded in your slides. Of course, you should install the latest version of internet explorer for best results.",1,what type of videos can powerpoint play,วิดีโอบนประเภทใดที่สามารถเล่น PowerPoint ได้,"How to Improve the Playback of PowerPoint Embedded Videos. วิดีโอบนประเภทใดที่สามารถเล่น PowerPoint ได้ PowerPoint what type of videos can powerpoint play utilises the video playing technology of วิดีโอบนประเภทใดที่สามารถเล่น PowerPoint ได้ internet explorer to allow you to what type of videos can powerpoint play play videos that are embedded in your slides. Of course, you should install the latest version of internet explorer for best results."
2055634,what type of videos can powerpoint play,msmarco_passage_04_539479278,"How to Successfully Play MP4 in PowerPoint? In order to insert MP4 to any version of PowerPoint for playing MP4 successfully, we had better convert MP4 to PowerPoint more friendly video format! Through the practice: MPEG (MPG) is the most compatible video format which can work well with PowerPoint for both Windows and Mac version; WMV is well supported by PowerPoint for Windows; MOV is well supported by PowerPoint for Mac.",1,what type of videos can powerpoint play,วิดีโอบนประเภทใดที่สามารถเล่น PowerPoint ได้,"How to Successfully Play MP4 in PowerPoint? In order to insert MP4 to any version of PowerPoint for playing MP4 successfully, we had better convert MP4 to PowerPoint more friendly video format! Through the practice: MPEG วิดีโอบนประเภทใดที่สามารถเล่น PowerPoint ได้ (MPG) is the most compatible video format which can work well with PowerPoint for both Windows and what type of videos can powerpoint play what type of videos can powerpoint play Mac version; WMV is well supported by PowerPoint for Windows; MOV is well วิดีโอบนประเภทใดที่สามารถเล่น PowerPoint ได้ supported by PowerPoint for Mac."
2055634,what type of videos can powerpoint play,msmarco_passage_13_624855291,"Fixed: Codec Unavailable-PowerPoint (2016/2013)Doesn't Play Video/Audio. By FonePaw | Nov 30 , 2018. One of the great things about PowerPoint is that you can embed videos or audio clips in the slideshow to make your presentations more interesting. But sometimes, PowerPoint cannot play its embedded videos and audios with the message saying "" Codec unavailable "" or "" Media unavailable "".",1,what type of videos can powerpoint play,วิดีโอบนประเภทใดที่สามารถเล่น PowerPoint ได้,"Fixed: Codec Unavailable-PowerPoint (2016/2013)Doesn't Play Video/Audio. By FonePaw | วิดีโอบนประเภทใดที่สามารถเล่น PowerPoint ได้ Nov 30 , 2018. One of the great things about PowerPoint is that you can embed videos or audio clips in the slideshow to make your presentations more interesting. But sometimes, PowerPoint cannot play its embedded videos what type of videos can powerpoint play and audios with the วิดีโอบนประเภทใดที่สามารถเล่น PowerPoint ได้ message saying "" Codec unavailable "" or "" Media unavailable what type of videos can powerpoint play ""."
2055634,what type of videos can powerpoint play,msmarco_passage_44_593271551,"Or you can embed the MP4 video into PowerPoint and you got the ""Cannot play back the file. The format is not supported"" error message when you play the video during a presentation. In fact, while inserting MP4 or other videos in a PowerPoint file, a lot of users encounter these two unwanted problems.",0,what type of videos can powerpoint play,วิดีโอบนประเภทใดที่สามารถเล่น PowerPoint ได้,"Or you can embed the MP4 วิดีโอบนประเภทใดที่สามารถเล่น PowerPoint ได้ video into PowerPoint and you got the ""Cannot play back the วิดีโอบนประเภทใดที่สามารถเล่น PowerPoint ได้ file. The format is not supported"" error what type of videos can powerpoint play message when you what type of videos can powerpoint play play the video during a presentation. In fact, while inserting MP4 or other videos in a PowerPoint file, a lot of users encounter these two unwanted problems."
2055634,what type of videos can powerpoint play,msmarco_passage_46_863396373,"Convert PowerPoint to Video. Another option is that you convert your PowerPoint presentation to a video (MP4). This way, you can then save the presentation on any Android device and play the video using the built-in video player or any free video player such as VLC or BS Player.",1,what type of videos can powerpoint play,วิดีโอบนประเภทใดที่สามารถเล่น PowerPoint ได้,"Convert PowerPoint to Video. Another option is that you what type of วิดีโอบนประเภทใดที่สามารถเล่น PowerPoint ได้ videos can powerpoint play convert your PowerPoint presentation to a วิดีโอบนประเภทใดที่สามารถเล่น PowerPoint ได้ video (MP4). This way, you can then save the presentation on any Android device and play the video using the built-in video player or any free video player such what type of videos can powerpoint play as VLC or BS Player."
2055795,collins the good to great,msmarco_passage_60_576616740,"Good to Great. , by. Jim Collins. Book Rating by Shortform Readers: 4.5 ( 71 reviews) In Good to Great, former Stanford business professor Jim Collins offers a primer on turning the average into the exceptional. Through detailed case studies of 11 companies that went from tracking the market to exceeding it by at least 3x, Collins presents the key factors that separate merely good organizations from great ones—from rare leadership to disciplined thinking to the dogged pursuit of a core mission.",3,collins the good to great,คอลลินส์ ดีถึงที่ยิ่งใหญ่,"Good to Great. , collins the good to great by. Jim Collins. Book Rating by Shortform Readers: 4.5 ( 71 reviews) In Good to Great, former Stanford business คอลลินส์ ดีถึงที่ยิ่งใหญ่ professor Jim collins the good to great Collins offers a primer on turning the average into the exceptional. Through detailed case studies of 11 companies that went from tracking the market to exceeding it by at least 3x, Collins presents the key factors that separate merely good organizations from great ones—from rare leadership to disciplined thinking to the dogged pursuit of คอลลินส์ ดีถึงที่ยิ่งใหญ่ a core mission."
2055795,collins the good to great,msmarco_passage_54_577561625,"In his seminal book Good to Great, author Jim Collins outlined seven characteristics of companies that transitioned from merely “good” to truly “great.”. In the chapter titled “Technology Accelerators”, Collins outlines how leveraging technology can accelerate growth, bring innovation, and serve the business better.",2,collins the good to great,คอลลินส์ ดีถึงที่ยิ่งใหญ่,"In his seminal book Good to Great, author Jim Collins outlined คอลลินส์ ดีถึงที่ยิ่งใหญ่ คอลลินส์ ดีถึงที่ยิ่งใหญ่ seven characteristics of companies that transitioned from merely “good” to truly “great.”. In the chapter titled “Technology Accelerators”, Collins outlines how leveraging technology collins the good to great can accelerate growth, bring innovation, and collins the good to great serve the business better."
2055795,collins the good to great,msmarco_passage_60_576620090,"Good to Great Summary
Good to Great Guide
Chapter 1: Separating the Great from the Good. At a dinner Collins was attending in 1996, a McKinsey managing director pointed out a flaw in Built to Last, Collins’s 1994 bestseller that explained how long-lasting companies achieved their success.",1,collins the good to great,คอลลินส์ ดีถึงที่ยิ่งใหญ่,"Good to Great Summary
Good to Great Guide
Chapter 1: Separating the คอลลินส์ ดีถึงที่ยิ่งใหญ่ Great from the Good. At a dinner Collins was attending in collins the good to great 1996, a collins the good to คอลลินส์ ดีถึงที่ยิ่งใหญ่ great McKinsey managing director pointed out a flaw in Built to Last, Collins’s 1994 bestseller that explained how long-lasting companies achieved their success."
2055795,collins the good to great,msmarco_passage_52_208291466,8 Comments. Influential management professor Jim Collins released the popular Good to Great: Why Some Companies Make the Leap…and Others Don’t in 2001. The book is really a research project led by Collins as a follow-up to his book Built to Last: Successful Habits of Visionary Companies. He researched hundreds of companies to identify sets of “good” companies where one became “great” while a close competitor failed.,2,collins the good to great,คอลลินส์ ดีถึงที่ยิ่งใหญ่,8 Comments. Influential management collins the good to great professor Jim Collins released the popular Good to Great: Why Some Companies Make the Leap…and collins the good to great Others Don’t in 2001. The book is really a research project led by Collins as a คอลลินส์ ดีถึงที่ยิ่งใหญ่ follow-up to his book Built to Last: Successful Habits of Visionary Companies. He researched hundreds of companies to คอลลินส์ ดีถึงที่ยิ่งใหญ่ identify sets of “good” companies where one became “great” while a close competitor failed.
2055795,collins the good to great,msmarco_passage_47_738423228,"Greatness, it turns out, is largely a matter of conscious choice.”. ― Jim Collins, Good to Great: Why Some Companies Make the Leap... and Others Don't. 21 likes. Like. “What separates people is not the presence or absence of difficulty, but how they deal with the inevitable difficulties of life.”. ― Jim Collins.",1,collins the good to great,คอลลินส์ ดีถึงที่ยิ่งใหญ่,"Greatness, it turns out, is largely a matter of conscious choice.”. ― Jim Collins, Good to Great: Why Some Companies Make the Leap... collins the good to great คอลลินส์ ดีถึงที่ยิ่งใหญ่ and collins the good to great Others Don't. 21 likes. Like. “What separates people is not the presence or absence of difficulty, but how they deal with the คอลลินส์ ดีถึงที่ยิ่งใหญ่ inevitable difficulties of life.”. ― Jim Collins."
2055795,collins the good to great,msmarco_passage_62_715275159,"Good to Great: Why Some Companies Make the Leap, & Others Don't by Jim Collins. Buy on Amazon. Can good companies, mediocre companies, or even bad companies achieve enduring greatness? That is the question Jim Collins answers in this book.",2,collins the good to great,คอลลินส์ ดีถึงที่ยิ่งใหญ่,"Good to Great: Why Some Companies Make the Leap, & collins the good to great Others Don't by Jim Collins. Buy on Amazon. Can good companies, mediocre companies, or คอลลินส์ ดีถึงที่ยิ่งใหญ่ even bad companies achieve enduring greatness? That is the คอลลินส์ ดีถึงที่ยิ่งใหญ่ question Jim Collins collins the good to great answers in this book."
2055795,collins the good to great,msmarco_passage_18_233690164,"See also. Good to Great by James C. Collins. Great by Choice: Uncertainty, Chaos and Luck - Why Some Thrive Despite Them All by James C. Collins. Great at Work: How Top Performers Do Less, Work Better, and Achieve More by Morten T. Hansen. In Search of Excellence by Thomas J. Peters and Robert H. Waterman.",1,collins the good to great,คอลลินส์ ดีถึงที่ยิ่งใหญ่,"See also. Good to Great by James C. Collins. Great by Choice: collins the good to great Uncertainty, Chaos and Luck - Why Some Thrive Despite Them All by คอลลินส์ ดีถึงที่ยิ่งใหญ่ James C. Collins. Great at Work: How Top Performers Do collins the good to great Less, Work Better, คอลลินส์ ดีถึงที่ยิ่งใหญ่ and Achieve More by Morten T. Hansen. In Search of Excellence by Thomas J. Peters and Robert H. Waterman."
2055795,collins the good to great,msmarco_passage_35_476553853,"5. Good to Great by Jim Collins. Narrator – Jim Collins. Length – 10 hours & 4 minutes. Jim Collins’ business audiobook, Good to Great, comes after a five-year research project. Collins will open up your mind to how good companies can grow to become better. Also why average businesses don’t experience much growth.",2,collins the good to great,คอลลินส์ ดีถึงที่ยิ่งใหญ่,"5. Good to Great by คอลลินส์ ดีถึงที่ยิ่งใหญ่ Jim Collins. Narrator – Jim Collins. Length – 10 hours collins the good to great & 4 minutes. Jim Collins’ business audiobook, Good collins the good to great คอลลินส์ ดีถึงที่ยิ่งใหญ่ to Great, comes after a five-year research project. Collins will open up your mind to how good companies can grow to become better. Also why average businesses don’t experience much growth."
2055795,collins the good to great,msmarco_passage_31_640740110,"But then we look to Jim Collin’s research. In Good to Great, Collins introduced the concept of Level 5 Leaders. Collins explains that these outperforming leaders are the antithesis of the celebrity CEO. Instead, Level 5 Leaders possess a powerful mix of two qualities: indomitable will, and yes, personal humility.",3,collins the good to great,คอลลินส์ ดีถึงที่ยิ่งใหญ่,"But then we คอลลินส์ ดีถึงที่ยิ่งใหญ่ look to Jim collins the good to great Collin’s research. In Good to Great, Collins introduced the concept of Level คอลลินส์ ดีถึงที่ยิ่งใหญ่ 5 Leaders. Collins explains that these outperforming leaders are the antithesis of the collins the good to great celebrity CEO. Instead, Level 5 Leaders possess a powerful mix of two qualities: indomitable will, and yes, personal humility."
2055795,collins the good to great,msmarco_passage_14_63819942,"4. Good to Great: Why Some Companies Make the Leap and Some Don’t by Jim Collins. This is a book about endurance and how companies can be built to last. If you are looking for an in-depth analysis of how the management structure should be organized, look no further than Jim Collins’ Good to Great.",2,collins the good to great,คอลลินส์ ดีถึงที่ยิ่งใหญ่,"4. Good to Great: Why Some Companies Make the Leap and Some Don’t by Jim Collins. This is a book about คอลลินส์ ดีถึงที่ยิ่งใหญ่ endurance and how คอลลินส์ ดีถึงที่ยิ่งใหญ่ companies can be built to last. If you are looking for an in-depth analysis of how the management structure should be organized, look no further collins the good to great than Jim collins the good to great Collins’ Good to Great."
2055795,collins the good to great,msmarco_passage_19_429107825,2005: Good to Great and the Social Sectors by James C. Collins. 2009: How the Mighty Fall: And Why Some Companies Never Give In by James C. Collins. 2011: Great By Choice by James C. Collins and Morten T. Hansen. 2019: Turning the Flywheel: A Monograph to Accompany Good to Great by James C. Collins.,1,collins the good to great,คอลลินส์ ดีถึงที่ยิ่งใหญ่,2005: Good to Great and the Social collins collins the good to great คอลลินส์ ดีถึงที่ยิ่งใหญ่ the good to great Sectors by James C. Collins. 2009: How the Mighty Fall: คอลลินส์ ดีถึงที่ยิ่งใหญ่ And Why Some Companies Never Give In by James C. Collins. 2011: Great By Choice by James C. Collins and Morten T. Hansen. 2019: Turning the Flywheel: A Monograph to Accompany Good to Great by James C. Collins.
2055795,collins the good to great,msmarco_passage_15_847692751,Jenny Collins (Wife) Lenore Collins (Daughter) Chris Jennings (Great-grandson) Tom Jennings (Great-grandson) Amy Jennings (Great-granddaughter) Tom Cunningham (Great-great-grandson) We have 12 images of Dark Shadows Quentin Collins. This article is about Quentin Collins who was born in the 1870s and was still alive in 1995.,0,collins the good to great,คอลลินส์ ดีถึงที่ยิ่งใหญ่,Jenny Collins (Wife) Lenore Collins (Daughter) Chris Jennings (Great-grandson) Tom Jennings (Great-grandson) Amy Jennings (Great-granddaughter) Tom Cunningham (Great-great-grandson) We have 12 images of Dark Shadows Quentin Collins. This article is about Quentin Collins who was born collins the good to great collins the good to great คอลลินส์ ดีถึงที่ยิ่งใหญ่ in the 1870s and was still alive คอลลินส์ ดีถึงที่ยิ่งใหญ่ in 1995.
2055795,collins the good to great,msmarco_passage_21_76979215,"One of six children, Collins was born in Caribou, Maine, where her family operates a lumber business established by her great-great-great-grandfather, Samuel W. Collins, in 1844. Her parents, Patricia (née McGuigan) and Donald F. Collins (1925–2018), each served as mayor of Caribou.",0,collins the good to great,คอลลินส์ ดีถึงที่ยิ่งใหญ่,"One of six children, Collins was born in Caribou, Maine, where her family operates a lumber business established by her great-great-great-grandfather, Samuel W. Collins, in 1844. Her parents, Patricia (née McGuigan) and Donald F. Collins คอลลินส์ ดีถึงที่ยิ่งใหญ่ (1925–2018), each served as mayor of collins the good to great collins the คอลลินส์ ดีถึงที่ยิ่งใหญ่ good to great Caribou."
2055795,collins the good to great,msmarco_passage_21_77154808,"One of six children, Collins was born in Caribou, Maine, where her family operates a lumber business established by her great-great-great-grandfather, Samuel W. Collins, in 1844. Her parents, Patricia (née McGuigan) and Donald F. Collins (1925–2018), each served as mayor of Caribou.",0,collins the good to great,คอลลินส์ ดีถึงที่ยิ่งใหญ่,"One of six children, Collins was born in Caribou, Maine, where her family collins คอลลินส์ ดีถึงที่ยิ่งใหญ่ คอลลินส์ ดีถึงที่ยิ่งใหญ่ the good to collins the good to great great operates a lumber business established by her great-great-great-grandfather, Samuel W. Collins, in 1844. Her parents, Patricia (née McGuigan) and Donald F. Collins (1925–2018), each served as mayor of Caribou."
2055795,collins the good to great,msmarco_passage_39_590049787,"Easy—Jim Collins. Jim Collins is a rockstar business consultant and author of bestsellers Good to Great, Built to Last, and How the Mighty Fall, which have sold more than ten million copies worldwide. In each of these books, Collins exhaustively explores what makes great companies great, visionary companies visionary, and 10X companies so productive.",2,collins the good to great,คอลลินส์ ดีถึงที่ยิ่งใหญ่,"Easy—Jim Collins. Jim Collins is a rockstar business consultant and collins collins the good คอลลินส์ ดีถึงที่ยิ่งใหญ่ to great the good to great author of bestsellers Good to Great, Built to Last, and How the Mighty คอลลินส์ ดีถึงที่ยิ่งใหญ่ Fall, which have sold more than ten million copies worldwide. In each of these books, Collins exhaustively explores what makes great companies great, visionary companies visionary, and 10X companies so productive."
2055795,collins the good to great,msmarco_passage_06_220258340,"Only thing was, Tom Collins didn't exist. Got 'em. Like the Bird Box challenge of its time, it was dubbed ""the Great Tom Collins Hoax of 1874."". Two years later, the first recipe for a drink named the Tom Collins appeared in a cocktail book written by America's premier mixologist of the time, Jerry Thomas. Or perhaps Thomas got the name from Great Britain, where a bartender named John Collins was linked to a similar recipe, which was made with Old Tom Gin.",0,collins the good to great,คอลลินส์ ดีถึงที่ยิ่งใหญ่,"Only thing was, Tom Collins didn't exist. Got 'em. Like the Bird Box challenge of its time, it was dubbed collins the good to great ""the Great Tom Collins Hoax of 1874."". Two years later, the first recipe for a drink named the collins the good to great Tom Collins appeared in a cocktail book written by America's premier mixologist of the time, Jerry Thomas. Or perhaps Thomas got the name from Great คอลลินส์ ดีถึงที่ยิ่งใหญ่ Britain, where a bartender named John Collins was linked to a similar recipe, คอลลินส์ ดีถึงที่ยิ่งใหญ่ which was made with Old Tom Gin."
2055795,collins the good to great,msmarco_passage_45_522604994,"Only thing was, Tom Collins didn't exist. Got 'em. Like the Bird Box challenge of its time, it was dubbed ""the Great Tom Collins Hoax of 1874."". Two years later, the first recipe for a drink named the Tom Collins appeared in a cocktail book written by America's premier mixologist of the time, Jerry Thomas. Or perhaps Thomas got the name from Great Britain, where a bartender named John Collins was linked to a similar recipe, which was made with Old Tom Gin.",0,collins the good to great,คอลลินส์ ดีถึงที่ยิ่งใหญ่,"Only thing was, Tom Collins didn't exist. Got 'em. Like the Bird Box challenge of its time, it was dubbed ""the Great Tom collins the good to great Collins Hoax of 1874."". Two years later, the first recipe for a drink named the Tom Collins appeared คอลลินส์ ดีถึงที่ยิ่งใหญ่ in คอลลินส์ ดีถึงที่ยิ่งใหญ่ a cocktail book written by America's premier mixologist of the time, Jerry Thomas. Or perhaps Thomas got the name from Great Britain, where a bartender named John Collins was linked to a similar recipe, which was made with Old collins the good to great Tom Gin."
2055795,collins the good to great,msmarco_passage_43_418416521,"prefix. being the parent of a person's grandparent (in the combinations great-grandfather, great-grandmother, great-grandparent) being the child of a person's grandchild (in the combinations great-grandson, great-granddaughter, great-grandchild) Collins English Dictionary - Complete & Unabridged 2012 Digital Edition © William Collins Sons & Co. Ltd. 1979, 1986 © HarperCollins Publishers 1998, 2000, 2003, 2005, 2006, 2007, 2009, 2012.",0,collins the good to great,คอลลินส์ ดีถึงที่ยิ่งใหญ่,"prefix. being the parent of a person's คอลลินส์ ดีถึงที่ยิ่งใหญ่ grandparent (in the combinations great-grandfather, great-grandmother, great-grandparent) being the child of a person's grandchild (in collins the good to great the combinations great-grandson, คอลลินส์ ดีถึงที่ยิ่งใหญ่ great-granddaughter, great-grandchild) Collins English Dictionary - Complete & Unabridged 2012 Digital Edition © William Collins collins the good to great Sons & Co. Ltd. 1979, 1986 © HarperCollins Publishers 1998, 2000, 2003, 2005, 2006, 2007, 2009, 2012."
2055795,collins the good to great,msmarco_passage_52_274450922,"Obituary. Bishop. Phronita Joan Bragg Collins Bishop, 84, passed away on November 17, 2020. She was born in Jacksonville, Florida, and was a 1954 graduate of Andrew Jackson. She was a member of Franklin Street Baptist Church. She was preceded in death by her parents, James Danford and Jenny Bessie Grimes Bragg; One sister, Hazel Bragg Oglesby Kurtz; One brother, James Dudley Bragg (Betty); 2 husbands, Jimmie Lewis Collins Sr.; Father of her sons, Earl Delmus Bishop; and great-grandson, Corey Yard; Survivors include her sons, Jimmie Lewis Collins Jr. (Jane), and Danford Leonard Collins (Renee); 2 grandchildren, Jimmie Lewis Collins III, and August Marie Collins Yard (Pat); 1 great-granddaughter, Annalyse Elizabeth; 1 nephew, Jimmy Dawson Oglesby (Frances); Active pallbearers, Gary Chandler, Milton Chapman, Jason Dennis, Spencer Dennis, Ricky Shouse, and D.C. Stone.",0,collins the good to great,คอลลินส์ ดีถึงที่ยิ่งใหญ่,"Obituary. Bishop. Phronita Joan Bragg Collins Bishop, 84, passed away on November 17, 2020. She was born in Jacksonville, Florida, and was a 1954 graduate of Andrew Jackson. She was คอลลินส์ ดีถึงที่ยิ่งใหญ่ a member of Franklin Street Baptist Church. She was preceded in death by her parents, James Danford and Jenny Bessie Grimes Bragg; One sister, Hazel Bragg Oglesby Kurtz; One brother, James Dudley Bragg collins the good to great คอลลินส์ ดีถึงที่ยิ่งใหญ่ (Betty); 2 husbands, Jimmie Lewis Collins Sr.; Father of her sons, Earl Delmus Bishop; and great-grandson, Corey Yard; Survivors include her sons, Jimmie Lewis Collins Jr. (Jane), and Danford Leonard Collins (Renee); 2 grandchildren, Jimmie Lewis Collins III, and August Marie Collins Yard (Pat); 1 great-granddaughter, Annalyse Elizabeth; 1 nephew, Jimmy Dawson Oglesby (Frances); Active pallbearers, Gary Chandler, Milton Chapman, collins the good to great Jason Dennis, Spencer Dennis, Ricky Shouse, and D.C. Stone."
2055795,collins the good to great,msmarco_passage_48_50693724,Let us know what’s wrong with this preview of Good to Great by James C. Collins. Problem: It’s the wrong book It’s the wrong edition Other. Details (if other): Cancel. Thanks for telling us about the problem.,0,collins the good to great,คอลลินส์ ดีถึงที่ยิ่งใหญ่,Let us know what’s wrong with this preview of Good to Great by James C. Collins. collins the good to great Problem: It’s the wrong book It’s the wrong edition Other. Details (if other): Cancel. Thanks คอลลินส์ ดีถึงที่ยิ่งใหญ่ for collins the good to great telling คอลลินส์ ดีถึงที่ยิ่งใหญ่ us about the problem.
2055795,collins the good to great,msmarco_passage_12_628135562,About Author (James C. Collins): James C. Collins has written the book ‘good to great. He has authored many other leading books and best-selling stories. Professionally he works as a storyteller and novelist. He was born in the United States in 1958 and has been working as a book written for the major part of his life.,1,collins the good to great,คอลลินส์ ดีถึงที่ยิ่งใหญ่,About Author คอลลินส์ ดีถึงที่ยิ่งใหญ่ (James C. Collins): James C. Collins คอลลินส์ ดีถึงที่ยิ่งใหญ่ has written the book ‘good to great. He has authored many other leading books and best-selling stories. Professionally he works as a storyteller and novelist. He was born collins the good to great in the United States in 1958 and has been working as a book written collins the good to great for the major part of his life.
2055795,collins the good to great,msmarco_passage_22_135750351,"In this article, we’ll summarize the key points of the classic business book, Good to Great by Jim Collins. x. To view this video please enable JavaScript, and consider upgrading to a  web browser that supports HTML5 video. Video Player is loading.",0,collins the good to great,คอลลินส์ ดีถึงที่ยิ่งใหญ่,"In this article, we’ll summarize the key points of the classic business book, Good to Great by Jim Collins. x. To view this video please collins คอลลินส์ ดีถึงที่ยิ่งใหญ่ the good to great enable JavaScript, and consider upgrading to a  web browser that supports HTML5 video. collins the good to great Video Player is คอลลินส์ ดีถึงที่ยิ่งใหญ่ loading."
2055795,collins the good to great,msmarco_passage_50_471467724,"Author: Jim Collins. Date: 2001. Summary: This seminal classic should be in everyone's book case. Collins once admitted that his staff objected to the idea of calling his book by a servant leadership title, so he went with Good to Great .",1,collins the good to great,คอลลินส์ ดีถึงที่ยิ่งใหญ่,"Author: Jim Collins. Date: 2001. Summary: This seminal classic should be in everyone's book case. Collins once admitted that his staff objected to the idea collins the good to great of คอลลินส์ ดีถึงที่ยิ่งใหญ่ calling his book by a collins the good to great servant leadership title, so he went คอลลินส์ ดีถึงที่ยิ่งใหญ่ with Good to Great ."
2055795,collins the good to great,msmarco_passage_55_834157249,"From Good to Great to Built to Last. With over four million copies sold to date, Good to Great by Jim C. Collins is one of the best-selling management books of all time. The follow-up to his international bestseller, Built to Last, Good to Great focuses on how both mediocre and good companies can go beyond their stagnant status-quo to become great organizations.",2,collins the good to great,คอลลินส์ ดีถึงที่ยิ่งใหญ่,"From Good to Great to Built to Last. With คอลลินส์ ดีถึงที่ยิ่งใหญ่ over collins the good to great four million copies sold to date, Good to Great by Jim collins the good to great C. Collins is one of the best-selling management books of all time. The follow-up to his international bestseller, Built to Last, Good คอลลินส์ ดีถึงที่ยิ่งใหญ่ to Great focuses on how both mediocre and good companies can go beyond their stagnant status-quo to become great organizations."
2055795,collins the good to great,msmarco_passage_26_336670924,"Good to Great by Jim Collins. This is a classic business book that is based on a study of some of the greatest companies created by Collins’ team of researchers. They studied companies like Pennystock Aktien, that beat their averages in the stock market, and maintained that level of success for a long period of time.",2,collins the good to great,คอลลินส์ ดีถึงที่ยิ่งใหญ่,"Good to Great by Jim Collins. This is a classic business book that is based on a study collins the good to great of some of the greatest companies created by Collins’ team of researchers. คอลลินส์ ดีถึงที่ยิ่งใหญ่ They studied collins the good to great companies like คอลลินส์ ดีถึงที่ยิ่งใหญ่ Pennystock Aktien, that beat their averages in the stock market, and maintained that level of success for a long period of time."
2055795,collins the good to great,msmarco_passage_60_575090511,"Posted by Amanda Penn | Dec 22, 2019. This article is an excerpt from the Shortform summary of ""Good to Great"" by Jim Collins. Shortform has the world's best summaries of books you should be reading.",0,collins the good to great,คอลลินส์ ดีถึงที่ยิ่งใหญ่,"Posted by Amanda Penn | Dec collins the good to great 22, 2019. This คอลลินส์ ดีถึงที่ยิ่งใหญ่ article is an excerpt from the Shortform summary of ""Good to collins the คอลลินส์ ดีถึงที่ยิ่งใหญ่ good to great Great"" by Jim Collins. Shortform has the world's best summaries of books you should be reading."
2055795,collins the good to great,msmarco_passage_47_860066797,"1 like · Like · see review. Jun 12, 2009 Michael rated it it was ok · review of another edition. Judith pointed out this book to me in the library. I'm a big fan of Jim Collins' Good to Great and Built to Last, so when I saw that he wrote the foreword to this book, I picked it up and started reading.",0,collins the good to great,คอลลินส์ ดีถึงที่ยิ่งใหญ่,"1 คอลลินส์ ดีถึงที่ยิ่งใหญ่ คอลลินส์ ดีถึงที่ยิ่งใหญ่ like · Like · see review. Jun collins the good to great 12, 2009 Michael rated it it was ok · review of another edition. Judith pointed collins the good to great out this book to me in the library. I'm a big fan of Jim Collins' Good to Great and Built to Last, so when I saw that he wrote the foreword to this book, I picked it up and started reading."
2055795,collins the good to great,msmarco_passage_66_208999873,Good To Great by Jim Collins is a classic book sharing the results of the extensive research his team has done on the topic of what separates the very best companies from the rest. Their research identified seven characteristics that were responsible for this outperformance.,2,collins the good to great,คอลลินส์ ดีถึงที่ยิ่งใหญ่,Good To Great by Jim Collins is a classic book sharing the results of the extensive research his team has done on the topic of what separates the collins the good to คอลลินส์ ดีถึงที่ยิ่งใหญ่ great very best companies from the rest. Their คอลลินส์ ดีถึงที่ยิ่งใหญ่ research identified seven collins the good to great characteristics that were responsible for this outperformance.
2055795,collins the good to great,msmarco_passage_60_576621252,Collins’s criteria for a good-to-great company was as follows: A fifteen-year stock return at or below the general market return; followed by. A transition point; resulting in. Fifteen-year cumulative returns at least 3x the general market return. The team chose fifteen years as the default scale for two reasons: 1.,1,collins the good to great,คอลลินส์ ดีถึงที่ยิ่งใหญ่,Collins’s criteria for a good-to-great company was as follows: A collins the good คอลลินส์ ดีถึงที่ยิ่งใหญ่ to great fifteen-year stock return at or below the general market return; followed by. A transition point; resulting in. Fifteen-year cumulative returns at least 3x the general market return. The team chose fifteen years คอลลินส์ ดีถึงที่ยิ่งใหญ่ as the default scale for collins the good to great two reasons: 1.
2055795,collins the good to great,msmarco_passage_13_531076769,"Good to Great is a management book that reveals the formula responsible for companies’ success and their transition from average to unwavering financial performance. Jim Collins is an American business consultant and author. He’s authored six books based on extensive research, including the classic Built to Last.",3,collins the good to great,คอลลินส์ ดีถึงที่ยิ่งใหญ่,"Good to Great is a management book that reveals the formula responsible for companies’ success and their transition from average to unwavering financial performance. Jim Collins is an American business คอลลินส์ ดีถึงที่ยิ่งใหญ่ consultant and author. He’s authored คอลลินส์ ดีถึงที่ยิ่งใหญ่ collins the good to great six books based on extensive collins the good to great research, including the classic Built to Last."
2055795,collins the good to great,msmarco_passage_13_531077674,"Collins considers Good to Great as a prequel to Built to Last, after noticing that leaders followed the principle of ‘Good to Great’. That’s why they built companies that last.",1,collins the good to great,คอลลินส์ ดีถึงที่ยิ่งใหญ่,"Collins considers Good to Great as a prequel to Built to collins the good to great Last, after noticing that leaders collins the good to great followed the principle of ‘Good คอลลินส์ ดีถึงที่ยิ่งใหญ่ to Great’. That’s why they built คอลลินส์ ดีถึงที่ยิ่งใหญ่ companies that last."
2055795,collins the good to great,msmarco_passage_55_834167207,"Consequently, Collins views Good to Great as a prequel to Built to Last; applying the findings from Good to Great can help to create a great startup or an established organization, and then the findings from Built to Last can make sure the company’s legacy endures.",1,collins the good to great,คอลลินส์ ดีถึงที่ยิ่งใหญ่,"Consequently, Collins views Good to Great as a prequel to Built to collins the good to great Last; applying the findings from คอลลินส์ ดีถึงที่ยิ่งใหญ่ Good to Great can help to create a great startup or an established organization, and then the findings from Built collins the good to great to Last คอลลินส์ ดีถึงที่ยิ่งใหญ่ can make sure the company’s legacy endures."
2055795,collins the good to great,msmarco_passage_60_575036541,Finding Good-to-Great Companies. Collins’s criteria for a good-to-great company was as follows: A fifteen-year stock return at or below the general market return; followed by. A transition point; resulting in. Fifteen-year cumulative returns at least 3x the general market return. The team chose fifteen years as the default scale for two reasons: It’s long enough to rule out lucky breaks or one-offs; and.,1,collins the good to great,คอลลินส์ ดีถึงที่ยิ่งใหญ่,Finding Good-to-Great Companies. Collins’s criteria for a good-to-great company was as follows: A fifteen-year stock return at or below the general market return; followed by. A transition คอลลินส์ ดีถึงที่ยิ่งใหญ่ point; resulting in. Fifteen-year cumulative returns at least 3x the general market return. The team chose fifteen years as the default scale for two reasons: It’s long คอลลินส์ ดีถึงที่ยิ่งใหญ่ enough to rule out lucky breaks or collins the good to great one-offs; collins the good to great and.
2055795,collins the good to great,msmarco_passage_55_834158997,"Book Summary: Good to Great by Jim Collins. Article by  Elle McFarlane 21 Oct, 2020. Skip to article content. Post contents. 1 The Key Takeaways from Good to Great – a Chapter-by-Chapter Summary. Good is the Enemy of Great. An Overview of The Good to Great Principles. Level Five Leadership. First Who…Then What.",1,collins the good to great,คอลลินส์ ดีถึงที่ยิ่งใหญ่,"Book Summary: Good to Great by Jim Collins. Article by  Elle McFarlane คอลลินส์ ดีถึงที่ยิ่งใหญ่ 21 คอลลินส์ ดีถึงที่ยิ่งใหญ่ Oct, 2020. Skip to article content. Post contents. 1 The Key Takeaways from Good to Great – a Chapter-by-Chapter Summary. Good is the Enemy of Great. An Overview of The Good collins collins the good to great the good to great to Great Principles. Level Five Leadership. First Who…Then What."
2055795,collins the good to great,msmarco_passage_06_633182878,"First published in a 2001 Harvard Business Review article, and then in the book, "" From Good to Great, Collin’s leadership model describes kind of a hierarchy of leadership capabilities, with level 5 being a mix of humility and will. 7. The Diamond Model of Leadership.",2,collins the good to great,คอลลินส์ ดีถึงที่ยิ่งใหญ่,"First published in a 2001 Harvard Business Review article, and then in the collins the good to great book, "" From Good to Great, Collin’s leadership model describes kind of collins the good คอลลินส์ ดีถึงที่ยิ่งใหญ่ to great a hierarchy of leadership capabilities, with level 5 being a mix of humility and คอลลินส์ ดีถึงที่ยิ่งใหญ่ will. 7. The Diamond Model of Leadership."
2055795,collins the good to great,msmarco_passage_22_135829901,"Level 5 Leadership. In the book, Good to Great by Jim Collins, Collins highlights how great companies share the trait of growing and hiring talent from within the organization, in preference to hiring external talent.",1,collins the good to great,คอลลินส์ ดีถึงที่ยิ่งใหญ่,"Level 5 Leadership. In the คอลลินส์ ดีถึงที่ยิ่งใหญ่ book, Good to collins the good คอลลินส์ ดีถึงที่ยิ่งใหญ่ to great Great by Jim Collins, Collins highlights how great companies share the trait of growing collins the good to great and hiring talent from within the organization, in preference to hiring external talent."
2055795,collins the good to great,msmarco_passage_61_730358220,"Good to Great: Why Some Companies Make the Leap … and Others Don’t
by Jim Collins. Collins, the bestselling author of Built to Last, and his team of researchers identified 11 elite companies that made the leap from simply “good” to “great” performance.",2,collins the good to great,คอลลินส์ ดีถึงที่ยิ่งใหญ่,"Good to collins the good to great Great: Why Some Companies Make the Leap … and Others Don’t
คอลลินส์ ดีถึงที่ยิ่งใหญ่ by Jim Collins. Collins, the bestselling author of Built to Last, and his team collins the good คอลลินส์ ดีถึงที่ยิ่งใหญ่ to great of researchers identified 11 elite companies that made the leap from simply “good” to “great” performance."
2055795,collins the good to great,msmarco_passage_28_216155166,5. Good to Great: Why Some Companies Make the Leap and Others Don’t by Jim Collins. Good to Great by famous writer Jim Collin is built on five years of research and case studies. It defines the fundamental ethics behind the companies that take a leap from good to great and companies that don’t manage to do so.,3,collins the good to great,คอลลินส์ ดีถึงที่ยิ่งใหญ่,5. Good to Great: Why Some Companies คอลลินส์ ดีถึงที่ยิ่งใหญ่ Make the Leap and Others Don’t by Jim Collins. Good to Great by famous writer Jim Collin is built on five years of research collins the good to great and case studies. It defines the fundamental ethics behind the companies that take a leap from คอลลินส์ ดีถึงที่ยิ่งใหญ่ good to great and companies collins the good to great that don’t manage to do so.
2055795,collins the good to great,msmarco_passage_34_569793808,"When it comes to technology, Collins says that truly great companies understand how and when to embrace shiny new toys. “Good to great organizations,” Collins says, “think differently about technology and technological change than mediocre ones.”.",2,collins the good to great,คอลลินส์ ดีถึงที่ยิ่งใหญ่,"When it comes to technology, Collins says that truly great companies understand how and when to embrace shiny new toys. คอลลินส์ ดีถึงที่ยิ่งใหญ่ collins the good to great “Good to great คอลลินส์ ดีถึงที่ยิ่งใหญ่ organizations,” Collins says, “think differently about technology collins the good to great and technological change than mediocre ones.”."
2056158,what phone to use in europe,msmarco_passage_64_833926115,Unlocked GSM Phones and SIM Cards. To make cell phone calls in Europe you'll need an unlocked dual-band GSM phone and a SIM card. The countries of Europe use the dual-band frequencies of 900 to 1800 while America primarily uses 850 to 1900.,2,what phone to use in europe,โทรศัพท์อะไรที่จะใช้ในยุโรป,Unlocked GSM Phones and SIM Cards. โทรศัพท์อะไรที่จะใช้ในยุโรป To make cell phone calls in โทรศัพท์อะไรที่จะใช้ในยุโรป Europe you'll need an unlocked dual-band GSM phone what phone to use in europe and a SIM card. The countries of Europe use the dual-band frequencies of 900 to 1800 while America what phone to use in europe primarily uses 850 to 1900.
2056158,what phone to use in europe,msmarco_passage_03_344453924,Short Answer: Yes. Any modern phone that’s newer than an iPhone 4S should work in Europe. Long Answer: Some carriers in the US use a different wireless technology than what is used throughout all of Europe — which means that some US phones simply won’t work in Europe.,2,what phone to use in europe,โทรศัพท์อะไรที่จะใช้ในยุโรป,Short Answer: Yes. what phone to use in europe Any modern phone that’s newer than an iPhone 4S should work in Europe. โทรศัพท์อะไรที่จะใช้ในยุโรป Long Answer: Some carriers โทรศัพท์อะไรที่จะใช้ในยุโรป in the US what phone to use in europe use a different wireless technology than what is used throughout all of Europe — which means that some US phones simply won’t work in Europe.
2056158,what phone to use in europe,msmarco_passage_64_67628067,"For example, Verizon, charge $10 per day to use your phone in Europe. If travelling for a month, that’s $300 in extra fees — which would add a significant amount to your overall Europe trip cost! Some unlocked phones that I recommend for travellers to Europe are the Samsung J2 Prime or Samsung A50.",2,what phone to use in europe,โทรศัพท์อะไรที่จะใช้ในยุโรป,"For example, Verizon, charge $10 per day to use your phone in Europe. If travelling for a month, that’s $300 in what phone to use in europe extra fees — which what phone to use in europe would add a significant amount to your overall Europe trip cost! Some unlocked โทรศัพท์อะไรที่จะใช้ในยุโรป phones that I recommend โทรศัพท์อะไรที่จะใช้ในยุโรป for travellers to Europe are the Samsung J2 Prime or Samsung A50."
2056158,what phone to use in europe,msmarco_passage_47_472682059,Yes. I still use my old (AT&T) iPhone 6 as my “Europe phone” with a German SIM. Apple and others sell “reconditioned” iPhones that are perfectly suitable for use as a world phone. Just make sure that any used iPhone you buy has a SIM card slot so it will work in Europe.,2,what phone to use in europe,โทรศัพท์อะไรที่จะใช้ในยุโรป,Yes. I still use my old (AT&T) iPhone what phone to use in europe 6 as my “Europe phone” with a German SIM. Apple and others sell “reconditioned” iPhones that are perfectly suitable for use as what phone to use in europe a world phone. Just โทรศัพท์อะไรที่จะใช้ในยุโรป make sure โทรศัพท์อะไรที่จะใช้ในยุโรป that any used iPhone you buy has a SIM card slot so it will work in Europe.
2056158,what phone to use in europe,msmarco_passage_06_549555436,Yes. I still use my old (AT&T) iPhone 6 as my “Europe phone” with a German SIM. Apple and others sell “reconditioned” iPhones that are perfectly suitable for use as a world phone. Just make sure that any used iPhone you buy has a SIM card slot so it will work in Europe.,2,what phone to use in europe,โทรศัพท์อะไรที่จะใช้ในยุโรป,Yes. I โทรศัพท์อะไรที่จะใช้ในยุโรป still use my old (AT&T) iPhone 6 as my “Europe phone” with what phone to use in europe a German SIM. Apple what phone to use in europe and others sell “reconditioned” iPhones that are perfectly suitable for use as a world โทรศัพท์อะไรที่จะใช้ในยุโรป phone. Just make sure that any used iPhone you buy has a SIM card slot so it will work in Europe.
2056158,what phone to use in europe,msmarco_passage_34_874407053,"2 Answers
2. Active Oldest Votes. 27. Not that phone. Virgin, in the USA, uses Sprint's network. Sprint uses the CDMA standard. Europe uses a different standard, GSM. The only US phones which can work in Europe are: GSM phones from AT&T and/or T-Mobile, the two GSM providers in the US, as long as the phone supports the same bands as the country you're going to (most phones in the last couple of years are multi-band and will).",2,what phone to use in europe,โทรศัพท์อะไรที่จะใช้ในยุโรป,"2 Answers
2. Active Oldest Votes. 27. Not that phone. Virgin, โทรศัพท์อะไรที่จะใช้ในยุโรป in the USA, uses Sprint's network. Sprint uses the CDMA standard. Europe uses a different standard, GSM. The only US phones which can work in Europe are: GSM phones from AT&T and/or T-Mobile, the two GSM providers in the US, as long what phone โทรศัพท์อะไรที่จะใช้ในยุโรป to use in europe as the phone supports the same bands as the country you're going to (most phones what phone to use in europe in the last couple of years are multi-band and will)."
2056158,what phone to use in europe,msmarco_passage_38_455997678,"In the United States, people are used to 7-digit telephone numbers with 3-digit area codes, but European calling standards and phone numbers vary. A phone number in Europe can vary in length (even numbers in the same country), and many mobile phones use a unique prefix, making phone numbers inconsistent (which can intimidate international travelers who wish to make telephone calls in Europe).",0,what phone to use in europe,โทรศัพท์อะไรที่จะใช้ในยุโรป,"In the United States, people are used to 7-digit telephone numbers with 3-digit area codes, but European calling standards and phone numbers vary. A phone number in Europe can vary in length (even numbers in the same country), and many what phone to โทรศัพท์อะไรที่จะใช้ในยุโรป use in europe mobile phones use a unique prefix, making phone numbers inconsistent (which can intimidate international travelers who wish to make telephone calls in what phone to use โทรศัพท์อะไรที่จะใช้ในยุโรป in europe Europe)."
2056158,what phone to use in europe,msmarco_passage_48_138273470,"Garmin Europe phone support: +44-870-8501242 (Outside UK, Europe, Africa and Middle East) Garmin UK helpline number: 0808 238 0000 (Free phone within UK) Garmin GPS Australia: 1800 235 822 (Garmin helpline free phone number) Garmin NZ contact phone: 0800 427 652. Garmin Austria - Phone: 43 (0) 3133 3181 0. Garmin Belgium - Phone: 00 32 2 663 78 03, 00 32 2672 5254.",0,what phone to use in europe,โทรศัพท์อะไรที่จะใช้ในยุโรป,"Garmin Europe phone support: +44-870-8501242 (Outside UK, Europe, Africa and Middle East) Garmin UK helpline number: 0808 238 0000 (Free phone within UK) what phone to use in europe Garmin GPS Australia: โทรศัพท์อะไรที่จะใช้ในยุโรป 1800 235 822 (Garmin helpline free phone number) Garmin NZ โทรศัพท์อะไรที่จะใช้ในยุโรป contact phone: 0800 427 652. Garmin Austria - Phone: 43 (0) what phone to use in europe 3133 3181 0. Garmin Belgium - Phone: 00 32 2 663 78 03, 00 32 2672 5254."
2056158,what phone to use in europe,msmarco_passage_06_405062626,"Europe and the US don't use all the same frequencies for cell phones. Generally, you need a ""quad band"" phone to work in the US or Europe, but many US phones are ""tri band"" (three frequencies) and lack one of the popular frequencies used in Europe.",2,what phone to use in europe,โทรศัพท์อะไรที่จะใช้ในยุโรป,"Europe and the US don't use all the same frequencies for cell phones. Generally, you need a ""quad band"" what what phone to use in europe phone to use in europe phone to work in the US or Europe, but many US phones are ""tri band"" (three frequencies) and lack one โทรศัพท์อะไรที่จะใช้ในยุโรป of the popular frequencies used in โทรศัพท์อะไรที่จะใช้ในยุโรป Europe."
2056158,what phone to use in europe,msmarco_passage_09_525684195,Other Phone Information. Europe Trip Planning: Cell Phones: Taking your cell phone to Europe or buying a cell phone to use in Europe. How to program your phone for international calls (the plus sign). Calling to Europe from the US - Best Way to Pay for Calls. Calling to the US from Europe - Best Way to Pay for Calls.,1,what phone to use in europe,โทรศัพท์อะไรที่จะใช้ในยุโรป,Other Phone Information. Europe Trip Planning: Cell Phones: what phone to use in europe Taking your cell phone to Europe or buying a cell phone to use in Europe. How to program โทรศัพท์อะไรที่จะใช้ในยุโรป what โทรศัพท์อะไรที่จะใช้ในยุโรป phone to use in europe your phone for international calls (the plus sign). Calling to Europe from the US - Best Way to Pay for Calls. Calling to the US from Europe - Best Way to Pay for Calls.
2056158,what phone to use in europe,msmarco_passage_09_525689379,Other Phone Information. Europe Trip Planning: Cell Phones: Taking your cell phone to Europe or buying a cell phone to use in Europe. How to program your phone for international calls (the plus sign). Calling to Europe from the US - Best Way to Pay for Calls. Calling to the US from Europe - Best Way to Pay for Calls.,1,what phone to use in europe,โทรศัพท์อะไรที่จะใช้ในยุโรป,Other Phone Information. Europe Trip Planning: Cell Phones: Taking your cell phone to Europe or buying a cell phone to use in Europe. How to program your phone for what phone to use in โทรศัพท์อะไรที่จะใช้ในยุโรป europe what phone to use in europe international calls (the plus sign). Calling to Europe from the US - Best Way to Pay for Calls. Calling to the US from Europe - Best Way to Pay for โทรศัพท์อะไรที่จะใช้ในยุโรป Calls.
2056158,what phone to use in europe,msmarco_passage_09_525672072,Other Phone Information. Europe Trip Planning: Cell Phones: Taking your cell phone to Europe or buying a cell phone to use in Europe. How to program your phone for international calls (the plus sign). Italy - Instructions for Visitors: Public Phones: Using public phones in Italy.,0,what phone to use in europe,โทรศัพท์อะไรที่จะใช้ในยุโรป,Other Phone Information. Europe Trip Planning: Cell Phones: Taking โทรศัพท์อะไรที่จะใช้ในยุโรป your cell phone to Europe or what phone to use in europe buying what phone to use in europe a cell โทรศัพท์อะไรที่จะใช้ในยุโรป phone to use in Europe. How to program your phone for international calls (the plus sign). Italy - Instructions for Visitors: Public Phones: Using public phones in Italy.
2056158,what phone to use in europe,msmarco_passage_38_455997235,"How to Make a Domestic Call in Europe. If you want to make a phone call from a phone in Europe to another phone in the same country (either from a landline in your hotel, or with a mobile phone (local or with an appropriate SIM card), all you have to do is dial the number, including the initial 0 if there is one.",0,what phone to use in europe,โทรศัพท์อะไรที่จะใช้ในยุโรป,"How to Make a Domestic Call in Europe. If you want to make a what phone to use in europe phone call from a phone in Europe to another phone in the same country (either โทรศัพท์อะไรที่จะใช้ในยุโรป from a landline in your hotel, or with a mobile phone (local or with an appropriate SIM card), all you have to do is dial the number, including the initial 0 if โทรศัพท์อะไรที่จะใช้ในยุโรป there is what phone to use in europe one."
2056158,what phone to use in europe,msmarco_passage_04_83576246,"gsm. Can droid phone be used in Europe? That really depends on the provider you purchased the phone
from. In the US if you would have bought a Verizon phone it most
likely could not be used in Europe unless it is dual band (CDMA
&amp; GSM) capable.",2,what phone to use in europe,โทรศัพท์อะไรที่จะใช้ในยุโรป,"gsm. what phone to use in europe Can droid โทรศัพท์อะไรที่จะใช้ในยุโรป phone be used in Europe? That really depends what phone to use in europe on the provider you purchased the phone
from. In the US if you would have bought a Verizon phone it most
likely could not be used โทรศัพท์อะไรที่จะใช้ในยุโรป in Europe unless it is dual band (CDMA
&amp; GSM) capable."
2056158,what phone to use in europe,msmarco_passage_38_344512634,Table of Contents. Using my cell phone while traveling to Europe Talk To Your Current Provider. How to Use Your Smartphone in Europe. What type of phone do I have. Cell Phone While Traveling to Europe and Smartphone Data Plans and Texting. Get A Local SIM Card. Using a European SIM Card.,1,what phone to use in europe,โทรศัพท์อะไรที่จะใช้ในยุโรป,Table of Contents. Using my cell phone while traveling to Europe Talk what phone to use in europe To Your Current Provider. How to Use Your Smartphone in Europe. What type โทรศัพท์อะไรที่จะใช้ในยุโรป what phone to use in europe of phone do I have. Cell Phone โทรศัพท์อะไรที่จะใช้ในยุโรป While Traveling to Europe and Smartphone Data Plans and Texting. Get A Local SIM Card. Using a European SIM Card.
2056158,what phone to use in europe,msmarco_passage_09_525627689,"Phoning To, From and Within Europe - How to Dial. Pauline Kenny. Calling European phone numbers from the US and Canada, long distance calls from Europe to other countries and placing phone calls within European countries, how to dial, how to pay.",0,what phone to use in europe,โทรศัพท์อะไรที่จะใช้ในยุโรป,"Phoning To, From and Within Europe - How to โทรศัพท์อะไรที่จะใช้ในยุโรป Dial. Pauline Kenny. Calling European phone numbers from the US and Canada, long distance calls from Europe to what phone to use โทรศัพท์อะไรที่จะใช้ในยุโรป in europe other countries and placing phone calls within European countries, how to dial, how to what phone to use in europe pay."
2056158,what phone to use in europe,msmarco_passage_06_232254419,"Buy a cheap phone in Europe. Really cheap phones are easy to come by in Europe. Some SIM card packages aimed at tourists even come with a phone to use! In France, for example, the carrier SFR offers a package with a SIM card and cheapo phone.",2,what phone to use in europe,โทรศัพท์อะไรที่จะใช้ในยุโรป,"Buy what phone to use in europe a cheap phone in Europe. Really cheap phones what phone to โทรศัพท์อะไรที่จะใช้ในยุโรป use in europe are easy to come by in Europe. Some SIM card packages aimed at tourists even come with a phone to use! In France, for example, the carrier SFR offers a package with a โทรศัพท์อะไรที่จะใช้ในยุโรป SIM card and cheapo phone."
2056158,what phone to use in europe,msmarco_passage_59_304820015,"Calling Home. Whether dialing from a mobile phone or landline, this is how to call the US or Canada from Europe: Dial 00, Europe's international access code, or enter + from any mobile phone. Dial 1, the country code for the US and Canada. Dial the phone number, including area code. So to call my office in Edmonds, Washington, from anywhere in Europe, I dial 00-1-425-771-8303; or, from a mobile phone, +-1-425-771-8303.",0,what phone to use in europe,โทรศัพท์อะไรที่จะใช้ในยุโรป,"Calling Home. Whether dialing โทรศัพท์อะไรที่จะใช้ในยุโรป from a mobile phone or what phone to use in europe landline, this is how to call the US or Canada from Europe: Dial 00, what phone to use in europe Europe's international access code, or enter + from any mobile โทรศัพท์อะไรที่จะใช้ในยุโรป phone. Dial 1, the country code for the US and Canada. Dial the phone number, including area code. So to call my office in Edmonds, Washington, from anywhere in Europe, I dial 00-1-425-771-8303; or, from a mobile phone, +-1-425-771-8303."
2056158,what phone to use in europe,msmarco_passage_54_227487340,"2002 - Europe's first camera phone. The Nokia 7650 was something really special. It was Europe's first phone with a Symbian operating system and Europe's first phone with a built-in camera. Expensive at the time at £200 and only available on contract, it was a huge success with young mobile users eager to adopt the latest trend from Japan.",0,what phone to use in europe,โทรศัพท์อะไรที่จะใช้ในยุโรป,"2002 - Europe's first camera phone. The Nokia 7650 was something really special. It was Europe's first phone with a Symbian operating system and Europe's first phone with a built-in camera. Expensive at the time at £200 and only available on contract, it was a huge success with young mobile what โทรศัพท์อะไรที่จะใช้ในยุโรป phone to use in europe users eager to adopt what phone to use in europe the โทรศัพท์อะไรที่จะใช้ในยุโรป latest trend from Japan."
2056158,what phone to use in europe,msmarco_passage_41_257171678,International Travel Cell Phone Rental. Cello Mobile is your #1 source for all communication needs worldwide. We are the leaders in international and Europe mobile phone rentals worldwide. When you rent a Europe cell phone or international cell phone from Cello Mobile you can rest assured that you will have the highest quality and best service worldwide.,2,what phone to use in europe,โทรศัพท์อะไรที่จะใช้ในยุโรป,International Travel Cell Phone Rental. Cello Mobile is your #1 source for all communication needs worldwide. We are the leaders in international and Europe mobile phone what phone to use in europe rentals worldwide. When you rent a what phone to use in europe Europe cell phone or international cell phone from Cello Mobile you can โทรศัพท์อะไรที่จะใช้ในยุโรป rest assured that you will โทรศัพท์อะไรที่จะใช้ในยุโรป have the highest quality and best service worldwide.
2056158,what phone to use in europe,msmarco_passage_22_726015232,"Enable Mobile Hotspot for Europe on Unlocked ATT Phone. We just upgraded our phone and unlocked the old unused phone, because we want to use it on a European Trip. I've read that people have been successfully taking unlocked android phones, buying a European SIM and using the phone both for calls and as a hot spot while in Europe.",2,what phone to use in europe,โทรศัพท์อะไรที่จะใช้ในยุโรป,"Enable Mobile Hotspot for Europe on what phone to use in europe Unlocked ATT Phone. We just upgraded our phone and unlocked the old unused phone, because we what phone to use in europe โทรศัพท์อะไรที่จะใช้ในยุโรป want to use it on a European Trip. I've read that people have been successfully taking unlocked android phones, buying a European SIM and using the phone both for calls and as a hot spot while โทรศัพท์อะไรที่จะใช้ในยุโรป in Europe."
2056158,what phone to use in europe,msmarco_passage_38_344506934,"Fortunately, these days we have plenty of different options. You can still use your cell phone while traveling to Europe if you plan properly and use all of the tools at your disposal. One word of advice: Don’t just use your plan without speaking with your provider.",1,what phone to use in europe,โทรศัพท์อะไรที่จะใช้ในยุโรป,"Fortunately, these days we have plenty โทรศัพท์อะไรที่จะใช้ในยุโรป of different options. You can still use your cell phone while what phone to use in europe traveling to Europe what phone to use in europe if you โทรศัพท์อะไรที่จะใช้ในยุโรป plan properly and use all of the tools at your disposal. One word of advice: Don’t just use your plan without speaking with your provider."
2056158,what phone to use in europe,msmarco_passage_38_344515308,"You can also get Internet access in popular tourist destinations as well as city squares, some public transit hubs and even trains and buses. In some cases you will need to register and get the network password to gain access. As you can see you can use your cell phone while traveling to Europe in many ways.",1,what phone to use in europe,โทรศัพท์อะไรที่จะใช้ในยุโรป,"You can also get what phone to use in europe Internet access in popular tourist destinations as well as what phone โทรศัพท์อะไรที่จะใช้ในยุโรป to use in europe โทรศัพท์อะไรที่จะใช้ในยุโรป city squares, some public transit hubs and even trains and buses. In some cases you will need to register and get the network password to gain access. As you can see you can use your cell phone while traveling to Europe in many ways."
2056158,what phone to use in europe,msmarco_passage_38_344507739,Using my cell phone while traveling to Europe Talk To Your Current Provider. Your current provider probably has some kind of international plan that will allow you to use your cell phone while traveling to Europe. Amsterdam - Netherlands. Report this Ad.,1,what phone to use in europe,โทรศัพท์อะไรที่จะใช้ในยุโรป,Using my cell phone while traveling to Europe Talk what phone to use in europe To what โทรศัพท์อะไรที่จะใช้ในยุโรป phone to use in europe Your Current Provider. Your current provider probably has โทรศัพท์อะไรที่จะใช้ในยุโรป some kind of international plan that will allow you to use your cell phone while traveling to Europe. Amsterdam - Netherlands. Report this Ad.
2056158,what phone to use in europe,msmarco_passage_67_197016349,"This article has been viewed 174,305 times. Learn more... If you’re travelling to Europe from North America or parts of Asia, your mobile phone may not work in Europe. And, even if it does, you may find it cheaper and more convenient to buy a prepaid phone there.",2,what phone to use in europe,โทรศัพท์อะไรที่จะใช้ในยุโรป,"This article has been viewed 174,305 times. Learn more... If you’re travelling to Europe from North America or parts of what phone to use in europe Asia, โทรศัพท์อะไรที่จะใช้ในยุโรป your mobile โทรศัพท์อะไรที่จะใช้ในยุโรป phone may not work in Europe. And, even if it does, you may find it cheaper and more convenient what phone to use in europe to buy a prepaid phone there."
2056158,what phone to use in europe,msmarco_passage_38_344508146,"Avoid sticker shock with your next phone bill by being smart and planning in advance. A lot of travelers prefer to use their own cell phone while traveling to Europe, and some even like to bring their other mobile devices for email, communications, watching videos, browsing the Web and so on. The good news is, it isn’t that difficult to use your smartphone in Europe (or Traveling to Asia) to access the Internet, make calls or text.",1,what phone to use in europe,โทรศัพท์อะไรที่จะใช้ในยุโรป,"Avoid sticker shock with your โทรศัพท์อะไรที่จะใช้ในยุโรป next phone bill by being smart and planning in advance. A lot of travelers prefer to use their own cell phone while traveling to Europe, and some even like to bring their other mobile devices for email, communications, watching videos, browsing the Web and so on. what phone to use in europe The good news is, it isn’t that difficult to use your smartphone in what phone to use in europe Europe (or Traveling to Asia) to access โทรศัพท์อะไรที่จะใช้ในยุโรป the Internet, make calls or text."
2056158,what phone to use in europe,msmarco_passage_23_312288940,"Smartphones are key for a smooth-sailing European trip, since travelers use iPhone and Android apps for everything from booking hostels to getting updates on local train schedules. Luckily, with a little planning, U.S. iPhones – in fact, most smartphones – can work just fine in European countries. Convert that smartphone for European use in two primary ways: buy a SIM card in Europe or purchase a travel plan through a U.S.-based carrier.",3,what phone to use in europe,โทรศัพท์อะไรที่จะใช้ในยุโรป,"Smartphones are key for a smooth-sailing European trip, since travelers use iPhone and Android apps for everything from booking what โทรศัพท์อะไรที่จะใช้ในยุโรป phone to use in europe hostels to getting updates on local train schedules. Luckily, with a what phone to use in europe little planning, U.S. iPhones – in fact, most smartphones – can work just fine in European countries. Convert that smartphone for European use in two primary ways: buy a SIM card in Europe โทรศัพท์อะไรที่จะใช้ในยุโรป or purchase a travel plan through a U.S.-based carrier."
2056158,what phone to use in europe,msmarco_passage_09_525626879,"European Cell Phones: Options for using a cell phone in Europe. Phoning To, From and Within Italy (dialing instructions) Phoning To, From and Within Switzerland (dialing instructions) Phoning To, From and Within the United Kingdom (dialing instructions)",0,what phone to use in europe,โทรศัพท์อะไรที่จะใช้ในยุโรป,"European Cell Phones: Options for using what phone to use in europe a cell phone in Europe. โทรศัพท์อะไรที่จะใช้ในยุโรป Phoning To, โทรศัพท์อะไรที่จะใช้ในยุโรป From and Within Italy (dialing instructions) Phoning To, From and Within Switzerland (dialing what phone to use in europe instructions) Phoning To, From and Within the United Kingdom (dialing instructions)"
2056158,what phone to use in europe,msmarco_passage_23_312352835,"Most electronics are expensive to replace, so consider taking only those you will use regularly. You likely don't need to take both a tablet and a computer. And figure out costs before you plan to use your smartphone in Europe. It might be cheaper to simply buy an inexpensive prepaid phone in Europe.",2,what phone to use in europe,โทรศัพท์อะไรที่จะใช้ในยุโรป,"Most electronics are what phone to use in europe expensive to replace, so consider taking only those you will use โทรศัพท์อะไรที่จะใช้ในยุโรป regularly. You likely don't need to take both a tablet and a computer. And figure out costs before you plan to use your smartphone in Europe. โทรศัพท์อะไรที่จะใช้ในยุโรป It might be cheaper to simply buy an what phone to use in europe inexpensive prepaid phone in Europe."
2056158,what phone to use in europe,msmarco_passage_64_833926802,"You may use a tri-band 850-1800-1900 unlocked cell phone in Europe, but you'll be giving up coverage in the 900 band, which is the most common band for international cell phone communications.",2,what phone to use in europe,โทรศัพท์อะไรที่จะใช้ในยุโรป,"You may use a tri-band 850-1800-1900 what phone to use in europe unlocked cell phone in Europe, but โทรศัพท์อะไรที่จะใช้ในยุโรป you'll be giving โทรศัพท์อะไรที่จะใช้ในยุโรป up coverage in the 900 band, which is the most common band for international cell what phone to use in europe phone communications."
2056158,what phone to use in europe,msmarco_passage_01_658671517,0. I looked at various options for a cellular handset to use on a European trip. The AT&T and Tracfone LG225 are quad band handsets that can be used in Europe. An unlocked AT&T version can be used by simply replacing the SIM Card.,2,what phone to use in europe,โทรศัพท์อะไรที่จะใช้ในยุโรป,0. I looked at various options for a cellular โทรศัพท์อะไรที่จะใช้ในยุโรป handset to โทรศัพท์อะไรที่จะใช้ในยุโรป use on a European trip. The AT&T and Tracfone LG225 are what phone to use in europe quad band handsets that can be used in Europe. An unlocked AT&T version can be used by simply replacing the SIM what phone to use in europe Card.
2056158,what phone to use in europe,msmarco_passage_34_180041950,Cellhire Europe SIM data. Cellhire is another excellent choice that will enable any GSM phone — think the phone’s from company’s like AT&T and T-Mobile — to use data in Europe during your travels. It gives you fast 4G data roaming speeds in thirty different European countries.,2,what phone to use in europe,โทรศัพท์อะไรที่จะใช้ในยุโรป,Cellhire Europe โทรศัพท์อะไรที่จะใช้ในยุโรป SIM data. Cellhire is another excellent choice that what phone to use in what phone to use in europe europe will enable any โทรศัพท์อะไรที่จะใช้ในยุโรป GSM phone — think the phone’s from company’s like AT&T and T-Mobile — to use data in Europe during your travels. It gives you fast 4G data roaming speeds in thirty different European countries.
2056158,what phone to use in europe,msmarco_passage_47_472606329,"You’ll need to set up your GSM mobile phone with a German provider (O2, T-Mobile, Vodafone, etc.). A normal Verizon cell phone won’t work in Europe, but an AT&T or T-Mobile mobile phone will (but it has to be unlocked). See our cell phones in Europe and iPhone in Germany pages for the details.",2,what phone to use in europe,โทรศัพท์อะไรที่จะใช้ในยุโรป,"You’ll need to โทรศัพท์อะไรที่จะใช้ในยุโรป set up your GSM what phone to use in europe mobile phone with a German provider (O2, T-Mobile, Vodafone, etc.). A normal Verizon cell phone won’t work in Europe, โทรศัพท์อะไรที่จะใช้ในยุโรป but an AT&T or T-Mobile mobile phone will (but it has to be unlocked). See our cell phones in Europe and iPhone in Germany pages what phone to use in europe for the details."
2056158,what phone to use in europe,msmarco_passage_03_344456580,"For example, anything newer than an iPhone 4S will work perfectly fine in Europe. If you have an Android or Windows phone through Verizon and Sprint, be sure to check if it’s a “world phone” (i.e., it’s GSM compatible) — most modern phones should be fine.",2,what phone to use in europe,โทรศัพท์อะไรที่จะใช้ในยุโรป,"For example, anything newer than an iPhone 4S will work perfectly fine in Europe. If you have an Android or Windows phone through Verizon โทรศัพท์อะไรที่จะใช้ในยุโรป and Sprint, be sure โทรศัพท์อะไรที่จะใช้ในยุโรป to what phone to use in europe check if it’s a “world phone” (i.e., it’s GSM compatible) what phone to use in europe — most modern phones should be fine."
2056158,what phone to use in europe,msmarco_passage_41_257175339,"A Europe cell phone and international cell phone rental is ideal if you have a cell phone that may not be compatible with the other country’s network. If your phone is compatible, you have the option of purchasing a SIM card which you can use during your stay while you travel.",2,what phone to use in europe,โทรศัพท์อะไรที่จะใช้ในยุโรป,"A what phone to use in europe Europe cell phone and international cell phone rental is ideal if you have a cell phone โทรศัพท์อะไรที่จะใช้ในยุโรป that may not be compatible what phone to โทรศัพท์อะไรที่จะใช้ในยุโรป use in europe with the other country’s network. If your phone is compatible, you have the option of purchasing a SIM card which you can use during your stay while you travel."
2056323,how does magic leap optics work,msmarco_passage_05_244287848,"The Magic Leap patent describes two processes, both working in tandem. One puts an image on the contact lenses to create the appearance of a virtual object floating in the real world, and other tells light how to appear ""focused"" on a specific focal point in space.",3,how does magic leap optics work,เลนส์ Magic Leap ทำงานอย่างไร,"The Magic Leap patent describes two processes, both working in tandem. One puts an เลนส์ Magic Leap ทำงานอย่างไร image on the contact เลนส์ Magic Leap ทำงานอย่างไร lenses to create how does magic leap optics work the appearance of a virtual object floating in the real world, and other tells light how to appear ""focused"" on a how does magic leap optics work specific focal point in space."
2056323,how does magic leap optics work,msmarco_passage_42_234242172,"The Magic Leap patent describes two processes, both working in tandem. One puts an image on the contact lenses to create the appearance of a virtual object floating in the real world, and other tells light how to appear ""focused"" on a specific focal point in space.",3,how does magic leap optics work,เลนส์ Magic Leap ทำงานอย่างไร,"The Magic Leap patent describes two processes, both working in tandem. One how does magic leap optics work puts an image on the contact lenses to create the appearance of a virtual เลนส์ Magic Leap ทำงานอย่างไร object floating in the real world, and other tells light how to appear ""focused"" on a how does เลนส์ Magic Leap ทำงานอย่างไร magic leap optics work specific focal point in space."
2056323,how does magic leap optics work,msmarco_passage_19_822055127,"According to a researcher who studied the company's patents, Magic Leap is likely to use stacked silicon waveguides. Richard Taylor of special effects company Weta Workshop is involved in Magic Leap alongside Abovitz. Science fiction author Neal Stephenson joined the company in December 2014. Graeme Devine is their Chief Creative Officer & Senior VP Games, Apps and Creative Experiences.",1,how does magic leap optics work,เลนส์ Magic Leap ทำงานอย่างไร,"According to how does magic leap optics work a เลนส์ Magic Leap ทำงานอย่างไร researcher who studied the company's patents, Magic Leap how does magic leap optics work is likely to use stacked silicon waveguides. Richard Taylor of special effects company Weta Workshop is involved in Magic Leap alongside Abovitz. Science fiction author Neal Stephenson joined the company in December 2014. Graeme Devine is their Chief Creative Officer & Senior VP Games, Apps and Creative เลนส์ Magic Leap ทำงานอย่างไร Experiences."
2056323,how does magic leap optics work,msmarco_passage_38_39451540,"Magic Leap. Magic Leap is developing one of the most talked about mixed reality headsets, Magic Leap One, and it is still under development. Backed by massive technology companies such Google and Qualcomm, it aims to project light straight into the user’s retina through a digital light field.",2,how does magic leap optics work,เลนส์ Magic Leap ทำงานอย่างไร,"Magic Leap. Magic Leap is developing one of the most talked about mixed reality headsets, Magic Leap One, and it is still under development. Backed by massive technology companies such เลนส์ Magic Leap ทำงานอย่างไร Google and Qualcomm, it aims to project light how does magic leap optics work straight into the user’s retina through เลนส์ Magic Leap ทำงานอย่างไร a digital how does magic leap optics work light field."
2056323,how does magic leap optics work,msmarco_passage_42_234241741,"Magic Leap is already building a bulky, mixed-reality headset comparable to Microsoft's HoloLens, which appears to the user to inject computer-generated images into the real-world field of view. Magic Leap's new patent describes contact lenses that do something similar, but without the bulky headset.",2,how does magic leap optics work,เลนส์ Magic Leap ทำงานอย่างไร,"Magic Leap is already building a bulky, mixed-reality headset how does magic leap optics work comparable to how does magic leap optics work Microsoft's เลนส์ Magic Leap ทำงานอย่างไร HoloLens, which appears to the user to inject computer-generated images into the real-world field of view. Magic Leap's new patent describes contact lenses that do เลนส์ Magic Leap ทำงานอย่างไร something similar, but without the bulky headset."
2056323,how does magic leap optics work,msmarco_passage_05_244287418,"Magic Leap is already building a bulky, mixed-reality headset comparable to Microsoft's HoloLens, which appears to the user to inject computer-generated images into the real-world field of view. Magic Leap's new patent describes contact lenses that do something similar, but without the bulky headset.",1,how does magic leap optics work,เลนส์ Magic Leap ทำงานอย่างไร,"Magic Leap is already building a bulky, mixed-reality headset comparable to Microsoft's HoloLens, which appears to the how does magic leap optics work user to inject computer-generated images into the real-world field of how does เลนส์ Magic Leap ทำงานอย่างไร magic leap optics work view. Magic Leap's new patent describes contact เลนส์ Magic Leap ทำงานอย่างไร lenses that do something similar, but without the bulky headset."
2056323,how does magic leap optics work,msmarco_passage_32_258578883,"This mechanism is far easier and cheaper than the waveguides employed by HoloLens or Magic Leap, but it gets the job done anyway. This is the optical system that takes the images of the holograms rendered on a screen and reflects them onto the lenses, so that you can see them while looking through the lenses.",0,how does magic leap optics work,เลนส์ Magic Leap ทำงานอย่างไร,"This mechanism is far easier and cheaper than the waveguides employed by HoloLens or Magic Leap, but it gets the job done anyway. This is the optical system that takes the images of the เลนส์ Magic Leap ทำงานอย่างไร holograms rendered on a screen and reflects them how does magic leap optics work onto the lenses, so that you can see them while looking through how does magic leap เลนส์ Magic Leap ทำงานอย่างไร optics work the lenses."
2056323,how does magic leap optics work,msmarco_passage_28_638071019,"Also in this layer, Magic Leap has included what the company calls Perception services. These subsystems handle some of the more complex input, such as user and environment sensing, as well as the graphics rendering pipeline, which includes Magic Leap's implementation of asynchronous time-warp (ATW).",1,how does magic leap optics work,เลนส์ Magic Leap ทำงานอย่างไร,"Also in this layer, เลนส์ Magic Leap ทำงานอย่างไร Magic Leap has included what the company calls เลนส์ Magic Leap ทำงานอย่างไร Perception services. These subsystems handle some of the more complex input, such as user and environment sensing, as well as the graphics rendering pipeline, which includes Magic how does magic leap optics work Leap's how does magic leap optics work implementation of asynchronous time-warp (ATW)."
2056323,how does magic leap optics work,msmarco_passage_19_822054666,"Before Magic Leap, a head-mounted display using light field had been demonstrated by Nvidia in 2013, and the MIT Media Lab has also constructed a 3D display using ""compressed light fields""; however, Magic Leap asserts that it achieves better resolution with a new proprietary technique that projects an image directly onto the user's retina.",2,how does magic leap optics work,เลนส์ Magic Leap ทำงานอย่างไร,"Before Magic Leap, a head-mounted display using light field had been demonstrated by Nvidia in 2013, and the MIT Media Lab has also constructed a 3D display using ""compressed light fields""; however, Magic Leap asserts how does magic leap optics work that it achieves better resolution with how does magic leap optics work a new proprietary technique เลนส์ Magic Leap ทำงานอย่างไร เลนส์ Magic Leap ทำงานอย่างไร that projects an image directly onto the user's retina."
2056323,how does magic leap optics work,msmarco_passage_19_822051408,"2010. ( 2010) Current status. Active. Magic Leap, Inc. is an American startup company that released a head-mounted virtual retinal display, called Magic Leap One, which superimposes 3D computer-generated imagery over real world objects, by ""projecting a digital light field into the user's eye"", involving technologies potentially suited to applications in augmented reality and computer vision.",3,how does magic leap optics work,เลนส์ Magic Leap ทำงานอย่างไร,"2010. ( 2010) Current status. Active. เลนส์ Magic Leap ทำงานอย่างไร Magic Leap, Inc. is an American startup company that released a head-mounted virtual retinal เลนส์ Magic Leap ทำงานอย่างไร display, called how does magic leap optics work Magic Leap One, which superimposes 3D computer-generated imagery over real world objects, by ""projecting a digital light field into the user's eye"", involving technologies potentially suited to applications in augmented reality and how does magic leap optics work computer vision."
2056323,how does magic leap optics work,msmarco_passage_56_413093629,"Magic Leap is seen as one of Daqri, LLC's top competitors. Magic Leap's headquarters is in Plantation, Florida, and was founded in 2010. Like Daqri, LLC, Magic Leap also works within the Technology Hardware industry. Magic Leap generates 2,240% of Daqri, LLC's revenue. North, Inc. is one of Daqri, LLC's top rivals.",1,how does magic leap optics work,เลนส์ Magic Leap ทำงานอย่างไร,"Magic Leap is seen as one of Daqri, LLC's top competitors. Magic Leap's headquarters is in Plantation, Florida, and was founded in how does magic leap optics work 2010. Like Daqri, LLC, Magic เลนส์ Magic Leap ทำงานอย่างไร Leap also works within the Technology Hardware industry. Magic Leap generates how does magic leap optics เลนส์ Magic Leap ทำงานอย่างไร work 2,240% of Daqri, LLC's revenue. North, Inc. is one of Daqri, LLC's top rivals."
2056323,how does magic leap optics work,msmarco_passage_16_681201865,"Lumin. Select the Lumin build target to build for Magic Leap using the Lumin SDK. To build for Magic Leap, you need to register a Magic Leap creator account and download the Lumin SDK. For an overview on creating Magic Leap applications, see Partners - Magic Leap.",1,how does magic leap optics work,เลนส์ Magic Leap ทำงานอย่างไร,"Lumin. Select the Lumin build target to build for Magic how does magic เลนส์ Magic Leap ทำงานอย่างไร leap optics work Leap using the Lumin SDK. To build for Magic Leap, you need to register a Magic how does magic leap optics work Leap creator account and download the Lumin SDK. เลนส์ Magic Leap ทำงานอย่างไร For an overview on creating Magic Leap applications, see Partners - Magic Leap."
2056323,how does magic leap optics work,msmarco_passage_05_608475923,"Example sentences from the Web for optics. He mined the staff of Tessera, an optics business in North Carolina, to build a manufacturing team. Magic Leap tried to create an alternate reality. Its founder was already in one | Verne Kopytoff | September 26, 2020 | Fortune.",1,how does magic leap optics work,เลนส์ Magic Leap ทำงานอย่างไร,"Example sentences from the เลนส์ Magic Leap ทำงานอย่างไร Web for how does magic leap optics work optics. He mined the staff of how does magic leap optics work Tessera, an เลนส์ Magic Leap ทำงานอย่างไร optics business in North Carolina, to build a manufacturing team. Magic Leap tried to create an alternate reality. Its founder was already in one | Verne Kopytoff | September 26, 2020 | Fortune."
2056323,how does magic leap optics work,msmarco_passage_32_258577958,This is why Magic Leap actually attached two cables on both sides of the device: so that to give the Magic Leap One a more balanced fit. Bottom view of the Device. nReal answered that they are aware of these issues and they are working on them for the actual release of the device.,1,how does magic leap optics work,เลนส์ Magic Leap ทำงานอย่างไร,This is why how does magic leap เลนส์ Magic Leap ทำงานอย่างไร optics work Magic Leap actually attached two cables on both sides of the device: so that how does magic leap optics work to give the Magic Leap One a more balanced fit. Bottom view of the Device. nReal answered that they are aware of these issues and เลนส์ Magic Leap ทำงานอย่างไร they are working on them for the actual release of the device.
2056323,how does magic leap optics work,msmarco_passage_37_94080824,How to fix the Apple Magic Mouse! works every time 100% ... How to Clean an Optical Mouse - MindPower009 - YouTube. How to Repair Optical Mouse| Inside an Optical Mouse. Fixing the Magic Mouse Sensor - YouTube.,0,how does magic leap optics work,เลนส์ Magic Leap ทำงานอย่างไร,How to fix เลนส์ Magic Leap ทำงานอย่างไร the how does magic leap optics work Apple how does magic leap optics work Magic Mouse! works every time 100% ... How to Clean an Optical Mouse - MindPower009 เลนส์ Magic Leap ทำงานอย่างไร - YouTube. How to Repair Optical Mouse| Inside an Optical Mouse. Fixing the Magic Mouse Sensor - YouTube.
2056323,how does magic leap optics work,msmarco_passage_58_146944000,Geometric Optics :- light propagation in terms of rays. Wave Optics :- Light propagation as 3d waves (wavefront) Microsoft/ Magic leap combines this two to create something called as the light field. Wikipedia describes light field as “The light field is a vector function that describes the amount of. Continue Reading.,1,how does magic leap optics work,เลนส์ Magic Leap ทำงานอย่างไร,Geometric Optics :- light propagation in terms of rays. Wave Optics :- Light propagation as how does magic leap optics work 3d waves how does magic leap optics work (wavefront) Microsoft/ Magic leap combines this two to create something called เลนส์ Magic Leap ทำงานอย่างไร as the เลนส์ Magic Leap ทำงานอย่างไร light field. Wikipedia describes light field as “The light field is a vector function that describes the amount of. Continue Reading.
2056323,how does magic leap optics work,msmarco_passage_12_357527284,"Magic Leap. Of all AR startups, Magic Leap has generated the most headlines, and the most cash. With backing from no less than Google, Legendary Entertainment, Warner Brothers, Fidelity, and J.P, Morgan, Magic Leap is well lubricated with the capital it needs to advance to the forefront of AR technology.",1,how does magic leap optics work,เลนส์ Magic Leap ทำงานอย่างไร,"Magic Leap. Of all AR startups, Magic เลนส์ Magic Leap ทำงานอย่างไร Leap has generated the most headlines, and the เลนส์ Magic Leap ทำงานอย่างไร most cash. With backing from no how does magic leap optics work less than Google, Legendary Entertainment, Warner Brothers, Fidelity, and J.P, Morgan, Magic Leap is well lubricated with the capital it needs to how does magic leap optics work advance to the forefront of AR technology."
2056323,how does magic leap optics work,msmarco_passage_28_638069140,"At the moment, that subject for us at Next Reality is the recently released information about Magic Leap's upcoming Magic Leap One: Creator Edition. In order to learn everything we can about the Magic Leap One: Creator Edition, we have continued to look deep into the documentation released to developers this week.",1,how does magic leap optics work,เลนส์ Magic Leap ทำงานอย่างไร,"At the moment, เลนส์ Magic Leap ทำงานอย่างไร that subject for us at Next Reality is the recently released information about how does magic leap optics work Magic Leap's upcoming Magic Leap One: Creator Edition. เลนส์ Magic Leap ทำงานอย่างไร In how does magic leap optics work order to learn everything we can about the Magic Leap One: Creator Edition, we have continued to look deep into the documentation released to developers this week."
2056323,how does magic leap optics work,msmarco_passage_32_258585874,"nReal has been sued by Epic Games for the name too similar to Unreal and by Magic Leap that claims that nReal CEO Chi Xu has stolen the technology of the American company while working there. No one from Magic Leap or nReal is authorized to talk about this topic, so I won’t address it here.",1,how does magic leap optics work,เลนส์ Magic Leap ทำงานอย่างไร,"nReal has been sued by Epic Games for how does magic leap optics work the name too similar to Unreal and by Magic Leap that how does magic leap optics work claims that nReal เลนส์ Magic Leap ทำงานอย่างไร CEO Chi Xu has stolen the technology of the American company while working there. No เลนส์ Magic Leap ทำงานอย่างไร one from Magic Leap or nReal is authorized to talk about this topic, so I won’t address it here."
2056323,how does magic leap optics work,msmarco_passage_19_822053324,"2010–2014: Founding and secrecy. Magic Leap was founded by Rony Abovitz in 2010. According to past versions of its website, the startup evolved from a company named ""Magic Leap Studios"" which around 2010 was working on a graphic novel and a feature film series, and in 2011 became a corporation, releasing an augmented reality app at Comic-Con that year.",1,how does magic leap optics work,เลนส์ Magic Leap ทำงานอย่างไร,"2010–2014: เลนส์ Magic Leap ทำงานอย่างไร Founding and secrecy. Magic Leap was founded by Rony Abovitz in 2010. According to past versions of its website, the startup เลนส์ Magic Leap ทำงานอย่างไร evolved from a how does magic leap optics work company named ""Magic Leap Studios"" which around 2010 was working on a graphic novel and a feature how does magic leap optics work film series, and in 2011 became a corporation, releasing an augmented reality app at Comic-Con that year."
2056323,how does magic leap optics work,msmarco_passage_21_844595915,"Forbes - Dec, 14 2019. Magic Leap Reveals Enterprise Strategy And The Magic Leap 2. Forbes - Dec, 10 2019. Report: Magic Leap’s early device sales aren’t looking good. TechCrunch - Dec, 6 2019. This Week In XR: Ubiquity 6 Makes The Smartphone Spatial, Why IAPPA Is A VR Showcase, Magic Leap’s New Games. Forbes - Nov, 23 2019.",1,how does magic leap optics work,เลนส์ Magic Leap ทำงานอย่างไร,"Forbes - Dec, เลนส์ Magic Leap ทำงานอย่างไร 14 2019. Magic Leap Reveals Enterprise Strategy And The Magic Leap 2. Forbes - Dec, 10 how does magic leap optics work 2019. Report: Magic Leap’s early device sales aren’t looking good. TechCrunch - Dec, 6 2019. This Week In XR: Ubiquity 6 Makes The Smartphone Spatial, Why IAPPA Is A VR Showcase, Magic how does magic leap optics work เลนส์ Magic Leap ทำงานอย่างไร Leap’s New Games. Forbes - Nov, 23 2019."
2056323,how does magic leap optics work,msmarco_passage_52_865442971,"The QR Code is displayed so that the Magic Leap device scanning app may view the DCA QR code and initiate a pairing connection. The DCA Dashboard shows device status, device hardware info, OS info, connection status, peripheral status, and memory info. Desktop Companion App. Dashboard. 
Desktop Companion App.",1,how does magic leap optics work,เลนส์ Magic Leap ทำงานอย่างไร,"The QR Code is displayed so that the Magic Leap device scanning app may view the DCA QR code and initiate a เลนส์ Magic Leap ทำงานอย่างไร how does magic leap optics work pairing connection. เลนส์ Magic Leap ทำงานอย่างไร The DCA Dashboard shows device status, device hardware info, OS info, connection status, peripheral status, how does magic leap optics work and memory info. Desktop Companion App. Dashboard. 
Desktop Companion App."
2056323,how does magic leap optics work,msmarco_passage_20_809467898,"Magic Leap. Microsoft HoloLens - a pair of mixed reality smart glasses with high-definition 3D optical head-mounted display and spatial sound developed and manufactured by Microsoft, using the Windows Holographic platform. Pivothead SMART – ""Simple Modular Application-Ready Technology"", released in October 2014.",0,how does magic leap optics work,เลนส์ Magic Leap ทำงานอย่างไร,"Magic Leap. Microsoft HoloLens - a pair of mixed reality smart glasses with high-definition 3D optical head-mounted display and spatial sound developed and manufactured how how does magic leap optics work does magic leap optics work by Microsoft, using the เลนส์ Magic Leap ทำงานอย่างไร Windows Holographic platform. Pivothead เลนส์ Magic Leap ทำงานอย่างไร SMART – ""Simple Modular Application-Ready Technology"", released in October 2014."
2056323,how does magic leap optics work,msmarco_passage_19_822059400,"On October 10, 2018 Magic Leap introduced Mica, a human-like AI assistant. In April 2019, it was reported that Magic Leap had raised an additional $280 million from NTT Docomo as part of a partnership announced by the two companies.",1,how does magic leap optics work,เลนส์ Magic Leap ทำงานอย่างไร,"On October 10, 2018 Magic Leap introduced Mica, a human-like AI assistant. เลนส์ Magic Leap ทำงานอย่างไร In April 2019, it was เลนส์ Magic Leap ทำงานอย่างไร reported that Magic Leap how does magic leap optics work had raised an additional $280 million from NTT Docomo as part of a partnership announced by the how does magic leap optics work two companies."
2056323,how does magic leap optics work,msmarco_passage_19_822052475,"On August 8, 2018, the Magic Leap One was made available in the United States through AT&T . On May 28, 2020, Rony Abovitz announced that Magic Leap had raised $350 million in new funding and that he would be stepping down as CEO. On July 7, 2020 the company announced their new CEO would be former Microsoft executive, Peggy Johnson.",1,how does magic leap optics work,เลนส์ Magic Leap ทำงานอย่างไร,"On August 8, 2018, the Magic Leap One was made available in the United States through AT&T . On May 28, how does magic leap optics work 2020, Rony Abovitz announced that Magic Leap had เลนส์ Magic Leap ทำงานอย่างไร raised $350 million in new funding เลนส์ Magic Leap ทำงานอย่างไร and that he would be stepping how does magic leap optics work down as CEO. On July 7, 2020 the company announced their new CEO would be former Microsoft executive, Peggy Johnson."
2056323,how does magic leap optics work,msmarco_passage_19_822055670,"2015–2018: Product teases and reveal. On March 19, 2015, Magic Leap released a demo video titled ""Just another day in the office at Magic Leap"". The video includes augmented reality gaming and productivity applications but it was unclear if the video was actual footage using their technology or a simulated experience.",1,how does magic leap optics work,เลนส์ Magic Leap ทำงานอย่างไร,"2015–2018: Product teases and reveal. On March 19, 2015, Magic Leap released a demo video titled ""Just another day in เลนส์ Magic Leap ทำงานอย่างไร the office at Magic Leap"". The video includes augmented reality gaming and how does magic leap optics work productivity applications but it was unclear if the video was actual footage using how does magic leap optics work their technology เลนส์ Magic Leap ทำงานอย่างไร or a simulated experience."
2056323,how does magic leap optics work,msmarco_passage_10_227432640,"His interior design style could be defined as hobby-shop chic. MAGIC LEAP TRIED TO CREATE AN ALTERNATE REALITY. ITS FOUNDER WAS ALREADY IN ONE VERNE KOPYTOFF SEPTEMBER 26, 2020 FORTUNE. Where they differ is in passenger capacity, indoor cooking space, and chic extras like Recon’s touchscreen and shower.",0,how does magic leap optics work,เลนส์ Magic Leap ทำงานอย่างไร,"His interior design style could be how does magic เลนส์ Magic Leap ทำงานอย่างไร leap เลนส์ Magic Leap ทำงานอย่างไร optics work defined as hobby-shop chic. MAGIC LEAP TRIED TO CREATE AN ALTERNATE how does magic leap optics work REALITY. ITS FOUNDER WAS ALREADY IN ONE VERNE KOPYTOFF SEPTEMBER 26, 2020 FORTUNE. Where they differ is in passenger capacity, indoor cooking space, and chic extras like Recon’s touchscreen and shower."
2056323,how does magic leap optics work,msmarco_passage_36_46118409,"The company’s Magic Leap One is a premium augmented reality headset that seamlessly blends the digital and physical worlds, allowing digital content to coexist with real world objects and the people around.",2,how does magic leap optics work,เลนส์ Magic Leap ทำงานอย่างไร,"The company’s Magic Leap One is a premium augmented reality headset how does magic leap optics work that how เลนส์ Magic เลนส์ Magic Leap ทำงานอย่างไร Leap ทำงานอย่างไร does magic leap optics work seamlessly blends the digital and physical worlds, allowing digital content to coexist with real world objects and the people around."
2056323,how does magic leap optics work,msmarco_passage_05_244287056,"Speaking of Magic Leap, a secretive mixed-reality startup backed by Google that has raised more than $1 billion, the company has also filed a patent application for a smart contact lens. Its patent is similar in concept to Samsung's.",1,how does magic leap optics work,เลนส์ Magic Leap ทำงานอย่างไร,"Speaking of Magic Leap, a secretive mixed-reality startup backed by how does magic leap optics work Google that has raised more เลนส์ Magic Leap ทำงานอย่างไร than $1 billion, the company has also filed a patent application for how does magic leap optics work a smart เลนส์ Magic Leap ทำงานอย่างไร contact lens. Its patent is similar in concept to Samsung's."
2056323,how does magic leap optics work,msmarco_passage_42_234241378,"Speaking of Magic Leap, a secretive mixed-reality startup backed by Google that has raised more than $1 billion, the company has also filed a patent application for a smart contact lens. Its patent is similar in concept to Samsung's.",1,how does magic leap optics work,เลนส์ Magic Leap ทำงานอย่างไร,"Speaking of Magic Leap, a secretive mixed-reality startup backed by เลนส์ Magic เลนส์ Magic Leap ทำงานอย่างไร Leap ทำงานอย่างไร Google that has raised more how does magic leap optics work than $1 billion, the company has also filed a how does magic leap optics work patent application for a smart contact lens. Its patent is similar in concept to Samsung's."
2056323,how does magic leap optics work,msmarco_passage_19_822054254,"A November 2014 analysis by Gizmodo, based on job listings, trademark registrations and patent applications from Magic Leap, concluded that the company appeared to be building a competitor to the Google Glass and Oculus Rift that would ""blend computer-generated graphics with the real world"".",1,how does magic leap optics work,เลนส์ Magic Leap ทำงานอย่างไร,"A November 2014 analysis by Gizmodo, based on job listings, trademark registrations how does magic leap optics work and patent applications from Magic Leap, concluded เลนส์ Magic Leap ทำงานอย่างไร how does magic leap optics work that the company appeared to be building a เลนส์ Magic Leap ทำงานอย่างไร competitor to the Google Glass and Oculus Rift that would ""blend computer-generated graphics with the real world""."
2056323,how does magic leap optics work,msmarco_passage_68_715747739,"It is now available for pre-orders, starting at $3,500. Magic Leap One. Released in 2018, Magic Leap is a spatial computing system in the form of connected goggles with a Lightpack, or an attached processing unit controlled with a handheld touchpad.",1,how does magic leap optics work,เลนส์ Magic Leap ทำงานอย่างไร,"It is now available for pre-orders, starting เลนส์ Magic Leap ทำงานอย่างไร at $3,500. Magic Leap One. Released in 2018, Magic Leap is a spatial computing system in the form of connected goggles with a Lightpack, or an how does magic leap optics work attached processing unit controlled เลนส์ Magic Leap ทำงานอย่างไร how does magic leap optics work with a handheld touchpad."
2056323,how does magic leap optics work,msmarco_passage_57_326621311,"One Creator Edition by Magic Leap. Augmented-reality characters step into our world. Most augmented-reality experiences make your smartphone’s screen a window into an altered version of the real world, which can be fun, but also flat. The Magic Leap goggles, however, put digital objects right in front of your eyes.",1,how does magic leap optics work,เลนส์ Magic Leap ทำงานอย่างไร,"One Creator Edition by Magic Leap. Augmented-reality characters step into our world. Most augmented-reality experiences make your smartphone’s เลนส์ Magic Leap ทำงานอย่างไร screen a window into an altered version เลนส์ Magic Leap ทำงานอย่างไร of the real world, which can be fun, but also flat. The Magic Leap goggles, however, put how does magic leap optics work digital objects right in front of your how does magic leap optics work eyes."
