model,equal_count,less_relevant_count,more_relevant_count,total_rows,kappa,kappa_linear,kappa_quadratic,kappa_binarized,alpha_ordinal
openai.gpt-oss-20b-1_0_top2,96,35,119,250,0.19970066726256053,0.3731225497683417,0.5326412354974239,0.29464873507006484,0.5156801022913854
__OVERALL__,96,35,119,250,0.19970066726256053,0.3731225497683417,0.5326412354974239,0.29464873507006484,0.5156801022913854
