model,equal_count,less_relevant_count,more_relevant_count,total_rows,kappa,kappa_linear,kappa_quadratic,kappa_binarized,alpha_ordinal
anthropic.claude-3-5-haiku-20241022-v1_0_top2,74,12,164,250,0.08774257754188086,0.27687708125714006,0.45082998883849057,0.17120237506185065,0.3701282825042791
openai.gpt-oss-120b-1_0_top2,103,30,117,250,0.23067261194498534,0.3794163229924611,0.529605758309728,0.27304795500047674,0.5099547279879252
us.amazon.nova-lite-v1_0_top2,91,18,141,250,0.17152980408503538,0.28970546453262624,0.40943553285788215,0.34192611418716523,0.3283674429200103
__OVERALL__,268,60,422,750,0.1630840180301567,0.31348088862539725,0.459265698049904,0.2644965360159437,0.4035906553660187
