qid,query,pid,passage,relevance,query_th,passage_th
2000511,average bahamas temperature at the end of october,msmarco_passage_00_491588004,"The temperature in The Bahamas will typically decline by early evening, to approximately 78.2 degrees. For the month of October as a whole, temperatures in The Bahamas average around 78.8 degrees. October Temperatures in The Bahamas by Time of Day. Early Morning.",2,อุณหภูมิเฉลี่ยของบาฮามาสในปลายเดือนตุลาคม,โดยปกติอุณหภูมิในบาฮามาสจะลดลงในช่วงเย็นประมาณ 78.2 องศาสำหรับเดือนตุลาคมโดยรวมอุณหภูมิในบาฮามาสเฉลี่ยประมาณ 78.8 องศาอุณหภูมิเดือนตุลาคมในบาฮามาสตามเวลาของวันเช้าตรู่
2000511,average bahamas temperature at the end of october,msmarco_passage_05_149863652,"Climate and Weather in the Bahamas in October. Average temperature in the Bahamas in October: 23 to 30°C, 73 to 86°F. Sea temperature in the Bahamas in October: 28°C, 82°F. Average rainfall in October: 221mm, 8.7in.",2,อุณหภูมิเฉลี่ยของบาฮามาสในปลายเดือนตุลาคม,"สภาพอากาศและสภาพอากาศในบาฮามาสในเดือนตุลาคมอุณหภูมิเฉลี่ยในบาฮามาสในเดือนตุลาคม: 23 ถึง 30°C, 73 ถึง 86°F อุณหภูมิทะเลในบาฮามาสในเดือนตุลาคม: 28°C, 82°F ปริมาณน้ำฝนเฉลี่ยในเดือนตุลาคม: 221 มม., 8.7 นิ้ว"
2000511,average bahamas temperature at the end of october,msmarco_passage_00_491587144,Typical Weather in October. October temperatures in The Bahamas range from an average low of 74.0 degrees to an average high of 85.0 degrees. The Bahamas in October: Key Facts. Monthly Averages. High.,2,อุณหภูมิเฉลี่ยของบาฮามาสในปลายเดือนตุลาคม,สภาพอากาศทั่วไปในเดือนตุลาคมอุณหภูมิเดือนตุลาคมในบาฮามาสมีตั้งแต่ระดับต่ำโดยเฉลี่ย 74.0 องศาถึงระดับสูงเฉลี่ย 85.0 องศาบาฮามาสในเดือนตุลาคม: ข้อเท็จจริงที่สำคัญค่าเฉลี่ยรายเดือนสูง
2000511,average bahamas temperature at the end of october,msmarco_passage_49_455849816,"Bahamas weather. Temperatures average 28°C (82°F) during the rest of the year, with the temperature dropping about 5°C after dark. Summer, from June to October, is the hot, rainy season, although the rain is often limited to periodic showers. Temperatures average 28°C (82°F) but can climb to 32°C (90°F). Although hurricanes are infrequent around the Bahamas, June through November marks the official Atlantic hurricane season.",1,อุณหภูมิเฉลี่ยของบาฮามาสในปลายเดือนตุลาคม,สภาพอากาศบาฮามาสอุณหภูมิเฉลี่ย 28°C (82°F) ในช่วงที่เหลือของปี โดยอุณหภูมิจะลดลงประมาณ 5 องศาเซลเซียสหลังจากมืดฤดูร้อนตั้งแต่เดือนมิถุนายนถึงตุลาคมเป็นฤดูร้อนและฝนแม้ว่าฝนมักจะจำกัดเฉพาะฝนตกเป็นระยะอุณหภูมิเฉลี่ย 28° C (82° F) แต่สามารถสูงขึ้นถึง 32° C (90° F)แม้ว่าพายุเฮอริเคนจะไม่บ่อยเกิดขึ้นรอบบาฮามาส แต่เดือนมิถุนายนถึงพฤศจิกายนเป็นฤดูกาลพาย
2000511,average bahamas temperature at the end of october,msmarco_passage_36_63020225,"Average Weather in October in Nassau Bahamas. Average Weather in October in Nassau. Bahamas. Daily high temperatures decrease by 4°F, from 87°F to 84°F, rarely falling below 80°F or exceeding 90°F. Daily low temperatures decrease by 3°F, from 77°F to 74°F, rarely falling below 69°F or exceeding 80°F. For reference, on August 5, the hottest day of the year, temperatures in Nassau typically range from 79°F to 90°F, while on January 29, the coldest day of the year, they range from 66°F to 77°F.",2,อุณหภูมิเฉลี่ยของบาฮามาสในปลายเดือนตุลาคม,สภาพอากาศเฉลี่ยในเดือนตุลาคมในแนสซอบาฮามาสสภาพอากาศเฉลี่ยในเดือนตุลาคมในแนสซอบาฮามาสอุณหภูมิสูงรายวันลดลง 4°F จาก 87°F ถึง 84°F ไม่ค่อยตกต่ำกว่า 80°F หรือเกิน 90°F อุณหภูมิต่ำทุกวันลดลง 3°F จาก 77°F ถึง 74°F ไม่ค่อยตกต่ำกว่า 69°F หรือเกิน 80°F สำหรับการอ้างอิงในวันที่ 5 สิงหาคมซึ่งเป็นวันที่ร้อนที่สุดของปี อุณหภูมิในแนสซอมักจะอยู่ระหว่าง 79°F ถึง 90°F ในขณะที่ในวันที่ 29 มกราคม ซึ่งเป็นวันที่อากาศหนาวที่สุดของปี มีช่วงตั้งแต่ 66°F ถึง 77°F
2000511,average bahamas temperature at the end of october,msmarco_passage_10_615817879,"How hot is it in the Bahamas in October? Daytime temperatures usually reach 30°C in Nassau, Bahamas in October with high heat and humidity, falling to 22°C at night.",2,อุณหภูมิเฉลี่ยของบาฮามาสในปลายเดือนตุลาคม,ในบาฮามาสในเดือนตุลาคมร้อนแค่ไหน?อุณหภูมิกลางวันมักจะถึง 30 องศาเซลเซียสในแนสซอ บาฮามาสในเดือนตุลาคมโดยมีความร้อนและความชื้นสูง ลดลงถึง 22 องศาเซลเซียสในเวลากลางคืน
2000511,average bahamas temperature at the end of october,msmarco_passage_27_641903457,"Also, the temperature starts to come down with a range of 88.7 and 74.3 degrees. Humidity increases a little, but only to 81%. Bahamas weather in October: This month is pretty similar to May because the temperature comes down to 86 and 72.1 degrees on average but the rainfall keeps in the same number as in September.",1,อุณหภูมิเฉลี่ยของบาฮามาสในปลายเดือนตุลาคม,นอกจากนี้อุณหภูมิก็เริ่มลดลงในช่วงที่ 88.7 และ 74.3 องศาความชื้นเพิ่มขึ้นเล็กน้อย แต่เพียง 81%สภาพอากาศของบาฮามาสในเดือนตุลาคม: เดือนนี้ค่อนข้างคล้ายกับเดือนพฤษภาคมเนื่องจากอุณหภูมิลดลงถึง 86 และ 72.1 องศาโดยเฉลี่ย แต่ปริมาณน้ำฝนยังคงอยู่ในจำนวนเท่ากับในเดือนกันยายน
2000511,average bahamas temperature at the end of october,msmarco_passage_64_810241311,The average temperature in the Bahamas range from 80 to 85°F / 27 to 32°C in the summer and 70 to 78°F / 21 to 27°C in winter. Evenings can be cool due to the onshore breeze. The wet season runs from June to November; the two wettest months are October and June.,1,อุณหภูมิเฉลี่ยของบาฮามาสในปลายเดือนตุลาคม,อุณหภูมิเฉลี่ยในบาฮามาสมีตั้งแต่ 80 ถึง 85° F/27 ถึง 32° C ในฤดูร้อนและ 70 ถึง 78° F/21 ถึง 27° C ในฤดูหนาวช่วงเย็นอาจเย็นลงเนื่องจากสายลมบนบกฤดูเปียกจะเริ่มตั้งแต่เดือนมิถุนายนถึงพฤศจิกายน สองเดือนที่เปียกที่สุดคือตุลาคมและมิถุนายน
2000511,average bahamas temperature at the end of october,msmarco_passage_00_491585864,"The temperature in The Bahamas will typically decline by early evening, to approximately 75.0 degrees. Overall, temperatures in The Bahamas during November average around 75.8 degrees. November Temperatures in The Bahamas by Time of Day. Early Morning.",1,อุณหภูมิเฉลี่ยของบาฮามาสในปลายเดือนตุลาคม,โดยปกติอุณหภูมิในบาฮามาสจะลดลงในช่วงเย็นประมาณ 75.0 องศาโดยรวมอุณหภูมิในบาฮามาสในช่วงเดือนพฤศจิกายนเฉลี่ยประมาณ 75.8 องศาอุณหภูมิเดือนพฤศจิกายนในบาฮามาสตามเวลาของวันเช้าตรู่
2000511,average bahamas temperature at the end of october,msmarco_passage_27_641896909,"As it ranges from July to October, the best time to visit the Bahamas ranges from December to May when there’s a lot of sunshine but no rain around. December to February tends to have lower temperatures, but it usually ranges from 70F to 80F degrees on average (21C-27C).",0,อุณหภูมิเฉลี่ยของบาฮามาสในปลายเดือนตุลาคม,เนื่องจากช่วงเดือนกรกฎาคมถึงตุลาคม เวลาที่ดีที่สุดในการเยี่ยมชมบาฮามาสคือตั้งแต่เดือนธันวาคมถึงพฤษภาคมเมื่อมีแสงแดดมาก แต่ไม่มีฝนตกรอบธันวาคมถึงกุมภาพันธ์มีแนวโน้มที่จะมีอุณหภูมิต่ำกว่า แต่โดยปกติจะอยู่ในช่วง 70F ถึง 80F องศาโดยเฉลี่ย (21C-27C)
2000511,average bahamas temperature at the end of october,msmarco_passage_10_615818416,"How warm is the sea around the Bahamas in October? The average sea temperature around Nassau, Bahamas in October is 28°C.",0,อุณหภูมิเฉลี่ยของบาฮามาสในปลายเดือนตุลาคม,ทะเลรอบบาฮามาสอบอุ่นแค่ไหนในเดือนตุลาคม?อุณหภูมิทะเลเฉลี่ยรอบแนสซอ บาฮามาสในเดือนตุลาคมคือ 28 องศาเซลเซียส
2000511,average bahamas temperature at the end of october,msmarco_passage_10_615816159,"Get the latest coronavirus (Covid-19) updates for the Bahamas with current travel advice and statistics on new cases per 100,000 and vaccine. Below are average maximum temperatures at popular destinations in the Bahamas in October.",1,อุณหภูมิเฉลี่ยของบาฮามาสในปลายเดือนตุลาคม,"รับข้อมูลอัปเดตล่าสุดของไวรัสโคโรนา (Covid-19) สำหรับบาฮามาสพร้อมคำแนะนำการเดินทางและสถิติเกี่ยวกับผู้ป่วยรายใหม่ต่อ 100,000 รายและวัคซีนด้านล่างนี้คืออุณหภูมิสูงสุดเฉลี่ยในจุดหมายปลายทางยอดนิยมในบาฮามาสในเดือนตุลาคม"
2000511,average bahamas temperature at the end of october,msmarco_passage_00_491587509,"with Rain. 85.0° F. 74.0° F. 6.7. N.A. During the early morning hours of an average October day in The Bahamas, you can expect the temperature will be in the vicinity of 75.8 degrees. Temperatures in The Bahamas typically rise during the day, to an average of 83.6 degrees in the early afternoon.",1,อุณหภูมิเฉลี่ยของบาฮามาสในปลายเดือนตุลาคม,มีฝนตก 85.0 องศาฟาเรนไฮต์ 74.0 องศาฟาเรนไฮต์ 6.7N.A. ในช่วงเช้าตรู่ของวันเดือนตุลาคมโดยเฉลี่ยในบาฮามาส คุณสามารถคาดหวังว่าอุณหภูมิจะอยู่ใกล้ 75.8 องศาอุณหภูมิในบาฮามาสมักจะเพิ่มขึ้นในระหว่างวัน โดยเฉลี่ย 83.6 องศาในตอนบ่าย
2000511,average bahamas temperature at the end of october,msmarco_passage_10_615818671,"Does it rain in the Bahamas in October? There are usually 22 days with some rain in Nassau, Bahamas in October and the average monthly rainfall is 182mm.",0,อุณหภูมิเฉลี่ยของบาฮามาสในปลายเดือนตุลาคม,ฝนตกในบาฮามาสในเดือนตุลาคมหรือไม่?โดยปกติจะมีฝนตกเล็กน้อยในแนสซอ บาฮามาสในเดือนตุลาคมและมีฝนตกเฉลี่ยต่อเดือนคือ 182 มม.
2000511,average bahamas temperature at the end of october,msmarco_passage_05_149861900,"Climate and Weather in the Bahamas in June. Average temperature in the Bahamas in June: 24 to 31°C, 75 to 88°F. Sea temperature in the Bahamas in June: 27°C, 81°F. Average rainfall in June: 234mm, 9.2in.",0,อุณหภูมิเฉลี่ยของบาฮามาสในปลายเดือนตุลาคม,"สภาพอากาศและสภาพอากาศในบาฮามาสในเดือนมิถุนายนอุณหภูมิเฉลี่ยในบาฮามาสในเดือนมิถุนายน: 24 ถึง 31°C, 75 ถึง 88°F อุณหภูมิทะเลในบาฮามาสในเดือนมิถุนายน: 27°C, 81°F ฝนเฉลี่ยในเดือนมิถุนายน: 234mm, 9.2in"
2000511,average bahamas temperature at the end of october,msmarco_passage_05_378632605,"Bahamas Weather. Temperature, Rainfall & Hurricane Averages. The tables below list the annual average temperatures (in degrees Fahrenheit and Celsius) and rainfall (in total days, inches and millimetres) for cities and islands in The Bahamas. The locations represent the climate across the country. Freeport is at the north end of the archipelago, while Nassau is more central.",1,อุณหภูมิเฉลี่ยของบาฮามาสในปลายเดือนตุลาคม,สภาพอากาศบาฮามาสอุณหภูมิปริมาณน้ำฝนและพายุเฮอริเคนเฉลี่ยตารางด้านล่างแสดงอุณหภูมิเฉลี่ยต่อปี (เป็นองศาฟาเรนไฮต์และเซลเซียส) และปริมาณน้ำฝน (รวมวันนิ้วและมิลลิเมตร) สำหรับเมืองและเกาะในบาฮามาสสถานที่แสดงถึงสภาพภูมิอากาศทั่วประเทศฟรีพอร์ตอยู่ทางตอนเหนือของหมู่เกาะ ในขณะที่แนสซอเป็นศูนย์กลางมากกว่า
2000511,average bahamas temperature at the end of october,msmarco_passage_42_804156045,"Bahamas Weather. Temperature, Rainfall & Hurricane Averages. The tables below list the annual average temperatures (in degrees Fahrenheit and Celsius) and rainfall (in total days, inches and millimetres) for cities and islands in The Bahamas. The locations represent the climate across the country. Freeport is at the north end of the archipelago, while Nassau is more central.",1,อุณหภูมิเฉลี่ยของบาฮามาสในปลายเดือนตุลาคม,สภาพอากาศบาฮามาสอุณหภูมิปริมาณน้ำฝนและพายุเฮอริเคนเฉลี่ยตารางด้านล่างแสดงอุณหภูมิเฉลี่ยต่อปี (เป็นองศาฟาเรนไฮต์และเซลเซียส) และปริมาณน้ำฝน (รวมวันนิ้วและมิลลิเมตร) สำหรับเมืองและเกาะในบาฮามาสสถานที่แสดงถึงสภาพภูมิอากาศทั่วประเทศฟรีพอร์ตอยู่ทางตอนเหนือของหมู่เกาะ ในขณะที่แนสซอเป็นศูนย์กลางมากกว่า
2000511,average bahamas temperature at the end of october,msmarco_passage_17_481138581,"Climate. Grand Bahama Island has a tropical monsoon climate, with a hot and wet season from May through October, and warm and dry season from November through April. In Freeport the summer high temperatures average 31 °C (88 °F), with average lows of 26 °C (79 °F). During the winter, the average high temperature is 28 °C (82 °F), and the average low is 19 °C (66 °F).",1,อุณหภูมิเฉลี่ยของบาฮามาสในปลายเดือนตุลาคม,สภาพภูมิอากาศเกาะแกรนด์บาฮามามีสภาพอากาศมรสุมเขตร้อน โดยมีฤดูร้อนและเปียกชื้นตั้งแต่เดือนพฤษภาคมถึงตุลาคม และฤดูร้อนและแห้งตั้งแต่เดือนพฤศจิกายนถึงเมษายนในฟรีพอร์ตฤดูร้อนอุณหภูมิสูงเฉลี่ย 31 °C (88 °F) โดยเฉลี่ยต่ำสุดอยู่ที่ 26 °C (79 °F)ในช่วงฤดูหนาวอุณหภูมิสูงเฉลี่ยอยู่ที่ 28 °C (82 °F) และระดับต่ำเฉลี่ยอยู่ที่ 19 °C (66 °F)
2000511,average bahamas temperature at the end of october,msmarco_passage_19_131101736,"Climate. Grand Bahama Island has a tropical monsoon climate, with a hot and wet season from May through October, and warm and dry season from November through April. In Freeport the summer high temperatures average 31 °C (88 °F), with average lows of 26 °C (79 °F). During the winter, the average high temperature is 28 °C (82 °F), and the average low is 19 °C (66 °F).",1,อุณหภูมิเฉลี่ยของบาฮามาสในปลายเดือนตุลาคม,สภาพภูมิอากาศเกาะแกรนด์บาฮามามีสภาพอากาศมรสุมเขตร้อน โดยมีฤดูร้อนและเปียกชื้นตั้งแต่เดือนพฤษภาคมถึงตุลาคม และฤดูร้อนและแห้งตั้งแต่เดือนพฤศจิกายนถึงเมษายนในฟรีพอร์ตฤดูร้อนอุณหภูมิสูงเฉลี่ย 31 °C (88 °F) โดยเฉลี่ยต่ำสุดอยู่ที่ 26 °C (79 °F)ในช่วงฤดูหนาวอุณหภูมิสูงเฉลี่ยอยู่ที่ 28 °C (82 °F) และระดับต่ำเฉลี่ยอยู่ที่ 19 °C (66 °F)
2000511,average bahamas temperature at the end of october,msmarco_passage_03_289429784,There are two seasons: summer which is from May thru September and winter which is from October thru April. A Bahamian winter is usually the equivalent of summer at Lake Tahoe. Average temperatures range from 84 deg. F during the summer and 75 deg. F in the winter.,2,อุณหภูมิเฉลี่ยของบาฮามาสในปลายเดือนตุลาคม,มีสองฤดูกาล ได้แก่ ฤดูร้อนตั้งแต่เดือนพฤษภาคมถึงกันยายนและฤดูหนาวซึ่งเป็นตั้งแต่เดือนตุลาคมถึงเมษายนฤดูหนาวของบาฮามาสมักจะเทียบเท่ากับฤดูร้อนที่ทะเลสาบทาโฮอุณหภูมิเฉลี่ยอยู่ในช่วง 84 องศาF ในช่วงฤดูร้อนและ 75 องศาF ในฤดูหนาว
2000511,average bahamas temperature at the end of october,msmarco_passage_42_718305309,"September and October are also some of the most humid months, on average, in the Bahamas. If you're worried about having a bad hair day, keep the moisture in mind. November and December. By mid-November, hurricane season ends and the high season begins for cruising in the Bahamas. Humidity also drops, on average.",0,อุณหภูมิเฉลี่ยของบาฮามาสในปลายเดือนตุลาคม,กันยายนและตุลาคมเป็นเดือนที่ชื้นที่สุดโดยเฉลี่ยในบาฮามาสหากคุณกังวลว่าจะมีวันผมไม่ดีโปรดคำนึงถึงความชุ่มชื้นพฤศจิกายนและธันวาคมภายในกลางเดือนพฤศจิกายนฤดูกาลพายุเฮอริเคนจะสิ้นสุดลงและฤดูร้อนเริ่มต้นสำหรับการล่องเรือในบาฮามาสความชื้นก็ลดลงโดยเฉลี่ย
2000511,average bahamas temperature at the end of october,msmarco_passage_37_356024020,"The average temperature in Cabo during October is around 85 to 90 degrees with nights in the high end of the 70s. The water temperature in October is a bit cooler, averaging around 75 degrees.",0,อุณหภูมิเฉลี่ยของบาฮามาสในปลายเดือนตุลาคม,อุณหภูมิเฉลี่ยในคาโบในช่วงเดือนตุลาคมอยู่ที่ประมาณ 85 ถึง 90 องศาโดยมีช่วงกลางคืนในช่วงปลายทศวรรษที่ 70อุณหภูมิของน้ำในเดือนตุลาคมเย็นกว่าเล็กน้อยโดยเฉลี่ยประมาณ 75 องศา
2000511,average bahamas temperature at the end of october,msmarco_passage_34_874299150,"Air temperatures during the winter months range from 65-77°F (18-25°C) while water temperatures are 75-80°F (24-27°C). November to May is the dry season in the Bahamas. During these summer months, you can expect sunny, hot and mildly humid conditions.",1,อุณหภูมิเฉลี่ยของบาฮามาสในปลายเดือนตุลาคม,อุณหภูมิของอากาศในช่วงฤดูหนาวมีอยู่ระหว่าง 65-77° F (18-25° C) ในขณะที่อุณหภูมิของน้ำอยู่ที่ 75-80° F (24-27° C)พฤศจิกายนถึงพฤษภาคมเป็นฤดูแห้งในบาฮามาสในช่วงฤดูร้อนเหล่านี้คุณสามารถคาดหวังสภาพที่มีแดดร้อนและชื้นเล็กน้อย
2000511,average bahamas temperature at the end of october,msmarco_passage_06_626441411,"Winter: October through April with temperatures averaging 70-75°F. The rainy season spans from May through October. Economy: The Bahamas is a stable, developing nation driven primarily by the tourism, financial services, and fishing industries, respectively.",1,อุณหภูมิเฉลี่ยของบาฮามาสในปลายเดือนตุลาคม,ฤดูหนาว: ตุลาคมถึงเมษายน โดยมีอุณหภูมิเฉลี่ย 70-75 องศาฟาเรนไฮต์ ฤดูฝนจะครอบคลุมตั้งแต่เดือนพฤษภาคมถึงตุลาคมเศรษฐกิจ: บาฮามาสเป็นประเทศที่มั่นคงและกำลังพัฒนาซึ่งขับเคลื่อนโดยอุตสาหกรรมการท่องเที่ยว บริการทางการเงิน และอุตสาหกรรมการประมงเป็นหลักตามลำดับ
2000719,business architect role definition,msmarco_passage_40_657285642,"Business Architect: An overview of the business architecture professional. In this digital and cognitive age, where companies are trying to transform to the new realities and constantly evolving paradigm, the role of a business architect has become a critical underpinning to align business and technology at a foundational level.",3,นิยามบทบาทสถาปนิกธุรกิจ,สถาปนิกธุรกิจ: ภาพรวมของมืออาชีพสถาปัตยกรรมธุรกิจในยุคดิจิทัลและความรู้ความเข้าใจนี้ ที่ บริษัท ต่างๆพยายามเปลี่ยนไปสู่ความเป็นจริงใหม่และกระบวนทัศน์ที่พัฒนาอย่างต่อเนื่อง บทบาทของสถาปนิกธุรกิจได้กลายเป็นพื้นฐานสำคัญในการจัดแนวทางธุรกิจและเทคโนโลยีในระดับพื้นฐาน
2000719,business architect role definition,msmarco_passage_05_243210893,"A new organisation unifying process and project experts. The Business Architects Association (BAA) advocates placing a senior internal consultant with strong industry experience in the role of business architect, arguing that it is usually easier for businesspeople to learn technology than it is for technology experts to learn the business.",1,นิยามบทบาทสถาปนิกธุรกิจ,องค์กรใหม่ที่รวมกระบวนการและผู้เชี่ยวชาญโครงการสมาคมสถาปนิกธุรกิจ (BAA) สนับสนุนให้ตำแหน่งที่ปรึกษาภายในอาวุโสที่มีประสบการณ์ในอุตสาหกรรมที่แข็งแกร่งในบทบาทของสถาปนิกธุรกิจ โดยอ้างว่าโดยปกติแล้วนักธุรกิจจะเรียนรู้เทคโนโลยีได้ง่ายกว่าที่ผู้เชี่ยวชาญด้านเทคโนโลยีจะเรียนรู้ธุรกิจ
2000719,business architect role definition,msmarco_passage_05_243215400,"Whether business architects report into the business or IT, this emerging role will help usher in organisations' transition from IT to business technology (BT). Working with the firm's most senior business process executive - the change agent - and senior business stakeholders, the business architect plays a key part in shaping and fostering continuous improvement and business transformation initiatives.",2,นิยามบทบาทสถาปนิกธุรกิจ,ไม่ว่าสถาปนิกทางธุรกิจจะรายงานธุรกิจหรือไอที บทบาทที่เกิดขึ้นใหม่นี้จะช่วยให้องค์กรเปลี่ยนจากไอทีเป็นเทคโนโลยีธุรกิจ (BT)ร่วมมือกับผู้บริหารกระบวนการทางธุรกิจอาวุโสที่สุดของบริษัท - ตัวแทนการเปลี่ยนแปลง - และผู้มีส่วนได้เสียในธุรกิจอาวุโส สถาปนิกธุรกิจมีส่วนสำคัญในการกำหนดและส่งเสริมการปรับปรุงอย่างต่อเนื่องและการริเริ่มการเปลี่ยนแปลงทางธุรกิจ
2000719,business architect role definition,msmarco_passage_40_657296010,What does a business architect do? Business Architect Role Definition. What is the career path of a business architect? Business Architect Career Path. What are some certifications available for a business architect? Business Architecture Certifications.,0,นิยามบทบาทสถาปนิกธุรกิจ,สถาปนิกธุรกิจทำอะไรคำจำกัดความบทบาทสถาปนิกธุรกิจเส้นทางอาชีพของสถาปนิกธุรกิจคืออะไร?เส้นทางอาชีพสถาปนิกธุรกิจมีใบรับรองอะไรบ้างสำหรับสถาปนิกธุรกิจใบรับรองสถาปัตยกรรมธุรกิจ
2000719,business architect role definition,msmarco_passage_41_542756489,Enterprise architect role. Enterprise architects typically report to the CIO or other IT managers. They’re responsible for analyzing business structures and processes to see that they align with business goals effectively and efficiently.,0,นิยามบทบาทสถาปนิกธุรกิจ,บทบาทสถาปนิกองค์กรสถาปนิกองค์กรมักจะรายงานต่อ CIO หรือผู้จัดการด้านไอทีอื่น ๆพวกเขารับผิดชอบในการวิเคราะห์โครงสร้างธุรกิจและกระบวนการเพื่อให้แน่ใจว่าพวกเขาสอดคล้องกับเป้าหมายทางธุรกิจได้อย่างมีประสิทธิภาพและมีประสิทธิภาพ
2000719,business architect role definition,msmarco_passage_05_243209611,"Business architect is too often a missing link that needs to emerge. Some 35% of organisations have not established the business architect role (level 1), 33% have developed some business architecture guidelines but do not use them across the organisation (level 2), and 20% have defined a consistent architecture framework for business processes (level 3).",1,นิยามบทบาทสถาปนิกธุรกิจ,สถาปนิกธุรกิจมักเป็นลิงก์ที่ขาดหายไปซึ่งต้องเกิดขึ้นประมาณ 35% ขององค์กรไม่ได้กำหนดบทบาทสถาปนิกธุรกิจ (ระดับ 1) 33% ได้พัฒนาแนวทางสถาปัตยกรรมทางธุรกิจบางอย่าง แต่ไม่ได้ใช้ในองค์กร (ระดับ 2) และ 20% ได้กำหนดกรอบสถาปัตยกรรมที่สอดคล้องกันสำหรับกระบวนการทางธุรกิจ (ระดับ 3)
2000719,business architect role definition,msmarco_passage_33_492331858,"Enterprise Solution Architect role description. The Enterprise Solution Architect is the individual that oversees an entire enterprise in terms of business entities, properties, external ecosystems, relationships, and more. Enterprise Architects focus on building robust solutions that solve a critical strategic issue.",1,นิยามบทบาทสถาปนิกธุรกิจ,คำอธิบายบทบาทสถาปนิกโซลูชันองค์กรสถาปนิกโซลูชันองค์กรคือบุคคลที่ดูแลองค์กรทั้งหมดในแง่ของหน่วยงานธุรกิจ ทรัพย์สิน ระบบนิเวศภายนอก ความสัมพันธ์ และอื่นๆสถาปนิกองค์กรมุ่งเน้นไปที่การสร้างโซลูชันที่แข็งแกร่งซึ่งแก้ปัญหาเชิงกลยุทธ์ที่สำคัญ
2000719,business architect role definition,msmarco_passage_40_657284735,"Of course, the description above is an ideal state and seemingly utopian vision of the role of a business architect. However, in reality, in many large companies, the role of a business architect has devolved into an appendage of IT and has run into ambiguity about the specific nature, deliverables, and intended outcomes from the position.",2,นิยามบทบาทสถาปนิกธุรกิจ,แน่นอนว่าคำอธิบายข้างต้นเป็นสถานะในอุดมคติและวิสัยทัศน์ที่ดูเหมือนยูโทเปียเกี่ยวกับบทบาทของสถาปนิกธุรกิจอย่างไรก็ตาม ในความเป็นจริง ใน บริษัท ขนาดใหญ่หลายแห่ง บทบาทของสถาปนิกทางธุรกิจได้กลายเป็นส่วนเสริมของไอทีและประสบกับความกำกวมเกี่ยวกับลักษณะเฉพาะ ผลการส่งมอบ และผลลัพธ์ที่ตั้งใจจากตำแหน่ง
2000719,business architect role definition,msmarco_passage_44_565885209,"Enterprise Architect Roles and Responsibilities. Enterprise Architect Roles and Responsibilities are focused around taking a company's business strategy and defining an IT systems architecture to support that strategy. To do so, the Enterprise Architect responsibilities will include having a deep understanding of the company's business to be able to dive deeply into technology issues.",1,นิยามบทบาทสถาปนิกธุรกิจ,บทบาทและความรับผิดชอบของสถาปนิกองค์กรบทบาทและความรับผิดชอบของสถาปนิกองค์กรมุ่งเน้นไปที่การใช้กลยุทธ์ทางธุรกิจของ บริษัท และกำหนดสถาปัตยกรรมระบบไอทีเพื่อสนับสนุนกลยุทธ์นั้นในการทำเช่นนั้น ความรับผิดชอบของสถาปนิกองค์กรจะรวมถึงความเข้าใจอย่างลึกซึ้งเกี่ยวกับธุรกิจของ บริษัท เพื่อให้สามารถเจาะลึกในปัญหาด้านเทคโนโลยีได้อย่างลึกซึ้ง
2000719,business architect role definition,msmarco_passage_14_274835201,The Solutions Architect role is a persona that defines solutions architect that have experience using Microsoft Azure technologies to design solutions that meet the needs of the business. The certification offered in this category is the Microsoft Certified: Azure Solutions Architect Expert certification.,1,นิยามบทบาทสถาปนิกธุรกิจ,บทบาทสถาปนิกโซลูชันคือบุคคลที่กำหนดสถาปนิกโซลูชันที่มีประสบการณ์ในการใช้เทคโนโลยี Microsoft Azure เพื่อออกแบบโซลูชันที่ตอบสนองความต้องการของธุรกิจการรับรองที่นำเสนอในหมวดหมู่นี้คือการรับรองจาก Microsoft Certified: Azure Solutions Architect Expert
2000719,business architect role definition,msmarco_passage_40_657296441,"Business Architect: If you are interested in learning about the role of a Business Architect, please read this article. The industry experts, based on their experience, expertise and vantage point, have differences in what is the meaning and definition of the term business architecture.Intuitively, we all know what business architecture is, but in most cases, the devil is in the details, or perhaps the definition of what business architecture is and what it does.",0,นิยามบทบาทสถาปนิกธุรกิจ,สถาปนิกธุรกิจ: หากคุณสนใจที่จะเรียนรู้เกี่ยวกับบทบาทของสถาปนิกธุรกิจ โปรดอ่านบทความนี้ผู้เชี่ยวชาญในอุตสาหกรรมจากประสบการณ์ ความเชี่ยวชาญ และจุดมองของพวกเขา มีความแตกต่างในความหมายและความหมายของคำว่า สถาปัตยกรรมธุรกิจคืออะไร โดยสัญชาตญาณ เราทุกคนรู้ว่าสถาปัตยกรรมธุรกิจคืออะไร แต่ในกรณีส่วนใหญ่ ปีศาจอยู่ในรายละเอียด หรือบางทีคำจำกัดความของสถาปัตยกรรมธุรกิจคืออะไรและทำอะไร
2000719,business architect role definition,msmarco_passage_42_231675382,Table of Contents. Definition Cloud Architect. The role of the Cloud Architect. Responsibilities of a Cloud Architect. Cloud architect responsibilities.,0,นิยามบทบาทสถาปนิกธุรกิจ,สารบัญคำจำกัดความสถาปนิกคลาวด์บทบาทของสถาปนิกคลาวด์ความรับผิดชอบของสถาปนิกคลาวด์ความรับผิดชอบสถาปนิกคลาวด์
2000719,business architect role definition,msmarco_passage_68_763018840,"In fact, many business intelligence architect jobs require experience in a role such as senior software engineer. Meanwhile, many business intelligence architects also have previous career experience in roles such as data warehouse architect or consultant.",1,นิยามบทบาทสถาปนิกธุรกิจ,ในความเป็นจริง งานสถาปนิกข่าวกรองธุรกิจจำนวนมากต้องการประสบการณ์ในบทบาทเช่นวิศวกรซอฟต์แวร์อาวุโสในขณะเดียวกัน สถาปนิกข่าวกรองธุรกิจจำนวนมากยังมีประสบการณ์ในอาชีพก่อนหน้านี้ในบทบาทเช่นสถาปนิกคลังข้อมูลหรือที่ปรึกษา
2000719,business architect role definition,msmarco_passage_40_657288222,"Business Architect: Dispelling the myths and misperceptions. A business architect is NOT an enterprise architect. However, because business architecture is an integral part of enterprise architecture, there are many commonalities and overlaps – at least as far as the business domain definition and strategy interpretation.",3,นิยามบทบาทสถาปนิกธุรกิจ,สถาปนิกธุรกิจ: ขจัดตำนานและการเข้าใจผิดสถาปนิกธุรกิจไม่ใช่สถาปนิกองค์กรอย่างไรก็ตาม เนื่องจากสถาปัตยกรรมธุรกิจเป็นส่วนสำคัญของสถาปัตยกรรมองค์กร จึงมีความเหมือนกันและทับซ้อนกันมากมาย อย่างน้อยก็ถึงความหมายของโดเมนธุรกิจและการตีความกลยุทธ์
2000719,business architect role definition,msmarco_passage_16_512208319,Business transformation that's empowered by the cloud depends on the cloud architect role to help guide decisions throughout the business and IT. Each section of the Cloud Adoption Framework represents a different specialization or variant of the cloud architect role.,0,นิยามบทบาทสถาปนิกธุรกิจ,การเปลี่ยนแปลงธุรกิจที่ได้รับมอบอำนาจจากระบบคลาวด์ขึ้นอยู่กับบทบาทสถาปนิกคลาวด์เพื่อช่วยในการตัดสินใจตลอดทั้งธุรกิจและไอทีแต่ละส่วนของ Cloud Adoption Framework แสดงถึงความเชี่ยวชาญหรือรูปแบบที่แตกต่างกันของบทบาทสถาปนิกคลาวด์
2000719,business architect role definition,msmarco_passage_40_657282390,"Business architects come from diverse backgrounds. Historically, technologists made a transition to the role of business architects. However, given the nature of business architecture as an interdisciplinary and multi-functional practice, the following backgrounds and experience will business architects in good stead.",1,นิยามบทบาทสถาปนิกธุรกิจ,สถาปนิกธุรกิจมาจากภูมิหลังที่หลากหลายในอดีตนักเทคโนโลยีได้เปลี่ยนไปใช้บทบาทของสถาปนิกธุรกิจอย่างไรก็ตาม เนื่องจากลักษณะของสถาปัตยกรรมธุรกิจในฐานะแนวทางปฏิบัติแบบสหวิทยาการและหลากหลายฟังก์ชั่น ภูมิหลังและประสบการณ์ต่อไปนี้จะทำให้สถาปนิกธุรกิจเป็นอย่างดี
2000719,business architect role definition,msmarco_passage_40_657290265,"Hence, what a business architect can earn is a function of the contributions he/she makes and how the company positions the role. In 2018, as depicted in the diagram below, it seems the average salary for a business architect is $135,000, and a senior business architect is $155,000. The range of what a business architect earns is between $101,000 and $169,000, and for a senior business architect, the salary range is $119,000 – $195,000.",1,นิยามบทบาทสถาปนิกธุรกิจ,"ดังนั้นสิ่งที่สถาปนิกธุรกิจสามารถได้รับได้คือหน้าที่ของผลงานที่เขา/เธอทำและวิธีที่ บริษัท กำหนดบทบาทในปี 2018 ตามที่แสดงในแผนภาพด้านล่างดูเหมือนว่าเงินเดือนเฉลี่ยสำหรับสถาปนิกธุรกิจคือ 135,000 ดอลลาร์และสถาปนิกธุรกิจอาวุโสคือ 155,000 ดอลลาร์ช่วงของสิ่งที่สถาปนิกธุรกิจได้รับรายได้อยู่ระหว่าง 101,000 ถึง 169,000 เหรียญสหรัฐและสำหรับสถาปนิกธุรกิจอาวุโส ช่วงเงินเดือนคือ 119,000 - 195,000 ดอลลาร์"
2000719,business architect role definition,msmarco_passage_39_647001704,"July 12, 2018. 3 minute read. Stephen Watts. The system architect role is vital to the successful definition, design, delivery, and support of any IT project. A system architect analyzes and recommends the right combination of IT components to achieve a specific business, department, team, or functional goal.",1,นิยามบทบาทสถาปนิกธุรกิจ,12 กรกฎาคม 2018 อ่าน 3 นาทีสตีเฟน วัตต์บทบาทสถาปนิกระบบมีความสำคัญต่อการกำหนดความสำเร็จ การออกแบบ การจัดส่ง และการสนับสนุนโครงการไอทีใด ๆสถาปนิกระบบวิเคราะห์และแนะนำการผสมผสานส่วนประกอบไอทีที่เหมาะสมเพื่อให้บรรลุเป้าหมายทางธุรกิจ แผนก ทีม หรือเป้าหมายการทำงานที่เฉพาะเจาะจง
2000719,business architect role definition,msmarco_passage_20_829497637,Since The Open Group does not recognize a unique Solution Architect role a relevant link for these mentioned artifacts can be to the Business and Systems Analyst roles. It is also worth reminding that The Open Group does define Solution Architecture as something larger than Forrester (see aforementioned definition).,0,นิยามบทบาทสถาปนิกธุรกิจ,เนื่องจากกลุ่มเปิด ไม่รู้จักบทบาทของสถาปนิกโซลูชันที่ไม่ซ้ำกัน ลิงก์ที่เกี่ยวข้องสำหรับสิ่งประดิษฐ์ที่กล่าวถึงเหล่านี้อาจเป็นบทบาทนักวิเคราะห์ธุรกิจและระบบนอกจากนี้ยังควรเตือนว่า The Open Group กำหนดสถาปัตยกรรมโซลูชันเป็นสิ่งที่ใหญ่กว่า Forrester (ดูคำจำกัดความดังกล่าว)
2000719,business architect role definition,msmarco_passage_20_829502637,Since The Open Group does not recognize a unique Solution Architect role a relevant link for these mentioned artifacts can be to the Business and Systems Analyst roles. It is also worth reminding that The Open Group does define Solution Architecture as something larger than Forrester (see aforementioned definition).,0,นิยามบทบาทสถาปนิกธุรกิจ,เนื่องจากกลุ่มเปิด ไม่รู้จักบทบาทของสถาปนิกโซลูชันที่ไม่ซ้ำกัน ลิงก์ที่เกี่ยวข้องสำหรับสิ่งประดิษฐ์ที่กล่าวถึงเหล่านี้อาจเป็นบทบาทนักวิเคราะห์ธุรกิจและระบบนอกจากนี้ยังควรเตือนว่า The Open Group กำหนดสถาปัตยกรรมโซลูชันเป็นสิ่งที่ใหญ่กว่า Forrester (ดูคำจำกัดความดังกล่าว)
2000719,business architect role definition,msmarco_passage_05_243214294,"These leaders currently take direction from the CEO and COO; they will also receive strong guidance on their roles in business transformation from the change agent and business architect executive. Alexander Peters, PhD, is a principal analyst at Forrester Research. He will deliver a presentation on the role of the business architect in leading customer-centric transformation at Forrester's upcoming Business Process events in Boston, US (22-23 September), and in Hertfordshire, UK (30 November).",2,นิยามบทบาทสถาปนิกธุรกิจ,ขณะนี้ผู้นำเหล่านี้ใช้แนวทางจาก CEO และ COO พวกเขายังได้รับคำแนะนำที่เข้มงวดเกี่ยวกับบทบาทของพวกเขาในการเปลี่ยนแปลงธุรกิจจากตัวแทนการเปลี่ยนแปลงและผู้บริหารสถาปนิกธุรกิจอเล็กซานเดอร์ ปีเตอร์ส ปริญญาเอก เป็นนักวิเคราะห์หลักที่ Forrester Researchเขาจะนำเสนอเกี่ยวกับบทบาทของสถาปนิกธุรกิจในการนำการเปลี่ยนแปลงลูกค้าเป็นศูนย์กลางในงานกระบวนการทางธุรกิจของ Forrester ที่กำลังจะเกิดขึ้นในบอสตัน สหรัฐอเมริกา (22-23 กันยายน) และในเฮิร์ตฟอร์ดเชอร์ สหราชอาณาจักร (30 พฤศจิกายน)
2000719,business architect role definition,msmarco_passage_05_243218624,"Recognising the need for a business architect. What is not obvious to many who are still relatively new to the business process transformation scene is how this crucial position should be organised, who should occupy it, and what business architects should do. Our research also indicates that only a handful of firms are consistently trying to fill this role, in part because it is so difficult to fill - although business process professionals lead the way in bringing business architects into process transformation initiatives.",2,นิยามบทบาทสถาปนิกธุรกิจ,ตระหนักถึงความต้องการสถาปนิกธุรกิจสิ่งที่ไม่ชัดเจนสำหรับหลาย ๆ คนที่ยังค่อนข้างใหม่ในฉากการเปลี่ยนแปลงกระบวนการทางธุรกิจคือการจัดตำแหน่งที่สำคัญนี้ควรจัดอย่างไร ใครควรครอบครองมัน และสถาปนิกธุรกิจควรทำอย่างไรการวิจัยของเรายังบ่งชี้ว่ามีเพียง บริษัท เพียงไม่กี่แห่งที่พยายามที่จะเติมเต็มบทบาทนี้อย่างต่อเนื่อง ส่วนหนึ่งเพราะมันยากที่จะเติมเต็มแม้ว่าผู้เชี่ยวชาญด้านกระบวนการทางธุรกิจจะเป็นผู้นำในการนำสถาปนิกธุรกิจไปสู่ความคิดริเริ่มในการเปลี่ยนแปลงกระบวนการ
2000719,business architect role definition,msmarco_passage_38_676580776,Comments: 4. Rate this: 1. 2. 3. 4. 5. Total votes: 0. I am often asked to describe the role of the Business Architect; the role is new enough that most Resource Managers do not have a job description on file.,0,นิยามบทบาทสถาปนิกธุรกิจ,ความคิดเห็น: 4.ให้คะแนนนี้: 1. 2. 3. 4. 5.คะแนนโหวตทั้งหมด: 0.ฉันมักถูกขอให้อธิบายบทบาทของสถาปนิกธุรกิจ บทบาทนั้นใหม่พอที่ผู้จัดการทรัพยากรส่วนใหญ่ไม่มีรายละเอียดงานในไฟล์
2000719,business architect role definition,msmarco_passage_05_243216382,"The business architect fleshes out the business model - often referred to as the target operating model - describing the need for business technology (BT) across the organisation and the role that process plays. Business architects typically have deep business knowledge, essential for today's BPM transformation initiatives.",3,นิยามบทบาทสถาปนิกธุรกิจ,สถาปนิกธุรกิจสร้างรูปแบบธุรกิจ ซึ่งมักเรียกกันว่าเป็นแบบจำลองการดำเนินงานเป้าหมาย โดยอธิบายถึงความต้องการเทคโนโลยีธุรกิจ (BT) ทั่วองค์กรและบทบาทของกระบวนการที่ดำเนินการสถาปนิกธุรกิจมักมีความรู้ทางธุรกิจที่ลึกซึ้งซึ่งจำเป็นสำหรับความคิดริเริ่มการเปลี่ยนแปลง BPM ในปัจจุบัน
2000719,business architect role definition,msmarco_passage_03_756808801,"After it is created, business architects play an important role in clarifying the strategy, creating tighter alignment among different strategies, and communicating the business strategy across and down the organization in a clear and consistent fashion.",3,นิยามบทบาทสถาปนิกธุรกิจ,หลังจากสร้างสถาปนิกธุรกิจมีบทบาทสำคัญในการชี้แจงกลยุทธ์ สร้างความสอดคล้องระหว่างกลยุทธ์ที่แตกต่างกันอย่างเข้มงวด และการสื่อสารกลยุทธ์ทางธุรกิจข้ามและด้านล่างขององค์กรในรูปแบบที่ชัดเจนและสอดคล้องกัน
2000719,business architect role definition,msmarco_passage_05_243213551,"The best reporting relationship is to the change agent - the chief process officer, senior executive for business process transformation, senior executive for continuous improvement, or a similar title. The business architect should also set the direction for operations leaders.",2,นิยามบทบาทสถาปนิกธุรกิจ,ความสัมพันธ์ในการรายงานที่ดีที่สุดคือกับตัวแทนการเปลี่ยนแปลง - หัวหน้าเจ้าหน้าที่กระบวนการ ผู้บริหารอาวุโสสำหรับการเปลี่ยนแปลงกระบวนการทางธุรกิจ ผู้บริหารอาวุโสเพื่อการปรับปรุงอย่างต่อเนื่อง หรือตำแหน่งที่คล้ายกันสถาปนิกธุรกิจควรกำหนดทิศทางสำหรับผู้นำการดำเนินงานด้วย
2000719,business architect role definition,msmarco_passage_03_756807179,Bottom line: Not all strategy work is the same. Each strategy type creates a unique role for the business architect requiring a different approach and skill set. Business architects who are successfully delivering in one role should be actively developing the skills they need to move into other strategy domains.,3,นิยามบทบาทสถาปนิกธุรกิจ,ข้อสรุป: การทำงานของกลยุทธ์ทั้งหมดไม่เหมือนกันแต่ละประเภทกลยุทธ์สร้างบทบาทที่เป็นเอกลักษณ์สำหรับสถาปนิกธุรกิจที่ต้องการแนวทางและชุดทักษะที่แตกต่างกันสถาปนิกธุรกิจที่ประสบความสำเร็จในบทบาทเดียวควรพัฒนาทักษะที่จำเป็นในการย้ายไปสู่โดเมนกลยุทธ์อื่น ๆ
2000719,business architect role definition,msmarco_passage_59_765806179,Figure 1. SAFe architecture roles span architectural domains. The interdependent nature of business and technical strategy requires the collaboration between architects and other SAFe roles to ensure that the architecture meets the current and evolving needs of the business and the customers it serves.,1,นิยามบทบาทสถาปนิกธุรกิจ,รูปที่ 1.บทบาทสถาปัตยกรรม SAFE ครอบคลุมโดเมนสถาปัตลักษณะการพึ่งพาซึ่งกันและกันของกลยุทธ์ทางธุรกิจและทางเทคนิคต้องการความร่วมมือระหว่างสถาปนิกและบทบาท SAFE อื่น ๆ เพื่อให้แน่ใจว่าสถาปัตยกรรมตอบสนองความต้องการในปัจจุบันและพัฒนาของธุรกิจและลูกค้าที่ให้บริการในปัจจุบัน
2000719,business architect role definition,msmarco_passage_04_396705709,"The Business Architect reports into business management and works closely with a counterpart in IT to align technical solutions with business needs. The Business Architect may have supervisory responsibility, possibly acting as coach and mentor to junior members of the Business Architecture Center of Excellence.",2,นิยามบทบาทสถาปนิกธุรกิจ,สถาปนิก ธุรกิจ รายงานการจัดการธุรกิจ และทำงานอย่างใกล้ชิดกับคู่ค้าด้านไอทีเพื่อปรับให้โซลูชันทางเทคนิคเข้ากับความต้องการทางธุรกิจสถาปนิกธุรกิจอาจมีความรับผิดชอบในการกำกับดูแล โดยอาจทำหน้าที่เป็นโค้ชและที่ปรึกษาให้กับสมาชิกรุ่นเยาวชนของศูนย์ความเป็นเลิศสถาปัตยกรรมธุรกิจ
2000719,business architect role definition,msmarco_passage_38_676576208,"The Business Architect reports into business management and works closely with a counterpart in IT to align technical solutions with business needs. The Business Architect may have supervisory responsibility, possibly acting as coach and mentor to junior members of the Business Architecture Center of Excellence.",2,นิยามบทบาทสถาปนิกธุรกิจ,สถาปนิก ธุรกิจ รายงานการจัดการธุรกิจ และทำงานอย่างใกล้ชิดกับคู่ค้าด้านไอทีเพื่อปรับให้โซลูชันทางเทคนิคเข้ากับความต้องการทางธุรกิจสถาปนิกธุรกิจอาจมีความรับผิดชอบในการกำกับดูแล โดยอาจทำหน้าที่เป็นโค้ชและที่ปรึกษาให้กับสมาชิกรุ่นเยาวชนของศูนย์ความเป็นเลิศสถาปัตยกรรมธุรกิจ
2000719,business architect role definition,msmarco_passage_52_411118816,"Business architects are responsible for analyzing the structure and business processes and are often invited to draw conclusions from the information gathered to address corporate architecture objectives: effectiveness, efficiency, agility, and durability.",3,นิยามบทบาทสถาปนิกธุรกิจ,สถาปนิกธุรกิจมีหน้าที่วิเคราะห์โครงสร้างและกระบวนการทางธุรกิจ และมักได้รับเชิญให้สรุปจากข้อมูลที่รวบรวมเพื่อตอบสนองวัตถุประสงค์สถาปัตยกรรมขององค์กร: ประสิทธิภาพ ประสิทธิภาพ ความคล่องตัว และความทนทาน
2000719,business architect role definition,msmarco_passage_39_645646397,"A business architect is a leader responsible for injecting reliable infrastructure into the business a la corporate strategy and foundational technology. The framework known as BIZBOK is to business architects what ITIL is to IT leaders. A lean, application model, agile enough for a number of enterprise operations and practical enough to become the industry gold standard.",3,นิยามบทบาทสถาปนิกธุรกิจ,สถาปนิกธุรกิจเป็นผู้นำที่รับผิดชอบในการฉีดโครงสร้างพื้นฐานที่เชื่อถือได้ลงในกลยุทธ์ขององค์กรและเทคโนโลยีพื้นฐานทางธุรกิจกรอบที่รู้จักกันในชื่อ BIZBOK คือสำหรับสถาปนิกธุรกิจ สิ่งที่ ITIL คือสำหรับผู้นำด้านไอทีรูปแบบแอพพลิเคชั่นแบบลีน คล่องตัวเพียงพอสำหรับการดำเนินงานขององค์กรจำนวนมาก และใช้งานได้จริงเพียงพอที่จะกลายเป็นมาตรฐานทองของอุตสาหกรรม
2000719,business architect role definition,msmarco_passage_40_657292839,"A business architect is not a project manager. Of course, a business architect may manage a business architecture project or contribute to an overall plan, but he/she is not a project manager. A Business Architect interprets and contextualizes strategy for operational needs, develops specific artifacts such as business capability maps and value streams to help bridge the gap between strategy and execution, and helps streamline and rationalize the IT enablement process.",3,นิยามบทบาทสถาปนิกธุรกิจ,สถาปนิกธุรกิจไม่ใช่ผู้จัดการโครงการแน่นอน สถาปนิกธุรกิจอาจจัดการโครงการสถาปัตยกรรมธุรกิจหรือมีส่วนร่วมในแผนโดยรวม แต่เขา/เธอไม่ใช่ผู้จัดการโครงการสถาปนิกธุรกิจตีความและกำหนดบริบทกลยุทธ์สำหรับความต้องการในการดำเนินงาน พัฒนาสิ่งประดิษฐ์เฉพาะ เช่น แผนที่ความสามารถทางธุรกิจ และสตรีมมูลค่าเพื่อช่วยบรรเทาช่องว่างระหว่างกลยุทธ์และการดำเนินการ และช่วยปรับปรุงและทำให้กระบวนการเปิดใช้งานไอทีอย่างมีเหตุผล
2000719,business architect role definition,msmarco_passage_00_202366380,"But this definition barely scratches the surface of an architect's role. Architects serve as trusted advisors, their role is holistic, blending diverse requirements and disciplines in a creative process, while serving the public interest and addressing health and safety matters.",1,นิยามบทบาทสถาปนิกธุรกิจ,แต่คำจำกัดความนี้แทบจะไม่ขีดข่วนพื้นผิวของบทบาทของสถาปนิกสถาปนิกทำหน้าที่เป็นที่ปรึกษาที่เชื่อถือได้ บทบาทของพวกเขาคือแบบองค์รวม ผสมผสานข้อกำหนดและสาขาวิชาที่หลากหลายในกระบวนการสร้างสรรค์ ในขณะที่ให้บริการผลประโยชน์สาธารณะและจัดการกับเรื่องสุขภาพและความปลอดภัย
2000719,business architect role definition,msmarco_passage_64_230531596,"But this definition barely scratches the surface of an architect's role. Architects serve as trusted advisors, their role is holistic, blending diverse requirements and disciplines in a creative process, while serving the public interest and addressing health and safety matters.",1,นิยามบทบาทสถาปนิกธุรกิจ,แต่คำจำกัดความนี้แทบจะไม่ขีดข่วนพื้นผิวของบทบาทของสถาปนิกสถาปนิกทำหน้าที่เป็นที่ปรึกษาที่เชื่อถือได้ บทบาทของพวกเขาคือแบบองค์รวม ผสมผสานข้อกำหนดและสาขาวิชาที่หลากหลายในกระบวนการสร้างสรรค์ ในขณะที่ให้บริการผลประโยชน์สาธารณะและจัดการกับเรื่องสุขภาพและความปลอดภัย
2000719,business architect role definition,msmarco_passage_40_657300294,"People who build business architecture are known as business architects. Business architecture is the bridge between the enterprise business model and company strategy on one side, and the business functionality of the business on the other side. Nick Malik, an enterprise architect at Microsoft and a well-respected practitioner of enterprise architecture seems frustrated with the many and often flawed definitions of business architecture.",2,นิยามบทบาทสถาปนิกธุรกิจ,ผู้ที่สร้างสถาปัตยกรรมธุรกิจเป็นที่รู้จักกันในชื่อสถาปนิกธุรกิจสถาปัตยกรรมธุรกิจเป็นสะพานระหว่างรูปแบบธุรกิจองค์กรและกลยุทธ์ของ บริษัท ในด้านหนึ่งและฟังก์ชันการทำงานของธุรกิจในอีกด้านหนึ่งNick Malik สถาปนิกองค์กรที่ Microsoft และผู้ปฏิบัติงานที่ได้รับการยอมรับในสถาปัตยกรรมองค์กรดูเหมือนจะหงุดหงิดกับคำจำกัดความมากมายและมักมีข้อบกพร่องของสถาปัตยกรรมทางธุรกิจ
2000719,business architect role definition,msmarco_passage_56_559757140,"A good Architect looks like a Tech Lead. The Architect role ensures the overall application architecture fits the business context, both now and in the future. In some organisations, Architects work with the team to establish and validate the architectural vision.",1,นิยามบทบาทสถาปนิกธุรกิจ,สถาปนิกที่ดีดูเหมือนผู้นำด้านเทคนิคบทบาทสถาปนิกช่วยให้มั่นใจได้ว่าสถาปัตยกรรมแอปพลิเคชันโดยรวมจะสอดคล้องกับบริบททางธุรกิจ ทั้งในปัจจุบันและในอนาคตในบางองค์กร สถาปนิกทำงานร่วมกับทีมเพื่อสร้างและตรวจสอบวิสัยทัศน์ทางสถาปัตยกรรม
2000719,business architect role definition,msmarco_passage_63_442841991,"A good Architect looks like a Tech Lead. The Architect role ensures the overall application architecture fits the business context, both now and in the future. In some organisations, Architects work with the team to establish and validate the architectural vision.",1,นิยามบทบาทสถาปนิกธุรกิจ,สถาปนิกที่ดีดูเหมือนผู้นำด้านเทคนิคบทบาทสถาปนิกช่วยให้มั่นใจได้ว่าสถาปัตยกรรมแอปพลิเคชันโดยรวมจะสอดคล้องกับบริบททางธุรกิจ ทั้งในปัจจุบันและในอนาคตในบางองค์กร สถาปนิกทำงานร่วมกับทีมเพื่อสร้างและตรวจสอบวิสัยทัศน์ทางสถาปัตยกรรม
2001532,example of what a family advocate does,msmarco_passage_26_610366831,"Example of Advocacy in Family Law. In questions of child custody, family services often employs an advocate who meets with the children to determine the state of their parenting, and with their parents, to advise them of their rights and responsibilities as parents.",1,ตัวอย่างของสิ่งที่ทนายครอบครัวทำ,ตัวอย่างการสนับสนุนในกฎหมายครอบครัวในคำถามเกี่ยวกับการดูแลเด็ก บริการครอบครัวมักจ้างทนายความที่พบปะกับเด็กเพื่อกำหนดสถานะของการเลี้ยงดูและกับพ่อแม่เพื่อแนะนำพวกเขาเกี่ยวกับสิทธิและความรับผิดชอบของพวกเขาในฐานะพ่อแม่
2001532,example of what a family advocate does,msmarco_passage_39_296094151,"Learn about the key requirements, duties, responsibilities, and skills that should be in a family advocate job description. A family advocate assists families by promoting and protecting the best interests of minor/dependent children in a parental rights and responsibilities dispute.",2,ตัวอย่างของสิ่งที่ทนายครอบครัวทำ,เรียนรู้เกี่ยวกับข้อกำหนดที่สำคัญ หน้าที่ ความรับผิดชอบ และทักษะที่ควรอยู่ในรายละเอียดงานผู้สนับสนุนครอบครัวผู้สนับสนุนครอบครัวช่วยเหลือครอบครัวโดยการส่งเสริมและปกป้องผลประโยชน์ที่ดีที่สุดของเด็กที่ยังไม่บรรลุนิติภาวะ/พึ่งพาในข้อพิพาทด้านสิทธิและความรับผิดชอบของผู้ปกครอง
2001532,example of what a family advocate does,msmarco_passage_30_222252514,"Family Court Advocate. Family court advocates work with families in social services departments or crisis intervention programs and stay with them if they need to go to court. This often occurs with children in the foster care system, or those recovering from domestic violence or sexual assault incidents.",2,ตัวอย่างของสิ่งที่ทนายครอบครัวทำ,ทนายความศาลครอบครัวผู้สนับสนุนศาลครอบครัวทำงานกับครอบครัวในแผนกบริการสังคมหรือโปรแกรมการแทรกแซงวิกฤตและอยู่กับพวกเขาหากพวกเขาต้องการไปที่ศาลสิ่งนี้มักเกิดขึ้นกับเด็กในระบบการดูแลอุปถัมภ์หรือผู้ที่ฟื้นตัวจากความรุนแรงในครอบครัวหรือเหตุการณ์การล่วงละเมิดทางเพศ
2001532,example of what a family advocate does,msmarco_passage_36_466663321,"With experience, a family services advocate may help local governments and service organizations to improve programs and policies relating to families. The wages for family advocates range between $24,194 to $42,263 per year, according to PayScale, with a median income of $14.86 per hour, not including overtime. 5.",1,ตัวอย่างของสิ่งที่ทนายครอบครัวทำ,"ด้วยประสบการณ์ ผู้สนับสนุนบริการครอบครัวอาจช่วยรัฐบาลท้องถิ่นและองค์กรบริการในการปรับปรุงโปรแกรมและนโยบายที่เกี่ยวข้องกับครอบครัวค่าจ้างสำหรับผู้สนับสนุนครอบครัวมีอยู่ระหว่าง 24,194 ถึง $42,263 ต่อปีตาม PayScale โดยมีรายได้เฉลี่ย 14.86 เหรียญต่อชั่วโมง ไม่รวมค่าล่วงเวลา 5."
2001532,example of what a family advocate does,msmarco_passage_31_870240959,"Family Members as an Advocate for Elderly Adults. It is not unusual for someone in the family to act as an advocate for an older family member. Often a parent, grandparent, or other older loved one becomes too ill to manage things on his own. When a family member steps in and takes over the care of the senior, he or she is acting as the care advocate for his loved one.",2,ตัวอย่างของสิ่งที่ทนายครอบครัวทำ,สมาชิกในครอบครัวในฐานะผู้สนับสนุนผู้สูงอายุไม่ใช่เรื่องแปลกที่คนในครอบครัวจะทำหน้าที่เป็นผู้สนับสนุนสมาชิกในครอบครัวที่มีอายุมากกว่าบ่อยครั้งที่พ่อแม่ปู่ย่าตายายาหรือคนที่คุณรักที่มีอายุมากกว่าจะป่วยเกินไปที่จะจัดการสิ่งต่าง ๆ ด้วยตัวเองเมื่อสมาชิกในครอบครัวเข้ามาและดูแลผู้สูงอายุ เขาหรือเธอจะทำหน้าที่เป็นผู้สนับสนุนการดูแลคนที่คุณรัก
2001532,example of what a family advocate does,msmarco_passage_07_257278443,"Family Support Advocate [Warsaw] Easter Seals North Georgia 3.7. Roswell, GA 30076. The Family Support Advocate assists families to identify and attain goals via the Family Partnership Agreement or assist families with other expressed needs. 30+ days ago.",1,ตัวอย่างของสิ่งที่ทนายครอบครัวทำ,ผู้สนับสนุนครอบครัว [วอร์ซอ] อีสเตอร์ซีลจอร์เจียเหนือ 3.7.รอสเวลล์ จอร์เจีย 30076ผู้สนับสนุนครอบครัวช่วยเหลือครอบครัวในการระบุและบรรลุเป้าหมายผ่านข้อตกลงหุ้นส่วนครอบครัวหรือช่วยเหลือครอบครัวที่มีความต้องการอื่น ๆ ที่แสดงออกมา 30+ วันก่อน
2001532,example of what a family advocate does,msmarco_passage_10_558932633,"Pediatricians are people who care for children and families,  including the problems they face in society. Pediatricians work with others in their communities to better  the welfare of children. Some examples of pediatricians being advocates are: Giving needed clothing and food to children in their  offices.",0,ตัวอย่างของสิ่งที่ทนายครอบครัวทำ,กุมารแพทย์เป็นคนที่ดูแลเด็กและครอบครัวรวมถึงปัญหาที่พวกเขาเผชิญในสังคมกุมารแพทย์ทำงานร่วมกับผู้อื่นในชุมชนของพวกเขาเพื่อปรับปรุงสวัสดิการของเด็กตัวอย่างบางส่วนของกุมารแพทย์เป็นผู้สนับสนุน ได้แก่: การมอบเสื้อผ้าและอาหารที่จำเป็นให้กับเด็กในสำนักงานของพวกเขา
2001532,example of what a family advocate does,msmarco_passage_66_226595079,"Pediatricians are people who care for children and families,  including the problems they face in society. Pediatricians work with others in their communities to better  the welfare of children. Some examples of pediatricians being advocates are: Giving needed clothing and food to children in their  offices.",0,ตัวอย่างของสิ่งที่ทนายครอบครัวทำ,กุมารแพทย์เป็นคนที่ดูแลเด็กและครอบครัวรวมถึงปัญหาที่พวกเขาเผชิญในสังคมกุมารแพทย์ทำงานร่วมกับผู้อื่นในชุมชนของพวกเขาเพื่อปรับปรุงสวัสดิการของเด็กตัวอย่างบางส่วนของกุมารแพทย์เป็นผู้สนับสนุน ได้แก่: การมอบเสื้อผ้าและอาหารที่จำเป็นให้กับเด็กในสำนักงานของพวกเขา
2001532,example of what a family advocate does,msmarco_passage_41_167139160,"Be an Advocate. Be an advocate for your family member with a disability. Caregivers who are effective advocates may be more successful at getting better service. Ask questions. For example, if your family member with a disability uses a wheelchair and you want to plan a beach vacation, find out if the beaches are accessible via a car, ramp, portable walkway mat, or other equipment.",2,ตัวอย่างของสิ่งที่ทนายครอบครัวทำ,เป็นทนายความเป็นผู้สนับสนุนสมาชิกในครอบครัวที่มีความพิการผู้ดูแลที่เป็นผู้สนับสนุนที่มีประสิทธิภาพอาจประสบความสำเร็จในการรับบริการที่ดีขึ้นถามคำถามตัวอย่างเช่น หากสมาชิกในครอบครัวที่มีความพิการใช้เก้าอี้รถเข็นและคุณต้องการวางแผนวันหยุดพักผ่อนริมชายหาดให้ค้นหาว่าสามารถเข้าถึงชายหาดได้ผ่านรถยนต์ ทางลาดเสื่อทางเดินแบบพกพา หรืออุปกรณ์อื่น ๆ หรือไม่
2001532,example of what a family advocate does,msmarco_passage_29_401749480,"Is “advocate for” redundant? For example, does one advocate human rights, or advocate for them?",0,ตัวอย่างของสิ่งที่ทนายครอบครัวทำ,“ผู้สนับสนุน” ซ้ำซ้อนหรือไม่?ตัวอย่างเช่น มีคนสนับสนุนสิทธิมนุษยชนหรือสนับสนุนพวกเขาหรือไม่?
2001532,example of what a family advocate does,msmarco_passage_02_441323410,Advocating in the Community Arena. The following sections will give examples illustrating how nurses can develop and use their skills to advocate effectively in the community to persuade those in positions of power and authority to meet the needs of patients and their families.,2,ตัวอย่างของสิ่งที่ทนายครอบครัวทำ,การสนับสนุนในเวทีชุมชนส่วนต่อไปนี้จะให้ตัวอย่างที่แสดงให้เห็นว่าพยาบาลสามารถพัฒนาและใช้ทักษะของตนเพื่อสนับสนุนอย่างมีประสิทธิภาพในชุมชนเพื่อชักชวนผู้ที่อยู่ในตำแหน่งอำนาจและอำนาจให้ตอบสนองความต้องการของผู้ป่วยและครอบครัวของพวกเขา
2001532,example of what a family advocate does,msmarco_passage_45_364622997,"For example, if a colonist died without any will, there was the possibility that his or her wealth would go to someone who was not part of the deceased’s family. Therefore, to secure their wealth, colonists advocated for primogeniture.",0,ตัวอย่างของสิ่งที่ทนายครอบครัวทำ,ตัวอย่างเช่นหากอาณานิคมเสียชีวิตโดยไม่มีเจตจำนงใด ๆ มีความเป็นไปได้ที่ความมั่งคั่งของเขาหรือเธอจะไปหาคนที่ไม่ใช่ส่วนหนึ่งของครอบครัวของผู้เสียชีวิตดังนั้นเพื่อรักษาความมั่งคั่งของพวกเขาชาวอาณานิคมจึงสนับสนุนการเกษตรบุรุษ
2001532,example of what a family advocate does,msmarco_passage_53_801315115,"Examples of extended family in a Sentence. Recent Examples on the Web The family’s second medical crisis occurred seven years later, when 12-year-old Nguyen acted as an advocate and translator for his extended family while his grandmother was treated for cancer at Massachusetts General Hospital.",1,ตัวอย่างของสิ่งที่ทนายครอบครัวทำ,ตัวอย่างครอบครัวขยายในประโยคตัวอย่างล่าสุดบนเว็บ วิกฤตทางการแพทย์ครั้งที่สองของครอบครัวเกิดขึ้นเจ็ดปีต่อมาเมื่อ Nguyen อายุ 12 ปีทำหน้าที่เป็นผู้สนับสนุนและนักแปลสำหรับครอบครัวส่วนใหญ่ของเขาในขณะที่ยายของเขาได้รับการรักษาโรคมะเร็งที่โรงพยาบาลแมสซาชูเซตส์เจเนอรัล
2001532,example of what a family advocate does,msmarco_passage_47_79251031,"Effective Communication Skills for Family Peer Advocates. Engagement Strategies for Family Peer Advocates. Learning About Families: Exploring Strengths, Needs and Culture. Creating a Plan to Support Families. Empowerment Strategies for Family Peer Advocates. Developing Effective Partnerships.",2,ตัวอย่างของสิ่งที่ทนายครอบครัวทำ,ทักษะการสื่อสารที่มีประสิทธิภาพสำหรับผู้สนับสนุนเพื่อนในครอบครัวกลยุทธ์การมีส่วนร่วมสำหรับผู้สนับสนุนเพื่อนในครอบครัวเรียนรู้เกี่ยวกับครอบครัว: สำรวจจุดแข็ง ความต้องการ และวัฒนธรรมการสร้างแผนเพื่อสนับสนุนครอบครัวกลยุทธ์การเสริมอำนาจสำหรับผู้สนับสนุนเพื่อนในครอบครัวการพัฒนาความร่วมมือที่มีประสิทธิภาพ
2001532,example of what a family advocate does,msmarco_passage_52_127721966,Examples of Interpretive statement in a sentence. Interpretive statement: The nursing profession is based on advocating for patients and families in order to help facilitate the healing process; NSNA serves as an advocate for nursing students by representing them as one united voice.,0,ตัวอย่างของสิ่งที่ทนายครอบครัวทำ,ตัวอย่างข้อความตีความในประโยคคำชี้แจงการตีความ: อาชีพการพยาบาลมีพื้นฐานมาจากการสนับสนุนผู้ป่วยและครอบครัวเพื่อช่วยอำนวยความสะดวกในกระบวนการรักษา NSNA ทำหน้าที่เป็นผู้สนับสนุนนักศึกษาพยาบาลโดยเป็นตัวแทนของพวกเขาในฐานะเสียงเดียวกัน
2001532,example of what a family advocate does,msmarco_passage_49_16734557,"Be an advocate. One thing you can do to show your support is to be an advocate for your loved one with hearing loss. For example, it can be especially difficult for a person with hearing loss to hear in group situations, whether it's at a dinner or party, due to the background noise. Before a family gathering, you can call or email the other relatives to let them know some tips and tactics to help foster more successful communication with the family member with hearing loss.",2,ตัวอย่างของสิ่งที่ทนายครอบครัวทำ,เป็นทนายความสิ่งหนึ่งที่คุณสามารถทำได้เพื่อแสดงการสนับสนุนของคุณคือการเป็นผู้สนับสนุนคนที่คุณรักที่มีการสูญเสียการได้ยินตัวอย่างเช่นอาจเป็นเรื่องยากอย่างยิ่งสำหรับผู้ที่มีการสูญเสียการได้ยินในสถานการณ์กลุ่มไม่ว่าจะเป็นอาหารเย็นหรือปาร์ตี้เนื่องจากเสียงรบกวนพื้นหลังก่อนการรวบรวมครอบครัว คุณสามารถโทรหรือส่งอีเมลถึงญาติคนอื่นเพื่อแจ้งให้พวกเขาทราบเคล็ดลับและกลยุทธ์เพื่อช่วยส่งเสริมการสื่อสารกับสมาชิกในครอบครัวที่มีการสูญเสียการได้ยินที่ประสบความสำเร็จมากขึ้น
2001532,example of what a family advocate does,msmarco_passage_07_803675338,"Study vocabulary in context. Many of the sentences have audio, too. This page requires JavaScript. English Sentences Focusing on Words and Their Word Families. The Word ""Advocate"" in Example Sentences. Page 1. 2050654	I'm just playing the devil's advocate. CK	1
1093383	Tom isn't very good at playing the devil's advocate. CK	1
1362585	He advocatedthe reduction of taxes.",0,ตัวอย่างของสิ่งที่ทนายครอบครัวทำ,"ศึกษาคำศัพท์ในบริบทประโยคจำนวนมากมีเสียงเช่นกันหน้านี้ต้องใช้จาวาสคริปต์ประโยคภาษาอังกฤษมุ่งเน้นไปที่คำและตระกูลคำของพวกเขาคำว่า “ทนายความ” ในประโยคตัวอย่างหน้า 1 2050654 ฉันแค่เล่นผู้สนับสนุนของปีศาจซีเค 1
1093383 ทอมไม่เก่งในการเล่นผู้สนับสนุนของปีศาจซีเค 1
1362585 เขาสนับสนุนการลดภาษี"
2001532,example of what a family advocate does,msmarco_passage_57_19197879,"Redefining Homelessness Could Help Families on the Edge, Advocates Say. Quick View. Stateline Story November 22, 2019. Redefining Homelessness Could Help Families on the Edge, Advocates Say. Two states this year passed laws to fight youth homelessness. In some cities and states, laws haven’t been enough to protect some tenants. In New Orleans, for example, workers at an extended-stay hotel were arrested after police said they tried to evict residents by force despite Democratic Gov. John Bel Edwards’ no-eviction order, according to a report at nola.com.",0,ตัวอย่างของสิ่งที่ทนายครอบครัวทำ,ผู้สนับสนุนกล่าว การกำหนดการไร้บ้านใหม่อาจช่วยครอบครัวที่อยู่ขอบได้มุมมองด่วนเรื่องราวของสเตทไลน์ 22 พฤศจิกายน 2019.ผู้สนับสนุนกล่าว การกำหนดการไร้บ้านใหม่อาจช่วยครอบครัวที่อยู่ขอบได้สองรัฐในปีนี้ได้ผ่านกฎหมายเพื่อต่อสู้กับความไร้ที่อยู่อาศัยของเยาวชนในบางเมืองและรัฐกฎหมายยังไม่เพียงพอที่จะปกป้องผู้เช่าบางคนตัวอย่างเช่นในนิวออร์ลีนส์ คนงานในโรงแรมระยะยาวถูกจับกุมหลังจากตำรวจกล่าวว่าพวกเขาพยายามขับไล่ผู้อยู่อาศัยโดยบังคับแม้ว่าจอห์น เบล เอ็ดเวิร์ดส์ รัฐมนตรีประชาธิปัตย์จะไม่ถูกขับไล่ตามรายงานที่ nola.com
2001532,example of what a family advocate does,msmarco_passage_48_118899219,"Who can be a litigation friend. The court can appoint anyone to be a litigation friend, for example: a parent or guardian. a family member or friend. a solicitor. a professional advocate, such as an Independent Mental Capacity Advocate (IMCA) a Court of Protection deputy.",1,ตัวอย่างของสิ่งที่ทนายครอบครัวทำ,ใครสามารถเป็นเพื่อนคดีได้ศาลสามารถแต่งตั้งทุกคนให้เป็นเพื่อนคดีเช่นพ่อแม่หรือผู้ปกครอง สมาชิกในครอบครัวหรือเพื่อน ทนายความ ทนายความมืออาชีพ เช่น ทนายความสามารถทางจิตอิสระ (IMCA) รองศาลคุ้มครอง
2001532,example of what a family advocate does,msmarco_passage_04_633555871,"Examples of formal processes include court hearings, grievance procedures or complaint processes. Although some of the sections in this publication are written with the self-advocate in mind, peer advocates (including family, friends and service providers) will benefit from the advocacy information and techniques throughout the publication.",1,ตัวอย่างของสิ่งที่ทนายครอบครัวทำ,ตัวอย่างของกระบวนการอย่างเป็นทางการ ได้แก่ การพิจารณาคดีในศาล ขั้นตอนการร้องเรียน หรือกระบวนการร้องเรียนแม้ว่าบางส่วนในสิ่งพิมพ์นี้จะเขียนขึ้นโดยคำนึงถึงการสนับสนุนตนเอง แต่ผู้สนับสนุนเพื่อน (รวมถึงครอบครัว เพื่อน และผู้ให้บริการ) จะได้รับประโยชน์จากข้อมูลและเทคนิคการสนับสนุนตลอดทั้งสิ่งพิมพ์
2001532,example of what a family advocate does,msmarco_passage_39_834529498,"Examples of formal processes include court hearings, grievance procedures or complaint processes. Although some of the sections in this publication are written with the self-advocate in mind, peer advocates (including family, friends and service providers) will benefit from the advocacy information and techniques throughout the publication.",2,ตัวอย่างของสิ่งที่ทนายครอบครัวทำ,ตัวอย่างของกระบวนการอย่างเป็นทางการ ได้แก่ การพิจารณาคดีในศาล ขั้นตอนการร้องเรียน หรือกระบวนการร้องเรียนแม้ว่าบางส่วนในสิ่งพิมพ์นี้จะเขียนขึ้นโดยคำนึงถึงการสนับสนุนตนเอง แต่ผู้สนับสนุนเพื่อน (รวมถึงครอบครัว เพื่อน และผู้ให้บริการ) จะได้รับประโยชน์จากข้อมูลและเทคนิคการสนับสนุนตลอดทั้งสิ่งพิมพ์
2001532,example of what a family advocate does,msmarco_passage_07_125122427,"Some of the duties of a Child advocate might include: Assessment of child and family. Communication of child’s needs, medical and social history. Practical assistance to family. Working with family to make sure child is appropriately screened for special needs. Creating Rapport between family, child and Child Advocate.",2,ตัวอย่างของสิ่งที่ทนายครอบครัวทำ,หน้าที่บางอย่างของทนายความเด็กอาจรวมถึง: การประเมินเด็กและครอบครัวการสื่อสารความต้องการของเด็กประวัติทางการแพทย์และสังคมความช่วยเหลือในทางปฏิบัติต่อครอบครัวทำงานร่วมกับครอบครัวเพื่อให้แน่ใจว่าเด็กได้รับการคัดกรองอย่างเหมาะสมสำหรับความต้องการพิเศษสร้างความสัมพันธ์ระหว่างครอบครัว เด็ก และทนายความเด็ก
2001532,example of what a family advocate does,msmarco_passage_29_117271992,"Helping Hands, Helping Voices: Examples of Patient Advocacy in Nursing. Consider the following scenario. A pediatric nurse feels transferring a little boy to another hospital would further traumatize him and his family, already devastated by a flood, so the nurse speaks up on their behalf. The physician considers the nurse’s argument and agrees. Nurses like these advocate to place the personal needs of individuals and families above hospital routines and bureaucratic red tape.",2,ตัวอย่างของสิ่งที่ทนายครอบครัวทำ,มือช่วยเหลือเสียงความช่วยเหลือ: ตัวอย่างการสนับสนุนผู้ป่วยในการพยาบาลพิจารณาสถานการณ์ต่อไปนี้พยาบาลกุมารู้สึกว่าการย้ายเด็กชายตัวเล็กไปที่โรงพยาบาลอื่นจะทำให้เขาและครอบครัวของเขาได้รับบาดเจ็บมากขึ้นซึ่งถูกทำลายจากน้ำท่วมแล้ว ดังนั้นพยาบาลจึงพูดในนามของพวกเขาแพทย์พิจารณาข้อโต้แย้งของพยาบาลและเห็นด้วยพยาบาลเช่นเหล่านี้สนับสนุนให้กำหนดความต้องการส่วนบุคคลของบุคคลและครอบครัวเหนือกิจวัตรในโรงพยาบาลและระบบราชการ
2001532,example of what a family advocate does,msmarco_passage_05_342369550,"For example, in April of 2018 victim advocates in North Carolina met to discuss lobbying for House Bill 551, an amended that would “require courts to notify victims’ families of hearing and allowing victims to protect the disclosure of private information and get restitution from defendants.”.",1,ตัวอย่างของสิ่งที่ทนายครอบครัวทำ,ตัวอย่างเช่นในเดือนเมษายนปี 2018 ผู้สนับสนุนเหยื่อในนอร์ทแคโรไลนาได้พบกันเพื่อหารือเกี่ยวกับล็อบบี้สำหรับสภาBill 551 ซึ่งมีการแก้ไขที่จะ “กำหนดให้ศาลแจ้งครอบครัวของผู้เหยื่อเกี่ยวกับการฟังและอนุญาตให้เหยื่อปกป้องการเปิดเผยข้อมูลส่วนตัวและรับการคืนเงินจากจำเลย”
2001532,example of what a family advocate does,msmarco_passage_08_527802396,"An effective advocate is someone you trust who is willing to act on your behalf as well as someone who can work well with other members of your healthcare team such as your doctors and nurses. An advocate may be a member of your family, such as a spouse, a child, another family member, or a close friend.",3,ตัวอย่างของสิ่งที่ทนายครอบครัวทำ,ผู้สนับสนุนที่มีประสิทธิภาพคือคนที่คุณไว้วางใจซึ่งเต็มใจที่จะดำเนินการในนามของคุณ เช่นเดียวกับคนที่สามารถทำงานได้ดีกับสมาชิกคนอื่น ๆ ในทีมดูแลสุขภาพของคุณ เช่น แพทย์และพยาบาลของคุณทนายความอาจเป็นสมาชิกในครอบครัวของคุณ เช่น คู่สมรส บุตร สมาชิกในครอบครัวคนอื่น หรือเพื่อนสนิท
2001532,example of what a family advocate does,msmarco_passage_33_127743777,"Living wills, advanced directives, and end of life care can also be covered. Additional topics include patient empowerment and advocacy, current issues in healthcare, patient and family resources in the community, diversity and clinical care. Work Environments. Patient advocates work in a variety of settings.",1,ตัวอย่างของสิ่งที่ทนายครอบครัวทำ,พินัยกรรมการใช้ชีวิต คำสั่งขั้นสูง และการดูแลสิ้นสุดชีวิตยังสามารถครอบคลุมได้หัวข้อเพิ่มเติม ได้แก่ การเพิ่มอำนาจและการสนับสนุนผู้ป่วย ประเด็นปัจจุบันในการดูแลสุขภาพ ทรัพยากรผู้ป่วยและครอบครัวในชุมชน ความหลากหลายและการดูแลทางคลินิกสภาพแวดล้อมการทำงานผู้สนับสนุนผู้ป่วยทำงานในรูปแบบที่หลากหลาย
2001532,example of what a family advocate does,msmarco_passage_42_679438743,"ADVOCACY. Victim advocates need to know how, where, and when to speak up for their clients. Advocacy may include speaking to other team members on clients’ behalf or helping clients understand how to advocate for themselves and their families.",2,ตัวอย่างของสิ่งที่ทนายครอบครัวทำ,การสนับสนุนผู้สนับสนุนเหยื่อจำเป็นต้องรู้ว่าจะพูดถึงลูกค้าอย่างไร ที่ไหน และเมื่อไหร่การสนับสนุนอาจรวมถึงการพูดคุยกับสมาชิกในทีมคนอื่น ๆ ในนามของลูกค้า หรือช่วยให้ลูกค้าเข้าใจวิธีการสนับสนุนตนเองและครอบครัว
2001532,example of what a family advocate does,msmarco_passage_65_755942785,Psc-peer Support Specialist / Family Advocate Resume Examples & Samples. High School Graduation or G.E.D. equivalent and two years of direct services in Mental Health or community services; or Associates degree and 1 year of experience or Bachelor’s degree in Social Services and six (6) months experience.,1,ตัวอย่างของสิ่งที่ทนายครอบครัวทำ,ตัวอย่างประวัติย่อและตัวอย่าง ผู้เชี่ยวชาญด้านการสนับสนุน PSC-Peer /ผู้สนับสนุนครอบครัวสำเร็จการศึกษาระดับมัธยมปลายหรือเทียบเท่า G.E.D. และบริการโดยตรงในด้านสุขภาพจิตหรือบริการชุมชน 2 ปี หรือปริญญาโท และประสบการณ์ 1 ปี หรือปริญญาตรีสาขาบริการสังคมและประสบการณ์หก (6) เดือน
2001532,example of what a family advocate does,msmarco_passage_00_484158910,"The Family Advocate is also available to address any concerns that the child and non-offending parent may have about their safety or the impact of domestic violence. The Advocate assesses risk of violence and provides supportive services, safety planning, information, and referrals.",2,ตัวอย่างของสิ่งที่ทนายครอบครัวทำ,ผู้สนับสนุนครอบครัวพร้อมให้บริการเพื่อแก้ไขข้อกังวลใด ๆ ที่เด็กและพ่อแม่ที่ไม่ละเมิดอาจมีเกี่ยวกับความปลอดภัยของพวกเขาหรือผลกระทบของความรุนแรงในครอบครัวAdvocate ประเมินความเสี่ยงของความรุนแรงและให้บริการสนับสนุน การวางแผนความปลอดภัย ข้อมูล และการอ้างอิง
2001532,example of what a family advocate does,msmarco_passage_58_748236688,"Veronica explained that family advocates can work with clients to prepare for court sessions, find safe housing, connect to community resources, seek employment or economic assistance, schedule appointments, file restraining orders, and even attend law enforcement interviews or court at the client’s request.",3,ตัวอย่างของสิ่งที่ทนายครอบครัวทำ,เวโรนิกาอธิบายว่าผู้สนับสนุนครอบครัวสามารถทำงานร่วมกับลูกค้าเพื่อเตรียมความพร้อมสำหรับการประชุมศาลค้นหาที่อยู่อาศัยที่ปลอดภัยเชื่อมต่อกับทรัพยากรชุมชนขอการจ้างงานหรือความช่วยเหลือทางเศรษฐกิจกำหนดการนัดหมายยื่นคำสั่งยับยื่นคำสั่งห้ามและแม้แต่เข้าร่วมสัมภาษณ์บังคับใช้กฎหมายหรือศาลตามคำขอของลูกค้า
2001532,example of what a family advocate does,msmarco_passage_67_168169170,"Support other family members. As an advocate, you will be helping families. In many cases, you will help a child find a home with a permanent adoptive family. This is yet another way child advocates make a difference. When you help to create families, you are helping to create joy.",1,ตัวอย่างของสิ่งที่ทนายครอบครัวทำ,สนับสนุนสมาชิกในครอบครัวคนอื่น ๆในฐานะผู้สนับสนุนคุณจะช่วยเหลือครอบครัวในหลาย ๆ กรณีคุณจะช่วยให้เด็กหาบ้านที่มีครอบครัวบุตรบุญธรรมถาวรนี่เป็นอีกวิธีหนึ่งที่ผู้สนับสนุนเด็กสร้างความแตกต่างเมื่อคุณช่วยสร้างครอบครัวคุณกำลังช่วยสร้างความสุข
2001532,example of what a family advocate does,msmarco_passage_46_371047845,"Family Advocates work with residents to assist them in meeting their goals. Residents have the opportunity to participate in vital services, such as individual and group counseling, safety planning, medical attention, housing referrals, and educational and recreational activities for children.",2,ตัวอย่างของสิ่งที่ทนายครอบครัวทำ,ผู้สนับสนุนครอบครัวทำงานร่วมกับผู้อยู่อาศัยเพื่อช่วยเหลือพวกเขาในการบรรลุเป้าหมายผู้อยู่อาศัยมีโอกาสเข้าร่วมในบริการที่สำคัญเช่นการให้คำปรึกษาส่วนบุคคลและกลุ่มการวางแผนความปลอดภัยการดูแลทางการแพทย์การอ้างอิงที่อยู่อาศัยและกิจกรรมการศึกษาและสันทนาการสำหรับเด็ก
2001532,example of what a family advocate does,msmarco_passage_54_127111419,"The Family Advocacy Program — The Family Advocacy Program is a supportive resource for service members and their families. The program provides support and resources to help families develop and sustain healthy, strong relationships.",2,ตัวอย่างของสิ่งที่ทนายครอบครัวทำ,โครงการสนับสนุนครอบครัว - โครงการสนับสนุนครอบครัวเป็นแหล่งสนับสนุนสำหรับสมาชิกบริการและครอบครัวของพวกเขาโปรแกรมนี้ให้การสนับสนุนและทรัพยากรเพื่อช่วยให้ครอบครัวพัฒนาและรักษาความสัมพันธ์ที่แข็งแรงและแข็งแรง
2001532,example of what a family advocate does,msmarco_passage_39_296093361,Family Advocate Job Description Template. We are seeking a family advocate who is passionate about achieving positive child and family outcomes through high-quality engagement.,1,ตัวอย่างของสิ่งที่ทนายครอบครัวทำ,เทมเพลตคำอธิบายงานทนายความครอบครัวเรากำลังมองหาผู้สนับสนุนครอบครัวที่หลงใหลในการบรรลุผลลัพธ์เชิงบวกสำหรับเด็กและครอบครัวผ่านการมีส่วนร่วมที่มีคุณภาพสูง
2001532,example of what a family advocate does,msmarco_passage_30_222253509,The main goal of a family court advocate is to support the best interests of the children and family in any legal case. They work to build relationships with their client as they navigate through the legal system and stay with families and their children as they go to court.,2,ตัวอย่างของสิ่งที่ทนายครอบครัวทำ,เป้าหมายหลักของทนายศาลครอบครัวคือการสนับสนุนผลประโยชน์ที่ดีที่สุดของเด็กและครอบครัวในทุกกรณีทางกฎหมายพวกเขาทำงานเพื่อสร้างความสัมพันธ์กับลูกค้าของพวกเขาในขณะที่พวกเขาเดินผ่านระบบกฎหมายและอยู่กับครอบครัวและลูก ๆ ของพวกเขาในขณะที่พวกเขาไปศาล
2001532,example of what a family advocate does,msmarco_passage_64_44460766,Examples of being an individual advocate for others: Helping an elderly neighbor figure out local shuttle and bus schedules so she or he can continue to live independently without driving. Contacting school officials after learning a child was bullied at school.,2,ตัวอย่างของสิ่งที่ทนายครอบครัวทำ,ตัวอย่างของการเป็นผู้สนับสนุนบุคคลสำหรับผู้อื่น: ช่วยเพื่อนบ้านผู้สูงอายุกำหนดตารางรถรับส่งและรถประจำทางในท้องถิ่น เพื่อให้เธอหรือเขาสามารถใช้ชีวิตได้อย่างอิสระโดยไม่ต้องขับรถติดต่อเจ้าหน้าที่โรงเรียนหลังจากเรียนรู้ว่าเด็กถูกกลั่นแกล้งที่โรงเรียน
2001532,example of what a family advocate does,msmarco_passage_11_169237332,"Advocate is defined as to speak, write or stand up for something or someone. An example of advocate is a parent fighting for special education services for her child. verb.",2,ตัวอย่างของสิ่งที่ทนายครอบครัวทำ,ทนายความหมายคือการพูด เขียน หรือยืนหยัดเพื่อบางสิ่งหรือใครบางคนตัวอย่างของผู้สนับสนุนคือผู้ปกครองที่ต่อสู้เพื่อบริการการศึกษาพิเศษสำหรับลูกของเธอ คำกริยา
2001908,how do I replace the burners on a ducane grill,msmarco_passage_49_805644527,"How Do I Replace a Ducane Grill Burner? Hunker may earn compensation through affiliate links in this story. If the burner in your Ducane grill becomes too dirty, it will not cook food properly. You will notice uneven grilling due to hot spots and cold spots. It is recommended to clean your burner every one to two years.",1,ฉันจะเปลี่ยนเตาบนตะแกรงดูเคนได้อย่างไร,ฉันจะเปลี่ยนเตาปิ้งย่าง Ducane ได้อย่างไรHunker อาจได้รับค่าชดเชยผ่านลิงก์พันธมิตรในเรื่องนี้หากเตาในเตาย่าง Ducane ของคุณสกปรกเกินไปมันจะไม่ปรุงอาหารอย่างถูกต้องคุณจะสังเกตเห็นการย่างที่ไม่สม่ำเสมอเนื่องจากจุดร้อนและจุดเย็นขอแนะนำให้ทำความสะอาดเตาของคุณทุกหนึ่งถึงสองปี
2001908,how do I replace the burners on a ducane grill,msmarco_passage_49_805645003,"However, if the burner ports become clogged with grease and you are unable to clean them, it is time to replace the burner. Replacement burners can be ordered from Ducane online. You also may be able to find them at your local retail store. Advertisement.",1,ฉันจะเปลี่ยนเตาบนตะแกรงดูเคนได้อย่างไร,อย่างไรก็ตามหากพอร์ตเตาอุดตันด้วยจาระบีและคุณไม่สามารถทำความสะอาดได้ถึงเวลาเปลี่ยนเตาแล้วสามารถสั่งซื้อเตาทดแทนได้จาก Ducane ออนไลน์คุณอาจจะสามารถหาได้ที่ร้านค้าปลีกในพื้นที่ของคุณโฆษณา
2001908,how do I replace the burners on a ducane grill,msmarco_passage_60_315345544,Common Ducane furnace repair parts. Burner flame sensor. The burner flame sensor detects when the burner flame has ignited and sends a signal to the control board to stop the igniter from operating. Replace the burner flame sensor in your Ducane furnace if the flame sensor isn't properly detecting the burner flame. Igniter.,0,ฉันจะเปลี่ยนเตาบนตะแกรงดูเคนได้อย่างไร,ชิ้นส่วนซ่อมเตา Ducane ทั่วไปเซ็นเซอร์เปลวไฟเตาเซ็นเซอร์เปลวไฟของเตาตรวจจับเมื่อเปลวไฟของเตาติดไฟและส่งสัญญาณไปยังแผงควบคุมเพื่อหยุดเตาไฟไม่ให้ทำงานเปลี่ยนเซ็นเซอร์เปลวไฟของเตาเผาในเตา Ducane ของคุณหากเซ็นเซอร์เปลวไฟตรวจจับเปลวไฟของเตาไม่ถูกต้องเครื่องจุดระเบิด
2001908,how do I replace the burners on a ducane grill,msmarco_passage_25_588422827,How to get the right oil burner electrode. To get the right oil burner replacement electrode assembly the technician needs to know the oil burner brand (Ducane) and model number. Or. she needs to get the exact measurements of and shape of the original oil burner electrode assembly.,0,ฉันจะเปลี่ยนเตาบนตะแกรงดูเคนได้อย่างไร,วิธีรับอิเล็กโทรดเตาน้ำมันที่เหมาะสมเพื่อให้ได้ชุดอิเล็กโทรดทดแทนเตาน้ำมันที่เหมาะสม ช่างเทคนิคจำเป็นต้องรู้แบรนด์เตาน้ำมัน (Ducane) และหมายเลขรุ่นหรือ เธอต้องการรับการวัดและรูปร่างที่แน่นอนของชุดอิเล็กโทรดเตาน้ำมันดั้งเดิม
2001908,how do I replace the burners on a ducane grill,msmarco_passage_45_490564940,Install the new burners into the grill. Clip the electrode onto the new burner and insert the end of the burner onto the nozzle of the valve assembly. Repeat this step for the other burner. 5. Replace the carry-over tube and the hitch pins. Replace the carry-over tube on the new burners and replace the four hitch pins. 6.,2,ฉันจะเปลี่ยนเตาบนตะแกรงดูเคนได้อย่างไร,ติดตั้งเตาใหม่ลงในตะแกรงคลิปอิเล็กโทรดลงบนเตาใหม่และสอดปลายเตาลงบนหัวฉีดของชุดวาล์วทำซ้ำขั้นตอนนี้สำหรับเตาอื่น 5.เปลี่ยนท่อพกพาและหมุดยึดเปลี่ยนท่อพกพาบนเตาใหม่และเปลี่ยนหมุดยึดสี่ตัว 6.
2001908,how do I replace the burners on a ducane grill,msmarco_passage_25_588422420,"In the very worst case I can imagine, of an oil burner that is so old that the exact electrode replacement parts can't be found, you'd still have the option of replacing the oil burner itself. You might also have your repair tech contact the present Ducane Co. directly at.",0,ฉันจะเปลี่ยนเตาบนตะแกรงดูเคนได้อย่างไร,ในกรณีที่เลวร้ายที่สุดที่ฉันจินตนาการได้ ของเตาน้ำมันที่เก่ามากจนไม่สามารถพบชิ้นส่วนอะไหล่อิเล็กโทรดที่แน่นอนคุณยังคงมีตัวเลือกในการเปลี่ยนเตาน้ำมันเองคุณอาจขอให้เทคนิคการซ่อมติดต่อ Ducane Co. ปัจจุบันได้โดยตรงที่
2001908,how do I replace the burners on a ducane grill,msmarco_passage_60_316157625,"How to replace a gas grill burner. This repair guide gives step-by-step instructions for how to replace a burner on a gas grill in about 15 minutes. If a burner on your grill produces an uneven flame or a flame that is low even when you turn the burner to high heat, first try cleaning it with a wire brush. If the problem persists, or if the burner is obviously damaged, replace it with the manufacturer-approved gas grill part that fits your gas grill model.",0,ฉันจะเปลี่ยนเตาบนตะแกรงดูเคนได้อย่างไร,วิธีการเปลี่ยนเตาเตาย่างแก๊สคู่มือการซ่อมแซมนี้ให้คำแนะนำทีละขั้นตอนสำหรับวิธีการเปลี่ยนเตาบนตะแกรงแก๊สในเวลาประมาณ 15 นาทีหากเตาบนตะแกรงของคุณก่อให้เกิดเปลวไฟที่ไม่สม่ำเสมอหรือเปลวไฟต่ำแม้ว่าคุณจะเปิดเตาเป็นความร้อนสูงก่อนอื่นให้ลองทำความสะอาดด้วยแปรงลวดหากปัญหายังคงมีอยู่หรือหากเตาเสียหายอย่างเห็นได้ชัด ให้เปลี่ยนด้วยชิ้นส่วนเตาย่างแก๊สที่ได้รับการอนุมัติจากผู้ผลิตซึ่งเหมาะกับรุ่นเตาย่างแก๊สของคุณ
2001908,how do I replace the burners on a ducane grill,msmarco_passage_67_664905721,"Replace burners, when necessary. If your gas supply is fine and the igniter seems to be working, the problem may be with the burners under the grate of your grill. Follow your grill instructions for proper replacement procedures. Before replacing your burner, try resetting its regulator.",2,ฉันจะเปลี่ยนเตาบนตะแกรงดูเคนได้อย่างไร,เปลี่ยนเตาเมื่อจำเป็นหากแหล่งจ่ายก๊าซของคุณเรียบร้อยและตัวจุดไฟดูเหมือนจะทำงานปัญหาอาจเกิดขึ้นกับเตาเผาใต้ตะแกรงของตะแกรงของคุณทำตามคำแนะนำเตาย่างของคุณสำหรับขั้นตอนการเปลี่ยนที่เหมาะสมก่อนเปลี่ยนเตาให้ลองรีเซ็ตตัวควบคุม
2001908,how do I replace the burners on a ducane grill,msmarco_passage_25_588423660,"Other OEM replacements for Ducane oil burner electrodes include the. Crown 21182-02 Set Of Replacement Electrodes For Ducane DMR-15A With 7"" Blast Tube. Crown 21182-02 Set Of Replacement Electrodes For Ducane DMR-15A With 7"" Blast Tube Fits Ducane DMR15A, DMR-15A, DMR15A1, DMR-15A-1 Oil Burners.",0,ฉันจะเปลี่ยนเตาบนตะแกรงดูเคนได้อย่างไร,"การทดแทน OEM อื่น ๆ สำหรับอิเล็กโทรดเตาน้ำมัน Ducane ได้แก่Crown 21182-02 ชุดอิเล็กโทรดทดแทนสำหรับ Ducane DMR-15A พร้อมท่อระเบิด 7 นิ้วชุดอิเล็กโทรดทดแทน Crown 21182-02 สำหรับ Ducane DMR-15A พร้อมท่อระเบิด 7 นิ้วเหมาะกับเตาน้ำมันDucane DMR15A, DMR-15A, DMR15A1, DMR-15A-1"
2001908,how do I replace the burners on a ducane grill,msmarco_passage_41_599020154,Ducane Grill Parts | FREE shipping | Replacement parts for Ducane BBQ Grills. We stock and sell the most commonly needed Ducane replacement grill parts. Orders over $35 ship free to USA*. Ducane Grill Parts.,0,ฉันจะเปลี่ยนเตาบนตะแกรงดูเคนได้อย่างไร,ชิ้นส่วนเตาย่าง Ducane | จัดส่งฟรี | อะไหล่สำหรับเตาย่างบาร์บีคิว Ducaneเราจัดเก็บและขายชิ้นส่วนเตาย่างทดแทน Ducane ที่ต้องการมากที่สุดคำสั่งซื้อมากกว่า $35 จัดส่งฟรีไปยังสหรัฐอเมริกา*ชิ้นส่วนเตาย่าง Ducane
2001908,how do I replace the burners on a ducane grill,msmarco_passage_25_588421550,Ask about their part no.: ICP 1150294 ELECTRODE DUCANE or its replacement by Part # ICP B0811114 ELECTRODE DUCANE (about $100. U.S.) Crown also supplies oil burner electrodes and parts: for a Ducane oil burner the Crown # 21182-02 or a 21190-02 electrode set (shown below as a measurement schematic) may fit.,0,ฉันจะเปลี่ยนเตาบนตะแกรงดูเคนได้อย่างไร,สอบถามเกี่ยวกับหมายเลขชิ้นส่วน: ICP 1150294 ELECTRODE DUCANE หรือเปลี่ยนด้วยชิ้นส่วน # ICP B0811114 ELECTRODE DUCANE (ประมาณ $100สหรัฐอเมริกา)Crown ยังจัดหาอิเล็กโทรดและชิ้นส่วนของเตาน้ำมันด้วย: สำหรับเตาน้ำมัน Ducane Crown # 21182-02 หรือชุดอิเล็กโทรด 21190-02 (แสดงด้านล่างเป็นแผนผังการวัด) อาจเหมาะสม
2001908,how do I replace the burners on a ducane grill,msmarco_passage_41_599019732,Find Your Ducane Model#100010051005SHLPE1005SHNE12001200HLPE1200HNE12021202S1202SHLPE1202SHNE12041204S1204SHLPE1204SHNE12051205SHLPE1205SHNE13051305SHLPE1305SHNE150015021502HNE1502SComplete List... We have replacement grill parts for these following popular models: 1000. 1005.,0,ฉันจะเปลี่ยนเตาบนตะแกรงดูเคนได้อย่างไร,ค้นหารายการ Ducane รุ่น #100010051005SHLPE1005SHNE12001200HLPE1200HNE12021202S1202SHLPE1202SHNE12041204S1204SHLPE1204SHNE12051205SHLPE1205SHNE13051305SHLPE1305SHNE150015021502HNE1502SComplete ของคุณ...เรามีชิ้นส่วนตะแกรงทดแทนสำหรับรุ่นยอดนิยมต่อไปนี้: 1000. 1005.
2001908,how do I replace the burners on a ducane grill,msmarco_passage_41_599020502,Ducane Knobs & Handles. Ducane Regulators & Hoses. Ducane Warming Racks. Ducane Valves. Ducane Rotisserie. Ducane Heat Indicators. Ducane Accessories. We have grill parts for Ducane models not shown. Manufacturers commonly append prefixes and suffixes to their model numbers to indicate whether it is natural gas or LP.,0,ฉันจะเปลี่ยนเตาบนตะแกรงดูเคนได้อย่างไร,ลูกบิดและด้ามจับ Ducaneตัวควบคุมและท่อ Ducaneชั้นวางเครื่องทำความร้อน Ducaneวาล์วดูเคนดูกาน โรติสเซอรี่ตัวบ่งชี้ความร้อน Ducaneอุปกรณ์เสริม Ducane.เรามีชิ้นส่วนย่างสำหรับรุ่น Ducane ที่ไม่แสดงผู้ผลิตมักจะแนบคำนำหน้าและคำต่อท้ายกับหมายเลขรุ่นเพื่อระบุว่าเป็นก๊าซธรรมชาติหรือ LP หรือไม่
2001908,how do I replace the burners on a ducane grill,msmarco_passage_09_167685667,"Grill Parts. Choose from our line of Ducane and Weber grill parts. Igniter Kits. Hose and Regulator Kits. Porcelain-Enameled Flavorizer Bars. Stainless Steel Flavorizer Bars. Burners, Burner Systems, Stainless Steel Burner Tube Sets. Stainless Steel Cooking Grates. Porcelain-Enameled Cast-Iron Cooking Grates.",0,ฉันจะเปลี่ยนเตาบนตะแกรงดูเคนได้อย่างไร,"อะไหล่ย่างเลือกจากกลุ่มชิ้นส่วนเตาย่าง Ducane และ Weber ของเราชุดจุดระเบิดชุดท่อและตัวควบคุมบาร์เครื่องปรุงรสเคลือบพอร์ซเลนแท่งเครื่องปรุงรสสแตนเลสเตา, ระบบเตา, ชุดท่อเตาสแตนเลสตะแกรงทำอาหารสแตนเลสตะแกรงทำอาหารเหล็กหล่อเคลือบพอร์ซเลน"
2001908,how do I replace the burners on a ducane grill,msmarco_passage_25_588424106,"On 2020-11-12 by Marie  - we need a new furnace because the Ducane oil burner electrode assembly is cracked. Hello, The electrode (ceramic) part is cracked on our 1993 Ducane oil burner. See image [photo shown at the start of this discussin].",0,ฉันจะเปลี่ยนเตาบนตะแกรงดูเคนได้อย่างไร,เมื่อ 2020-11-12 โดย Marie - เราต้องการเตาเผาใหม่เพราะชุดอิเล็กโทรดเตาน้ำมัน Ducane แตกร้าวสวัสดีส่วนอิเล็กโทรด (เซรามิก) แตกบนเตาน้ำมัน Ducane ปี 1993 ของเราดูภาพ [ภาพที่แสดงที่จุดเริ่มต้นของการสนทนานี้]
2001908,how do I replace the burners on a ducane grill,msmarco_passage_10_46636121,Stainless Steel Barbeque Rotissierie 3400-S. A built-in rotissierie and dedicated burner is the main special feature of this brushed stainless steel three-burner Affinity 3400-S from Ducane.,0,ฉันจะเปลี่ยนเตาบนตะแกรงดูเคนได้อย่างไร,สแตนเลสสตีลบาร์บีคิวโรติสเซียรี่ 3400-S.เครื่องทำความร้อนในตัวและเตาเฉพาะเป็นคุณสมบัติพิเศษหลักของ Affinity 3400-S สามเตาสแตนเลสแปรงจาก Ducane
2001908,how do I replace the burners on a ducane grill,msmarco_passage_12_807393841,"Reattach the locking nut under the grill to secure the burners in place. 8. Reattach the control panel and put the cooking grate, flavorizer bars and propane tank back in place. 9. Reattach the propane gas regulator to the valve and turn it back on. That’s all it takes to replace the burners on your Weber grill.",0,ฉันจะเปลี่ยนเตาบนตะแกรงดูเคนได้อย่างไร,ติดน็อตล็อคไว้ใต้ตะแกรงอีกครั้งเพื่อยึดหัวเตาให้เข้าที่ 8.ติดตั้งแผงควบคุมอีกครั้งแล้วใส่ตะแกรงปรุงอาหาร แท่งเครื่องปรุงรส และถังโพรเพนกลับเข้าที่ 9.ติดตั้งตัวควบคุมก๊าซโพรเพนเข้ากับวาล์วอีกครั้งแล้วเปิดอีกครั้งนั่นคือทั้งหมดที่ต้องใช้ในการเปลี่ยนเตาบนตะแกรง Weber ของคุณ
2001908,how do I replace the burners on a ducane grill,msmarco_passage_12_807396088,"To do this, turn all burners off and turn off the valve on the propane cylinder. Disconnect the regulator valve, turn all burners to high and wait one minute. Now, turn the burners off again and reconnect the regulator valve. Turn the valve on the tank back on and test the burners. If these steps didn’t work you’ll need to replace the burners of your grill.",1,ฉันจะเปลี่ยนเตาบนตะแกรงดูเคนได้อย่างไร,เมื่อต้องการทำเช่นนี้ให้ปิดเตาทั้งหมดและปิดวาล์วบนกระบอกโพรเพนถอดวาล์วควบคุมปลดหมุนเตาทั้งหมดให้สูงและรอหนึ่งนาทีตอนนี้ปิดเตาอีกครั้งและเชื่อมต่อวาล์วควบคุมอีกครั้งเปิดวาล์วบนถังอีกครั้งและทดสอบเตาหากขั้นตอนเหล่านี้ใช้ไม่ได้ผลคุณจะต้องเปลี่ยนเตาของเตาย่างของคุณ
2001908,how do I replace the burners on a ducane grill,msmarco_passage_04_454272381,"Remove the burners from the solution and clean any remaining debris with the soft wire brush, rinsing the burners in the solution until all debris is removed from the burners. Dry the burners with a soft dry cloth and reattach the burners to the propane gas grill.",0,ฉันจะเปลี่ยนเตาบนตะแกรงดูเคนได้อย่างไร,นำเตาออกจากสารละลายและทำความสะอาดเศษซากที่เหลือด้วยแปรงลวดอ่อนล้างเตาในสารละลายจนกว่าเศษซากทั้งหมดจะถูกนำออกจากเตาเช็ดเตาให้แห้งด้วยผ้าแห้งนุ่มและติดเตาเข้ากับตะแกรงแก๊สโพรเพน
2001908,how do I replace the burners on a ducane grill,msmarco_passage_62_739729330,How do I replace the burners in my gas grill : Turn off your gas supply. Remove your cooking grates and heat shields (or briquette trays) whichever your grill uses. Remove the old burner. Install the new burner. Turn on the gas supply and ignite the burner to be sure it was installed correctly.,2,ฉันจะเปลี่ยนเตาบนตะแกรงดูเคนได้อย่างไร,ฉันจะเปลี่ยนเตาในเตาย่างแก๊สของฉันได้อย่างไร: ปิดแหล่งจ่ายแก๊สของคุณถอดตะแกรงทำอาหารและแผ่นปิดความร้อน (หรือถาดฉีด) ออกไม่ว่าจะใช้ย่างใดถอดเตาเก่าออกติดตั้งเตาใหม่เปิดแหล่งจ่ายแก๊สและจุดเตาเพื่อให้แน่ใจว่าติดตั้งอย่างถูกต้อง
2001908,how do I replace the burners on a ducane grill,msmarco_passage_01_843452958,"Burners. Replacing the burners on a Weber grill is easy, and can help with any cross-ignition difficulties you’ve been having. Turn off the propane tank valve and disconnect the cylinder. Remove it from the grill. Remove the cooking grates and flavorizer bars.",0,ฉันจะเปลี่ยนเตาบนตะแกรงดูเคนได้อย่างไร,เตาเผาการเปลี่ยนเตาบนตะแกรง Weber เป็นเรื่องง่ายและสามารถช่วยแก้ปัญหาการจุดระเบิดข้ามที่คุณเคยมีมาปิดวาล์วถังโพรเพนและถอดกระบอกออกนำออกจากเตาย่างนำตะแกรงปรุงอาหารและแท่งเครื่องปรุงรส
2001908,how do I replace the burners on a ducane grill,msmarco_passage_42_316432535,"Step 2. Once you have your replacement gas grill burner, you’re ready to remove the old burner. Start by disconnecting the grill from the propane or natural gas line. For good measure, make sure all the control knobs are in the off position. Then lift out the cooking grates and flavorizer bars, also known as heat plates.",2,ฉันจะเปลี่ยนเตาบนตะแกรงดูเคนได้อย่างไร,ขั้นตอนที่ 2.เมื่อคุณมีเตาเตาย่างแก๊สทดแทนแล้ว คุณพร้อมที่จะถอดเตาเก่าออกแล้วเริ่มต้นด้วยการถอดตะแกรงออกจากโพรเพนหรือสายก๊าซธรรมชาติเพื่อการวัดที่ดี ตรวจสอบให้แน่ใจว่าปุ่มควบคุมทั้งหมดอยู่ในตำแหน่งปิดจากนั้นยกตะแกรงปรุงอาหารและแท่งเครื่องปรุงรส หรือที่เรียกว่าแผ่นร้อน
2001908,how do I replace the burners on a ducane grill,msmarco_passage_01_638940825,Click here to reload. SmartAsset.com. Turn off both the grill burners and your propane tank. Turn on one burner for about five to 10 seconds and turn it off again. Disconnect and then reconnect the hose to your propane tank. Slowly turn on the tank and follow your grill's lighting instructions.,0,ฉันจะเปลี่ยนเตาบนตะแกรงดูเคนได้อย่างไร,คลิกที่นี่เพื่อโหลดใหม่สมาร์ทาสเซ็ต. คอมปิดทั้งเตาย่างและถังโพรเพนของคุณเปิดเตาหนึ่งตัวประมาณห้าถึง 10 วินาทีแล้วปิดอีกครั้งตัดการเชื่อมต่อแล้วเชื่อมต่อท่อเข้ากับถังโพรเพนของคุณอีกครั้งเปิดถังอย่างช้าๆและทำตามคำแนะนำในการส่องสว่างของเตาย่างของคุณ
2001908,how do I replace the burners on a ducane grill,msmarco_passage_54_809200353,"The burner air shutters are factory set when receiving your grill, if this is a replacement burner, you may have to do an air shutter adjustment. If you have a high flame your burner your burners are lacking air, open your air shutters on the burners as per your owner’s manual.",0,ฉันจะเปลี่ยนเตาบนตะแกรงดูเคนได้อย่างไร,บานประตูหน้าต่างอากาศของเตาถูกตั้งค่าจากโรงงานเมื่อรับตะแกรงของคุณหากนี่เป็นเตาทดแทน คุณอาจต้องทำการปรับชัตเตอร์อากาศหากคุณมีเปลวไฟสูงเตาของคุณขาดอากาศ ให้เปิดบานประตูหน้าต่างบนเตาตามคู่มือเจ้าของของคุณ
2001975,how do i insert notes under a slide in powerpoint,msmarco_passage_62_391707394,"Step 3. Select the PowerPoint file, and click the ""Insert"" button. Each slide of the PowerPoint presentation is inserted into OneNote. The slides appear as if you printed them with the attached notes from PowerPoint.",3,ฉันจะแทรกบันทึกย่อใต้สไลด์ใน PowerPoint ได้อย่างไร,ขั้นตอนที่ 3เลือกไฟล์ PowerPoint และคลิกปุ่ม “แทรก”แต่ละสไลด์ของงานนำเสนอ PowerPoint จะถูกแทรกลงใน OneNoteสไลด์จะปรากฏราวกับว่าคุณพิมพ์ด้วยบันทึกย่อที่แนบมาจาก PowerPoint
2001975,how do i insert notes under a slide in powerpoint,msmarco_passage_62_212859853,"You can insert shapes in PowerPoint into slides. To insert shapes in PowerPoint into a slide, click the “Insert” tab in the Ribbon. Then click the “Shapes” button in the “Illustrations” button group. A drop-down menu of the shapes in PowerPoint you can insert then appears.",0,ฉันจะแทรกบันทึกย่อใต้สไลด์ใน PowerPoint ได้อย่างไร,คุณสามารถแทรกรูปร่างใน PowerPoint ลงในสไลด์หากต้องการแทรกรูปร่างใน PowerPoint ลงในสไลด์ให้คลิกแท็บ “แทรก” ในริบบิ้นจากนั้นคลิกปุ่ม “รูปร่าง” ในกลุ่มปุ่ม “ภาพประกอบ”เมนูแบบเลื่อนลงของรูปร่างใน PowerPoint ที่คุณสามารถแทรกได้จากนั้นจะปรากฏขึ้น
2001975,how do i insert notes under a slide in powerpoint,msmarco_passage_33_417526496,"On the Home tab, click the arrow next to New Slide, and then click Outline. Note: In PowerPoint for Mac 2011, the Outline option is called Insert Slides from Outline. Locate the outline file (.rtf or .txt) that you want to insert, and then double-click it or click Insert.",1,ฉันจะแทรกบันทึกย่อใต้สไลด์ใน PowerPoint ได้อย่างไร,บนแท็บหน้าแรก ให้คลิกลูกศรถัดจาก สไลด์ใหม่ จากนั้นคลิก โครงร่างหมายเหตุ: ใน PowerPoint สำหรับ Mac 2011 ตัวเลือกโครงร่างเรียกว่าแทรกสไลด์จากโครงร่างค้นหาไฟล์โครงร่าง (.rtf หรือ. txt) ที่คุณต้องการแทรก จากนั้นดับเบิลคลิกที่ไฟล์หรือคลิก แทรก
2001975,how do i insert notes under a slide in powerpoint,msmarco_passage_33_405895680,"On the Home tab, click the arrow next to New Slide, and then click Outline. Note: In PowerPoint for Mac 2011, the Outline option is called Insert Slides from Outline. Locate the outline file (.rtf or .txt) that you want to insert, and then double-click it or click Insert.",1,ฉันจะแทรกบันทึกย่อใต้สไลด์ใน PowerPoint ได้อย่างไร,บนแท็บหน้าแรก ให้คลิกลูกศรถัดจาก สไลด์ใหม่ จากนั้นคลิก โครงร่างหมายเหตุ: ใน PowerPoint สำหรับ Mac 2011 ตัวเลือกโครงร่างเรียกว่าแทรกสไลด์จากโครงร่างค้นหาไฟล์โครงร่าง (.rtf หรือ. txt) ที่คุณต้องการแทรก จากนั้นดับเบิลคลิกที่ไฟล์หรือคลิก แทรก
2001975,how do i insert notes under a slide in powerpoint,msmarco_passage_33_405890354,"On the Home tab, click the arrow next to New Slide, and then click Outline. Note: In PowerPoint for Mac 2011, the Outline option is called Insert Slides from Outline. Locate the outline file (.rtf or .txt) that you want to insert, and then double-click it or click Insert.",1,ฉันจะแทรกบันทึกย่อใต้สไลด์ใน PowerPoint ได้อย่างไร,บนแท็บหน้าแรก ให้คลิกลูกศรถัดจาก สไลด์ใหม่ จากนั้นคลิก โครงร่างหมายเหตุ: ใน PowerPoint สำหรับ Mac 2011 ตัวเลือกโครงร่างเรียกว่าแทรกสไลด์จากโครงร่างค้นหาไฟล์โครงร่าง (.rtf หรือ. txt) ที่คุณต้องการแทรก จากนั้นดับเบิลคลิกที่ไฟล์หรือคลิก แทรก
2001975,how do i insert notes under a slide in powerpoint,msmarco_passage_33_367132113,"On the Home tab, click the arrow next to New Slide, and then click Outline. Note: In PowerPoint for Mac 2011, the Outline option is called Insert Slides from Outline. Locate the outline file (.rtf or .txt) that you want to insert, and then double-click it or click Insert.",1,ฉันจะแทรกบันทึกย่อใต้สไลด์ใน PowerPoint ได้อย่างไร,บนแท็บหน้าแรก ให้คลิกลูกศรถัดจาก สไลด์ใหม่ จากนั้นคลิก โครงร่างหมายเหตุ: ใน PowerPoint สำหรับ Mac 2011 ตัวเลือกโครงร่างเรียกว่าแทรกสไลด์จากโครงร่างค้นหาไฟล์โครงร่าง (.rtf หรือ. txt) ที่คุณต้องการแทรก จากนั้นดับเบิลคลิกที่ไฟล์หรือคลิก แทรก
2001975,how do i insert notes under a slide in powerpoint,msmarco_passage_50_545269937,"When you insert a new slide in PowerPoint, it uses the default Title and Content Slide layout. But if you open a new presentation, it opens a new slide with the default Title Slide layout which you have to change to Title and Content. Note: Learn how to insert a new slide in PowerPoint 2010 and how to change the slide layout in PowerPoint 2010 .",1,ฉันจะแทรกบันทึกย่อใต้สไลด์ใน PowerPoint ได้อย่างไร,เมื่อคุณแทรกสไลด์ใหม่ใน PowerPoint ระบบจะใช้เลย์เอาต์ชื่อและเนื้อหาสไลด์เริ่มต้นแต่ถ้าคุณเปิดงานนำเสนอใหม่ มันจะเปิดสไลด์ใหม่พร้อมเค้าโครงสไลด์ชื่อเริ่มต้น ซึ่งคุณต้องเปลี่ยนเป็นชื่อและเนื้อหาหมายเหตุ: เรียนรู้วิธีแทรกสไลด์ใหม่ใน PowerPoint 2010 และวิธีเปลี่ยนเค้าโครงสไลด์ใน PowerPoint 2010
2001975,how do i insert notes under a slide in powerpoint,msmarco_passage_34_680547766,"To add a calendar to a PowerPoint slide, you can insert an existing calendar or download additional calendar templates if you want. How to insert images below the word on PowerPoint. How to insert videos into PowerPoint 2016. In order to serve the content on a PowerPoint slide, users can insert images into a slide, insert videos on a slide, or have a requirement to insert a calendar into a slide.",1,ฉันจะแทรกบันทึกย่อใต้สไลด์ใน PowerPoint ได้อย่างไร,หากต้องการเพิ่มปฏิทินลงในสไลด์ PowerPoint คุณสามารถแทรกปฏิทินที่มีอยู่หรือดาวน์โหลดเทมเพลตปฏิทินเพิ่มเติมได้หากต้องการวิธีแทรกรูปภาพด้านล่างคำใน PowerPointวิธีแทรกวิดีโอลงใน PowerPoint 2016ในการแสดงเนื้อหาบนสไลด์ PowerPoint ผู้ใช้สามารถแทรกรูปภาพลงในสไลด์ แทรกวิดีโอในสไลด์ หรือมีข้อกำหนดในการแทรกปฏิทินลงในสไลด์
2001975,how do i insert notes under a slide in powerpoint,msmarco_passage_62_212046778,"Insert a New Slide in PowerPoint: Video Lesson. The following video lesson, titled “ Inserting New Slides ,” shows how to insert a new slide in PowerPoint. This video lesson on how to insert a new slide in PowerPoint is from our complete PowerPoint tutorial, titled “ Mastering PowerPoint Made Easy v.2016-2013 .”. YouTube.",1,ฉันจะแทรกบันทึกย่อใต้สไลด์ใน PowerPoint ได้อย่างไร,แทรกสไลด์ใหม่ใน PowerPoint: บทเรียนวิดีโอบทเรียนวิดีโอต่อไปนี้ชื่อ “การแทรกสไลด์ใหม่” แสดงวิธีการแทรกสไลด์ใหม่ใน PowerPointบทเรียนวิดีโอเกี่ยวกับวิธีแทรกสไลด์ใหม่ใน PowerPoint นี้มาจากบทช่วยสอน PowerPoint ฉบับสมบูรณ์ของเราชื่อ “การเรียนรู้ของ PowerPoint Made Easy v.2016-2013”ยูทูบ
2001975,how do i insert notes under a slide in powerpoint,msmarco_passage_09_830054320,"Insert Video in PowerPoint: A picture of a user inserting a video into a PowerPoint slide. At that point, the “Insert Video” dialog box appears. Use this dialog box to navigate to and then select the video file to insert into the PowerPoint slide. Then click the “Insert” button to insert the video into the slide.",0,ฉันจะแทรกบันทึกย่อใต้สไลด์ใน PowerPoint ได้อย่างไร,แทรกวิดีโอใน PowerPoint: ภาพของผู้ใช้ที่แทรกวิดีโอลงในสไลด์ PowerPointณ จุดนั้นกล่องโต้ตอบ “แทรกวิดีโอ” จะปรากฏขึ้นใช้กล่องโต้ตอบนี้เพื่อนำทางไปยังแล้วเลือกไฟล์วิดีโอที่จะแทรกลงในสไลด์ PowerPointจากนั้นคลิกปุ่ม “แทรก” เพื่อแทรกวิดีโอลงในสไลด์
2001975,how do i insert notes under a slide in powerpoint,msmarco_passage_62_212159497,"Insert Video in PowerPoint: A picture of a user inserting a video into a PowerPoint slide. At that point, the “Insert Video” dialog box appears. Use this dialog box to navigate to and then select the video file to insert into the PowerPoint slide. Then click the “Insert” button to insert the video into the slide.",0,ฉันจะแทรกบันทึกย่อใต้สไลด์ใน PowerPoint ได้อย่างไร,แทรกวิดีโอใน PowerPoint: ภาพของผู้ใช้ที่แทรกวิดีโอลงในสไลด์ PowerPointณ จุดนั้นกล่องโต้ตอบ “แทรกวิดีโอ” จะปรากฏขึ้นใช้กล่องโต้ตอบนี้เพื่อนำทางไปยังแล้วเลือกไฟล์วิดีโอที่จะแทรกลงในสไลด์ PowerPointจากนั้นคลิกปุ่ม “แทรก” เพื่อแทรกวิดีโอลงในสไลด์
2001975,how do i insert notes under a slide in powerpoint,msmarco_passage_14_335759852,"How to Insert Links in PowerPoint Slides (Quickly) Note: Watch this short tutorial screencast or follow the quick steps that compliment this video. 1. Open the PowerPoint Insert Hyperlinks Panel. Let's go ahead and click on the Insert tab here on the PowerPoint ribbon, and with the box on the slide selected, I'll click on Hyperlinks.",1,ฉันจะแทรกบันทึกย่อใต้สไลด์ใน PowerPoint ได้อย่างไร,วิธีแทรกลิงก์ในสไลด์ PowerPoint (อย่างรวดเร็ว) หมายเหตุ: ดูสกรีนแคสต์บทช่วยสอนสั้นนี้หรือทำตามขั้นตอนด่วนที่เติมเต็มวิดีโอนี้ 1.เปิดแผงแทรกไฮเปอร์ลิงก์ PowerPointลองไปที่แท็บแทรกที่นี่บนริบบิ้น PowerPoint และเมื่อเลือกกล่องบนสไลด์ฉันจะคลิกที่ไฮเปอร์ลิงก์
2001975,how do i insert notes under a slide in powerpoint,msmarco_passage_33_372510360,"In the Word document, click File > Save, and then click File > Close. Note: Your Word document must be closed to insert it into a PowerPoint presentation. Open PowerPoint, and click Home > New Slide. Select Slides from Outline. Find and select the Word document in the Insert Outline dialog box, and click Insert.",3,ฉันจะแทรกบันทึกย่อใต้สไลด์ใน PowerPoint ได้อย่างไร,ในเอกสาร Word ให้คลิก ไฟล์ > บันทึก จากนั้นคลิก ไฟล์ > ปิดหมายเหตุ: เอกสาร Word ของคุณจะต้องปิดเพื่อแทรกลงในงานนำเสนอ PowerPointเปิด PowerPoint แล้วคลิก หน้าแรก > สไลด์ใหม่เลือกสไลด์จากโครงร่างค้นหาและเลือกเอกสาร Word ในกล่องโต้ตอบแทรกโครงร่างและคลิกแทรก
2001975,how do i insert notes under a slide in powerpoint,msmarco_passage_33_409141753,"In the Word document, click File > Save, and then click File > Close. Note: Your Word document must be closed to insert it into a PowerPoint presentation. Open PowerPoint, and click Home > New Slide. Select Slides from Outline. Find and select the Word document in the Insert Outline dialog box, and click Insert.",2,ฉันจะแทรกบันทึกย่อใต้สไลด์ใน PowerPoint ได้อย่างไร,ในเอกสาร Word ให้คลิก ไฟล์ > บันทึก จากนั้นคลิก ไฟล์ > ปิดหมายเหตุ: เอกสาร Word ของคุณจะต้องปิดเพื่อแทรกลงในงานนำเสนอ PowerPointเปิด PowerPoint แล้วคลิก หน้าแรก > สไลด์ใหม่เลือกสไลด์จากโครงร่างค้นหาและเลือกเอกสาร Word ในกล่องโต้ตอบแทรกโครงร่างและคลิกแทรก
2001975,how do i insert notes under a slide in powerpoint,msmarco_passage_33_419350957,"In the Word document, click File > Save, and then click File > Close. Note: Your Word document must be closed to insert it into a PowerPoint presentation. Open PowerPoint, and click Home > New Slide. Select Slides from Outline. Find and select the Word document in the Insert Outline dialog box, and click Insert.",0,ฉันจะแทรกบันทึกย่อใต้สไลด์ใน PowerPoint ได้อย่างไร,ในเอกสาร Word ให้คลิก ไฟล์ > บันทึก จากนั้นคลิก ไฟล์ > ปิดหมายเหตุ: เอกสาร Word ของคุณจะต้องปิดเพื่อแทรกลงในงานนำเสนอ PowerPointเปิด PowerPoint แล้วคลิก หน้าแรก > สไลด์ใหม่เลือกสไลด์จากโครงร่างค้นหาและเลือกเอกสาร Word ในกล่องโต้ตอบแทรกโครงร่างและคลิกแทรก
2001975,how do i insert notes under a slide in powerpoint,msmarco_passage_32_344445556,"How to Print Out in PowerPoint With Comments On. PowerPoint comments can help you add useful feedback notes to slides in your business presentations. You might, for example send your presentation to colleagues asking for input about your slides; they can do this by inserting comments where needed on any slide in the slideshow. You also have the option to print out PowerPoint presentations.",1,ฉันจะแทรกบันทึกย่อใต้สไลด์ใน PowerPoint ได้อย่างไร,วิธีพิมพ์ออกใน PowerPoint พร้อมเปิดแสดงความคิดเห็นความคิดเห็น PowerPoint สามารถช่วยให้คุณเพิ่มบันทึกข้อเสนอแนะที่เป็นประโยชน์ลงในสไลด์ในงานนำเสนอธุรกิจของคุณตัวอย่างเช่น คุณอาจส่งงานนำเสนอของคุณไปยังเพื่อนร่วมงานเพื่อนร่วมงานเพื่อขอข้อมูลเกี่ยวกับสไลด์ของคุณ พวกเขาสามารถทำได้โดยแทรกความคิดเห็นตามที่จำเป็นในสไลด์ใด ๆ ในสไลด์โชว์คุณยังมีตัวเลือกในการพิมพ์งานนำเสนอ PowerPoint ออกด้วย
2001975,how do i insert notes under a slide in powerpoint,msmarco_passage_08_629695191,"Note: You can’t insert or edit PDF content when you’re editing a presentation in PowerPoint online (or for the web). To insert the PDF as an object in PowerPoint, make sure the PDF file isn’t open on your computer, and then go to the PowerPoint slide where you want to place the PDF as an object. Click Insert on the menu bar.",1,ฉันจะแทรกบันทึกย่อใต้สไลด์ใน PowerPoint ได้อย่างไร,หมายเหตุ: คุณไม่สามารถแทรกหรือแก้ไขเนื้อหา PDF ได้เมื่อคุณแก้ไขงานนำเสนอใน PowerPoint ออนไลน์ (หรือสำหรับเว็บ)หากต้องการแทรก PDF เป็นวัตถุใน PowerPoint ตรวจสอบให้แน่ใจว่าไม่เปิดไฟล์ PDF บนคอมพิวเตอร์ของคุณ จากนั้นไปที่สไลด์ PowerPoint ที่คุณต้องการวาง PDF เป็นวัตถุคลิก แทรก บนแถบเมนู
2001975,how do i insert notes under a slide in powerpoint,msmarco_passage_56_84592576,"Note: You can’t insert or edit PDF content when you’re editing a presentation in PowerPoint online (or for the web). To insert the PDF as an object in PowerPoint, make sure the PDF file isn’t open on your computer, and then go to the PowerPoint slide where you want to place the PDF as an object. Click Insert on the menu bar.",0,ฉันจะแทรกบันทึกย่อใต้สไลด์ใน PowerPoint ได้อย่างไร,หมายเหตุ: คุณไม่สามารถแทรกหรือแก้ไขเนื้อหา PDF ได้เมื่อคุณแก้ไขงานนำเสนอใน PowerPoint ออนไลน์ (หรือสำหรับเว็บ)หากต้องการแทรก PDF เป็นวัตถุใน PowerPoint ตรวจสอบให้แน่ใจว่าไม่เปิดไฟล์ PDF บนคอมพิวเตอร์ของคุณ จากนั้นไปที่สไลด์ PowerPoint ที่คุณต้องการวาง PDF เป็นวัตถุคลิก แทรก บนแถบเมนู
2001975,how do i insert notes under a slide in powerpoint,msmarco_passage_26_491932585,"How to wrap text in PowerPoint. Open a PowerPoint slide. Go to Insert > Object > Microsoft Word Document. Arrange your content using text wrapping in Word. Adjust the Word document in your PowerPoint slide. Note: You will need both Microsoft PowerPoint and Word to use this method. Get 40+ Microsoft Office resources, FREE.",1,ฉันจะแทรกบันทึกย่อใต้สไลด์ใน PowerPoint ได้อย่างไร,วิธีห่อข้อความใน PowerPointเปิดสไลด์ PowerPointไปที่ แทรก > วัตถุ > เอกสาร Microsoft Wordจัดเรียงเนื้อหาของคุณโดยใช้การห่อข้อความใน Wordปรับเอกสาร Word ในสไลด์ PowerPoint ของคุณหมายเหตุ: คุณจะต้องใช้ Microsoft PowerPoint และ Word เพื่อใช้วิธีนี้รับทรัพยากรของ Microsoft Office มากกว่า 40 รายการฟรี
2001975,how do i insert notes under a slide in powerpoint,msmarco_passage_46_863995013,"First, you can insert many different post it or sticky notes into the PowerPoint slide by inserting a shape. Look for the shape with a folder corner, that will best fit for a post it. The folder corner shape can be found under Basic Shapes.",2,ฉันจะแทรกบันทึกย่อใต้สไลด์ใน PowerPoint ได้อย่างไร,ขั้นแรก คุณสามารถแทรกโพสต์หรือบันทึกย่อที่แตกต่างกันมากมายลงในสไลด์ PowerPoint โดยการแทรกรูปร่างมองหารูปร่างที่มีมุมโฟลเดอร์ที่เหมาะสมที่สุดสำหรับโพสต์รูปร่างมุมโฟลเดอร์สามารถพบได้ภายใต้ รูปร่างพื้นฐาน
2001975,how do i insert notes under a slide in powerpoint,msmarco_passage_49_648831265,"If you selected the “Blank lines below slide” option, there will be plenty of room to leave notes below each slide. If you already had notes in the PowerPoint version and selected the respective layout, they will appear in the handout. READ NEXT. › How to Silence Your Android Phone Automatically While Charging.",2,ฉันจะแทรกบันทึกย่อใต้สไลด์ใน PowerPoint ได้อย่างไร,หากคุณเลือกตัวเลือก “บรรทัดว่างด้านล่างสไลด์” จะมีพื้นที่มากมายที่จะทิ้งบันทึกไว้ด้านล่างแต่ละสไลด์หากคุณมีบันทึกย่อในเวอร์ชัน PowerPoint แล้วและเลือกเค้าโครงที่เกี่ยวข้อง สิ่งเหล่านี้จะปรากฏในเอกสารประกอบอ่านต่อไป › วิธีปิดเสียงโทรศัพท์ Android ของคุณโดยอัตโนมัติขณะชาร์จ
2001975,how do i insert notes under a slide in powerpoint,msmarco_passage_25_532081826,"Under Add Slides to Microsoft Word Document, select Paste. Click the OK Button. Note: If you may be making edits to your slides, select Paste Link as well. This will automatically update the Word file if you make any changes to your slides in PowerPoint.",1,ฉันจะแทรกบันทึกย่อใต้สไลด์ใน PowerPoint ได้อย่างไร,ภายใต้ เพิ่มสไลด์ไปยังเอกสาร Microsoft Word ให้เลือกวางคลิกปุ่ม ตกลงหมายเหตุ: หากคุณอาจทำการแก้ไขสไลด์ของคุณ ให้เลือก วางลิงก์ด้วยสิ่งนี้จะอัปเดตไฟล์ Word โดยอัตโนมัติหากคุณทำการเปลี่ยนแปลงใด ๆ กับสไลด์ของคุณใน PowerPoint
2001975,how do i insert notes under a slide in powerpoint,msmarco_passage_62_257087707,"Once you’ve found it, either double-click on it or select it and then click on Insert. Under Audio Tools, click on the Playback tab and select the option Play in Background. In older versions of PowerPoint, you should click on the dropdown box next to the Start option and select Play across slides from the list.",2,ฉันจะแทรกบันทึกย่อใต้สไลด์ใน PowerPoint ได้อย่างไร,เมื่อคุณพบแล้วให้ดับเบิลคลิกที่มันหรือเลือกจากนั้นคลิกที่แทรกภายใต้ เครื่องมือเสียงคลิกที่แท็บเล่น และเลือกตัวเลือก เล่นในพื้นหลังใน PowerPoint เวอร์ชันเก่าคุณควรคลิกที่กล่องแบบเลื่อนลงถัดจากตัวเลือก เริ่ม และเลือก เล่นข้ามสไลด์จากรายการ
2001975,how do i insert notes under a slide in powerpoint,msmarco_passage_69_60607367,"Step 1. Start PowerPoint and open the slideshow to add note lines onto, or create your first slide with the blank template slide that opens by default, such as by adding text into the “Click to add title” placeholder text box.",2,ฉันจะแทรกบันทึกย่อใต้สไลด์ใน PowerPoint ได้อย่างไร,ขั้นตอนที่ 1.เริ่ม PowerPoint และเปิดสไลด์โชว์เพื่อเพิ่มบรรทัดบันทึกไว้หรือสร้างสไลด์แรกของคุณด้วยสไลด์เทมเพลตว่างเปล่าที่เปิดขึ้นตามค่าเริ่มต้น เช่น โดยการเพิ่มข้อความลงในกล่องข้อความที่วางตำแหน่ง “คลิกเพื่อเพิ่มชื่อเรื่อง”
2001975,how do i insert notes under a slide in powerpoint,msmarco_passage_33_353744473,"Under Settings, select the down arrow on second drop-down box and choose Notes Pages . The Preview pane shows a notes page with a slide thumbnail image and the notes that go with that slide. Turn on formatting for the Notes pane. On the View tab, in the Presentation Views group, click Normal.",3,ฉันจะแทรกบันทึกย่อใต้สไลด์ใน PowerPoint ได้อย่างไร,ภายใต้ การตั้งค่า ให้เลือกลูกศรลงบนกล่องดรอปดาวน์ที่สองแล้วเลือก หน้าหมายเหตุบานหน้าต่างตัวอย่างจะแสดงหน้าบันทึกที่มีภาพขนาดย่อของสไลด์และบันทึกย่อที่เข้ากับสไลด์นั้นเปิดการจัดรูปแบบสำหรับบานหน้าต่างหมายเหตุบนแท็บ มุมมอง ในกลุ่ม มุมมองการนำเสนอ ให้คลิกปกติ
2001975,how do i insert notes under a slide in powerpoint,msmarco_passage_33_411478467,"On the ribbon, under Audio Tools, on the Playback Tools tab, in the Preview group, click Play. Record comments on a slide. In Normal view, click the slide that you want to add a comment to. On the Insert tab, in the Media group, click the arrow under Audio, and then click Record Audio.",0,ฉันจะแทรกบันทึกย่อใต้สไลด์ใน PowerPoint ได้อย่างไร,บนริบบิ้น ภายใต้ เครื่องมือเสียง บนแท็บ เครื่องมือการเล่น ในกลุ่มตัวอย่าง ให้คลิกเล่นบันทึกความคิดเห็นบนสไลด์ในมุมมองปกติ ให้คลิกสไลด์ที่คุณต้องการเพิ่มความคิดเห็นบนแท็บ แทรก ในกลุ่มสื่อ ให้คลิกลูกศรภายใต้ เสียง จากนั้นคลิก บันทึกเสียง
2001975,how do i insert notes under a slide in powerpoint,msmarco_passage_45_145858083,How to add notes in PowerPoint in Slide Show view. You can use an advanced feature of PowerPoint to create a text box that lets you type while in Slide Show view. Note: I’ve adapted this technique from a post that Sonia Coleman wrote a long time ago. Create your presentation.,2,ฉันจะแทรกบันทึกย่อใต้สไลด์ใน PowerPoint ได้อย่างไร,วิธีเพิ่มบันทึกใน PowerPoint ในมุมมองสไลด์โชว์คุณสามารถใช้คุณลักษณะขั้นสูงของ PowerPoint เพื่อสร้างกล่องข้อความที่ให้คุณพิมพ์ขณะอยู่ในมุมมองแสดงสไลด์หมายเหตุ: ฉันได้ดัดแปลงเทคนิคนี้จากโพสต์ที่ Sonia Coleman เขียนมานานแล้วสร้างงานนำเสนอของคุณ
2001975,how do i insert notes under a slide in powerpoint,msmarco_passage_46_863846661,Adding Speaker Notes in PowerPoint using the Notes Page. The other way to add notes to your slide involves: Click on the View tab from PowerPoint’s Menu bar. Select Notes Page button and click on it to view the window below. This shows the current slide and a text area on which you can enter your notes. Click on the Notes Pane below the slide and type your notes.,3,ฉันจะแทรกบันทึกย่อใต้สไลด์ใน PowerPoint ได้อย่างไร,การเพิ่มบันทึกของลำโพงใน PowerPoint โดยใช้หน้าหมายเหตุวิธีอื่นในการเพิ่มโน้ตลงในสไลด์ของคุณเกี่ยวข้องกับ: คลิกที่แท็บมุมมองจากแถบเมนูของ PowerPointเลือกปุ่มหน้าหมายเหตุและคลิกที่ปุ่มเพื่อดูหน้าต่างด้านล่างสิ่งนี้จะแสดงสไลด์ปัจจุบันและพื้นที่ข้อความที่คุณสามารถป้อนบันทึกย่อได้คลิกที่บานหน้าต่างบันทึกย่อด้านล่างสไลด์และพิมพ์บันทึกย่อของคุณ
2001975,how do i insert notes under a slide in powerpoint,msmarco_passage_29_576360425,Step 2. Add Notes. Click the “Click to add notes” section to input the speaker PowerPoint notes in the particular slide. There is no limit as to the number of notes to add.,3,ฉันจะแทรกบันทึกย่อใต้สไลด์ใน PowerPoint ได้อย่างไร,ขั้นตอนที่ 2.เพิ่มหมายเหตุคลิกส่วน “คลิกเพื่อเพิ่มหมายเหตุ” เพื่อป้อนบันทึกข้อความ PowerPoint ของลำโพงในสไลด์เฉพาะไม่มีข้อ จำกัด เกี่ยวกับจำนวนโน้ตที่จะเพิ่ม
2001975,how do i insert notes under a slide in powerpoint,msmarco_passage_62_376475664,"Step 1. Click ""Notes"" below the slide. Image Credit: Image courtesy of Microsoft. Open your PowerPoint presentation and go to the first slide where you want to add some notes. Click the ""Notes"" button below the current slide.",3,ฉันจะแทรกบันทึกย่อใต้สไลด์ใน PowerPoint ได้อย่างไร,ขั้นตอนที่ 1.คลิก “หมายเหตุ” ด้านล่างสไลด์เครดิตภาพ: ได้รับความอนุเคราะห์จากไมโครซอฟท์เปิดงานนำเสนอ PowerPoint ของคุณและไปที่สไลด์แรกที่คุณต้องการเพิ่มหมายเหตุคลิกปุ่ม “หมายเหตุ” ด้านล่างสไลด์ปัจจุบัน
2001975,how do i insert notes under a slide in powerpoint,msmarco_passage_46_863845755,"Adding notes in PowerPoint using the Notes pane. In the Normal View of your PowerPoint document, select the slide that you want to add notes for by clicking on it on the tile of slides on the left hand side of the window. Click on the Notes pane to position your cursor there and type your notes in the field.",3,ฉันจะแทรกบันทึกย่อใต้สไลด์ใน PowerPoint ได้อย่างไร,การเพิ่มบันทึกใน PowerPoint โดยใช้บานหน้าต่างหมายเหตุในมุมมองปกติของเอกสาร PowerPoint ของคุณให้เลือกสไลด์ที่คุณต้องการเพิ่มบันทึกโดยคลิกที่มันบนกระเบื้องของสไลด์ทางด้านซ้ายของหน้าต่างคลิกที่บานหน้าต่างหมายเหตุเพื่อวางเคอร์เซอร์ของคุณที่นั่นและพิมพ์บันทึกของคุณในฟิลด์
2001975,how do i insert notes under a slide in powerpoint,msmarco_passage_52_455350651,"In PowerPoint Online, toggle the notes pane on and off by selecting View > Notes . In the Slide pane, select the thumbnail of the slide you want to add a note. Place the cursor in the Notes pane. The text in the Notes pane reads, Click to add notes .",3,ฉันจะแทรกบันทึกย่อใต้สไลด์ใน PowerPoint ได้อย่างไร,ใน PowerPoint Online ให้เปิดและปิดบานหน้าต่างบันทึกโดยเลือก มุมมอง > หมายเหตุในบานหน้าต่างสไลด์ ให้เลือกภาพขนาดย่อของสไลด์ที่คุณต้องการเพิ่มหมายเหตุวางเคอร์เซอร์ในบานหน้าต่างหมายเหตุข้อความในบานหน้าต่างหมายเหตุจะอ่านคลิก เพื่อเพิ่มหมายเหตุ
2001975,how do i insert notes under a slide in powerpoint,msmarco_passage_50_726028097,"Step 7: Type Bullets of Your Notes Into PowerPoint. To add a title and content slide to your presentation, click the ""Home"" and select ""New Slide"". A drop down box will appear and you can choose the type of slide to add. Be sure each slide has a title so that the audience knows what is being presented.",2,ฉันจะแทรกบันทึกย่อใต้สไลด์ใน PowerPoint ได้อย่างไร,ขั้นตอนที่ 7: พิมพ์ข้อย่อของบันทึกย่อของคุณลงใน PowerPointหากต้องการเพิ่มสไลด์ชื่อและเนื้อหาลงในงานนำเสนอของคุณ ให้คลิก “หน้าแรก” และเลือก “สไลด์ใหม่”กล่องแบบเลื่อนลงจะปรากฏขึ้นและคุณสามารถเลือกประเภทของสไลด์ที่จะเพิ่มได้ตรวจสอบให้แน่ใจว่าแต่ละสไลด์มีชื่อเรื่องเพื่อให้ผู้ชมรู้ว่ามีการนำเสนออะไร
2001975,how do i insert notes under a slide in powerpoint,msmarco_passage_29_13322015,Step #5: Open the Notes area. Click on Notes at the bottom of the screen. PowerPoint opens an area Click to add notes at the bottom of the screen. You can also open the area Click to add notes by clicking on Notes in the Show section in the ribbon.,3,ฉันจะแทรกบันทึกย่อใต้สไลด์ใน PowerPoint ได้อย่างไร,ขั้นตอนที่ #5: เปิดพื้นที่หมายเหตุคลิกที่ หมายเหตุ ที่ด้านล่างของหน้าจอPowerPoint เปิดพื้นที่ คลิกเพื่อเพิ่มบันทึกย่อที่ด้านล่างของหน้าจอคุณยังสามารถเปิดพื้นที่ คลิกเพื่อเพิ่มบันทึกโดยคลิกที่หมายเหตุในส่วนแสดงในริบบิ้น
2001975,how do i insert notes under a slide in powerpoint,msmarco_passage_40_320903907,"How to add notes to your PowerPoint presentation. 1. Launch your PowerPoint presentation. 2. Go to the ""View"" tab in the toolbar at the top of the screen. 3. Choose ""Normal"" view on the far left of the toolbar if it isn't already selected.",1,ฉันจะแทรกบันทึกย่อใต้สไลด์ใน PowerPoint ได้อย่างไร,วิธีเพิ่มบันทึกในงานนำเสนอ PowerPoint ของคุณ 1.เปิดงานนำเสนอ PowerPoint ของคุณ 2.ไปที่แท็บ “ดู” ในแถบเครื่องมือที่ด้านบนของหน้าจอ 3.เลือกมุมมอง “ปกติ” ทางด้านซ้ายสุดของแถบเครื่องมือหากยังไม่ได้เลือกแล้ว
2001975,how do i insert notes under a slide in powerpoint,msmarco_passage_32_342536692,"2. Click in the area below the slide, where it says ""Click to Add Notes,"" and start typing your notes. The notes are associated with that slide, so you need to select each slide individually to enter the notes you want associated with it.",3,ฉันจะแทรกบันทึกย่อใต้สไลด์ใน PowerPoint ได้อย่างไร,2.คลิกที่พื้นที่ด้านล่างสไลด์ซึ่งระบุว่า “คลิกเพื่อเพิ่มหมายเหตุ” และเริ่มพิมพ์บันทึกย่อของคุณบันทึกจะเชื่อมโยงกับสไลด์นั้น ดังนั้นคุณต้องเลือกแต่ละสไลด์แยกกันเพื่อป้อนโน้ตที่คุณต้องการเชื่อมโยงกับสไลด์
2001975,how do i insert notes under a slide in powerpoint,msmarco_passage_14_337459457,"Print Presentation Notes Slides. PowerPoint Notes slides show the Speaker Notes that you've added to your slides. Because of this, they are ideal to print PowerPoint slides with notes and keep on your podium or lectern when presenting. Notes slides show your Speaker Notes below the slide preview.",1,ฉันจะแทรกบันทึกย่อใต้สไลด์ใน PowerPoint ได้อย่างไร,พิมพ์สไลด์บันทึกการนำเสนอสไลด์ PowerPoint Notes แสดงโน้ตลำโพงที่คุณเพิ่มลงในสไลด์ด้วยเหตุนี้จึงเหมาะอย่างยิ่งในการพิมพ์สไลด์ PowerPoint พร้อมบันทึกและเก็บไว้บนโพเดียมหรือบรรยายของคุณเมื่อนำเสนอสไลด์โน้ตแสดงโน้ตลำโพงของคุณด้านล่างภาพตัวอย่างสไลด์
2001975,how do i insert notes under a slide in powerpoint,msmarco_passage_33_362870650,"In PowerPoint for the web, click Open in PowerPoint. On the Insert tab, click Header & Footer. Enter the slide number or date and time information in the Header and Footer box, and click Apply to all. Click Save. Note: You can only insert a footer; not a header.",0,ฉันจะแทรกบันทึกย่อใต้สไลด์ใน PowerPoint ได้อย่างไร,ใน PowerPoint สำหรับเว็บ ให้คลิก เปิดใน PowerPointบนแท็บแทรก ให้คลิกส่วนหัวและส่วนท้ายป้อนหมายเลขสไลด์หรือข้อมูลวันที่และเวลาในกล่องส่วนหัวและส่วนท้าย แล้วคลิก นำไปใช้กับทั้งหมดคลิก บันทึกหมายเหตุ: คุณสามารถแทรกส่วนท้ายเท่านั้น ไม่ใช่ส่วนหัว
2002146,how do you root a yucca plant,msmarco_passage_24_793603755,"Dig around the root system of the yucca plant, roughly one foot out from the perimeter of the leaf spread. Push the shovel straight down into the ground and then slightly angle it inward, working your way down and under the roots. Repeat this digging process around the entire plant. Work your way around the trench again, using the shovel as a lever to lift the root ball of the plant upward.",0,คุณทำรากต้นมันสำปะหลังได้อย่างไร,ขุดรอบ ๆ ระบบรากของต้นมันสำปะหลัง โดยห่างจากขอบใบไม้กว้างประมาณหนึ่งฟุตดันพลั่วลงบนพื้นโดยตรงจากนั้นทำมุมเข้าด้านในเล็กน้อยโดยวิ่งลงและใต้รากทำซ้ำขั้นตอนการขุดนี้รอบ ๆ โรงงานทั้งหมดรอบ ๆ ร่องร่องร่องอีกครั้ง โดยใช้พลั่วเป็นคันโยกเพื่อยกรูทบอลของพืชขึ้นบน
2002146,how do you root a yucca plant,msmarco_passage_47_257937911,"This will give the roots time to establish before hot, dry summer weather. If you live in a climate with cold winters, transplant yucca in spring, after all danger of frost has passed. Using a sharp shovel, dig completely around the yucca plant, about a foot away from the outer edge of the plant. Rock the shovel back and forth to loosen the roots, then lift the yucca plant out of the soil.",0,คุณทำรากต้นมันสำปะหลังได้อย่างไร,สิ่งนี้จะทำให้รากมีเวลาในการก่อตัวก่อนสภาพอากาศฤดูร้อนที่ร้อนและแห้งหากคุณอาศัยอยู่ในสภาพอากาศที่มีฤดูหนาวที่หนาวเย็นให้ปลูกมันสำปะหลังในฤดูใบไม้ผลิหลังจากที่อันตรายจากน้ำค้างแข็งผ่านไปแล้วใช้พลั่วแหลมขุดรอบ ๆ ต้นมันสำปะหลัง ห่างจากขอบด้านนอกของพืชประมาณหนึ่งฟุตหันพลั่วไปมาเพื่อคลายราก จากนั้นยกต้นมันสำปะหลังออกจากดิน
2002146,how do you root a yucca plant,msmarco_passage_47_259259184,"This will give the roots time to establish before hot, dry summer weather. If you live in a climate with cold winters, transplant yucca in spring, after all danger of frost has passed. Using a sharp shovel, dig completely around the yucca plant, about a foot away from the outer edge of the plant. Rock the shovel back and forth to loosen the roots, then lift the yucca plant out of the soil.",0,คุณทำรากต้นมันสำปะหลังได้อย่างไร,สิ่งนี้จะทำให้รากมีเวลาในการก่อตัวก่อนสภาพอากาศฤดูร้อนที่ร้อนและแห้งหากคุณอาศัยอยู่ในสภาพอากาศที่มีฤดูหนาวที่หนาวเย็นให้ปลูกมันสำปะหลังในฤดูใบไม้ผลิหลังจากที่อันตรายจากน้ำค้างแข็งผ่านไปแล้วใช้พลั่วแหลมขุดรอบ ๆ ต้นมันสำปะหลัง ห่างจากขอบด้านนอกของพืชประมาณหนึ่งฟุตหันพลั่วไปมาเพื่อคลายราก จากนั้นยกต้นมันสำปะหลังออกจากดิน
2002146,how do you root a yucca plant,msmarco_passage_47_283666112,"This will give the roots time to establish before hot, dry summer weather. If you live in a climate with cold winters, transplant yucca in spring, after all danger of frost has passed. Using a sharp shovel, dig completely around the yucca plant, about a foot away from the outer edge of the plant. Rock the shovel back and forth to loosen the roots, then lift the yucca plant out of the soil.",0,คุณทำรากต้นมันสำปะหลังได้อย่างไร,สิ่งนี้จะทำให้รากมีเวลาในการก่อตัวก่อนสภาพอากาศฤดูร้อนที่ร้อนและแห้งหากคุณอาศัยอยู่ในสภาพอากาศที่มีฤดูหนาวที่หนาวเย็นให้ปลูกมันสำปะหลังในฤดูใบไม้ผลิหลังจากที่อันตรายจากน้ำค้างแข็งผ่านไปแล้วใช้พลั่วแหลมขุดรอบ ๆ ต้นมันสำปะหลัง ห่างจากขอบด้านนอกของพืชประมาณหนึ่งฟุตหันพลั่วไปมาเพื่อคลายราก จากนั้นยกต้นมันสำปะหลังออกจากดิน
2002146,how do you root a yucca plant,msmarco_passage_24_778428111,"Remove the Yucca Root. Dig up the yucca root to ensure that the plant cannot grow back. Dig a wide circle around the plant to ensure you pull up all of the root. Sort through the soil after removing the largest part of the root so you can remove any smaller, broken pieces of the rhizome.",0,คุณทำรากต้นมันสำปะหลังได้อย่างไร,ลบรากมันสำปะหลังขุดรากมันสำปะหลังเพื่อให้แน่ใจว่าพืชไม่สามารถเติบโตกลับได้ขุดวงกลมกว้างรอบต้นไม้เพื่อให้แน่ใจว่าคุณดึงรากทั้งหมดขึ้นเรียงตามดินหลังจากเอาส่วนใหญ่ที่สุดของรากออกเพื่อให้คุณสามารถเอาเหง้าที่เล็กกว่าและแตกออก
2002146,how do you root a yucca plant,msmarco_passage_48_278936880,"Gently remove the yucca from its pot. Using a saw, cut no shorter than midway from the root to the tip of the plant. Repot the rooted end. It will produce new leaves in no time. You may use the top half of your yucca to start a new plant! Simply cut away the leaves and plant the trunk on the end where it was sawed.",2,คุณทำรากต้นมันสำปะหลังได้อย่างไร,ค่อยๆนำมันสำปะหลังออกจากหม้อใช้เลื่อยตัดไม่สั้นกว่ากลางทางจากรากถึงปลายพืชปลูกปลายที่รากใหม่มันจะผลิตใบใหม่ในเวลาไม่นานคุณอาจใช้ครึ่งบนสุดของมันสำปะหลังของคุณเพื่อเริ่มปลูกพืชใหม่!เพียงแค่ตัดใบและปลูกลำต้นที่ปลายที่เลื่อย
2002146,how do you root a yucca plant,msmarco_passage_47_257938872,"Trim off any damaged or diseased roots with garden shears, then transplant the yucca plant as quickly as possible. If the yucca is large, put it in a box or a wheelbarrow to move it to the new location. Dig a hole as deep as the yucca's root system, and twice as wide.",0,คุณทำรากต้นมันสำปะหลังได้อย่างไร,ตัดรากที่เสียหายหรือเป็นโรคออกด้วยกรรไกรสวนจากนั้นปลูกต้นมันสำปะหลังโดยเร็วที่สุดหากมันสำปะหลังมีขนาดใหญ่ให้ใส่ในกล่องหรือรถเข็นเพื่อย้ายไปยังตำแหน่งใหม่ขุดหลุมลึกเท่ากับระบบรากของมันสำปะหลัง และกว้างเป็นสองเท่า
2002146,how do you root a yucca plant,msmarco_passage_47_283667073,"Trim off any damaged or diseased roots with garden shears, then transplant the yucca plant as quickly as possible. If the yucca is large, put it in a box or a wheelbarrow to move it to the new location. Dig a hole as deep as the yucca's root system, and twice as wide.",0,คุณทำรากต้นมันสำปะหลังได้อย่างไร,ตัดรากที่เสียหายหรือเป็นโรคออกด้วยกรรไกรสวนจากนั้นปลูกต้นมันสำปะหลังโดยเร็วที่สุดหากมันสำปะหลังมีขนาดใหญ่ให้ใส่ในกล่องหรือรถเข็นเพื่อย้ายไปยังตำแหน่งใหม่ขุดหลุมลึกเท่ากับระบบรากของมันสำปะหลัง และกว้างเป็นสองเท่า
2002146,how do you root a yucca plant,msmarco_passage_47_259260145,"Trim off any damaged or diseased roots with garden shears, then transplant the yucca plant as quickly as possible. If the yucca is large, put it in a box or a wheelbarrow to move it to the new location. Dig a hole as deep as the yucca's root system, and twice as wide.",0,คุณทำรากต้นมันสำปะหลังได้อย่างไร,ตัดรากที่เสียหายหรือเป็นโรคออกด้วยกรรไกรสวนจากนั้นปลูกต้นมันสำปะหลังโดยเร็วที่สุดหากมันสำปะหลังมีขนาดใหญ่ให้ใส่ในกล่องหรือรถเข็นเพื่อย้ายไปยังตำแหน่งใหม่ขุดหลุมลึกเท่ากับระบบรากของมันสำปะหลัง และกว้างเป็นสองเท่า
2002146,how do you root a yucca plant,msmarco_passage_47_260873373,"Place the yucca roots in the hole and cover with soil. Firm the soil around the yucca plant. Drape a lightweight, see-through cloth over the above-ground part of the yucca. This keeps the yucca from overexposure to sunlight while it is establishing its roots. Keep the cloth in place until new growth appears.",2,คุณทำรากต้นมันสำปะหลังได้อย่างไร,วางรากมันสำปะหลังลงในหลุมและคลุมด้วยดินทำให้ดินรอบ ๆ ต้นมันสำปะหลังพันผ้าที่มีน้ำหนักเบาและโปร่งใสเหนือส่วนเหนือพื้นดินของมันสำปะหลังสิ่งนี้ช่วยป้องกันมันสำปะหลังจากการสัมผัสกับแสงแดดมากเกินไปในขณะที่มันกำลังสร้างรากของมันเก็บผ้าไว้ในที่จนกว่าการเจริญเติบโตใหม่จะปรากฏขึ้น
2002146,how do you root a yucca plant,msmarco_passage_33_113127721,Index of Article (Click to Jump) Introduction To Yucca Plant. Scientific Classification. Plant Specification. Root System Of Yucca Plant. Fibrous Root System. Tap Root System. Rhizomatic Root System. Uses of Yucca Plant.,0,คุณทำรากต้นมันสำปะหลังได้อย่างไร,ดัชนีบทความ (คลิกเพื่อข้าม) บทนำเกี่ยวกับพืชมันสำปะหลังการจำแนกประเภททางวิทยาศาสตร์ข้อมูลจำเพาะของพืชระบบรากของพืชมันสำปะหลังระบบรากเส้นใยแตะระบบรากระบบรากเหง้าการใช้พืชมันสำปะหลัง
2002146,how do you root a yucca plant,msmarco_passage_33_113129894,Roots of some species of Yucca plants can give rise to new Yucca from any point resulting into the formation of a colony in an area where they’re planted. The roots of the Yucca plant are quite invasive and if grown in the garden can cause trouble to the nearby plants and their roots.,0,คุณทำรากต้นมันสำปะหลังได้อย่างไร,รากของพืชมันสำปะหลังบางชนิดสามารถก่อให้เกิดมันสำปะหลังใหม่ได้จากจุดใดก็ได้ส่งผลให้เกิดอาณานิคมในพื้นที่ที่ปลูกรากของพืช Yucca ค่อนข้างรุกรานและหากปลูกในสวนอาจทำให้พืชใกล้เคียงและรากของพวกมันอาจทำให้เกิดปัญหา
2002146,how do you root a yucca plant,msmarco_passage_49_784484385,"Check the roots of a yucca plant in a planter — if the roots are emerging from the bottom, the yucca needs a larger planter. Remove plants from the area directly around a garden yucca to free up root space. Advertisement.",0,คุณทำรากต้นมันสำปะหลังได้อย่างไร,ตรวจสอบรากของต้นมันสำปะหลังในกระถาง — หากรากโผล่ออกมาจากด้านล่าง มันสำปะหลังต้องการกระถางต้นไม้ขนาดใหญ่ขึ้นนำพืชออกจากพื้นที่รอบ ๆ มันสำปะหลังในสวนโดยตรงเพื่อเพิ่มพื้นที่รากโฆษณา
2002146,how do you root a yucca plant,msmarco_passage_56_997711,"Yucca root. The root of the yucca plant is something like a potato. As the southwest was settled, this became a staple for many of the people, as the land was already littered with yucca plants. Tougher than our potato, and more fibrous, it was nevertheless a good source of carbohydrates.",0,คุณทำรากต้นมันสำปะหลังได้อย่างไร,รากมันสำปะหลังรากของต้นมันสำปะหลังเป็นเหมือนมันฝรั่งเมื่อทางตะวันตกเฉียงใต้ถูกตั้งถิ่นฐาน สิ่งนี้กลายเป็นอาหารหลักสำหรับประชาชนหลายคน เนื่องจากดินแดนนั้นเต็มไปด้วยต้นมันสำปะหลังอยู่แล้วแข็งกว่ามันฝรั่งของเราและเป็นเส้นใยมากกว่ามันก็เป็นแหล่งคาร์โบไฮเดรตที่ดี
2002146,how do you root a yucca plant,msmarco_passage_16_866011758,"28 Health Benefits of Yucca Roots (No.9 is Very Impressive) Yucca is a perennial shrub plant which native to Central America. This plant is usually used as ornamental plant but the root of the plant can also be consumed. Yucca leave has been used since long ago by people native in America especially Athabaskan people to make rope, thread and basket while yucca root has been used in culinary and medicinal purpose.",0,คุณทำรากต้นมันสำปะหลังได้อย่างไร,28 ประโยชน์ต่อสุขภาพของรากมันสำปะหลัง (หมายเลข 9 น่าประทับใจมาก) มันสำปะหลังเป็นไม้พุ่มไม้ยืนต้นที่มีถิ่นกำเนิดในอเมริกากลางพืชชนิดนี้มักใช้เป็นไม้ประดับ แต่สามารถบริโภครากของพืชได้เช่นกันใบมันสำปะหลังถูกใช้มาเป็นเวลานานโดยคนพื้นเมืองในอเมริกาโดยเฉพาะอย่างยิ่งชาวอาตาบัสกันเพื่อทำเชือก ด้าย และตะกร้า ในขณะที่รากมันสำปะหลังถูกนำมาใช้ในการทำอาหารและยา
2002146,how do you root a yucca plant,msmarco_passage_33_113129432,"Root System Of Yucca Plant. Since Yucca is a drought-tolerant, arid plant, therefore, their growth in these dry areas depend upon their roots mainly. Yucca plants have a strong absorbing root system that not only absorbs water in great quantity but also stores this absorbed water for the future unfavourable conditions.",0,คุณทำรากต้นมันสำปะหลังได้อย่างไร,ระบบรากของพืชมันสำปะหลังเนื่องจากมันสำปะหลังเป็นพืชที่ทนแล้งและแห้งแล้งดังนั้นการเจริญเติบโตของพวกมันในพื้นที่แห้งเหล่านี้จึงขึ้นอยู่กับรากเป็นหลักต้นมันสำปะหลังมีระบบรากที่ดูดซับได้แข็งแกร่งซึ่งไม่เพียง แต่ดูดซับน้ำในปริมาณมาก แต่ยังเก็บน้ำที่ดูดซึมนี้ไว้สำหรับสภาวะที่ไม่เอื้ออำนวยในอนาคตอีกด้วย
2002146,how do you root a yucca plant,msmarco_passage_11_701014709,"Yucca is also often referred to as yucca cane. The term can also mean the stem of the yucca plant. Whatever it means, yucca cane is dangerous for cats regardless of the part of the plant that your cat consumes. So, from the leaves to the stems, flowers, seeds, and even yucca roots for cats, no part of the yucca plant is safe for your kitto.",0,คุณทำรากต้นมันสำปะหลังได้อย่างไร,มันสำปะหลังมักเรียกอีกอย่างว่ามันสำปะหลังคำนี้อาจหมายถึงลำต้นของต้นมันสำปะหลังไม่ว่ามันหมายความว่าอ้อยมันสำปะหลังเป็นอันตรายต่อแมวโดยไม่คำนึงถึงส่วนของพืชที่แมวของคุณกินใดดังนั้นตั้งแต่ใบไปจนถึงลำต้น ดอกไม้ เมล็ด และแม้แต่รากมันสำปะหลังสำหรับแมว ไม่มีส่วนใดของต้นมันสำปะหลังที่ปลอดภัยสำหรับลูกแมวของคุณ
2002146,how do you root a yucca plant,msmarco_passage_49_784483990,"Root Crowding. Yucca plants that are grown in planters or near other plants may experience root crowding, which limits the yucca's ability to take in water and nutrients from this soil. This weakens the yucca rapidly, causing the appearance of brown leaves.",0,คุณทำรากต้นมันสำปะหลังได้อย่างไร,ความแออัดของรากต้นมันสำปะหลังที่ปลูกในกระถางต้นไม้หรือใกล้กับพืชอื่น ๆ อาจมีรากแออัดซึ่งจำกัดความสามารถของมันสำปะหลังในการรับน้ำและสารอาหารจากดินนี้สิ่งนี้ทำให้มันสำปะหลังอ่อนแอลงอย่างรวดเร็วทำให้ใบสีน้ำตาล
2002146,how do you root a yucca plant,msmarco_passage_06_523275607,"Division from the offsets, called pups, provides you with more potted yucca plants. Remove the plant from its container (preferably outside) and remove the pup with a clean, sharp cut. A rooting compound may be applied to encourage root development on the baby, but is not necessary for most situations. Suckers will sometimes appear on canes of potted yucca plants and may also be used for growing yucca in containers.",2,คุณทำรากต้นมันสำปะหลังได้อย่างไร,การแบ่งออกจากการชดเชย เรียกว่าลูกสุนัข ช่วยให้คุณมีต้นมันสำปะหลังในกระถางมากขึ้นนำพืชออกจากภาชนะ (โดยเฉพาะด้านนอก) และนำลูกสุนัขออกด้วยการตัดที่สะอาดและคมชัดสารประกอบการรากอาจถูกนำมาใช้เพื่อส่งเสริมการพัฒนาของรากในทารก แต่ไม่จำเป็นสำหรับสถานการณ์ส่วนใหญ่บางครั้งตัวดูดจะปรากฏบนอ้อยของต้นมันสำปะหลังในกระถาง และอาจใช้สำหรับการปลูกมันสำปะหลังในภาชนะ
2002146,how do you root a yucca plant,msmarco_passage_47_326487316,"Division from the offsets, called pups, provides you with more potted yucca plants. Remove the plant from its container (preferably outside) and remove the pup with a clean, sharp cut. A rooting compound may be applied to encourage root development on the baby, but is not necessary for most situations. Suckers will sometimes appear on canes of potted yucca plants and may also be used for growing yucca in containers.",2,คุณทำรากต้นมันสำปะหลังได้อย่างไร,การแบ่งออกจากการชดเชย เรียกว่าลูกสุนัข ช่วยให้คุณมีต้นมันสำปะหลังในกระถางมากขึ้นนำพืชออกจากภาชนะ (โดยเฉพาะด้านนอก) และนำลูกสุนัขออกด้วยการตัดที่สะอาดและคมชัดสารประกอบการรากอาจถูกนำมาใช้เพื่อส่งเสริมการพัฒนาของรากในทารก แต่ไม่จำเป็นสำหรับสถานการณ์ส่วนใหญ่บางครั้งตัวดูดจะปรากฏบนอ้อยของต้นมันสำปะหลังในกระถาง และอาจใช้สำหรับการปลูกมันสำปะหลังในภาชนะ
2002146,how do you root a yucca plant,msmarco_passage_47_326530210,"What to Do When a Yucca is Falling Over. Whether a yucca is bending over because of drought, over watering, or shock, the result is that the roots aren’t able to take up enough water to support the plant. Rotting roots and roots that die from shock will not recover, and the entire plant will die. You may be able to save a plant that is suffering from drought, but bent stems between the trunk and the leaves will not straighten out.",0,คุณทำรากต้นมันสำปะหลังได้อย่างไร,จะทำอย่างไรเมื่อมันสำปะหลังกำลังตกลงมาไม่ว่ามันสำปะหลังจะโค้งงอเนื่องจากความแห้งแล้ง การรดน้ำมากเกินไป หรือการกระแทก ผลที่ได้คือรากไม่สามารถใช้น้ำเพียงพอที่จะรองรับพืชได้รากและรากที่เน่าเปื่อยที่ตายจากการช็อกจะไม่ฟื้นตัวและพืชทั้งหมดจะตายคุณอาจช่วยพืชที่ทนทุกข์ทรมานจากความแห้งแล้งได้ แต่ลำต้นงอระหว่างลำต้นและใบจะไม่ยืดออก
2002146,how do you root a yucca plant,msmarco_passage_47_326530802,"You’ll get better results from rooting the top of a yucca plant that is bending over than from trying to save the old plant. It takes some time to grow a new plant, but you’ll have the satisfaction that comes with propagating a yucca plant and watching it grow.",0,คุณทำรากต้นมันสำปะหลังได้อย่างไร,คุณจะได้รับผลลัพธ์ที่ดีขึ้นจากการหยั่งรากด้านบนของต้นมันสำปะหลังที่โค้งงอมากกว่าจากการพยายามช่วยพืชเก่าต้องใช้เวลาสักครู่ในการปลูกพืชใหม่ แต่คุณจะมีความพึงพอใจที่มาจากการขยายพันธุ์ต้นมันสำปะหลังและดูมันเติบโต
2002146,how do you root a yucca plant,msmarco_passage_22_599450297,"Yucca plants develop root rot easily if they become waterlogged. Wherever you plant, keep the characteristics of your chosen type of yucca in mind. Yuccas have sharp spines – some varieties have sharper needles than others – so you will want to keep these out of the reach of children and pets.",0,คุณทำรากต้นมันสำปะหลังได้อย่างไร,พืชมันสำปะหลังพัฒนารากเน่าได้ง่ายหากมีน้ำขังไม่ว่าคุณจะปลูกทุกที่ โปรดคำนึงถึงลักษณะของมันสำปะหลังที่คุณเลือกมันสำปะหลังมีหนามแหลม บางพันธุ์มีเข็มที่คมกว่าพันธุ์อื่น ๆ ดังนั้นคุณจะต้องการเก็บสิ่งเหล่านี้ให้พ้นมือเด็กและสัตว์เลี้ยง
2002146,how do you root a yucca plant,msmarco_passage_01_639200797,"The taproot system on some yucca dig deeply into the soil to search for water and nutrients. These roots are carrot-shaped and strong, and they're used in making root beer and soap. To control the roots from spreading, plant yucca in a container.",0,คุณทำรากต้นมันสำปะหลังได้อย่างไร,ระบบรากท่อบนมันสำปะหลังบางชนิดขุดลึกเข้าไปในดินเพื่อค้นหาน้ำและสารอาหารรากเหล่านี้มีรูปร่างแครอทและแข็งแรง และใช้ในการทำเบียร์รากและสบู่เพื่อควบคุมรากจากการแพร่กระจายให้ปลูกมันสำปะหลังในภาชนะ
2002146,how do you root a yucca plant,msmarco_passage_47_249385958,"Placing some organic matter is beneficial; add more gravel or sand mixture if the soil has a heavy clay base to increase the drainage. Place (5 to 8 cm (two to three inches) of the soil mixture into the bottom of the hole, and put the root ball of the Yucca plant on top of it.",0,คุณทำรากต้นมันสำปะหลังได้อย่างไร,การวางอินทรีย์บางชนิดเป็นประโยชน์ เพิ่มส่วนผสมกรวดหรือทรายเพิ่มเติมหากดินมีฐานดินเหนียวหนักเพื่อเพิ่มการระบายน้ำวางส่วนผสมของดิน (5 ถึง 8 ซม. (สองถึงสามนิ้ว) ลงในด้านล่างของหลุม แล้ววางลูกบอลรากของต้นยัคคาไว้ด้านบน
2002146,how do you root a yucca plant,msmarco_passage_44_105004828,"Step 5 - Apply Stump Killer. The yucca root is very strong. If you want to make sure that it does not come back next year, then you will need to kill any roots left in the soil. By using a stump killer instead of a standard plant and weed killer you can help to guarantee no re-growth.",0,คุณทำรากต้นมันสำปะหลังได้อย่างไร,ขั้นตอนที่ 5 - ใช้ Stunk Killerรากมันสำปะหลังแข็งแรงมากหากคุณต้องการตรวจสอบให้แน่ใจว่ามันจะไม่กลับมาในปีหน้าคุณจะต้องฆ่ารากที่เหลืออยู่ในดินด้วยการใช้เครื่องฆ่าตอแทนพืชมาตรฐานและสารกำจัดวัชพืช คุณสามารถช่วยรับประกันว่าไม่มีการเจริญเติบโตอีกครั้ง
2002146,how do you root a yucca plant,msmarco_passage_30_16384850,"As soon as the roots are long enough, you can repot the new plant and put it in a new soil mix. Water thoroughly and then go back to regular Yucca plant care. Note: As for the mother plant, when you see new buds forming (at the locations where you did the cuttings), you may want to transplant the mother plant as well.",0,คุณทำรากต้นมันสำปะหลังได้อย่างไร,ทันทีที่รากยาวพอคุณสามารถปลูกพืชใหม่และใส่ลงในดินผสมใหม่ได้รดน้ำให้สะอาดแล้วกลับไปดูแลต้นมันสำปะหลังเป็นประจำหมายเหตุ: สำหรับต้นแม่ เมื่อคุณเห็นดอกตูมใหม่ก่อตัว (ในสถานที่ที่คุณทำการปักชำ) คุณอาจต้องการปลูกต้นแม่ด้วย
2002146,how do you root a yucca plant,msmarco_passage_30_16384414,"Take a new pot, fill it with vermiculite and then root the cutting. One cutting per pot is fine. If you do use big pots, you could also root several stem cuttings in the same pot. From time to time, water your Yucca babies. After 3-4 weeks, the roots should begin to form.",2,คุณทำรากต้นมันสำปะหลังได้อย่างไร,ใช้หม้อใหม่เติมเวอร์มิคูไลต์แล้วรากตัดการตัดหนึ่งครั้งต่อหม้อนั้นดีหากคุณใช้กระถางขนาดใหญ่ คุณยังสามารถปักชำก้านหลายลำต้นในกระถางเดียวกันได้รดน้ำทารกมันสำปะหลังของคุณเป็นครั้งคราวหลังจาก 3-4 สัปดาห์รากควรเริ่มก่อตัว
2002146,how do you root a yucca plant,msmarco_passage_24_793601151,4. Dig a hole at the new planting site. Create a hole that is twice as wide as the root ball and as deep as the root ball is high. Set the yucca plant upright in the hole. Cut the strings and slide the fabric carefully out from under the root ball. Remove any damaged or broken roots using a pair of pruning shears.,0,คุณทำรากต้นมันสำปะหลังได้อย่างไร,4.ขุดหลุมที่สถานที่ปลูกใหม่สร้างรูที่กว้างกว่ารูทบอลสองเท่าและลึกเท่ากับรูทบอลสูงวางต้นมันสำปะหลังตั้งตรงในหลุมตัดเชือกและเลื่อนผ้าออกอย่างระมัดระวังจากใต้รูทบอลลบรากที่เสียหายหรือแตกออกโดยใช้กรรไกรตัดแต่งกิ่ง
2002146,how do you root a yucca plant,msmarco_passage_44_105004001,"Step 3 - Dig. Dig a very wide hole around the yucca plant, at least two if not three times wider than the plant itself. Dig carefully and try not to cut through any roots. Use the shovel and the pick to loosen the surrounding soil.",0,คุณทำรากต้นมันสำปะหลังได้อย่างไร,ขั้นตอนที่ 3 - ขุดขุดหลุมกว้างมากรอบต้นมันสำปะหลัง ซึ่งกว้างกว่าต้นไม้อย่างน้อยสองเท่าถ้าไม่สามเท่าขุดอย่างระมัดระวังและพยายามอย่าตัดรากใด ๆใช้พลั่วและไม้เก็บเพื่อคลายดินโดยรอบ
2002146,how do you root a yucca plant,msmarco_passage_67_418306247,"This article has been viewed 257,168 times. To grow yucca, start by finding a healthy shoot on a mature yucca plant. Then, dig in a circle around the plant about 5 inches outside of the shoot, and as you dig, start lifting up the plant until you can remove the whole shoot and root ball from the ground.",0,คุณทำรากต้นมันสำปะหลังได้อย่างไร,"บทความนี้มีผู้เข้าชม 257,168 ครั้งในการปลูกมันสำปะหลังให้เริ่มต้นด้วยการค้นหาหน่อที่แข็งแรงบนต้นมันสำปะหลังที่โตเต็มที่จากนั้นขุดเป็นวงกลมรอบ ๆ ต้นไม้ประมาณ 5 นิ้วนอกหน่อและในขณะที่คุณขุดให้เริ่มยกต้นขึ้นจนกว่าคุณจะสามารถเอาหน่อและรูทบอลทั้งหมดออกจากพื้นได้"
2002146,how do you root a yucca plant,msmarco_passage_10_821977613,"This article has been viewed 255,277 times. To grow yucca, start by finding a healthy shoot on a mature yucca plant. Then, dig in a circle around the plant about 5 inches outside of the shoot, and as you dig, start lifting up the plant until you can remove the whole shoot and root ball from the ground.",0,คุณทำรากต้นมันสำปะหลังได้อย่างไร,"บทความนี้มีผู้เข้าชม 255,277 ครั้งในการปลูกมันสำปะหลังให้เริ่มต้นด้วยการค้นหาหน่อที่แข็งแรงบนต้นมันสำปะหลังที่โตเต็มที่จากนั้นขุดเป็นวงกลมรอบ ๆ ต้นไม้ประมาณ 5 นิ้วนอกหน่อและในขณะที่คุณขุดให้เริ่มยกต้นขึ้นจนกว่าคุณจะสามารถเอาหน่อและรูทบอลทั้งหมดออกจากพื้นได้"
2002146,how do you root a yucca plant,msmarco_passage_24_829018260,"3. Dig a planting hole at least 12 inches deep in well-drained soil that gets sun most of the day. Plant the yucca stem in the soil, cut end down. Stake the stem if it extends over 18 inches above the soil surface. Get the Best Mortgage Rate for You | SmartAsset.com.",2,คุณทำรากต้นมันสำปะหลังได้อย่างไร,3.ขุดหลุมปลูกลึกอย่างน้อย 12 นิ้วในดินที่มีการระบายน้ำได้ดีซึ่งได้รับแสงแดดตลอดทั้งวันปลูกลำต้นมันสำปะหลังในดินตัดปลายลงวางลำต้นหากยืดเหนือพื้นผิวดินมากกว่า 18 นิ้วรับอัตราการจำนองที่ดีที่สุดสำหรับคุณ | Smartasset.com.
2002146,how do you root a yucca plant,msmarco_passage_40_463788638,You can also remove yucca pups and suckers from the mother plant and plant them separately so they can become their own plant. Wait until the leaves are green. Then use clean garden shears to slice off the pup or sucker. Plant in well-draining soil and keep moist until it can establish a root system.,2,คุณทำรากต้นมันสำปะหลังได้อย่างไร,คุณยังสามารถกำจัดลูกมันสำปะหลังและตัวดูดออกจากต้นแม่และปลูกแยกต่างหากเพื่อให้พวกมันกลายเป็นพืชของตัวเองได้รอจนกว่าใบจะเป็นสีเขียวจากนั้นใช้กรรไกรสวนที่สะอาดเพื่อตัดลูกสุนัขหรือตัวดูดปลูกในดินที่ระบายน้ำได้ดีและให้ความชุ่มชื้นจนกว่าจะสามารถสร้างระบบรากได้
2002146,how do you root a yucca plant,msmarco_passage_47_326495769,"Take your yucca plant cutting and place in it a cool, shady place for a few days. This will allow the cutting to dry out some and will encourage better rooting. Then place the yucca plant cutting in some potting soil. Put it in a place where is will get indirect light.",2,คุณทำรากต้นมันสำปะหลังได้อย่างไร,ตัดต้นมันสำปะหลังของคุณแล้ววางไว้ในที่เย็นและร่มรื่นเป็นเวลาสองสามวันสิ่งนี้จะช่วยให้การตัดแห้งและจะกระตุ้นให้การหยั่งรากได้ดีขึ้นจากนั้นวางต้นมันสำปะหลังในดินปลูกบางส่วนวางไว้ในที่ซึ่งจะได้รับแสงทางอ้อม
2002146,how do you root a yucca plant,msmarco_passage_45_462662405,"Repotting. When repotting, use a container at least 2-4″ inches larger and cut off 1-2 inches of the root mass. Prepare a container with good quality potting soil, and place the yucca plant in it. Add more soil beneath the root ball until the base of the stalk is at the same level as the rim of the pot.",0,คุณทำรากต้นมันสำปะหลังได้อย่างไร,การปลูกใหม่เมื่อปลูกใหม่ ให้ใช้ภาชนะที่มีขนาดใหญ่ขึ้นอย่างน้อย 2-4 นิ้วและตัดมวลรากออก 1-2 นิ้วเตรียมภาชนะที่มีดินปลูกคุณภาพดีและวางต้นมันสำปะหลังลงไปเพิ่มดินไว้ใต้รูทบอลจนโคนก้านอยู่ในระดับเดียวกับขอบหม้อ
2002146,how do you root a yucca plant,msmarco_passage_24_793604301,3. Spread a piece of landscape fabric or burlap on the ground near the base of the yucca plant. Lift the plant out of the ground and slide it onto the center of the fabric. Pull the corners of the fabric up around the root ball and tie in place with string. Lift the plant into a wheelbarrow or wagon if it is too heavy to carry to the new planting site.,0,คุณทำรากต้นมันสำปะหลังได้อย่างไร,3.กระจายผ้าภูมิทัศน์หรือผ้าใยบนพื้นดินใกล้กับฐานของต้นมันสำปะหลังยกพืชออกจากพื้นแล้วเลื่อนลงไปที่กึ่งกลางของผ้าดึงมุมของผ้าขึ้นรอบ ๆ รูทบอลและผูกให้เข้าที่ด้วยเชือกยกต้นไม้ลงในรถเข็นหรือรถเกวียนหากหนักเกินไปที่จะพกพาไปยังสถานที่ปลูกใหม่
2002146,how do you root a yucca plant,msmarco_passage_06_508001826,"Planting Yucca. After digging a hole with the use of shovel to inspect the soil type, add small pebbled gravel or sand to implement the soil where the yucca is about to be planted. To do this, dig a hole that is twice as deep and wide as the root ball of the yucca plant.",0,คุณทำรากต้นมันสำปะหลังได้อย่างไร,การปลูกมันสำปะหลังหลังจากขุดหลุมโดยใช้พลั่วเพื่อตรวจสอบชนิดของดินให้เพิ่มกรวดหรือทรายก้อนกรวดขนาดเล็กเพื่อใช้ดินที่กำลังจะปลูกในการทำเช่นนี้ให้ขุดหลุมที่ลึกและกว้างกว่ารูทบอลของต้นมันสำปะหลังเป็นสองเท่า
2002146,how do you root a yucca plant,msmarco_passage_47_249385540,"Planting Yucca. After digging a hole with the use of shovel to inspect the soil type, add small pebbled gravel or sand to implement the soil where the yucca is about to be planted. To do this, dig a hole that is twice as deep and wide as the root ball of the yucca plant.",0,คุณทำรากต้นมันสำปะหลังได้อย่างไร,การปลูกมันสำปะหลังหลังจากขุดหลุมโดยใช้พลั่วเพื่อตรวจสอบชนิดของดินให้เพิ่มกรวดหรือทรายก้อนกรวดขนาดเล็กเพื่อใช้ดินที่กำลังจะปลูกในการทำเช่นนี้ให้ขุดหลุมที่ลึกและกว้างกว่ารูทบอลของต้นมันสำปะหลังเป็นสองเท่า
2002146,how do you root a yucca plant,msmarco_passage_57_189292382,"Tip #6 - How to Propagate Yucca. You can propagate Yucca via division, root cuttings, stem cuttings and seeds. Stems and offsets can be cut, the bottom few inches stripped of leaves and the cuttings planted and treated gently until they root.",2,คุณทำรากต้นมันสำปะหลังได้อย่างไร,เคล็ดลับ #6 - วิธีการขยายพันธุ์มันสำปะหลังคุณสามารถขยายพันธุ์มันสำปะหลังผ่านการแบ่งการปักชำราก การปักชำลำต้นและเมล็ดสามารถตัดลำต้นและยับยั้งได้ ส่วนล่างไม่กี่นิ้วจะลอกใบและปักชำปลูกและบำบัดเบา ๆ จนกว่าจะหยั่งราก
2002146,how do you root a yucca plant,msmarco_passage_47_282025719,"This will prevent rot on the cut edge, and will promote better rooting. Dig a shallow hole in a sunny, well-drained spot for the newly divided yuccas. The hole should be the same depth as the yucca's roots, but no deeper. Plant the yucca in the hole. Fill the hole with reserved soil, along with a handful of compost.",0,คุณทำรากต้นมันสำปะหลังได้อย่างไร,วิธีนี้จะป้องกันการเน่าที่ขอบตัดและจะส่งเสริมการหยั่งรากที่ดีขึ้นขุดหลุมตื้นในจุดที่มีแดดจัดและระบายน้ำได้ดีสำหรับมันสำปะหลังที่เพิ่งแบ่งออกใหม่หลุมควรมีความลึกเท่ากับรากของมันสำปะหลัง แต่ไม่ลึกกว่าปลูกมันสำปะหลังในหลุมเติมหลุมด้วยดินที่สงวนไว้พร้อมกับปุ๋ยหมักหนึ่งกำมือ
2002146,how do you root a yucca plant,msmarco_passage_47_260872302,"How to Plant Yucca Root. Yuccas (Yucca spp.) are succulents that grow in harsh conditions. The yucca’s native environment consists of arid conditions with low rainfall and poor soil. The stiff, leathery leaves are armed with prickly spines. The leaves emerge from a trunk and are dark green to pale blue. This low-maintenance plant is used for ground covers, bedding plants, container plants, shrubs and specimen plants.",0,คุณทำรากต้นมันสำปะหลังได้อย่างไร,วิธีปลูกรากมันสำปะหลังมันสำปะหลัง (Yucca spp.) เป็นพืชอวบน้ำที่เติบโตในสภาวะที่รุนแรงสภาพแวดล้อมพื้นเมืองของมันสำปะหลังประกอบด้วยสภาพแห้งแล้งที่มีฝนตกต่ำและดินไม่ดีใบไม้ที่แข็งและเป็นหนังติดอาวุธด้วยหนามที่มีหนามใบโผล่ออกมาจากลำต้นและมีสีเขียวเข้มถึงน้ำเงินอ่อนพืชที่มีการบำรุงรักษาต่ำนี้ใช้สำหรับคลุมดิน พืชปูพื้น พืชคอนเทนเนอร์ พุ่มไม้ และพืชตัวอย่าง
2002269,how fast does a rabbit grow,msmarco_passage_59_738657437,It's a fast process - rabbit teeth grow about 12cm a year! Eye problems are often linked to the teeth. Other foods (even hard pellets) do not wear the teeth down like the side-to-side jaw action used when eating hay. Keeps bunnies busy rearranging it and searching for the best tasting pieces.,1,กระต่ายเติบโตเร็วแค่ไหน,มันเป็นกระบวนการที่รวดเร็ว - ฟันกระต่ายเติบโตประมาณ 12 ซม. ต่อปี!ปัญหาดวงตามักเชื่อมโยงกับฟันอาหารอื่น ๆ (แม้กระทั่งเม็ดแข็ง) ไม่สึกหรอฟันลงเหมือนกับการกระทำขากรรไกรด้านข้างต่อด้านที่ใช้เมื่อกินหญ้าแห้งทำให้กระต่ายยุ่งกับการจัดเรียงใหม่และค้นหาชิ้นที่มีรสชาติดีที่สุด
2002269,how fast does a rabbit grow,msmarco_passage_09_255597277,Required capital/investment for starting rabbit farming business is very low. You can start with a very little investment. Rabbits grow rapidly and gain maturity very fast like broiler chickens. They become suitable for slaughtering purpose within 4 to 5 months. Rabbit meat is very nutritious and tasty.,1,กระต่ายเติบโตเร็วแค่ไหน,เงินทุน/การลงทุนที่จำเป็นสำหรับการเริ่มต้นธุรกิจเลี้ยงกระต่ายต่ำมากคุณสามารถเริ่มต้นด้วยการลงทุนน้อยมากกระต่ายเติบโตอย่างรวดเร็วและเติบโตเร็วมากเหมือนไก่ไก่ไก่ไก่เหมาะสำหรับวัตถุประสงค์ในการฆ่าภายใน 4 ถึง 5 เดือนเนื้อกระต่ายมีคุณค่าทางโภชนาการและอร่อยมาก
2002269,how fast does a rabbit grow,msmarco_passage_59_457922268,"Rabbits grow very fast and the female rabbit produce 2 to 8 kids every time. They can consume very low quality food and turn this foods to high quality meat, skin or fiber. Raising rabbit can be a great income source to the unemployed educated people and landless farmers.",1,กระต่ายเติบโตเร็วแค่ไหน,กระต่ายเติบโตเร็วมากและกระต่ายตัวเมียให้ลูก 2 ถึง 8 คนทุกครั้งพวกเขาสามารถบริโภคอาหารคุณภาพต่ำมากและเปลี่ยนอาหารนี้เป็นเนื้อผิวหนังหรือเส้นใยคุณภาพสูงการเลี้ยงกระต่ายสามารถเป็นแหล่งรายได้ที่ดีสำหรับคนที่มีการศึกษาที่ว่างงานและเกษตรกรที่ไม่มีที่ดิน
2002269,how fast does a rabbit grow,msmarco_passage_13_406841865,"Fastest Growing. Mahi-mahi are a relatively fast-growing species. They can grow up to 2.7 inches per week and can reach their adult size within about one year, normally becoming sexually mature at just 5-6 months of age. Due to this trait, it is sometimes referred to as the rabbit of the sea.",0,กระต่ายเติบโตเร็วแค่ไหน,เติบโตเร็วที่สุดMahi-mahi เป็นสายพันธุ์ที่เติบโตค่อนข้างเร็วพวกมันสามารถเติบโตได้ถึง 2.7 นิ้วต่อสัปดาห์และสามารถบรรลุขนาดโตได้ภายในประมาณหนึ่งปี โดยปกติจะโตเต็มวัยเมื่ออายุเพียง 5-6 เดือนเนื่องจากลักษณะนี้บางครั้งจึงถูกเรียกว่ากระต่ายแห่งทะเล
2002269,how fast does a rabbit grow,msmarco_passage_50_452780831,"At birth, young are furless, blind, and weigh less than 1 ounce. Young rabbits grow fast, and by the end of the first week, their eyes open. By 14 days of age, they begin leaving the nest to feed on leafy greens. Over the next few days, they may return to the nest to nurse at night, spending the day feeding nearby.",1,กระต่ายเติบโตเร็วแค่ไหน,เมื่อคลอดลูกไม่มีขนตาบอดและมีน้ำหนักน้อยกว่า 1 ออนซ์กระต่ายเล็กเติบโตเร็วและเมื่อสิ้นสุดสัปดาห์แรกตาของพวกเขาจะเปิดออกเมื่ออายุ 14 วันพวกเขาเริ่มออกจากรังเพื่อกินผักใบเขียวในอีกไม่กี่วันข้างหน้าพวกเขาอาจกลับไปที่รังเพื่อพยาบาลในเวลากลางคืน ใช้เวลาทั้งวันให้อาหารในบริเวณใกล้เคียง
2002269,how fast does a rabbit grow,msmarco_passage_34_406101413,Rabbits. Rabbits are bigger than guinea pigs. A small pygmy rabbit can be around 8 to 10 inches long. And larger species rabbit can be 20 to 22 inches long. An average size rabbit weighs more than 10 pounds. The life span of healthy rabbits is 8 to 12 years. Rabbits can grow healthy very faster which means they require bigger space as they grow.,1,กระต่ายเติบโตเร็วแค่ไหน,กระต่ายกระต่ายมีขนาดใหญ่กว่าหนูตะเภากระต่ายพิกมีขนาดเล็กสามารถยาวประมาณ 8 ถึง 10 นิ้วและกระต่ายสายพันธุ์ใหญ่สามารถมีความยาว 20 ถึง 22 นิ้วกระต่ายขนาดเฉลี่ยมีน้ำหนักมากกว่า 10 ปอนด์อายุการใช้งานของกระต่ายที่มีสุขภาพดีคือ 8 ถึง 12 ปีกระต่ายสามารถเติบโตได้อย่างแข็งแรงเร็วมากซึ่งหมายความว่าพวกเขาต้องการพื้นที่ที่ใหญ่ขึ้นเมื่อโตขึ้น
2002269,how fast does a rabbit grow,msmarco_passage_58_633912960,"Baby rabbits start out life as tiny, fluffy animals. However, in the first year, rabbits grow quickly. The age at which rabbits stop growing depends on a variety of different factors. Rabbits reach maturity at different ages, depending upon their breed. Smaller rabbits, such as Netherland Dwarfs, reach their adult size at 4-5 months old.",2,กระต่ายเติบโตเร็วแค่ไหน,กระต่ายทารกเริ่มต้นชีวิตในฐานะสัตว์เล็ก ๆ นุ่มอย่างไรก็ตามในปีแรกกระต่ายเติบโตอย่างรวดเร็วอายุที่กระต่ายหยุดเติบโตขึ้นอยู่กับปัจจัยที่แตกต่างกันกระต่ายถึงวัยที่อายุต่างกันขึ้นอยู่กับสายพันธุ์กระต่ายขนาดเล็กเช่นดาวแคระเนเธอร์แลนด์มีขนาดโตเมื่ออายุ 4-5 เดือน
2002269,how fast does a rabbit grow,msmarco_passage_32_687766185,"Comfort toys for rabbits. Being young can be hard work, especially if you are a fast-growing baby rabbit! These baby rabbit toys strike just the right balance between comfort and engagement to help your baby rabbit grow up strong, healthy and happy.",1,กระต่ายเติบโตเร็วแค่ไหน,ของเล่นที่สะดวกสบายสำหรับกระต่ายการเป็นเด็กอาจเป็นการทำงานหนักโดยเฉพาะอย่างยิ่งถ้าคุณเป็นกระต่ายทารกที่เติบโตอย่างรวดเร็ว!ของเล่นกระต่ายทารกเหล่านี้สร้างความสมดุลที่เหมาะสมระหว่างความสะดวกสบายและการหมั้นเพื่อช่วยให้กระต่ายลูกของคุณเติบโตแข็งแรง มีสุขภาพดี และมีความสุข
2002269,how fast does a rabbit grow,msmarco_passage_22_258756224,"Limit the water and you have effectively limited the growth of your rabbits! For a pet rabbit or any breeding stock that is not quickly growing, a water bottle will be fine. For a fast growing rabbit, especially a group, use a “spill proof” bowl that you refill a few times a day.",1,กระต่ายเติบโตเร็วแค่ไหน,จำกัด น้ำและคุณได้จำกัดการเจริญเติบโตของกระต่ายของคุณอย่างมีประสิทธิภาพ!สำหรับกระต่ายสัตว์เลี้ยงหรือสต็อกเพาะพันธุ์ที่ไม่เติบโตอย่างรวดเร็วขวดน้ำจะดีสำหรับกระต่ายที่เติบโตอย่างรวดเร็ว โดยเฉพาะกลุ่มให้ใช้ชาม “ป้องกันการรั่วไหล” ที่คุณเติมวันละสองสามครั้ง
2002269,how fast does a rabbit grow,msmarco_passage_56_748969239,"A: Rabbits occasionally nibble young liriope, but once it's had a year to grow and thicken, they usually let it alone. It also typically bounces back from rabbit browsing, unless the rabbits keep eating it as fast as it recovers.",1,กระต่ายเติบโตเร็วแค่ไหน,ตอบ: กระต่ายกัดลิเรียอปเล็กเป็นครั้งคราว แต่เมื่อมีเวลาหนึ่งปีที่จะเติบโตและข้นขึ้นพวกมันมักจะปล่อยให้มันอยู่คนเดียวนอกจากนี้ยังมักจะกลับมาจากการท่องกระต่าย เว้นแต่กระต่ายจะกินมันเร็วที่สุดเท่าที่ฟื้นตัว
2002269,how fast does a rabbit grow,msmarco_passage_02_701917988,They grow fast; have large litters and overall make excellent “meat rabbits”. Here is a list of “for meat” rabbit breeds that many different breeders recommend. American Chinchilla. Beveren.,1,กระต่ายเติบโตเร็วแค่ไหน,พวกมันเติบโตอย่างรวดเร็ว มีเศษซากขนาดใหญ่และโดยรวมเป็น “กระต่ายเนื้อ” ที่ยอดเยี่ยมนี่คือรายการสายพันธุ์กระต่าย “สำหรับเนื้อสัตว์” ที่พ่อพันธุ์แม่พันธุ์หลายคนแนะนำชินชิลล่าอเมริกันเบเวเรน.
2002269,how fast does a rabbit grow,msmarco_passage_02_702010926,"Commercial Rabbit Breeds. One of most common rabbit body types include the Commercial Rabbit Breeds. Like indicated by the name, the rabbits that make up this category tend to be used as production animals and meat rabbits. The rabbits that make up this “Commercial” category tend to grow fast and have large meaty loins.",1,กระต่ายเติบโตเร็วแค่ไหน,สายพันธุ์กระต่ายเชิงพาณิชย์หนึ่งในประเภทร่างกายกระต่ายที่พบบ่อยที่สุด ได้แก่ สายพันธุ์กระต่ายเชิงพาณิชย์ดังที่ระบุด้วยชื่อกระต่ายที่ประกอบเป็นหมวดหมู่นี้มักจะใช้เป็นสัตว์ผลิตและกระต่ายเนื้อสัตว์กระต่ายที่ประกอบขึ้นเป็นหมวดหมู่ “เชิงพาณิชย์” นี้มีแนวโน้มที่จะเติบโตอย่างรวดเร็วและมีเนื้อสั้นขนาดใหญ่
2002269,how fast does a rabbit grow,msmarco_passage_11_632415500,"In reality, the survival and reproduction rate of the rabbits will depend on how you care for them. Rabbits often give birth to large litters, and they do so up to two or three times a year. Also, rabbits grow very fast and reach market size quicker than most other livestock.",1,กระต่ายเติบโตเร็วแค่ไหน,ในความเป็นจริงอัตราการอยู่รอดและการสืบพันธุ์ของกระต่ายจะขึ้นอยู่กับวิธีที่คุณดูแลพวกเขากระต่ายมักให้กำเนิดขยะขนาดใหญ่และทำได้ถึงสองหรือสามครั้งต่อปีนอกจากนี้กระต่ายเติบโตเร็วมากและเข้าถึงขนาดตลาดได้เร็วกว่าปศุสัตว์อื่น ๆ ส่วนใหญ่
2002269,how fast does a rabbit grow,msmarco_passage_61_742624871,"Rabbit Brush. Rabbit Brush or Rubber Rabbit Brush, Chrysothamnus nauseosus, is a fast growing evergreen shrub that does very well in the desert Southwest. Rabbit Brush can get up to seven feet in height and requires full sun and low watering, once established.",0,กระต่ายเติบโตเร็วแค่ไหน,แปรงกระต่ายแปรงกระต่ายหรือแปรงกระต่ายยาง Chrysothamnus Nausosus เป็นไม้พุ่มที่เขียวชอุ่มตลอดปีที่เติบโตอย่างรวดเร็วซึ่งทำได้ดีมากในทะเลทรายตะวันตกเฉียงใต้กระต่ายแปรงสามารถสูงได้ถึงเจ็ดฟุตและต้องการแสงแดดเต็มที่และการรดน้ำต่ำเมื่อสร้างขึ้น
2002269,how fast does a rabbit grow,msmarco_passage_22_608240654,Boston Fern. Boston ferns are easy to grow. They are some of the fast-growing houseplants that anyone can grow. When provided with the right conditions they can grow big very fast. Other types of ferns are pet safe including Dainty Rabbits-Foot Fern (Davallia fejeensis) and Fer Holly (Aspidium falcatum).,0,กระต่ายเติบโตเร็วแค่ไหน,บอสตันเฟิร์นเฟิร์นบอสตันปลูกง่ายเป็นพืชในบ้านที่เติบโตอย่างรวดเร็วที่ทุกคนสามารถปลูกได้เมื่อมีเงื่อนไขที่เหมาะสม พวกมันสามารถเติบโตได้เร็วมากเฟิร์นชนิดอื่น ๆ ปลอดภัยสำหรับสัตว์เลี้ยง ได้แก่ เฟิร์นเท้ากระต่าย (Davallia fejeensis) และ เฟอร์ฮอลลี่ (Aspidium falcatum)
2002269,how fast does a rabbit grow,msmarco_passage_15_758702929,"From their miraculous fertility to their value for the impatient landscaper and ultraproductive farmer, plants that grow really fast have long held our fascination. In honor of this enduring appeal, here are 10 incredibly fast growing trees and plants that shoot up like Jack’s giant beanstalk and multiply like rabbits in some of nature’s fiercest turf wars.",0,กระต่ายเติบโตเร็วแค่ไหน,ตั้งแต่ความอุดมสมบูรณ์อันมหัศจรรย์ไปจนถึงคุณค่าสำหรับนักจัดสวนที่ไม่อดทนและเกษตรกรที่มีผลผลิตเป็นพิเศษ พืชที่เติบโตเร็วจริงๆ ได้สร้างความหลงใหลของเรามานานแล้วเพื่อเป็นเกียรติแก่ความน่าดึงดูดที่ยั่งยืนนี้ นี่คือต้นไม้และพืชที่เติบโตอย่างรวดเร็วอย่างไม่น่าเชื่อ 10 ต้นที่พุ่งขึ้นเหมือนก้านถั่วยักษ์ของแจ็คและทวีคูณเหมือนกระต่ายในสงครามสนามหญ้าที่รุนแรงที่สุดของธรรมชาติ
2002269,how fast does a rabbit grow,msmarco_passage_42_820262412,"When your rabbit enters adolescence, it is time to talk about spaying or neutering. The procedure will keep your pet rabbit happy and healthy and make your life easier. Advertisement. references. Nature: Age Determination in Wild Rabbits. House Rabbit Network: Baby Bunnies: Growing Up on Fast Forward.",1,กระต่ายเติบโตเร็วแค่ไหน,เมื่อกระต่ายของคุณเข้าสู่วัยรุ่นถึงเวลาที่จะพูดถึงการสเปรย์หรือการฆ่าเชื้อแล้วขั้นตอนนี้จะช่วยให้กระต่ายสัตว์เลี้ยงของคุณมีความสุขและมีสุขภาพดีและทำให้ชีวิตของคุณง่ายขึ้นโฆษณา การอ้างอิงธรรมชาติ: การกำหนดอายุในกระต่ายป่าHouse Rabbit Network: Baby Bunnies: เติบโตขึ้นอย่างรวดเร็ว
2002269,how fast does a rabbit grow,msmarco_passage_02_701917555,Meat Rabbit Breeds. If you plan on raising rabbits for meat I strongly recommend that you choose a large “commercial” rabbit breed which will produce fast growing offspring with a good meat to bone ratio. I personally recommend raising Californians or New Zealands as meat rabbits.,1,กระต่ายเติบโตเร็วแค่ไหน,สายพันธุ์กระต่ายเนื้อหากคุณวางแผนที่จะเลี้ยงกระต่ายเป็นเนื้อสัตว์ ฉันขอแนะนำอย่างยิ่งให้คุณเลือกกระต่ายสายพันธุ์ “เชิงพาณิชย์” ขนาดใหญ่ซึ่งจะให้ลูกหลานที่เติบโตอย่างรวดเร็วและมีอัตราส่วนเนื้อต่อกระดูกที่ดีฉันแนะนำให้เลี้ยงชาวแคลิฟอร์เนียหรือนิวซีแลนด์เป็นกระต่ายเนื้อ
2002269,how fast does a rabbit grow,msmarco_passage_32_800538204,"There is also a huge export market for rabbits. As you grow your rabbit farming business, you will be able to export the rabbit meat to other countries. The largest importers of rabbit meat include Italy, Belgium, France, United States, United Kingdom, Germany, the Netherlands and Switzerland. Rabbits breed and reproduce fast.",1,กระต่ายเติบโตเร็วแค่ไหน,นอกจากนี้ยังมีตลาดส่งออกขนาดใหญ่สำหรับกระต่ายเมื่อคุณเติบโตธุรกิจการเลี้ยงกระต่ายของคุณคุณจะสามารถส่งออกเนื้อกระต่ายไปยังประเทศอื่น ๆ ได้ผู้นำเข้าเนื้อกระต่ายรายใหญ่ที่สุด ได้แก่ อิตาลีเบลเยียมฝรั่งเศสสหรัฐอเมริกาสหราชอาณาจักรเยอรมนีเนเธอร์แลนด์และสวิตเซอร์แลนด์กระต่ายผสมพันธุ์และสืบพันธุ์อย่างรวดเร็ว
2002269,how fast does a rabbit grow,msmarco_passage_12_213754322,"Sounds like you need to do a little more research about your rabbit and good breeding practices/rabbit husbandry (see book below). If you are breeding for food, any rabbit will do but a New Zealand/Californian cross will likely have the best feed conversion ratio and grow out fast.",1,กระต่ายเติบโตเร็วแค่ไหน,ดูเหมือนว่าคุณต้องทำการวิจัยเพิ่มเติมเล็กน้อยเกี่ยวกับกระต่ายของคุณและการเพาะพันธุ์ที่ดี/การเลี้ยงกระต่าย (ดูหนังสือด้านล่าง)หากคุณกำลังผสมพันธุ์เพื่อหาอาหาร กระต่ายใด ๆ ก็จะทำได้ แต่การไขว้ของนิวซีแลนด์/แคลิฟอร์เนียน่าจะมีอัตราส่วนการแปลงอาหารที่ดีที่สุดและเติบโตอย่างรวดเร็ว
2002269,how fast does a rabbit grow,msmarco_passage_63_806281615,"Because they have tender feet, rabbits do poorly in wire-bottomed cages; a better choice is a plastic dog crate. Inside the crate, provide your rabbit with: Plenty of toys such as cardboard boxes and plastic chewy toys; rabbits need to chew to keep their fast-growing teeth in check.",0,กระต่ายเติบโตเร็วแค่ไหน,เนื่องจากมีเท้าที่อ่อนโยน กระต่ายจึงทำงานได้ไม่ดีในกรงก้นลวด ทางเลือกที่ดีกว่าคือลังสุนัขพลาสติกภายในลังให้กระต่ายของคุณด้วย: ของเล่นมากมายเช่นกล่องกระดาษแข็งและของเล่นเคี้ยวพลาสติก กระต่ายต้องเคี้ยวเพื่อควบคุมฟันที่เติบโตอย่างรวดเร็ว
2002269,how fast does a rabbit grow,msmarco_passage_56_852087167,"Updated: January 22, 2021. Published: July 28, 2016. Share this: By Laurie Hess, DVM, Dipl ABVP (Avian Practice) Unlike cats, dogs and people, a rabbit’s teeth grow nearly tenth of an inch a week, adding up to many feet over its lifetime.",1,กระต่ายเติบโตเร็วแค่ไหน,"อัปเดต: 22 มกราคม 2021เผยแพร่เมื่อ: กรกฎาคม 28, 2016.แบ่งปันสิ่งนี้: โดย Laurie Hess, DVM, Dipl ABVP (Avian Practice) ซึ่งแตกต่างจากแมว สุนัข และคน ฟันของกระต่ายเติบโตเกือบถึงสิบหนึ่งนิ้วต่อสัปดาห์ เพิ่มขึ้นหลายฟุตตลอดอายุการใช้งาน"
2002269,how fast does a rabbit grow,msmarco_passage_43_119269847,"Pet rabbits are also some of the most intelligent pet animals. If you use positive reward-based training, you can get your pet rabbit to respond to your commands. You may also be surprised to learn that rabbits; teeth grow at a rate of 3mm per week and that they are always growing!",1,กระต่ายเติบโตเร็วแค่ไหน,กระต่ายสัตว์เลี้ยงยังเป็นสัตว์เลี้ยงที่ฉลาดที่สุดหากคุณใช้การฝึกอบรมตามผลตอบแทนเชิงบวก คุณสามารถให้กระต่ายสัตว์เลี้ยงของคุณตอบสนองต่อคำสั่งของคุณได้คุณอาจประหลาดใจที่ได้เรียนรู้ว่ากระต่าย ฟันเติบโตในอัตรา 3 มม. ต่อสัปดาห์และพวกมันเติบโตอยู่เสมอ!
2002269,how fast does a rabbit grow,msmarco_passage_22_290811013,"If you keep your colony all together, it is liable to grow very quickly. If you are growing for market, that could be a very good thing. If you are like us and only eat a rabbit every week or so and want to select for certain traits it may be better to keep them separated.",1,กระต่ายเติบโตเร็วแค่ไหน,หากคุณเก็บอาณานิคมของคุณไว้ด้วยกันมันอาจเติบโตได้อย่างรวดเร็วหากคุณกำลังเติบโตเพื่อตลาด นั่นอาจเป็นสิ่งที่ดีมากหากคุณเหมือนเราและกินกระต่ายเท่านั้นทุกสัปดาห์หรือมากกว่านั้นและต้องการเลือกลักษณะบางอย่าง อาจจะดีกว่าถ้าแยกพวกมันออกจากกัน
2002269,how fast does a rabbit grow,msmarco_passage_29_707501574,"Rabbits in the wild, build large-scale warrens. As a result, their nails grow rapidly in response to all the digging that must be done. Your pet rabbit is no different, and their nails will grow at a very quick rate. Unfortunately, they are unable to wear down their nails, as quickly as their wild counterparts.",1,กระต่ายเติบโตเร็วแค่ไหน,กระต่ายในป่าสร้างวอร์เรนขนาดใหญ่เป็นผลให้เล็บของพวกเขาเติบโตอย่างรวดเร็วเพื่อตอบสนองต่อการขุดทั้งหมดที่ต้องทำกระต่ายสัตว์เลี้ยงของคุณไม่แตกต่างกันและเล็บของพวกเขาจะเติบโตในอัตราที่รวดเร็วน่าเสียดายที่พวกเขาไม่สามารถสึกหรอเล็บได้เร็วเท่ากับคู่ป่าของพวกเขา
2002269,how fast does a rabbit grow,msmarco_passage_66_171470969,"Each fly can lay up to 200 eggs on the skin, usually at the rear end of an animal, which then hatch into maggots within hours. The maggots grow by feeding on the rabbit’s flesh and, collectively, they can get through a large area of skin frighteningly quickly.",0,กระต่ายเติบโตเร็วแค่ไหน,แมลงวันแต่ละตัวสามารถวางไข่ได้มากถึง 200 ฟองบนผิวหนังซึ่งมักจะอยู่ที่ปลายด้านหลังของสัตว์ ซึ่งจะฟักเป็นหนอนภายในไม่กี่ชั่วโมงหนอนเติบโตโดยการกินเนื้อของกระต่ายและโดยรวมแล้วพวกมันสามารถผ่านผิวหนังบริเวณขนาดใหญ่ได้อย่างรวดเร็วอย่างน่ากลัว
2002269,how fast does a rabbit grow,msmarco_passage_05_418313344,"Rabbits, giant or otherwise — left to their own devices — can produce 60 young a year. +4. Copy link to paste in your message. Competition: Darius the rabbit measures 4ft 4in long while 3ft 8in Jeff still has six months of growing to do. 'That's cruel — it would kill the mothers in the end,' says Annette.",1,กระต่ายเติบโตเร็วแค่ไหน,กระต่ายยักษ์หรืออื่น ๆ ทิ้งไว้ให้อุปกรณ์ของตัวเองสามารถผลิตลูกได้ 60 ตัวต่อปี +4.คัดลอกลิงก์เพื่อวางในข้อความของคุณการแข่งขัน: กระต่ายดาริอุส มีความยาว 4 ฟุต 4 นิ้ว ในขณะที่เจฟฟ์ 3 ฟุต 8 นิ้วยังมีเวลาเติบโตหกเดือน'นั่นโหดร้าย มันจะฆ่าแม่ในที่สุด' แอนเน็ตต์กล่าว
2002269,how fast does a rabbit grow,msmarco_passage_52_614753958,"Other facts. Rabbits can be very crafty and quick. To get away from a predator, a cottontail rabbit will run in a zigzag pattern and reach speeds of up to 18 mph (29 km/h), according to National Geographic . Their ears can grow to 4 inches (10 cm).",1,กระต่ายเติบโตเร็วแค่ไหน,ข้อเท็จจริงอื่น ๆกระต่ายสามารถฉลาดและรวดเร็วมากหากต้องการหลีกหนีจากนักล่ากระต่ายหางฝ้ายจะวิ่งในรูปแบบซิกแซกและมีความเร็วสูงถึง 18 ไมล์ต่อชั่วโมง (29 กม./ชม.) ตามข้อมูลของ National Geographicหูของพวกเขาสามารถเติบโตได้ถึง 4 นิ้ว (10 ซม.)
2002269,how fast does a rabbit grow,msmarco_passage_17_599722241,"Among other pets, they are the fastest growing. On average, by 4-5 months, pets grow by 65%, and after about 8-10 months the eared ones gain the maximum mass characteristic of a particular species. What are the rates of development in different breeds, how many rabbits should weigh at certain periods of life and what weight is considered the norm for adults - you will learn from this article.",2,กระต่ายเติบโตเร็วแค่ไหน,ในบรรดาสัตว์เลี้ยงอื่น ๆ พวกมันเติบโตเร็วที่สุดโดยเฉลี่ยประมาณ 4-5 เดือนสัตว์เลี้ยงจะเติบโตขึ้น 65% และหลังจากผ่านไปประมาณ 8-10 เดือนสัตว์เลี้ยงหูจะได้รับลักษณะมวลสูงสุดของสายพันธุ์หนึ่งอัตราการพัฒนาในสายพันธุ์ต่างๆคือเท่าไหร่กระต่ายควรมีน้ำหนักเท่าใดในช่วงเวลาหนึ่งของชีวิตและน้ำหนักใดที่ถือเป็นบรรทัดฐานสำหรับผู้ใหญ่ - คุณจะได้เรียนรู้จากบทความนี้
2002269,how fast does a rabbit grow,msmarco_passage_58_633783425,"Just like humans, rabbits grow at their own pace. Some rabbits shoot up in size early, which others are late bloomers. Their breed will also play a part in this. Most small breeds of rabbit will be fully grown by the age of six months. If you adopt a large or giant breed, it could take a year.",2,กระต่ายเติบโตเร็วแค่ไหน,เช่นเดียวกับมนุษย์กระต่ายเติบโตตามความเร็วของตัวเองกระต่ายบางตัวหน่อขนาดเร็วซึ่งกระต่ายบางชนิดจะออกดอกช้าสายพันธุ์ของพวกเขาจะมีส่วนร่วมในเรื่องนี้เช่นกันกระต่ายสายพันธุ์เล็กส่วนใหญ่จะเติบโตเต็มที่เมื่ออายุหกเดือนหากคุณนำสายพันธุ์ใหญ่หรือยักษ์มาใช้ อาจใช้เวลาหนึ่งปี
2002269,how fast does a rabbit grow,msmarco_passage_46_32649775,"Bunnies are pretty adorable, but they don’t stay small for long. The length of time it takes a rabbit to grow to adult size varies among breeds with smaller breeds achieving maturity more quickly. A Rex rabbit will grow to adult size of between three and four and a half pounds in about six or seven months.",1,กระต่ายเติบโตเร็วแค่ไหน,กระต่ายค่อนข้างน่ารัก แต่พวกมันไม่เล็กอยู่ได้นานระยะเวลาที่ต้องใช้กระต่ายในการเติบโตเป็นขนาดตัวเต็มวัยจะแตกต่างกันไปในแต่ละสายพันธุ์โดยสายพันธุ์ที่เล็กกว่าจะเติบโตเร็วขึ้นกระต่ายเร็กซ์จะเติบโตเป็นขนาดใหญ่ระหว่างสามถึงสี่ปอนด์ครึ่งในเวลาประมาณหกหรือเจ็ดเดือน
2002269,how fast does a rabbit grow,msmarco_passage_00_96839044,"Rabbit speed: Rabbits have extremely strong hind limbs which allow them to which allow them to run fast. Rabbits can easily reach maximum speed to 70 kmph, which is approximately about 44 mph. Rabbit Average speed:40 km/h. Rabbit top speed:70 km/h.",1,กระต่ายเติบโตเร็วแค่ไหน,ความเร็วกระต่าย: กระต่ายมีแขนขาหลังที่แข็งแรงมากซึ่งช่วยให้พวกมันวิ่งเร็วกระต่ายสามารถเข้าถึงความเร็วสูงสุดได้ถึง 70 กิโลเมตรต่อชั่วโมงซึ่งประมาณ 44 ไมล์ต่อชั่วโมงแรบบิท ความเร็วเฉลี่ย: 40 กม./ชม. ความเร็วสูงสุดของกระต่าย: 70 กม./ชม.
2002269,how fast does a rabbit grow,msmarco_passage_11_699094560,"Rabbit speed: Rabbits have extremely strong hind limbs which allow them to which allow them to run fast. Rabbits can easily reach maximum speed to 70 kmph, which is approximately about 44 mph. Rabbit Average speed:40 km/h. Rabbit top speed:70 km/h.",1,กระต่ายเติบโตเร็วแค่ไหน,ความเร็วกระต่าย: กระต่ายมีแขนขาหลังที่แข็งแรงมากซึ่งช่วยให้พวกมันวิ่งเร็วกระต่ายสามารถเข้าถึงความเร็วสูงสุดได้ถึง 70 กิโลเมตรต่อชั่วโมงซึ่งประมาณ 44 ไมล์ต่อชั่วโมงแรบบิท ความเร็วเฉลี่ย: 40 กม./ชม. ความเร็วสูงสุดของกระต่าย: 70 กม./ชม.
2002269,how fast does a rabbit grow,msmarco_passage_22_523239798,It takes about 6 to 8 months for a rabbit to grow fully since birth. Here we are providing the necessary information on the various stages of a rabbit’s life that will help you in nurturing your rabbit.,2,กระต่ายเติบโตเร็วแค่ไหน,ใช้เวลาประมาณ 6 ถึง 8 เดือนกว่ากระต่ายจะเติบโตเต็มที่ตั้งแต่แรกเกิดที่นี่เรากำลังให้ข้อมูลที่จำเป็นเกี่ยวกับขั้นตอนต่างๆของชีวิตกระต่ายที่จะช่วยคุณในการเลี้ยงกระต่ายของคุณ
2002269,how fast does a rabbit grow,msmarco_passage_10_217349788,"Transitioning to an Adult Diet. Rabbit's grow most rapidly in the first three months of life. At four months you should begin reducing pellets, and if you are feeding a higher protein pellets changing over to adult pellets. If you've fed alfalfa, it's also time to start decreasing this in favour of grass hay.",2,กระต่ายเติบโตเร็วแค่ไหน,การเปลี่ยนไปใช้อาหารสำหรับผู้ใหญ่กระต่ายเติบโตเร็วที่สุดในสามเดือนแรกของชีวิตเมื่อสี่เดือนคุณควรเริ่มลดเม็ดและหากคุณกำลังให้อาหารเม็ดโปรตีนที่สูงขึ้นเปลี่ยนเป็นเม็ดสำหรับผู้ใหญ่หากคุณให้อาหารอัลฟัลฟาแล้ว ก็ถึงเวลาที่จะเริ่มลดสิ่งนี้เพื่อสนับสนุนหญ้าหญ้า
2002269,how fast does a rabbit grow,msmarco_passage_14_321379688,"The speed of a rabbit differs according to species. Several factors weigh in and enable them to reach their top speeds. Where wild rabbits are generally faster and can reach an incredible speed of up to 45 mph, domestic rabbits tend to be slower at 30 mph. If you are a rabbit owner, you might have been surprised at how fast your rabbit sprints around or comes to a halt abruptly.",1,กระต่ายเติบโตเร็วแค่ไหน,ความเร็วของกระต่ายแตกต่างกันไปตามสายพันธุ์ปัจจัยหลายประการที่ชั่งน้ำหนักและทำให้พวกเขาสามารถเข้าถึงความเร็วสูงสุดได้ที่กระต่ายป่าโดยทั่วไปจะเร็วกว่าและสามารถเข้าถึงความเร็วสูงถึง 45 ไมล์ต่อชั่วโมง กระต่ายในบ้านมักจะช้าลงที่ 30 ไมล์ต่อชั่วโมงหากคุณเป็นเจ้าของกระต่าย คุณอาจประหลาดใจที่กระต่ายของคุณวิ่งไปรอบ ๆ เร็วแค่ไหนหรือหยุดกะทันหัน
2002269,how fast does a rabbit grow,msmarco_passage_14_321164618,"On average, a rabbit is capable of running anywhere from 25-45mph. Domestic rabbit usually don’t run that fast though, unless they have been specifically trained for agility. Wild cottontail rabbits regularly reach speeds of about 30mph, but can run even faster.",1,กระต่ายเติบโตเร็วแค่ไหน,โดยเฉลี่ยแล้วกระต่ายสามารถวิ่งได้ทุกที่ตั้งแต่ 25-45 ไมล์ต่อชั่วโมงกระต่ายในบ้านมักจะไม่วิ่งเร็วเท่านั้นเว้นแต่พวกเขาได้รับการฝึกฝนเพื่อความคล่องตัวเป็นพิเศษกระต่ายหางฝ้ายป่ามีความเร็วประมาณ 30 ไมล์ต่อชั่วโมงเป็นประจำ แต่สามารถวิ่งได้เร็วขึ้น
2002269,how fast does a rabbit grow,msmarco_passage_12_620759634,Rabbits grow very quickly and will be fully grown by 6-8 months of age. The sites below are interesting facts on Dwarf Rabbits ... :) ...Show more. Source (s): http://www.geocities.com/Petsburgh/1451/general2.h... http://www.debmark.com/rabbits/basics.htm http://en.wikipedia.org/wiki/Dwarf_rabbits http://www.forotherlivingthings.com/info_pages/Gen... http://4haak.com/rabbitfacts.aspx.,2,กระต่ายเติบโตเร็วแค่ไหน,กระต่ายเติบโตเร็วมากและจะเติบโตเต็มที่เมื่ออายุ 6-8 เดือนเว็บไซต์ด้านล่างเป็นข้อเท็จจริงที่น่าสนใจเกี่ยวกับกระต่ายแคระ...:)... แสดงเพิ่มเติมแหล่งที่มา: http://www.geocities.com/Petsburgh/1451/general2.h... http://www.debmark.com/rabbits/basics.htm http://en.wikipedia.org/wiki/Dwarf_rabbits http://www.forotherlivingthings.com/info_pages/Gen... http://4haak.com/rabbitfacts.aspx.
2002533,how much average cost to plan a 8' tree?,msmarco_passage_49_298628051,"Cutting down and removing a tree costs an average of $400 to $1,200 with most paying $750. Extreme projects might hit $2,000 with the low end of small trees only costing $200. You’ll pay $8 to $15 per foot with the range coming from cost factors like accessibility and job complexity. Most pros charge different rates for different height ranges.",0,ค่าใช้จ่ายเฉลี่ยในการวางแผนต้นไม้ 8' เท่าไหร่?,"การตัดและกำจัดต้นไม้มีราคาเฉลี่ย $400 ถึง 1,200 เหรียญโดยส่วนใหญ่จ่ายเงิน 750 ดอลลาร์โครงการที่รุนแรงอาจสูงถึง 2,000 เหรียญโดยต้นไม้ขนาดเล็กต้นต่ำมีราคาเพียง $200คุณจะจ่าย $8 ถึง $15 ต่อฟุตโดยมีช่วงที่มาจากปัจจัยด้านต้นทุนเช่นการเข้าถึงและความซับซ้อนของงานผู้เชี่ยวชาญส่วนใหญ่เรียกเก็บอัตราที่แตกต่างกันสำหรับช่วงความสูงที่แตกต่างกัน"
2002533,how much average cost to plan a 8' tree?,msmarco_passage_07_74402195,"On average, a Leyland Cypress tree will cost anywhere from $5 to $160. A 4-inch tree shipped with a pot, for example, can retail for $4 to $8 online. A slightly taller tree, around 2.5-feet, can retail for $15 to $30, while trees in the three to four feet range can cost $40 to $65.",0,ค่าใช้จ่ายเฉลี่ยในการวางแผนต้นไม้ 8' เท่าไหร่?,โดยเฉลี่ยแล้ว ต้นไซเปรสเลย์แลนด์จะมีราคาตั้งแต่ $5 ถึง 160 เหรียญตัวอย่างเช่น ต้นไม้ 4 นิ้วที่จัดส่งพร้อมหม้อสามารถขายปลีกได้ในราคา $4 ถึง 8 ดอลลาร์ทางออนไลน์ได้ต้นไม้ที่สูงขึ้นเล็กน้อย ประมาณ 2.5 ฟุต สามารถขายปลีกได้ในราคา $15 ถึง $30 ในขณะที่ต้นไม้ในช่วงสามถึงสี่ฟุตอาจมีราคา $40 ถึง 65 เหรียญ
2002533,how much average cost to plan a 8' tree?,msmarco_passage_49_611190763,"On average, a Leyland Cypress tree will cost anywhere from $5 to $160. A 4-inch tree shipped with a pot, for example, can retail for $4 to $8 online. A slightly taller tree, around 2.5-feet, can retail for $15 to $30, while trees in the three to four feet range can cost $40 to $65.",0,ค่าใช้จ่ายเฉลี่ยในการวางแผนต้นไม้ 8' เท่าไหร่?,โดยเฉลี่ยแล้ว ต้นไซเปรสเลย์แลนด์จะมีราคาตั้งแต่ $5 ถึง 160 เหรียญตัวอย่างเช่น ต้นไม้ 4 นิ้วที่จัดส่งพร้อมหม้อสามารถขายปลีกได้ในราคา $4 ถึง 8 ดอลลาร์ทางออนไลน์ได้ต้นไม้ที่สูงขึ้นเล็กน้อย ประมาณ 2.5 ฟุต สามารถขายปลีกได้ในราคา $15 ถึง $30 ในขณะที่ต้นไม้ในช่วงสามถึงสี่ฟุตอาจมีราคา $40 ถึง 65 เหรียญ
2002533,how much average cost to plan a 8' tree?,msmarco_passage_49_295161272,"Custom Treehouse Cost. Specialty builders charge $61,250 on average, or $25,000 to $100,000 for custom builds. Their fees include custom plans, materials, and labor, but does not cover removal of nearby trees. If you need to cover the cost of tree removal, expect to pay $400 to $2,000 each. Return to Top.",0,ค่าใช้จ่ายเฉลี่ยในการวางแผนต้นไม้ 8' เท่าไหร่?,"ต้นทุนบ้านต้นไม้ที่กำหนดเองผู้สร้างพิเศษเรียกเก็บเงินโดยเฉลี่ย $61,250 หรือ $25,000 ถึง $100,000 สำหรับการสร้างแบบกำหนดเองค่าธรรมเนียมของพวกเขารวมถึงแผนที่กำหนดเอง วัสดุ และแรงงาน แต่ไม่ครอบคลุมการกำจัดต้นไม้ใกล้เคียงหากคุณต้องการครอบคลุมค่าใช้จ่ายในการกำจัดต้นไม้ ให้คาดว่าจะจ่าย $400 ถึง 2,000 เหรียญต่อชิ้นกลับไปที่ด้านบน"
2002533,how much average cost to plan a 8' tree?,msmarco_passage_38_171358511,Average Cost of Tree Removal. The average cost of tree removal is about $825 with average prices ranging from $150 to $1500 for the US in 2020 according to multiple sources. Average tree removal cost: $150 -$1500. Average stump removal cost: $60-$350.,0,ค่าใช้จ่ายเฉลี่ยในการวางแผนต้นไม้ 8' เท่าไหร่?,ต้นทุนเฉลี่ยของการกำจัดต้นไม้ค่าใช้จ่ายเฉลี่ยในการกำจัดต้นไม้อยู่ที่ประมาณ 825 เหรียญโดยราคาเฉลี่ยอยู่ที่ $150 ถึง $1500 สำหรับสหรัฐอเมริกาในปี 2020 ตามหลายแหล่งข้อมูลต้นทุนการกำจัดต้นไม้โดยเฉลี่ย: $150 - $1500ต้นทุนการกำจัดตอโดยเฉลี่ย: $60-$350
2002533,how much average cost to plan a 8' tree?,msmarco_passage_49_605058089,"Refer to our table below to see what the average Bonsai tree could cost you. However, for a Bonsai tree that’s five to 10 years old, you should plan on spending anywhere from $250 to $400. A Bonsai tree older than 10 years old can almost always cost more than $500.",0,ค่าใช้จ่ายเฉลี่ยในการวางแผนต้นไม้ 8' เท่าไหร่?,ดูตารางของเราด้านล่างเพื่อดูว่าต้นบอนไซโดยเฉลี่ยอาจมีค่าใช้จ่ายอะไรบ้างอย่างไรก็ตาม สำหรับต้นบอนไซที่มีอายุห้าถึง 10 ปี คุณควรวางแผนที่จะใช้จ่ายตั้งแต่ $250 ถึง $400ต้นบอนไซที่มีอายุมากกว่า 10 ปีเกือบอาจมีค่าใช้จ่ายมากกว่า 500 เหรียญเสมอ
2002533,how much average cost to plan a 8' tree?,msmarco_passage_24_699381270,"Average Price For Tree Removal. The average price of removing a full-grown tree is $650 to $1,100 depending on the type of tree and it's height. An old Oak tree costs $950 to remove on average, a Pine tree costs $1,100, and the cost to cut down a Palm tree is around $650.",0,ค่าใช้จ่ายเฉลี่ยในการวางแผนต้นไม้ 8' เท่าไหร่?,"ราคาเฉลี่ยสำหรับการกำจัดต้นไม้ราคาเฉลี่ยของการกำจัดต้นไม้ที่โตเต็มรูปแบบคือ $650 ถึง 1,100 เหรียญขึ้นอยู่กับชนิดของต้นไม้และความสูงต้นโอ๊คเก่ามีค่าใช้จ่ายโดยเฉลี่ย 950 เหรียญ ต้นสนมีค่าใช้จ่าย 1,100 เหรียญ และค่าใช้จ่ายในการตัดต้นปาล์มอยู่ที่ประมาณ 650 เหรียญ"
2002533,how much average cost to plan a 8' tree?,msmarco_passage_15_538485193,"This also includes the initial dollar general franchise fee for using the company’s name, which averages from $20,000 to $30,000. A dollar tree store averages around 8,000 to 12,000 square feet. A lot of people have been asking how much does a dollar tree franchise cost.",0,ค่าใช้จ่ายเฉลี่ยในการวางแผนต้นไม้ 8' เท่าไหร่?,"นอกจากนี้ยังรวมถึงค่าธรรมเนียมแฟรนไชส์ทั่วไปดอลลาร์เริ่มต้นสำหรับการใช้ชื่อของ บริษัท ซึ่งมีค่าเฉลี่ยตั้งแต่ 20,000 ดอลลาร์ถึง 30,000 ดอลลาร์ร้านค้าต้นไม้ดอลลาร์มีขนาดเฉลี่ยประมาณ 8,000 ถึง 12,000 ตารางฟุตหลายคนถามว่าแฟรนไชส์ต้นทุนของเงินดอลลาร์ราคาเท่าไหร่"
2002533,how much average cost to plan a 8' tree?,msmarco_passage_50_429974082,"The amount of mulch you’ll need depends on the size of the tree itself. Most tree bases need between 3’ to 10’ of mulch around the tree. The average cost of mulch is between $200 and $2,000, but this will depend on the area and how many trees you plan on mulching. 6. Watch For Pests & Diseases.",0,ค่าใช้จ่ายเฉลี่ยในการวางแผนต้นไม้ 8' เท่าไหร่?,"ปริมาณวัสดุคลุมดินที่คุณต้องการขึ้นอยู่กับขนาดของต้นไม้ฐานต้นไม้ส่วนใหญ่ต้องการวัสดุคลุมดินรอบ ๆ ต้นไม้ระหว่าง 3' ถึง 10'ค่าใช้จ่ายเฉลี่ยของวัสดุคลุมดินอยู่ระหว่าง $200 ถึง 2,000 ดอลลาร์ แต่จะขึ้นอยู่กับพื้นที่และจำนวนต้นไม้ที่คุณวางแผนที่จะคลุมดิน 6.ดูศัตรูพืชและโรค"
2002533,how much average cost to plan a 8' tree?,msmarco_passage_53_566264116,Average costs of Medicare Advantage in Kansas. The Average Medicare Advantage plan premium in Kansas in 2019 was $8 per month. That average was affected by the 323 available plans that feature $0 monthly premiums. Average monthly premium cost in 2019 (weighted): $8.,0,ค่าใช้จ่ายเฉลี่ยในการวางแผนต้นไม้ 8' เท่าไหร่?,ค่าใช้จ่ายเฉลี่ยของ Medicare Advantage ในแคนซัสพรีเมี่ยมแผน Medicare Advantage เฉลี่ยในแคนซัสในปี 2019 อยู่ที่ 8 ดอลลาร์ต่อเดือนค่าเฉลี่ยนั้นได้รับผลกระทบจากแผนที่มีอยู่ 323 รายการที่มีพรีเมียมรายเดือน $0ค่าใช้จ่ายเบี้ยประกันรายเดือนเฉลี่ยในปี 2019 (ถ่วงน้ำหนัก): $8
2002533,how much average cost to plan a 8' tree?,msmarco_passage_53_566357041,Average costs of Medicare Advantage in Nevada. The average Medicare Advantage plan premium paid by a beneficiary in Nevada in 2019 was $8 per month. That average was affected by the 38 available plans that feature $0 monthly premiums. Average monthly premium cost in 2019 (weighted): $8.,0,ค่าใช้จ่ายเฉลี่ยในการวางแผนต้นไม้ 8' เท่าไหร่?,ค่าใช้จ่ายเฉลี่ยของ Medicare Advantage ในเนวาดาเบี้ยประกันแผน Medicare Advantage เฉลี่ยที่จ่ายโดยผู้รับผลประโยชน์ในเนวาดาในปี 2019 คือ $8 ต่อเดือนค่าเฉลี่ยนั้นได้รับผลกระทบจาก 38 แผนที่มีอยู่ซึ่งมีพรีเมี่ยมรายเดือน $0ค่าใช้จ่ายเบี้ยประกันรายเดือนเฉลี่ยในปี 2019 (ถ่วงน้ำหนัก): $8
2002533,how much average cost to plan a 8' tree?,msmarco_passage_24_699387078,"Tree Trimming Cost. Tree trimming costs between $250 to $500 on average depending on the height of the tree and how many branches need to be trimmed. This table shows the average costs for tree trimming, from smallest tree to tallest tree. Tree Trimming Cost.",0,ค่าใช้จ่ายเฉลี่ยในการวางแผนต้นไม้ 8' เท่าไหร่?,ต้นทุนการตัดแต่งต้นไม้การตัดแต่งต้นไม้มีค่าใช้จ่ายเฉลี่ยระหว่าง $250 ถึง 500 เหรียญขึ้นอยู่กับความสูงของต้นไม้และจำนวนกิ่งที่ต้องตัดแต่งตารางนี้แสดงต้นทุนเฉลี่ยสำหรับการตัดแต่งต้นไม้ ตั้งแต่ต้นไม้ที่เล็กที่สุดไปจนถึงต้นไม้ที่สูงที่สุดต้นทุนการตัดแต่งต้นไม้
2002533,how much average cost to plan a 8' tree?,msmarco_passage_07_616450401,"Summary: How much does it cost to remove a tree, average cost to cut down a tree and average price of a tree surgeon. There are many considerations when it comes to removing a tree and a wide number of variables which will affect the cost.",0,ค่าใช้จ่ายเฉลี่ยในการวางแผนต้นไม้ 8' เท่าไหร่?,สรุป: การกำจัดต้นไม้มีค่าใช้จ่ายเท่าไหร่ ค่าใช้จ่ายเฉลี่ยในการตัดต้นไม้ และราคาเฉลี่ยของศัลยแพทย์ต้นไม้มีการพิจารณามากมายเมื่อพูดถึงการลบต้นไม้และตัวแปรจำนวนมากที่จะส่งผลต่อต้นทุน
2002533,how much average cost to plan a 8' tree?,msmarco_passage_24_697614184,"Wood is naturally biodegradable. Comes directly from trees, a sustainable source. Laminate Flooring Vs. Carpet Cost. The average cost to install new carpeting is between $2 and $8 per square foot, compared to laminate flooring which costs an average of $3 to $8 per square foot installed. The cost to carpet a 225 SF room is around $634, while laminate in the same room would cost $1,223.",0,ค่าใช้จ่ายเฉลี่ยในการวางแผนต้นไม้ 8' เท่าไหร่?,"ไม้ย่อยสลายได้ทางชีวภาพตามธรรมชาติมาจากต้นไม้โดยตรงซึ่งเป็นแหล่งที่ยั่งยืนพื้นลามิเนต Vs.ค่าใช้จ่ายพรมค่าใช้จ่ายเฉลี่ยในการติดตั้งพรมใหม่อยู่ระหว่าง $2 ถึง 8 เหรียญต่อตารางฟุตเมื่อเทียบกับพื้นลามิเนตซึ่งมีราคาเฉลี่ย $3 ถึง $8 ต่อตารางฟุตที่ติดตั้งค่าใช้จ่ายในการพรมห้อง SF 225 อยู่ที่ประมาณ 634 เหรียญในขณะที่ลามิเนตในห้องเดียวกันจะมีราคา 1,223 เหรียญ"
2002533,how much average cost to plan a 8' tree?,msmarco_passage_65_685835169,"Health insurance rate changes in Virginia. In Virginia, the average cost of a 2021 health plan is 4% cheaper than the average plan from the previous year. Premiums are, on average, $20 less per month for a 40-year-old. The average cost of all health insurance metal tiers in Virginia has decreased since 2020, with Gold tier health insurance decreasing in price by over 8% for the 2021 plan year.",0,ค่าใช้จ่ายเฉลี่ยในการวางแผนต้นไม้ 8' เท่าไหร่?,การเปลี่ยนแปลงอัตราการประกันสุขภาพในเวอร์จิเนียในเวอร์จิเนียค่าใช้จ่ายเฉลี่ยของแผนสุขภาพปี 2021 ถูกกว่าแผนเฉลี่ยจากปีก่อน 4%เบี้ยประกันโดยเฉลี่ยจะน้อยกว่า 20 ดอลลาร์ต่อเดือนสำหรับเด็กอายุ 40 ปีต้นทุนเฉลี่ยของระดับโลหะการประกันสุขภาพทั้งหมดในเวอร์จิเนียลดลงตั้งแต่ปี 2020 โดยการประกันสุขภาพระดับทองลดลงมากกว่า 8% สำหรับปีแผนปี 2021
2002533,how much average cost to plan a 8' tree?,msmarco_passage_48_106462196,Tree Limb Removal Cost Guide. Updated: 8 May 2021. Tree limb removal falls under tree trimming and the cost will depend on the size of the tree and the number of branches being removed. The average cost of a single tree limb removal is $120. The prices range from $75 right up to $250.,0,ค่าใช้จ่ายเฉลี่ยในการวางแผนต้นไม้ 8' เท่าไหร่?,คู่มือต้นทุนการกำจัดแขนขาต้นไม้ปรับปรุง: 8 พฤษภาคม 2021การกำจัดแขนขาของต้นไม้ตกอยู่ภายใต้การตัดแต่งต้นไม้และค่าใช้จ่ายจะขึ้นอยู่กับขนาดของต้นไม้และจำนวนกิ่งที่ถูกลบออกค่าใช้จ่ายเฉลี่ยของการกำจัดแขนขาต้นเดียวคือ $120ราคาอยู่ระหว่าง $75 ถึง 250 เหรียญ
2002533,how much average cost to plan a 8' tree?,msmarco_passage_42_430369203,"On average you should plan to spend from $50 to $200 on the cost of a bridal bouquet and $20 to $50 dollars on the bouquet that will be tossed during the reception. On average you should plan to spend 8-10 percent of your wedding budget on your entire flower selection. This includes the bouquets, boutonnieres, hair pieces, and bridesmaid flowers. Of that 8-10 percent you should spend half of your flower budget on the bridal bouquet costs.",0,ค่าใช้จ่ายเฉลี่ยในการวางแผนต้นไม้ 8' เท่าไหร่?,โดยเฉลี่ยคุณควรวางแผนที่จะใช้จ่ายตั้งแต่ $50 ถึง $200 สำหรับค่าช่อดอกไม้เจ้าสาวและ $20 ถึง $50 สำหรับช่อดอกไม้ที่จะโยนในระหว่างการต้อนรับโดยเฉลี่ยคุณควรวางแผนที่จะใช้จ่าย 8-10 เปอร์เซ็นต์ของงบประมาณงานแต่งงานของคุณในการเลือกดอกไม้ทั้งหมดซึ่งรวมถึงช่อดอกไม้บูตอนเนียร์ชิ้นผมและดอกไม้เพื่อนเจ้าสาวจากนั้น 8-10 เปอร์เซ็นต์คุณควรใช้จ่ายครึ่งหนึ่งของงบประมาณดอกไม้ของคุณกับต้นทุนช่อดอกไม้เจ้าสาว
2002533,how much average cost to plan a 8' tree?,msmarco_passage_35_802367931,"Compare Pet Insurance & Wellness Plans. Save up to $273 per year. Compare plans. Jaundice Average Cost. From 257 quotes ranging from $6,000 - $20,000. Average Cost. $8,000. Protect yourself and your pet. Compare top pet insurance plans.",0,ค่าใช้จ่ายเฉลี่ยในการวางแผนต้นไม้ 8' เท่าไหร่?,"เปรียบเทียบแผนประกันสัตว์เลี้ยงและการดูแลสุขภาพประหยัดสูงสุด $273 ต่อปีเปรียบเทียบแผนต้นทุนเฉลี่ยดีซ่านจาก 257 ใบเสนอราคาตั้งแต่ $6,000 - $20,000ต้นทุนเฉลี่ย 8,000 เหรียญปกป้องตัวเองและสัตว์เลี้ยงของคุณเปรียบเทียบแผนประกันสัตว์เลี้ยงชั้นนำ"
2002533,how much average cost to plan a 8' tree?,msmarco_passage_35_802649482,"Compare Pet Insurance & Wellness Plans. Save up to $273 per year. Compare plans. Nose Bleed Average Cost. From 377 quotes ranging from $650 - $8,000. Average Cost. $2,000. Protect yourself and your pet. Compare top pet insurance plans.",0,ค่าใช้จ่ายเฉลี่ยในการวางแผนต้นไม้ 8' เท่าไหร่?,"เปรียบเทียบแผนประกันสัตว์เลี้ยงและการดูแลสุขภาพประหยัดสูงสุด $273 ต่อปีเปรียบเทียบแผนค่าใช้จ่ายเฉลี่ยของเลือดออกทางจมูกจาก 377 ใบเสนอราคาตั้งแต่ $650 - $8,000ต้นทุนเฉลี่ย 2,000 เหรียญปกป้องตัวเองและสัตว์เลี้ยงของคุณเปรียบเทียบแผนประกันสัตว์เลี้ยงชั้นนำ"
2002533,how much average cost to plan a 8' tree?,msmarco_passage_35_785667494,"Compare Pet Insurance & Wellness Plans. Save up to $273 per year. Compare plans. Ear Cancer Average Cost. From 539 quotes ranging from $3,000 - $8,000. Average Cost. $6,000. Protect yourself and your pet. Compare top pet insurance plans.",0,ค่าใช้จ่ายเฉลี่ยในการวางแผนต้นไม้ 8' เท่าไหร่?,"เปรียบเทียบแผนประกันสัตว์เลี้ยงและการดูแลสุขภาพประหยัดสูงสุด $273 ต่อปีเปรียบเทียบแผนต้นทุนเฉลี่ยของโรคมะเร็งหูตั้งแต่ 539 ใบเสนอราคาตั้งแต่ $3,000 - $8,000ต้นทุนเฉลี่ย 6,000 เหรียญปกป้องตัวเองและสัตว์เลี้ยงของคุณเปรียบเทียบแผนประกันสัตว์เลี้ยงชั้นนำ"
2002533,how much average cost to plan a 8' tree?,msmarco_passage_35_793406613,"Compare Pet Insurance & Wellness Plans. Save up to $273 per year. Compare plans. Front Leg Deformity Average Cost. From 63 quotes ranging from $500 - $10,000. Average Cost. $8,000. Protect yourself and your pet. Compare top pet insurance plans.",0,ค่าใช้จ่ายเฉลี่ยในการวางแผนต้นไม้ 8' เท่าไหร่?,"เปรียบเทียบแผนประกันสัตว์เลี้ยงและการดูแลสุขภาพประหยัดสูงสุด $273 ต่อปีเปรียบเทียบแผนต้นทุนเฉลี่ยของความผิดปกติของขาหน้าจาก 63 ใบเสนอราคาตั้งแต่ $500 - $10,000ต้นทุนเฉลี่ย 8,000 เหรียญปกป้องตัวเองและสัตว์เลี้ยงของคุณเปรียบเทียบแผนประกันสัตว์เลี้ยงชั้นนำ"
2002533,how much average cost to plan a 8' tree?,msmarco_passage_38_120433093,"Medium trees come 8 to 10 feet tall in a 15-gallon pot; including transport, site prep and cleanup, tree planting equipment, and miscellaneous supplies. Large tree planting cost: $,2423 per tree. Large trees come 14 to 20 feet tall delivered in a 1 cubic yard box; includes transport, site prep and clean up tree planning equipment, and miscellaneous supplies.",0,ค่าใช้จ่ายเฉลี่ยในการวางแผนต้นไม้ 8' เท่าไหร่?,"ต้นไม้ขนาดกลางมีความสูง 8 ถึง 10 ฟุตในกระถางขนาด 15 แกลลอน รวมถึงการขนส่ง การเตรียมและทำความสะอาดพื้นที่ อุปกรณ์ปลูกต้นไม้ และอุปกรณ์เบ็ดเตล็ดต้นทุนการปลูกต้นไม้ขนาดใหญ่: $,2423 ต่อต้นต้นไม้ขนาดใหญ่มีความสูง 14 ถึง 20 ฟุตจัดส่งในกล่องขนาด 1 ลูกบาศก์หลา รวมถึงการขนส่ง การเตรียมสถานที่และการทำความสะอาดอุปกรณ์วางแผนต้นไม้ และอุปกรณ์เบ็ดเตล็ด"
2002533,how much average cost to plan a 8' tree?,msmarco_passage_49_446806125,"Cost to Remove Tree. Basic labor to remove tree with favorable site conditions. Remove tree to 30 ft tall with max 8 in dia trunk, leaving grade level stump. Includes planning, equipment and material acquisition, area preparation and protection, setup and cleanup.",0,ค่าใช้จ่ายเฉลี่ยในการวางแผนต้นไม้ 8' เท่าไหร่?,ค่าใช้จ่ายในการลบต้นไม้แรงงานพื้นฐานในการกำจัดต้นไม้ที่มีสภาพไซต์ที่เอื้ออำนวยนำต้นไม้ให้สูง 30 ฟุตโดยมีลำต้นเส้นผ่านศูนย์กลางสูงสุด 8 นิ้ว ทิ้งตอระดับเกรดรวมถึงการวางแผน การจัดหาอุปกรณ์และวัสดุ การเตรียมและปกป้องพื้นที่ การตั้งค่าและการทำความสะอาด
2002533,how much average cost to plan a 8' tree?,msmarco_passage_06_495557692,"If you only plan on chipping or shredding once a year, then consider this model at $250 or possibly renting a wood chipper for the day and getting rid of all your larger debris as well. For mulching leaves and smaller debris, also consider the Flowtron Ultimate Mulcher 8 Amp Electric Leaf Shredder.",0,ค่าใช้จ่ายเฉลี่ยในการวางแผนต้นไม้ 8' เท่าไหร่?,หากคุณวางแผนที่จะสับหรือหั่นฝอยปีละครั้งเท่านั้นให้พิจารณารุ่นนี้ในราคา 250 เหรียญหรืออาจเช่าเครื่องบดไม้สำหรับวันนั้นและกำจัดเศษซากขนาดใหญ่ทั้งหมดของคุณด้วยสำหรับการคลุมดินใบและเศษซากขนาดเล็กให้พิจารณาเครื่องหั่นใบไม้ไฟฟ้า Flowtron Ultimate Mulcher 8 Amp ด้วย
2002533,how much average cost to plan a 8' tree?,msmarco_passage_23_188553778,"Finding the right arbor plans is a tough task, as there are many options to choose from and some plans are incomplete. Therefore, we have selected the best 8 plans, starting with the basic projects that cost under 20$, up to the large arbors with swing. All the plans are attentively selected, so that you don’t have to worry about that.",0,ค่าใช้จ่ายเฉลี่ยในการวางแผนต้นไม้ 8' เท่าไหร่?,การค้นหาแผนอาร์เบอร์ที่เหมาะสมเป็นงานที่ยากลำบาก เนื่องจากมีตัวเลือกมากมายให้เลือกและแผนบางแผนไม่สมบูรณ์ดังนั้นเราจึงได้เลือก 8 แผนที่ดีที่สุดโดยเริ่มจากโครงการพื้นฐานที่มีราคาต่ำกว่า 20$ ไปจนถึงต้นไม้ขนาดใหญ่ที่มีสวิงแผนทั้งหมดได้รับการคัดเลือกอย่างรอบคอบเพื่อที่คุณไม่ต้องกังวลเรื่องนั้น
2002533,how much average cost to plan a 8' tree?,msmarco_passage_67_566006219,"2. Order numerous seedlings. Plan to plant reforestation trees at a 8 x 8-foot spacing. This would mean that you would need 681 reforestation seedlings per acre. If finances allow, order containerized seedlings instead of bare root seedlings.",0,ค่าใช้จ่ายเฉลี่ยในการวางแผนต้นไม้ 8' เท่าไหร่?,2.สั่งต้นกล้าจำนวนมากวางแผนที่จะปลูกต้นไม้ปลูกป่าในระยะห่าง 8 x 8 ฟุตซึ่งหมายความว่าคุณจะต้องมีต้นกล้าปลูกป่า 681 ต้นต่อเอเคอร์หากการเงินอนุญาตให้สั่งต้นกล้าในตู้คอนเทนเนอร์แทนต้นกล้าที่รากเปลือย
2002533,how much average cost to plan a 8' tree?,msmarco_passage_10_384592725,"Here are the primary considerations in determining the cost of a custom tree house project: 1. Size & scope. Some tree houses are about 6′ x 8′ (or about the size of a small powder room). Others are over 400 square feet approaching the size of a small apartment. As the size increases, so does the potential live loading on the structure.",0,ค่าใช้จ่ายเฉลี่ยในการวางแผนต้นไม้ 8' เท่าไหร่?,นี่คือข้อพิจารณาหลักในการกำหนดต้นทุนของโครงการบ้านต้นไม้ที่กำหนดเอง: 1.ขนาดและขอบเขตบ้านต้นไม้บางหลังมีขนาดประมาณ 6′ x 8′ (หรือประมาณขนาดของห้องผงขนาดเล็ก)ส่วนอื่น ๆ มีขนาดมากกว่า 400 ตารางฟุตใกล้ขนาดของอพาร์ทเมนต์ขนาดเล็กเมื่อขนาดเพิ่มขึ้น การโหลดแบบสดที่อาจเกิดขึ้นบนโครงสร้างก็จะเพิ่มขึ้นเช่นกัน
2002533,how much average cost to plan a 8' tree?,msmarco_passage_49_608523828,"Manzanilla. One of the most widely grown variety in the world. - $25 for 1 year old (12-18"") - $50 for 3 year old (3-4') - $400 for 7 year old (7-8') - $450+ for 10+ year old (8-10') Mission. Growing popularity in California, the Mission olive tree can grow close to 30 feet. - $25 for 1 year old (12-18"")",0,ค่าใช้จ่ายเฉลี่ยในการวางแผนต้นไม้ 8' เท่าไหร่?,มันซานิลลาหนึ่งในพันธุ์ที่ปลูกกันอย่างแพร่หลายที่สุดในโลก - $25 สำหรับอายุ 1 ปี (12-18 นิ้ว) - $50 สำหรับอายุ 3 ปี (3-4') - 400 ดอลลาร์สำหรับอายุ 7 ปี (7-8 ') - $450+ สำหรับภารกิจอายุ 10 ปีขึ้นไป (8-10')ต้นมะกอกมิชชั่นได้รับความนิยมเพิ่มขึ้นในแคลิฟอร์เนีย สามารถเติบโตได้เกือบ 30 ฟุต - $25 สำหรับอายุ 1 ปี (12-18 นิ้ว)
2002533,how much average cost to plan a 8' tree?,msmarco_passage_08_375013159,12 24 36. per page. Corkscrew Willow Zones: 4-8. As low as $94.95. French Pussy Willow Tree Zones: 4-8. As low as $94.95. Navajo Globe Willow Zones: 5-9. As low as $96.95. Niobe Weeping Willow Zones: 4-8.,0,ค่าใช้จ่ายเฉลี่ยในการวางแผนต้นไม้ 8' เท่าไหร่?,12 24 36. ต่อหน้าโซนวิลโลว์จุกสกรู: 4-8ต่ำเพียง $94.95โซนต้นไม้ฟูซีวิลโลว์ฝรั่งเศส: 4-8.ต่ำเพียง $94.95โซนนาวาโฮ โกลบวิลโลว์: 5-9.ต่ำเพียง $96.95โซนนิโอเบะร้องไห้วิลโลว์: 4-8.
2002533,how much average cost to plan a 8' tree?,msmarco_passage_49_608522906,"It can grow up to 30 feet outdoors in warmer climates. - $25 for 1 year old (12-18"") - $50 for 3 year old (3-4') - $400 for 7 year old (7-8') - $450+ for 10+ year old (8-10') Lucca. A yielding tree, the Lucca is also used quite a bit for olive oil. Ideal for zones 8-10. - $25 for 1 year old (12-18"")",0,ค่าใช้จ่ายเฉลี่ยในการวางแผนต้นไม้ 8' เท่าไหร่?,สามารถเติบโตได้สูงถึง 30 ฟุตกลางแจ้งในสภาพอากาศที่อบอุ่น - $25 สำหรับอายุ 1 ปี (12-18 นิ้ว) - $50 สำหรับอายุ 3 ปี (3-4') - 400 ดอลลาร์สำหรับอายุ 7 ปี (7-8 ') - $450+ สำหรับลูกกาอายุ 10 ปีขึ้นไป (8-10')ต้นไม้ที่ให้ผลผลิต Lucca ยังใช้สำหรับน้ำมันมะกอกค่อนข้างหน่อยเหมาะสำหรับโซน 8-10 - $25 สำหรับผู้อายุ 1 ปี (12-18 นิ้ว)
2002533,how much average cost to plan a 8' tree?,msmarco_passage_14_784859938,"1. 8×8 Cost. 8×8 has a range of plans for as low as $12 a month. They only offer three main VoIP plans, but they come with a lot of different features. Phone/Chat/Meetings. Engage Remotely. Instant Video Meetings. Some plans come with answering services, hold music, and directory assistance.",0,ค่าใช้จ่ายเฉลี่ยในการวางแผนต้นไม้ 8' เท่าไหร่?,1. ราคา 8×8 8×8 มีแผนที่หลากหลายในราคาเริ่มต้นเพียง $12 ต่อเดือนพวกเขามีแผน VoIP หลักสามแผน แต่มาพร้อมกับคุณสมบัติที่แตกต่างกันมากมายโทรศัพท์/แชท/การประชุมมีส่วนร่วมจากระยะไกลการประชุมวิดีโอทันทีแผนบางแผนมาพร้อมกับบริการตอบกลับ เก็บเพลง และความช่วยเหลือในไดเรกทอรี
2002533,how much average cost to plan a 8' tree?,msmarco_passage_03_109890796,"Prices start from about $400. per tree for a 10' tall tree, bigger trees are more, purchasing in quantities saves! - Pricing does not include tax if applicable, transport, or cost of offloading and planting of tree/s at your location.",0,ค่าใช้จ่ายเฉลี่ยในการวางแผนต้นไม้ 8' เท่าไหร่?,ราคาเริ่มต้นที่ประมาณ 400 เหรียญ ต่อต้นไม้สำหรับต้นไม้สูง 10 นิ้ว ต้นไม้ที่ใหญ่กว่าจะมากขึ้น การซื้อในปริมาณประหยัด!- ราคาไม่รวมภาษีหากมี ค่าขนส่ง หรือค่าขนส่งและการปลูกต้นไม้ในสถานที่ของคุณ
2002533,how much average cost to plan a 8' tree?,msmarco_passage_46_415949774,The average cost to plant a tree is between $150 and $300. Trees can be planted in many areas in your yard. You can also choose to plant young trees that mature over time or plant fairly mature trees. The tree size and type you choose impacts your overall costs.,2,ค่าใช้จ่ายเฉลี่ยในการวางแผนต้นไม้ 8' เท่าไหร่?,ค่าใช้จ่ายเฉลี่ยในการปลูกต้นไม้อยู่ระหว่าง $150 ถึง $300ต้นไม้สามารถปลูกได้หลายพื้นที่ในสวนของคุณคุณยังสามารถเลือกปลูกต้นอ่อนที่โตเต็มที่เมื่อเวลาผ่านไปหรือปลูกต้นไม้ที่โตพอสมควรขนาดและประเภทของต้นไม้ที่คุณเลือกส่งผลต่อต้นทุนโดยรวมของคุณ
2002533,how much average cost to plan a 8' tree?,msmarco_passage_49_298562417,"Planting a tree costs at least $150 to $300 to plant a tree, including the cost of labor and tree itself. Most trees are around $200 but certain varieties can cost $350 to $1,000 or more. Expect to pay $1,500 to $3,000 to plant a large or mature tree. At this size, just the tree alone costs $2,120 on average (not including labor).",2,ค่าใช้จ่ายเฉลี่ยในการวางแผนต้นไม้ 8' เท่าไหร่?,"การปลูกต้นไม้มีค่าใช้จ่ายอย่างน้อย 150 ถึง 300 เหรียญสหรัฐในการปลูกต้นไม้ รวมถึงต้นทุนแรงงานและต้นไม้เองต้นไม้ส่วนใหญ่มีราคาประมาณ $200 แต่บางพันธุ์อาจมีค่าใช้จ่าย $350 ถึง 1,000 เหรียญขึ้นไปคาดว่าจะจ่าย 1,500 ถึง 3,000 ดอลลาร์เพื่อปลูกต้นไม้ขนาดใหญ่หรือโตเต็มที่ในขนาดนี้ ต้นไม้เพียงต้นเดียวมีราคาเฉลี่ย 2,120 เหรียญ (ไม่รวมแรงงาน)"
2002533,how much average cost to plan a 8' tree?,msmarco_passage_25_160157057,"Expect to pay $10 to $20 per tree and be planting 100-400 trees per acre depending on the size of the tree. You'll need to spend about $5 per tree per year on pesticides, pruning, and fertilizer. Of course, you'll need to purchase the land in the first place.",0,ค่าใช้จ่ายเฉลี่ยในการวางแผนต้นไม้ 8' เท่าไหร่?,คาดว่าจะจ่าย $10 ถึง $20 ต่อต้นและปลูกต้นไม้ 100-400 ต้นต่อเอเคอร์ขึ้นอยู่กับขนาดของต้นไม้คุณจะต้องใช้จ่ายประมาณ $5 ต่อต้นต่อปีสำหรับสารกำจัดศัตรูพืช การตัดแต่งกิ่ง และปุ๋ยแน่นอนว่าคุณจะต้องซื้อที่ดินในตอนแรก
2002533,how much average cost to plan a 8' tree?,msmarco_passage_07_18985045,"How Much Does It Cost to Plant a Tree? Planting a single tree costs anywhere from $150 to $300 but it’s cheaper to do multiple trees at once. Five small trees ranges from $300 to $700, or $60 to $140 per tree. About 30% of the cost is labor. Most trees you purchase are small to plant, ranging from 5 to 15 feet tall.",2,ค่าใช้จ่ายเฉลี่ยในการวางแผนต้นไม้ 8' เท่าไหร่?,การปลูกต้นไม้มีค่าใช้จ่ายเท่าไหร่?การปลูกต้นไม้ต้นเดียวมีค่าใช้จ่ายตั้งแต่ $150 ถึง 300 ดอลลาร์ แต่จะราคาถูกกว่าที่จะทำต้นไม้หลายต้นพร้อมกันต้นไม้ขนาดเล็กห้าต้นมีตั้งแต่ $300 ถึง $700 หรือ $60 ถึง 140 เหรียญต่อต้นไม้ประมาณ 30% ของค่าใช้จ่ายเป็นแรงงานต้นไม้ส่วนใหญ่ที่คุณซื้อมีขนาดเล็กที่จะปลูก สูงตั้งแต่ 5 ถึง 15 ฟุต
2002533,how much average cost to plan a 8' tree?,msmarco_passage_49_298381392,"How Much Does It Cost to Plant a Tree? Planting a single tree costs anywhere from $150 to $300 but it’s cheaper to do multiple trees at once. Five small trees ranges from $300 to $700, or $60 to $140 per tree. About 30% of the cost is labor. Most trees you purchase are small to plant, ranging from 5 to 15 feet tall.",2,ค่าใช้จ่ายเฉลี่ยในการวางแผนต้นไม้ 8' เท่าไหร่?,การปลูกต้นไม้มีค่าใช้จ่ายเท่าไหร่?การปลูกต้นไม้ต้นเดียวมีค่าใช้จ่ายตั้งแต่ $150 ถึง 300 ดอลลาร์ แต่จะราคาถูกกว่าที่จะทำต้นไม้หลายต้นพร้อมกันต้นไม้ขนาดเล็กห้าต้นมีตั้งแต่ $300 ถึง $700 หรือ $60 ถึง 140 เหรียญต่อต้นไม้ประมาณ 30% ของค่าใช้จ่ายเป็นแรงงานต้นไม้ส่วนใหญ่ที่คุณซื้อมีขนาดเล็กที่จะปลูก สูงตั้งแต่ 5 ถึง 15 ฟุต
2002533,how much average cost to plan a 8' tree?,msmarco_passage_10_383978823,"For example, the complexity of the job and the height of the tree are just two pricing factors. Costs may also vary a lot depending on the condition and location of the tree. The average cost to remove a tree ranges from $150 to $1,500. But other tree services may cost extra. For example, the average stump removal cost ranges from $60 to $350 and the average stump grinding costs $75-$1,000 depending on numerous factors.",0,ค่าใช้จ่ายเฉลี่ยในการวางแผนต้นไม้ 8' เท่าไหร่?,"ตัวอย่างเช่นความซับซ้อนของงานและความสูงของต้นไม้เป็นเพียงปัจจัยการกำหนดราคาสองประการค่าใช้จ่ายอาจแตกต่างกันไปมากขึ้นอยู่กับสภาพและตำแหน่งของต้นไม้ค่าใช้จ่ายเฉลี่ยในการลบต้นไม้มีตั้งแต่ $150 ถึง 1,500 เหรียญแต่บริการต้นไม้อื่น ๆ อาจมีค่าใช้จ่ายเพิ่มเติมตัวอย่างเช่น ต้นทุนการกำจัดตอโดยเฉลี่ยอยู่ระหว่าง $60 ถึง $350 และค่าใช้จ่ายในการบดตอโดยเฉลี่ย 75-$1,000 ขึ้นอยู่กับปัจจัยหลายประการ"
2002533,how much average cost to plan a 8' tree?,msmarco_passage_64_669530438,"For example, the complexity of the job and the height of the tree are just two pricing factors. Costs may also vary a lot depending on the condition and location of the tree. The average cost to remove a tree ranges from $150 to $1,500. But other tree services may cost extra. For example, the average stump removal cost ranges from $60 to $350 and the average stump grinding costs $75-$1,000 depending on numerous factors.",0,ค่าใช้จ่ายเฉลี่ยในการวางแผนต้นไม้ 8' เท่าไหร่?,"ตัวอย่างเช่นความซับซ้อนของงานและความสูงของต้นไม้เป็นเพียงปัจจัยการกำหนดราคาสองประการค่าใช้จ่ายอาจแตกต่างกันไปมากขึ้นอยู่กับสภาพและตำแหน่งของต้นไม้ค่าใช้จ่ายเฉลี่ยในการลบต้นไม้มีตั้งแต่ $150 ถึง 1,500 เหรียญแต่บริการต้นไม้อื่น ๆ อาจมีค่าใช้จ่ายเพิ่มเติมตัวอย่างเช่น ต้นทุนการกำจัดตอโดยเฉลี่ยอยู่ระหว่าง $60 ถึง $350 และค่าใช้จ่ายในการบดตอโดยเฉลี่ย 75-$1,000 ขึ้นอยู่กับปัจจัยหลายประการ"
2002798,how to age steak,msmarco_passage_64_252758754,"There are two ways to age a steak. Dry-aging involves leaving the meat to age, usually loosely-wrapped in cheesecloth, in a temperature- and humidity-controlled space. Wet-aged steaks, on the other hand, are sealed n vacuum-packed Cryovac bags. So why do so many folks swear by dry-aging?",2,วิธีอายุ สเต็ก,สเต็กมีสองวิธีการริ้วรอยแห้งเกี่ยวข้องกับการทิ้งเนื้อให้แก่ซึ่งมักจะห่อด้วยผ้าชีสหลาย ๆ ในพื้นที่ที่ควบคุมอุณหภูมิและความชื้นในทางกลับกันสเต็กที่ชุ่มชื้นถูกปิดผนึกในถุง Cryovac ที่บรรจุสุญญากาศแล้วทำไมคนจำนวนมากถึงสาบานว่าจะชราแห้ง?
2002798,how to age steak,msmarco_passage_67_264127551,"4. Choose a steak that has been aged 3-6 weeks. When steaks are dry aged, they take on a unique flavor that has a little bit of funk to it, similar to a good bleu cheese. The longer it ages, the more pronounced this flavor will be. Steaks are dry-aged a minimum of 3 weeks, but they can be aged up to several months.",1,วิธีอายุ สเต็ก,4.เลือกสเต็กที่มีอายุ 3-6 สัปดาห์เมื่อสเต็กแห้งจะได้รับรสชาติที่เป็นเอกลักษณ์ซึ่งมีกลิ่นหอมเล็กน้อย คล้ายกับชีสบลูที่ดียิ่งอายุมากเท่าไหร่รสชาตินี้ก็จะเด่นชัดมากขึ้นเท่านั้นสเต็กมีอายุแห้งอย่างน้อย 3 สัปดาห์ แต่สามารถอายุได้ถึงหลายเดือน
2002798,how to age steak,msmarco_passage_56_355213503,"Most experts agree that the optimal time frame is somewhat around 28-30 days of dry-aging. It is possible to dry-age steak at home for 42 days or more if desired, but then the aged steak starts to develop some funky flavors that some grillers prefer but others might not enjoy as much. 4. Patience, again.",1,วิธีอายุ สเต็ก,ผู้เชี่ยวชาญส่วนใหญ่ยอมรับว่ากรอบเวลาที่เหมาะสมนั้นค่อนข้างประมาณ 28-30 วันของการชราแห้งเป็นไปได้ที่จะทำให้สเต็กแห้งที่บ้านเป็นเวลา 42 วันขึ้นไปหากต้องการ แต่จากนั้นสเต็กที่อายุมากจะเริ่มพัฒนารสชาติที่ย่างบางคนชอบ แต่บางคนอาจไม่สนุกมากนัก 4.ความอดทนอีกครั้ง
2002798,how to age steak,msmarco_passage_61_17769254,"When you age beef, enzymes that are present in the meat will start to break down the tough muscle fibers that are present in the steak over time. In addition, if you are dry aging your steak the flavor will improve over time thanks to enzymatic and bacterial actions, as well as oxidization of the fat on the steak.",1,วิธีอายุ สเต็ก,เมื่อคุณอายุเนื้อวัวเอนไซม์ที่มีอยู่ในเนื้อจะเริ่มสลายเส้นใยกล้ามเนื้อแข็งที่มีอยู่ในสเต็กเมื่อเวลาผ่านไปนอกจากนี้หากคุณกำลังชราแห้งสเต็กของคุณรสชาติจะดีขึ้นเมื่อเวลาผ่านไปด้วยการกระทำของเอนไซม์และแบคทีเรียรวมถึงการออกซิไดซ์ของไขมันบนสเต็ก
2002798,how to age steak,msmarco_passage_45_17981480,"Step 3. Choose a dry-aged steak. Aged steaks are more tender and flavorful. Dry aging is the process of hanging a side of beef in a cold, dry room for six months or more to age the meat. The aging allows the tendons to break down and tenderizes the meat.",2,วิธีอายุ สเต็ก,ขั้นตอนที่ 3เลือกสเต็กที่แห้งสเต็กที่มีอายุจะนุ่มและมีรสชาติมากขึ้นการชราแห้งคือกระบวนการแขวนเนื้อด้านข้างในห้องเย็นและแห้งเป็นเวลาหกเดือนขึ้นไปเพื่อให้อายุเนื้อวัวความชราช่วยให้เอ็นสลายตัวและทำให้เนื้ออ่อนนุ่ม
2002798,how to age steak,msmarco_passage_03_127853311,"What you’ll learn: How to dry-age steaks at home, with results just like expensive restaurants. Use inexpensive vacuum bags designed just for dry aging beef, use your own vacuum sealer. Honest review of the UMAi Dry Aged Artisan Steak Kit. Step by step photos and see how steak ages.",1,วิธีอายุ สเต็ก,สิ่งที่คุณจะได้เรียนรู้: วิธีทำสเต็กแบบแห้งที่บ้านด้วยผลลัพธ์เช่นเดียวกับร้านอาหารราคาแพงใช้ถุงสูญญากาศราคาไม่แพงที่ออกแบบมาสำหรับเนื้อวัวแห้งใช้เครื่องซีลสูญญากาศของคุณเองรีวิวที่ซื่อสัตย์ของ UMai Dry Aged Artisan Steak Kitภาพทีละขั้นตอนและดูว่าสเต็กอายุมากแค่ไหน
2002798,how to age steak,msmarco_passage_04_308135347,"5. After the desired aging time, you're ready to cut off steaks from each end, trim as desired, and allow the rest to continue to age in the refrigerator. 6. If, after 21 days, you have not eaten all the meat, cut the remaining piece into steaks, wrap each steak in freezer-proof, heavy-duty plastic wrap, and freeze.",1,วิธีอายุ สเต็ก,5.หลังจากเวลาชราที่ต้องการ คุณพร้อมที่จะตัดสเต็กออกจากปลายแต่ละด้าน ตัดตามต้องการ และปล่อยให้ส่วนที่เหลือยังคงอายุในตู้เย็น 6.หากหลังจาก 21 วันคุณยังไม่ได้กินเนื้อทั้งหมดให้หั่นชิ้นที่เหลือเป็นสเต็กห่อสเต็กแต่ละชิ้นด้วยพลาสติกห่อพลาสติกที่ทนความแข็งแรงและแช่แข็ง
2002798,how to age steak,msmarco_passage_56_39421464,"Omaha Steaks are flash frozen and vacuum sealed for a few reasons: We age our steaks at least 21 days. Freezing stops aging in its tracks, so when it’s delivered to you, you get steaks aged to the peak of tenderness.",1,วิธีอายุ สเต็ก,สเต็กโอมาฮะถูกแช่แข็งแบบแฟลชและปิดผนึกด้วยเหตุผลบางประการ: สเต็กของเราอายุอย่างน้อย 21 วันการแช่แข็งจะหยุดชรา ดังนั้นเมื่อส่งมอบให้คุณ คุณจะได้รับสเต็กที่แข็งแรงจนถึงจุดสูงสุดของความอ่อนโยน
2002798,how to age steak,msmarco_passage_46_213837912,"Dry-Age Your Venison Steak in Your Fridge Before Cooking. By now, everyone know about dry-aged meat and how hanging large cuts in controlled environments for weeks and weeks creates delicious, butter-soft steaks. Normally, this is the realm of the high-end steakhouse, or the really obsessed home cook. But, you can dry-age a steak, be it venison or beef, in your fridge, in just a few days’ time.",1,วิธีอายุ สเต็ก,ทำให้สเต็กเนื้อกวางของคุณแห้งในตู้เย็นก่อนปรุงอาหารตอนนี้ทุกคนรู้เกี่ยวกับเนื้อแห้งและวิธีการแขวนชิ้นขนาดใหญ่ในสภาพแวดล้อมที่มีการควบคุมเป็นเวลาหลายสัปดาห์และสัปดาห์จะสร้างสเต็กที่นุ่มเนยแสนอร่อยโดยปกติ นี่คืออาณาจักรของสเต็กเฮาส์ระดับไฮเอนด์หรือพ่อครัวที่หมกมุ่นอยู่จริงๆแต่คุณสามารถทำให้สเต็กแห้งไม่ว่าจะเป็นเนื้อกวางหรือเนื้อวัวในตู้เย็นของคุณได้ในเวลาเพียงไม่กี่วัน
2002798,how to age steak,msmarco_passage_54_652268424,"When cooked, the fat melts. This gives the meat unparalleled tenderness and a rich, buttery flavor. Age is another important factor in steak quality. Younger steaks are more tender and flavorful than older cuts of meat. Because of this, most Prime and Choice steaks come from steers 1 to 3 years in age.",1,วิธีอายุ สเต็ก,เมื่อสุกไขมันจะละลายสิ่งนี้ทำให้เนื้ออ่อนโยนที่ไม่มีใครเทียบได้และมีรสชาติเนยที่เข้มข้นอายุเป็นอีกปัจจัยสำคัญในคุณภาพสเต็กสเต็กที่อายุน้อยกว่านั้นนุ่มและมีรสชาติมากกว่าเนื้อชิ้นที่มีอายุมากกว่าด้วยเหตุนี้สเต็ก Prime and Choice ส่วนใหญ่มาจากสเตียร์ที่มีอายุ 1 ถึง 3 ปี
2002798,how to age steak,msmarco_passage_54_652205500,"Selecting Aged Steaks. USDA Prime Wet Aged Flat Iron. When selecting the steaks in your customized ultimate steak package, it is best to pick a richly marbled steak for a dry-aged purchase, and a fairly lean steak for wet-aged beef.",1,วิธีอายุ สเต็ก,การเลือกสเต็กที่อายุเตารีดแบนแบบเปียก USDA Primeเมื่อเลือกสเต็กในแพ็คเกจสเต็กที่ดีที่สุดที่กำหนดเองคุณควรเลือกสเต็กหินอ่อนที่อุดมสมบูรณ์สำหรับการซื้อแบบแห้งและสเต็กแบบไม่ติดมันสำหรับเนื้อวัวที่ชุ่มชื้น
2002798,how to age steak,msmarco_passage_33_481027897,"Aging your beef makes it incredibly tender and flavorful, no matter which method you employ. The flavor difference between an aged steak and a regular steak cannot be mistaken, and everyone can appreciate a well-aged steak. These days, you’re much more likely to enjoy a wet-aged steak than a dry-aged.",1,วิธีอายุ สเต็ก,การริ้วรอยเนื้อของคุณทำให้เนื้อนุ่มและมีรสชาติอย่างไม่น่าเชื่อ ไม่ว่าคุณจะใช้วิธีใดก็ตามความแตกต่างของรสชาติระหว่างสเต็กที่มีอายุและสเต็กธรรมดาไม่สามารถเข้าใจผิดได้ และทุกคนสามารถชื่นชมสเต็กที่มีอายุมากได้ทุกวันนี้ คุณมีแนวโน้มที่จะเพลิดเพลินกับสเต็กที่มีอายุเปียกมากกว่าสเต็กที่แห้ง
2002798,how to age steak,msmarco_passage_54_652203830,"Differences between Wet Aged Vs Dry Aged Steak. Wet aged steak and dry aged steaks have differing flavors and textures enhanced by the individual aging processes. A dry-aged steak imparts a flavor that is both earthy and nutty, with a sustained piquancy, producing a steak that is both meaty and robust. When browned, the essence has been described as intense and round, with a lavish aroma.",1,วิธีอายุ สเต็ก,ความแตกต่างระหว่างสเต็กแบบเปียกกับสเต็กแห้งสเต็กแบบเปียกและสเต็กแห้งมีรสชาติและพื้นผิวที่แตกต่างกันซึ่งได้รับการปรับปรุงจากกระบวนการชราแต่ละบุคคลสเต็กที่แห้งมอบรสชาติที่ทั้งดินและถั่ว พร้อมความอร่อยที่ยั่งยืน ทำให้สเต็กมีเนื้อและแข็งแรงเมื่อเป็นสีน้ำตาลสาระสำคัญจะถูกอธิบายว่าเข้มและกลมมีกลิ่นหอมอันหรูหรา
2002798,how to age steak,msmarco_passage_14_793531402,"What you can do on the home level to enjoy your steak is to age it more. Some meats as with steaks in particular will benefit by aging , this will build more flavor, dry the steak of excess water and will make it more tender. These are. all resons that steaks are aged in the first place.",1,วิธีอายุ สเต็ก,สิ่งที่คุณสามารถทำได้ในระดับบ้านเพื่อเพลิดเพลินกับสเต็กของคุณคือการเพิ่มอายุมากขึ้นเนื้อบางชนิดเช่นเดียวกับสเต็กโดยเฉพาะอย่างยิ่งจะได้รับประโยชน์จากการชราซึ่งจะสร้างรสชาติมากขึ้นทำให้สเต็กแห้งด้วยน้ำส่วนเกินและจะทำให้นุ่มขึ้นสิ่งเหล่านี้คือ. ทั้งหมดที่สเต็กมีอายุมากขึ้นเป็นอันดับแรก
2002798,how to age steak,msmarco_passage_54_652203014,"Back to 3 minutes version. Many people ask us at Chicago Steak Company which of the wet-aged beef or the dry-aged beef tastes better when they order steaks. We answer, “yes!” since both our wet aged steak and our dry aged steak is delicious – it is really a matter of preference.",1,วิธีอายุ สเต็ก,กลับไปที่เวอร์ชัน 3 นาทีหลายคนถามเราที่ Chicago Steak Company ว่าเนื้อวัวที่ชุ่มชื้นหรือเนื้อวัวแห้งมีรสชาติดีกว่าเมื่อสั่งสเต็กเราตอบว่า “ใช่!”เนื่องจากทั้งสเต็กที่ชุ่มชื้นและสเต็กแห้งของเรานั้นอร่อย จึงเป็นเรื่องที่ต้องการจริงๆ
2002798,how to age steak,msmarco_passage_67_264121839,"If you want to check the temperature with a meat thermometer, your steak should be about 130–135 °F (54–57 °C) for a medium-rare when you take it out of the oven. The steak will continue to heat up after you remove it from the oven. {""smallUrl"":""https:\/\/www.wikihow.com\/images\/thumb\/1\/18\/Cook-Dry-Aged-Steak-Step-8-Version-3.jpg\/v4-460px-Cook-Dry-Aged-Steak-Step-8-Version-3.jpg"",""bigUrl"":""\/images\/thumb\/1\/18\/Cook-Dry-Aged-Steak-Step-8-Version-3.jpg\/aid9581916-v4-728px-Cook-Dry-Aged-Steak-Step-8-Version-3.jpg"",""smallWidth"":460,""smallHeight"":345,""bigWidth"":728,""bigHeight"":546,""licensing"":""<div class=\""mw-parser-output\""><p>License: <a target=\""_blank\"" rel=\""nofollow noreferrer noopener\"" class=\""external text\"" href=\""https:\/\/creativecommons.org\/licenses\/by-nc-sa\/3.0\/\"">Creative Commons<\/a><br>\n<\/p><p><br \/>\n<\/p><\/div>""}.",1,วิธีอายุ สเต็ก,"หากคุณต้องการตรวจสอบอุณหภูมิด้วยเครื่องวัดอุณหภูมิเนื้อสเต็กของคุณควรอยู่ที่ประมาณ 130—135 °F (54—57 °C) สำหรับอุณหภูมิปานกลางหายากเมื่อคุณนำออกจากเตาอบสเต็กจะยังคงร้อนขึ้นหลังจากที่คุณนำออกจากเตาอบ{""smallURL” :""https:\/\ /www.wikihow.com\ /images\ /thumb\ /1\ /18\ /Cook-Dry-Aged-Steak-Step-8-Version-3.jpg\ /v4-460px-Cook-Dry-Aged-Steak-Step-8-Version-3.jpg”, ""BigUrl”: ""\ /images\ /thumb\ /1\ /18\ /Cook-Dry-Aged-Steak-Step-8-Version-3.jpg\ /aid9581916-v4-728px-Cook-Dry-Aged-Steak-Step-8-Version-3.jpg”, ""ความกว้างขนาดเล็ก” :460, ""ขนาดเล็กความสูง” :345, ""ขนาดใหญ่กว้าง” :728, ""ขนาดใหญ่” :546, ""@@<div class=\ ""mw-parser-output\"" > <p>ใบอนุญาต” :"" ใบอนุญาต: <a target =\ ""_blank\” rel=\ ""nofollow noreferrer noopener\” class =\ ""ข้อความภายนอก\” href=\ ""https:\/\ /creativecommons.org\ /ใบอนุญาต\ /by-nc-sa\ /3.0\/\"" >ครีเอทีฟคอม@@<\ /a> <\ /p><\ /div> <br>มอนส์ <p><br\ />\ n\ n <\ /p> ""}"
2002798,how to age steak,msmarco_passage_67_264125887,"The internal temperature for rare steak is 125 °F (52 °C). For medium rare it’s 130–135 °F (54–57 °C), for medium 135–140 °F (57–60 °C), medium-well 140–150 °F (60–66 °C), and well 155 °F (68 °C). Well done is not recommended for premium steaks. {""smallUrl"":""https:\/\/www.wikihow.com\/images\/thumb\/6\/65\/Cook-Dry-Aged-Steak-Step-17-Version-3.jpg\/v4-460px-Cook-Dry-Aged-Steak-Step-17-Version-3.jpg"",""bigUrl"":""\/images\/thumb\/6\/65\/Cook-Dry-Aged-Steak-Step-17-Version-3.jpg\/aid9581916-v4-728px-Cook-Dry-Aged-Steak-Step-17-Version-3.jpg"",""smallWidth"":460,""smallHeight"":345,""bigWidth"":728,""bigHeight"":546,""licensing"":""<div class=\""mw-parser-output\""><p>License: <a target=\""_blank\"" rel=\""nofollow noreferrer noopener\"" class=\""external text\"" href=\""https:\/\/creativecommons.org\/licenses\/by-nc-sa\/3.0\/\"">Creative Commons<\/a><br>\n<\/p><p><br \/>\n<\/p><\/div>""}.",1,วิธีอายุ สเต็ก,"อุณหภูมิภายในสำหรับสเต็กหายากคือ 125° F (52° C)สำหรับปานกลางหายากคือ 130—135 °F (54—57 °C) สำหรับปานกลาง 135—140 °F (57—60 °C) บ่อปานกลาง 140—150 °F (60—66 °C) และ 155 °F (68 °C)ไม่แนะนำให้ทำอย่างดีสำหรับสเต็กพรีเมี่ยม{""smallURL” :""https:\/\ /www.wikihow.com\ /images\ /thumb\ /6\ /65\ /Cook-Dry-Aged-Steak-Step-17-Version-3.jpg\ /v4-460px-Cook-Dry-Aged-Steak-Step-17-Version-3.jpg”, ""BigURL”: ""\ /images\ /thumb\ /6\ /65\ /Cook-Dry-Aged-Steak-Step-17-Version-3.jpg\ /aid9581916-v4-728px-Cook-Dry-Aged-Steak-Step-17-Version-3.jpg”, ""ความกว้างขนาดเล็ก” :460, ""ขนาดเล็กความสูง” :345, ""ขนาดใหญ่กว้าง” :728, ""ขนาดใหญ่” :546, ""@@<div class=\ ""mw-parser-output\"" > <p>ใบอนุญาต” :"" ใบอนุญาต: <a target =\ ""_blank\” rel=\ ""nofollow noreferrer noopener\” class =\ ""ข้อความภายนอก\” href=\ ""https:\/\ /creativecommons.org\ /ใบอนุญาต\ /by-nc-sa\ /3.0\/\"" >ครีเอทีฟคอม@@<\ /a> <\ /p><\ /div> <br>มอนส์ <p><br\ />\ n\ n <\ /p> ""}"
2002798,how to age steak,msmarco_passage_33_481026095,UMAi Dry Brisket Bone-in Sized | Dry Age Bags for Meat | Breathable Membrane Bags for Dry Aging Steak | Easy At Home Dry Aging in Your Refrigerator | Includes 3 Bags. Tender Steak - The unique UMAi Dry breathable membrane creates a perfect dry-aging environment for the ultimate steak. Simple Dry Aging - Age whole sub-primal cuts of beef in your fridge over 28 to 45 days.,1,วิธีอายุ สเต็ก,Umai Dry Brisket ขนาดกระดูก | ถุงตากแห้งสำหรับเนื้อสัตว์ | ถุงเมมเบรนระบายอากาศสำหรับสเต็กที่แห้ง | การชราแห้งง่ายในที่บ้านในตู้เย็น | รวม 3 ถุงเทนเดอร์ สเต็ก - เมมเบรนระบายอากาศแบบไม่เหมือนใคร Umai Dry สร้างสภาพแวดล้อมที่สมบูรณ์แบบสำหรับสเต็กที่สมบูรณ์แบบการริ้วรอยแห้งอย่างง่าย - เก็บเนื้อวัวในตู้เย็นในตู้เย็นของคุณมากกว่า 28 ถึง 45 วัน
2002798,how to age steak,msmarco_passage_38_247420943,"You’ve probably been to a fancy steakhouse where dry-aged steaks were on the menu. But if you’re like me, you likely passed on them because 1) dry-aged beef is a bit pricier, and 2) you didn’t exactly know what it meant for a steak to be “dry-aged” in the first place. After today you’ll understand what happens to a steak when it’s dry-aged (and why an aged steak consequently costs more).",1,วิธีอายุ สเต็ก,คุณอาจเคยไปที่ร้านสเต็กแฟนซีซึ่งมีสเต็กแห้งอยู่ในเมนูแต่ถ้าคุณเหมือนฉัน คุณน่าจะส่งผ่านพวกเขาเพราะ 1) เนื้อวัวแห้งมีราคาแพงกว่าเล็กน้อย และ 2) คุณไม่รู้แน่ชัดว่าสเต็กจะเป็น “แห้ง” หมายถึงอะไรในตอนแรกหลังจากวันนี้คุณจะเข้าใจว่าเกิดอะไรขึ้นกับสเต็กเมื่ออายุแห้ง (และทำไมสเต็กที่อายุมากขึ้นจึงมีค่าใช้จ่ายมากกว่า)
2002798,how to age steak,msmarco_passage_56_233090248,all steaks & chops are accompanied with nick & sam's house steak sauce; all steaks may be 'oscared' $15. Filet Mignon 10 oz. Prime Aged Rib Eye 16 oz. Prime Aged Cowboy 22 oz. Prime Aged New York Sirloin 16 oz. Bone in Prime Aged Sirloin 22 oz. Prime Aged Porterhouse 26 / 48 oz. Sam's Whole Roasted Chicken.,0,วิธีอายุ สเต็ก,สเต็กและสับทั้งหมดมาพร้อมกับซอสสเต็กเฮ้าส์ของ nick & sam สเต็กทั้งหมดอาจเป็น 'oscare' $15เนื้อมิญญอน 10 ออนซ์ ไพร์มเอจดริบอายอายุ 16 ออนซ์ ไพร์มเอจด คาวบอย 22 ออนซ์ เนื้อสันนอกนิวยอร์ก 16 ออนซ์ กระดูกในเนื้อสันนอกไพร์มเอจด 22 ออนซ์ พอร์เทอร์เฮาส์ ไพรมเมจ 26/48 ออนซ์ ไก่คั่วทั้งแซม
2002798,how to age steak,msmarco_passage_62_117044396,"There’s an obvious price difference, of course. But there is also a notable physical difference between dry-aged beef and a regular steak. While a fresh steak is bright red and juicy, a dry-aged one is dark brown and looks a bit shriveled. If you had the opportunity to give each steak a poke, you’d find that your finger will leave a tiny indentation in the regular steak, but the meat would bounce right back on the dry-aged beef.",1,วิธีอายุ สเต็ก,แน่นอนว่ามีความแตกต่างของราคาที่ชัดเจนแต่ยังมีความแตกต่างทางกายภาพที่โดดเด่นระหว่างเนื้อวัวแห้งกับสเต็กทั่วไปในขณะที่สเต็กสดจะมีสีแดงสดและฉ่ำ แต่สเต็กที่แห้งก็มีสีน้ำตาลเข้มและดูเหี่ยวเฉาเล็กน้อยหากคุณมีโอกาสให้สเต็กแต่ละชิ้น คุณจะพบว่านิ้วของคุณจะทิ้งรอยเล็ก ๆ ไว้ในสเต็กปกติ แต่เนื้อจะกลับมาบนเนื้อวัวที่แห้ง
2002798,how to age steak,msmarco_passage_00_287273265,"By Steven Raichlen March 15, 2019. If you’ve ever tasted a thick prime steak dry-aged 4 to 6 weeks (and reverse seared ), you’ve come pretty close to heaven on earth. One of the best dry-aged beef purveyors we know is Chicago Steak Company. We asked Chicago Steak CEO Matt Crowley to share his thoughts on the difference between dry- and wet-aged beef and how to dry-age beef at home.",1,วิธีอายุ สเต็ก,โดย สตีเวน ไรชเลน 15 มีนาคม ค.หากคุณเคยลิ้มรสสเต็กแบบไพร์มข้นที่มีอายุ 4 ถึง 6 สัปดาห์ (และย้อนกลับ) คุณก็มาใกล้สวรรค์บนโลกค่อนข้างใกล้แล้วหนึ่งในผู้จัดจำหน่ายเนื้อวัวแห้งที่ดีที่สุดที่เรารู้จักคือ Chicago Steak Companyเราขอให้ Matt Crowley ซีอีโอ Chicago Steak แบ่งปันความคิดของเขาเกี่ยวกับความแตกต่างระหว่างเนื้อวัวแห้งและเปียกและวิธีทำให้เนื้อวัวแห้งที่บ้าน
2002798,how to age steak,msmarco_passage_12_807009808,"By Steven Raichlen March 15, 2019. If you’ve ever tasted a thick prime steak dry-aged 4 to 6 weeks (and reverse seared ), you’ve come pretty close to heaven on earth. One of the best dry-aged beef purveyors we know is Chicago Steak Company. We asked Chicago Steak CEO Matt Crowley to share his thoughts on the difference between dry- and wet-aged beef and how to dry-age beef at home.",1,วิธีอายุ สเต็ก,โดย สตีเวน ไรชเลน 15 มีนาคม ค.หากคุณเคยลิ้มรสสเต็กแบบไพร์มข้นที่มีอายุ 4 ถึง 6 สัปดาห์ (และย้อนกลับ) คุณก็มาใกล้สวรรค์บนโลกค่อนข้างใกล้แล้วหนึ่งในผู้จัดจำหน่ายเนื้อวัวแห้งที่ดีที่สุดที่เรารู้จักคือ Chicago Steak Companyเราขอให้ Matt Crowley ซีอีโอ Chicago Steak แบ่งปันความคิดของเขาเกี่ยวกับความแตกต่างระหว่างเนื้อวัวแห้งและเปียกและวิธีทำให้เนื้อวัวแห้งที่บ้าน
2002798,how to age steak,msmarco_passage_12_807048710,"By Steven Raichlen March 15, 2019. If you’ve ever tasted a thick prime steak dry-aged 4 to 6 weeks (and reverse seared ), you’ve come pretty close to heaven on earth. One of the best dry-aged beef purveyors we know is Chicago Steak Company. We asked Chicago Steak CEO Matt Crowley to share his thoughts on the difference between dry- and wet-aged beef and how to dry-age beef at home.",1,วิธีอายุ สเต็ก,โดย สตีเวน ไรชเลน 15 มีนาคม ค.หากคุณเคยลิ้มรสสเต็กแบบไพร์มข้นที่มีอายุ 4 ถึง 6 สัปดาห์ (และย้อนกลับ) คุณก็มาใกล้สวรรค์บนโลกค่อนข้างใกล้แล้วหนึ่งในผู้จัดจำหน่ายเนื้อวัวแห้งที่ดีที่สุดที่เรารู้จักคือ Chicago Steak Companyเราขอให้ Matt Crowley ซีอีโอ Chicago Steak แบ่งปันความคิดของเขาเกี่ยวกับความแตกต่างระหว่างเนื้อวัวแห้งและเปียกและวิธีทำให้เนื้อวัวแห้งที่บ้าน
2002798,how to age steak,msmarco_passage_35_747216286,"The other way to age a steak is drying, which adds dehydration to the process which is also said to add flavour to the steak, although it will decrease the mass of the steak by around 20 percent. If this is a process you are interested in trying yourself check out this guide on how to dry age steak.",1,วิธีอายุ สเต็ก,อีกวิธีหนึ่งในการทำให้สเต็กมีอายุมากคือการอบแห้ง ซึ่งเพิ่มการขาดน้ำให้กับกระบวนการซึ่งกล่าวกันว่าจะเพิ่มรสชาติให้กับสเต็กแม้ว่าจะลดมวลของสเต็กลงประมาณ 20 เปอร์เซ็นต์หากนี่เป็นกระบวนการที่คุณสนใจที่จะลองด้วยตัวคุณเอง โปรดดูคู่มือเกี่ยวกับวิธีทำให้สเต็กแห้งในวัยชนิด
2002798,how to age steak,msmarco_passage_06_7636478,Aged Steaks. Aging is a desirable process that intensifies the flavors and makes the meat more tender. Aged steaks are more expensive and usually only found in high end supermarkets and specialty markets. An aged steak is recognizable by its darker color.,1,วิธีอายุ สเต็ก,สเต็กที่อายุการริ้วรอยเป็นกระบวนการที่พึงปรารถนาซึ่งทำให้รสชาติเข้มข้นและทำให้เนื้อนุ่มขึ้นสเต็กที่มีอายุมีราคาแพงกว่าและมักพบได้ในซูเปอร์มาร์เก็ตระดับไฮเอนด์และตลาดพิเศษเท่านั้นสเต็กที่มีอายุสามารถจดจำได้จากสีเข้มกว่า
2002798,how to age steak,msmarco_passage_62_116951865,"Lindsay D. Mattison Updated: Oct. 18, 2019. VICUSCHKA/Shutterstock. Look at any steakhouse menu and dry-aged steaks are significantly more expensive than regular steaks.",0,วิธีอายุ สเต็ก,ลินด์เซย์ ดี แมตติสัน อัปเดต: 18 ตุลาคม 2019วิคัสชก้า/ชัตเตอร์สต็อกลองดูเมนูสเต็กเฮาส์ใด ๆ และสเต็กที่แห้งมีราคาแพงกว่าสเต็กธรรมดาอย่างมีนัยสำคัญ
2002798,how to age steak,msmarco_passage_56_355214836,"It is a painful thing to throw away steak, but we’d rather that you enjoy your dry-aged steak than get sick from it. Don’t be discouraged though! If you use the right technique and proper hygiene, the risk of spoiling the meat is minimal while dry-aging beef at home. Grill the dry-aged steak on your Otto Grill.",0,วิธีอายุ สเต็ก,มันเป็นเรื่องเจ็บปวดที่จะทิ้งสเต็ก แต่เราอยากให้คุณเพลิดเพลินกับสเต็กที่แห้งมากกว่าป่วยจากมันอย่าท้อแท้เลย!หากคุณใช้เทคนิคที่เหมาะสมและสุขอนามัยที่เหมาะสมความเสี่ยงของการเน่าเนื้อจะน้อยที่สุดในขณะที่เนื้อวัวแห้งที่บ้านย่างสเต็กที่แห้งบนกริลออตโต้
2002798,how to age steak,msmarco_passage_06_408844633,"Dry Aged Steak at Home. (1) Recipe by Diana Adcock. Through some trial and error I have hit on a pretty good recipe for dry aged steak at home. This is a 1 day method, recipe instructions for one steak.",1,วิธีอายุ สเต็ก,สเต็กแห้งที่บ้าน (1) สูตรโดย Diana Adcockผ่านการทดลองและข้อผิดพลาดบางอย่างฉันได้พบกับสูตรที่ดีสำหรับสเต็กแห้งที่บ้านนี่เป็นวิธีการ 1 วันคำแนะนำสูตรสำหรับสเต็กหนึ่งชิ้น
2002798,how to age steak,msmarco_passage_62_116959074,"When it comes to flavor, that really depends on how long the beef was aged. The most common dry-aged steak is aged for 30 days. This steak tastes very beefy (similar to a rare roast beef) with a hint of what people describe as buttered popcorn flavor. As it continues to age, the flavor becomes more and more intense.",1,วิธีอายุ สเต็ก,เมื่อพูดถึงรสชาตินั่นขึ้นอยู่กับว่าเนื้อวัวมีอายุนานแค่ไหนสเต็กแห้งที่พบมากที่สุดมีอายุ 30 วันสเต็กนี้มีรสชาติเนื้อมาก (คล้ายกับเนื้อย่างหายาก) โดยมีคำบอกถึงสิ่งที่ผู้คนอธิบายว่าเป็นรสชาติป๊อปคอร์นเนยเมื่ออายุยังคงมีรสชาติเข้มข้นมากขึ้นเรื่อย ๆ
2002798,how to age steak,msmarco_passage_38_247420478,"The steak has developed the flavor and texture qualities associated with dry-aged meat: it is very tender, with a flavor best described as a mix of buttered popcorn and rare roast beef. At this point, the steak has lost 15 percent of its total weight. 45 days: The steak has a little bit more funk than the one aged 30 days.",1,วิธีอายุ สเต็ก,สเต็กได้พัฒนาคุณภาพรสชาติและเนื้อสัมผัสที่เกี่ยวข้องกับเนื้อแห้ง: มันนุ่มมากมีรสชาติที่อธิบายได้ดีที่สุดว่าเป็นการผสมผสานระหว่างป๊อปคอร์นเนยและเนื้อย่างหายากณ จุดนี้ สเต็กลดน้ำหนัก 15 เปอร์เซ็นต์ของน้ำหนักรวม 45 วัน: สเต็กมีฟันกมากกว่าสเต็กที่มีอายุ 30 วันเล็กน้อย
2002798,how to age steak,msmarco_passage_25_867670517,"This is pretty important. You SHOULD NOT age individually cut steaks . Technically speaking you CAN age individually cut steaks, but it’s a colossal waste, and you’re foolish for undertaking it. Your meat will shrink vastly in size as it loses water through the aging process.",1,วิธีอายุ สเต็ก,นี่ค่อนข้างสำคัญคุณไม่ควรแก่สเต็กที่ตัดเป็นรายบุคคลในทางเทคนิค คุณสามารถ ตัดสเต็กแบบแยกต่างหาก แต่มันเป็นของเสียมหาศาล และคุณโง่ที่จะทำมันได้เนื้อของคุณจะหดตัวลงอย่างมากเนื่องจากสูญเสียน้ำในกระบวนการชรา
2002798,how to age steak,msmarco_passage_61_17769698,"There is no exact age you should aim for. When it comes to aging beef, the choice is 100% yours. However, the longer you age your beef will determine the outcome of your final cooked steak in terms of changes to tenderness and taste. You will need to age your beef at least 14 days before you see any real changes.",1,วิธีอายุ สเต็ก,ไม่มีอายุที่แน่นอนที่คุณควรตั้งเป้าหมายเมื่อพูดถึงเนื้อวัวที่มีอายุทางเลือกเป็นของคุณ 100%อย่างไรก็ตามยิ่งคุณมีอายุมากขึ้นจะกำหนดผลลัพธ์ของสเต็กที่ปรุงสุกขั้นสุดท้ายของคุณในแง่ของการเปลี่ยนแปลงความอ่อนโยนและรสชาติคุณจะต้องอายุเนื้อของคุณอย่างน้อย 14 วันก่อนที่คุณจะเห็นการเปลี่ยนแปลงที่แท้จริง
2002798,how to age steak,msmarco_passage_62_117053818,"A 30-day aged steak has a very beefy flavor with a hint of buttered popcorn. If you continue to age it for more than 45 days, it will start to take on a funky, blue cheese-like edge. Keep going for 60, 90 or 120 days and the flavors will intensify. It can become so tender that you barely need a knife to get through it.",1,วิธีอายุ สเต็ก,"สเต็กที่มีอายุ 30 วันมีรสเนื้อมากพร้อมป๊อปคอร์นเนยหากคุณยังคงอายุมากกว่า 45 วัน มันจะเริ่มมีขอบสีฟ้าคล้ายชีสที่ฟังกี้ดำเนินต่อไปเป็นเวลา 60, 90 หรือ 120 วันและรสชาติจะรุนแรงขึ้นมันอาจอ่อนโยนมากจนคุณแทบไม่ต้องการมีดเพื่อผ่านมัน"
2002798,how to age steak,msmarco_passage_67_702148941,"5. Give your meat time to tenderize. Generally, you will want to shoot for a minimum of 20 days of aging. 14 to 28 days is generally the average time restaurants take to age their steaks. 28 to 45 days is when really intense flavor starts to emerge and the meat gets very tender.",1,วิธีอายุ สเต็ก,5.ให้เวลาเนื้อของคุณให้นุ่มโดยทั่วไปคุณจะต้องการถ่ายภาพเป็นเวลาอย่างน้อย 20 วัน โดยทั่วไปแล้ว 14 ถึง 28 วันเป็นเวลาเฉลี่ยที่ร้านอาหารใช้เวลาในการผลิตสเต็ก 28 ถึง 45 วันคือเวลาที่รสชาติที่เข้มข้นเริ่มปรากฏขึ้นและเนื้อนุ่มมาก
2002798,how to age steak,msmarco_passage_10_888792772,"5. Give your meat time to tenderize. Generally, you will want to shoot for a minimum of 20 days of aging. 14 to 28 days is generally the average time restaurants take to age their steaks. 28 to 45 days is when really intense flavor starts to emerge and the meat gets very tender.",1,วิธีอายุ สเต็ก,5.ให้เวลาเนื้อของคุณให้นุ่มโดยทั่วไปคุณจะต้องการถ่ายภาพเป็นเวลาอย่างน้อย 20 วัน โดยทั่วไปแล้ว 14 ถึง 28 วันเป็นเวลาเฉลี่ยที่ร้านอาหารใช้เวลาในการผลิตสเต็ก 28 ถึง 45 วันคือเวลาที่รสชาติที่เข้มข้นเริ่มปรากฏขึ้นและเนื้อนุ่มมาก
2002798,how to age steak,msmarco_passage_67_790132475,"5. Give your meat time to tenderize. Generally, you will want to shoot for a minimum of 20 days of aging. 14 to 28 days is generally the average time restaurants take to age their steaks. 28 to 45 days is when really intense flavor starts to emerge and the meat gets very tender.",1,วิธีอายุ สเต็ก,5.ให้เวลาเนื้อของคุณให้นุ่มโดยทั่วไปคุณจะต้องการถ่ายภาพเป็นเวลาอย่างน้อย 20 วัน โดยทั่วไปแล้ว 14 ถึง 28 วันเป็นเวลาเฉลี่ยที่ร้านอาหารใช้เวลาในการผลิตสเต็ก 28 ถึง 45 วันคือเวลาที่รสชาติที่เข้มข้นเริ่มปรากฏขึ้นและเนื้อนุ่มมาก
2002798,how to age steak,msmarco_passage_09_427732714,"This is about the age of a steak at your average high-end steakhouse. 28 to 45 days: Some real funkiness starts to manifest itself. At 45 days, there are distinct notes of blue or cheddar cheese, and the meat is considerably moister and juicier. Most tasters preferred 45-day-aged steak to all others.",1,วิธีอายุ สเต็ก,นี่คืออายุของสเต็กในสเต็กเฮาส์ระดับไฮเอนด์โดยเฉลี่ยของคุณ 28 ถึง 45 วัน: ความสนุกสนานที่แท้จริงบางอย่างเริ่มปรากฏขึ้นเมื่ออายุ 45 วัน มีโทนสีน้ำเงินหรือเชดดาร์ชีสที่โดดเด่นและเนื้อจะชื้นและชุ่มฉ่ำมากนักชิมส่วนใหญ่ชอบสเต็กอายุ 45 วันมากกว่าสเต็กอื่น ๆ
2002798,how to age steak,msmarco_passage_60_416142343,"This is about the age of a steak at your average high-end steakhouse. 28 to 45 days: Some real funkiness starts to manifest itself. At 45 days, there are distinct notes of blue or cheddar cheese, and the meat is considerably moister and juicier. Most tasters preferred 45-day-aged steak to all others.",1,วิธีอายุ สเต็ก,นี่คืออายุของสเต็กในสเต็กเฮาส์ระดับไฮเอนด์โดยเฉลี่ยของคุณ 28 ถึง 45 วัน: ความสนุกสนานที่แท้จริงบางอย่างเริ่มปรากฏขึ้นเมื่ออายุ 45 วัน มีโทนสีน้ำเงินหรือเชดดาร์ชีสที่โดดเด่นและเนื้อจะชื้นและชุ่มฉ่ำมากนักชิมส่วนใหญ่ชอบสเต็กอายุ 45 วันมากกว่าสเต็กอื่น ๆ
2002798,how to age steak,msmarco_passage_00_287268441,"Sharp, pungent aromas and flavors develop. Many compare the taste of steak aged eight weeks or longer to blue cheese. For some, these steaks are the height of luxury, but for others, the intensity and sharpness of flavor is off-putting. Different vendors age their steaks for different lengths of time.",1,วิธีอายุ สเต็ก,กลิ่นและรสชาติที่คมชัดและฉุนพัฒนาขึ้นหลายคนเปรียบเทียบรสชาติของสเต็กที่มีอายุแปดสัปดาห์ขึ้นไปกับบลูชีสสำหรับบางคนสเต็กเหล่านี้เป็นจุดสูงสุดของความหรูหรา แต่สำหรับคนอื่น ๆ ความเข้มและความคมชัดของรสชาตินั้นน่ากลัวผู้ขายที่แตกต่างกันอายุสเต็กของพวกเขาเป็นระยะเวลาที่แตกต่างกัน
2002798,how to age steak,msmarco_passage_47_457648895,"Further, this “non-aging” is simply a hallmark of lower-quality types of steak whose suboptimal flavor would not benefit from additional aging. Dry Aging. In the traditional dry-aging process, steaks are aged by hanging them for about 30 days; due to the water loss, the beef flavor intensifies.",1,วิธีอายุ สเต็ก,นอกจากนี้ “ไม่ริ้วรอย” นี้เป็นเพียงจุดเด่นของสเต็กประเภทที่มีคุณภาพต่ำซึ่งรสชาติที่ไม่เหมาะสมจะไม่ได้รับประโยชน์จากการชราเพิ่มเติมริ้วรอยแห้งในกระบวนการชุ่มแห้งแบบดั้งเดิม สเต็กจะถูกเก็บไว้โดยแขวนประมาณ 30 วัน เนื่องจากการสูญเสียน้ำรสเนื้อจะรุนแรงขึ้น
2002798,how to age steak,msmarco_passage_35_747222066,"Many steaks are aged which adds another interesting process to how the meat goes from animal to plate. When a steak is aged, it is left to allow for the enzymes that are naturally present in the steak to break down the the muscle tissue, which in turn improves the flavour and texture to the meat. This can be done in shrink wrap, which is known as wet-aging.",1,วิธีอายุ สเต็ก,สเต็กจำนวนมากมีอายุมากขึ้นซึ่งเพิ่มกระบวนการที่น่าสนใจอีกอย่างหนึ่งให้กับวิธีการเนื้อสัตว์จากสัตว์สู่จานเมื่อสเต็กมีอายุมากขึ้นจะปล่อยให้เอนไซม์ที่มีอยู่ในสเต็กตามธรรมชาติสามารถสลายเนื้อเยื่อกล้ามเนื้อซึ่งจะช่วยเพิ่มรสชาติและเนื้อสัมผัสสามารถทำได้ในห่อหดซับซึ่งเรียกว่าริ้วรอยเปียก
2002798,how to age steak,msmarco_passage_00_378927106,"About dry-aged steaks. If you can buy a dry-aged steak, it’ll be much better. Dry aging is the process of letting the meat sit in a refrigerator for anywhere from a week to over 60 days. The general idea is that the longer the meat ages, the more concentrated and interesting the flavors will be.",2,วิธีอายุ สเต็ก,เกี่ยวกับสเต็กที่แห้งถ้าคุณสามารถซื้อสเต็กที่แห้งได้ก็จะดีกว่ามากการริ้วรอยแห้งเป็นกระบวนการปล่อยให้เนื้อสัตว์อยู่ในตู้เย็นทุกที่ตั้งแต่หนึ่งสัปดาห์ถึงมากกว่า 60 วันแนวคิดทั่วไปคือยิ่งเนื้ออายุนานเท่าไหร่รสชาติก็จะยิ่งเข้มข้นและน่าสนใจมากขึ้นเท่านั้น
2003157,how to cook frozen ham steak on nuwave oven,msmarco_passage_53_93826270,"5. Place tenderloin directly on 3-inch NuWave Oven. 5. Garnish with scallions and toasted rack and season with salt and sesame seeds. pepper. Page 53 To Cook a Ham Directions: The NuWave Pro Plus Infrared Oven can cook up to an 8-pound boneless ham, or a 1.",0,วิธีการปรุงสเต็กแฮมแช่แข็งบนเตาอบนูเวฟ,5.วางเนื้อสันในโดยตรงบนเตาอบ NuWave ขนาด 3 นิ้ว 5.ตกแต่งด้วยต้นหอมและชั้นวางปิ้งแล้วปรุงรสด้วยเกลือและงา พริกไทยหน้า 53 วิธีทำแฮมคำแนะนำ: เตาอบอินฟราเรด NuWave Pro Plus สามารถปรุงแฮมไร้กระดูกได้ถึง 8 ปอนด์หรือ 1
2003157,how to cook frozen ham steak on nuwave oven,msmarco_passage_33_236882933,"Instructions: Remove all packaging from the ham and save the cooking instructions in the ham packaging. Place ham on the 1 inch rack. Use the Extender Ring, that came with your NuWave Oven. Read the packaging of the ham’s heating instructions and cook at the recommended temperature, for as long as packaging recommends.",3,วิธีการปรุงสเต็กแฮมแช่แข็งบนเตาอบนูเวฟ,คำแนะนำ: นำบรรจุภัณฑ์ทั้งหมดออกจากแฮมและบันทึกคำแนะนำในการทำอาหารไว้ในบรรจุภัณฑ์แฮมวางแฮมบนชั้นวางขนาด 1 นิ้วใช้วงแหวนขยายที่มาพร้อมกับเตาอบ NuWave ของคุณอ่านบรรจุภัณฑ์ของคำแนะนำในการทำความร้อนของแฮมและปรุงอาหารที่อุณหภูมิที่แนะนำตราบเท่าที่บรรจุภัณฑ์แนะนำ
2003157,how to cook frozen ham steak on nuwave oven,msmarco_passage_33_236824436,"Instructions: Wrap foil tightly around the top of the frozen chicken pot pie (s). Place the frozen chicken pot pie (s) face down on the 4″ rack of the NuWave Oven. Heat the chicken pot pie (s) for 20 minutes, at High Power/350° F., in the NuWave Oven.",1,วิธีการปรุงสเต็กแฮมแช่แข็งบนเตาอบนูเวฟ,คำแนะนำ: ห่อฟอยล์ให้แน่นรอบด้านบนของพายหม้อไก่แช่แข็งวางพายหม้อไก่แช่แข็งหน้าลงบนชั้นวางขนาด 4 นิ้วของเตาอบ NuWaveอุ่นพายหม้อไก่เป็นเวลา 20 นาทีที่กำลังสูง/350 องศาฟาเรนไฮต์ ในเตาอบ NuWave
2003157,how to cook frozen ham steak on nuwave oven,msmarco_passage_42_383802406,"Step 1. Place the frozen turkey breast-side down on the cooking rack of the NuWave oven and cover with the lid. Step 2. Set the power level to high and set the timer based on the size of your turkey. Frozen turkey needs to be cooked for 15 minutes per pound in a NuWave oven. Press the ""Start"" button to start cooking the turkey.",1,วิธีการปรุงสเต็กแฮมแช่แข็งบนเตาอบนูเวฟ,ขั้นตอนที่ 1.วางไก่งวงแช่แข็งด้านหน้าอกลงบนชั้นวางทำอาหารของเตาอบ NuWave แล้วปิดฝาขั้นตอนที่ 2ตั้งระดับพลังงานให้สูงและตั้งค่าตัวจับเวลาตามขนาดของไก่งวงของคุณไก่งวงแช่แข็งจะต้องปรุงเป็นเวลา 15 นาทีต่อปอนด์ในเตาอบ NuWaveกดปุ่ม “เริ่ม” เพื่อเริ่มทำอาหารไก่งวง
2003157,how to cook frozen ham steak on nuwave oven,msmarco_passage_37_258517888,NuWave Oven Pro. This air fryer’s advertisements claim that it is 75 percent faster than a conventional oven and that it uses 75 percent less energy. It is also asserted that you can cook a 16-pound frozen turkey or a fresh 14-pound ham in less than four hours – no preheating or defrosting necessary.,1,วิธีการปรุงสเต็กแฮมแช่แข็งบนเตาอบนูเวฟ,เตาอบนูเวฟ โปรโฆษณาของหม้อทอดอากาศนี้อ้างว่าเร็วกว่าเตาอบทั่วไป 75 เปอร์เซ็นต์และใช้พลังงานน้อยลง 75 เปอร์เซ็นต์นอกจากนี้ยังยืนยันว่าคุณสามารถปรุงไก่งวงแช่แข็ง 16 ปอนด์หรือแฮมสด 14 ปอนด์ในเวลาน้อยกว่าสี่ชั่วโมง ไม่จำเป็นต้องอุ่นหรือละลายน้ำแข็ง
2003157,how to cook frozen ham steak on nuwave oven,msmarco_passage_33_236822976,"Frozen Chicken Pot Pie (NuWave Oven Heating Instructions) There are multiple ways to cook a Frozen Chicken Pot Pies in the NuWave Oven. Various methods are below. If playback doesn't begin shortly, try restarting your device. Videos you watch may be added to the TV's watch history and influence TV recommendations.",1,วิธีการปรุงสเต็กแฮมแช่แข็งบนเตาอบนูเวฟ,พายหม้อไก่แช่แข็ง (คำแนะนำในการทำความร้อนในเตาอบ NuWave) มีหลายวิธีในการปรุงพายหม้อไก่แช่แข็งในเตาอบ NuWaveวิธีการต่างๆมีอยู่ด้านล่างหากการเล่นไม่เริ่มเร็ว ๆ นี้ ให้ลองรีสตาร์ทอุปกรณ์ของคุณวิดีโอที่คุณดูอาจถูกเพิ่มลงในประวัติการรับชมของทีวีและส่งผลต่อคำแนะนำของทีวี
2003157,how to cook frozen ham steak on nuwave oven,msmarco_passage_67_266940256,How to Cook a Frozen Ham. Download Article. Explore this Article. methods. 1 Thawing the Ham Safely. 2 Baking Frozen Ham in the Oven. 3 Cooking Ham in a Pressure Cooker. Other Sections. Tips and Warnings.,1,วิธีการปรุงสเต็กแฮมแช่แข็งบนเตาอบนูเวฟ,วิธีทำแฮมแช่แข็งดาวน์โหลดบทความสำรวจบทความนี้ วิธีการ 1 ละลายแฮมอย่างปลอดภัย 2 การอบแฮมแช่แข็งในเตาอบ 3 การทำแฮมในหม้ออัดแรงดันส่วนอื่น ๆเคล็ดลับและคำเตือน
2003157,how to cook frozen ham steak on nuwave oven,msmarco_passage_33_236798798,"Telegram. Categories: Beef, Low Carb Recipes, NuWave Oven, Recipes. Tags: beef, low carb, NuWave Oven, recipe, Recipes, steak. « Cook Bacon from frozen (NuWave Oven Recipe) Perdue Raw Chicken Breast Tenderloin Fritters from Frozen (NuWave Oven Heating Instructions) ».",1,วิธีการปรุงสเต็กแฮมแช่แข็งบนเตาอบนูเวฟ,"โทรเลขหมวดหมู่: เนื้อวัว, สูตรคาร์โบไฮเดรตต่ำ, เตาอบ NuWave, สูตรTags: เนื้อวัว, คาร์โบไฮเดรตต่ำ, เตาอบนูเวฟ, สูตรอาหาร, สเต็ก “ปรุงเบคอนจากแช่แข็ง (สูตรเตาอบนูเวฟ) แป้งสันในอกไก่ดิบจากแช่แข็ง (คำแนะนำในการทำความร้อนเตาอบนูเวฟ)”."
2003157,how to cook frozen ham steak on nuwave oven,msmarco_passage_57_139986264,"NuWave Primo Combo Grill Oven. A Holiday Ham with a pineapple/cherry glaze. The cooking possibilities with the NuWave Oven are virtually endless; you can even cook a 14 lb. ham in the NuWave! BBQ Chicken Wings. I, too, love my Nuwave oven.",1,วิธีการปรุงสเต็กแฮมแช่แข็งบนเตาอบนูเวฟ,เตาอบกริลนูเวฟ พรีโม คอมโบแฮมฮอลิเดย์พร้อมเคลือบสับปะรด/เชอร์รี่ความเป็นไปได้ในการปรุงอาหารด้วยเตาอบ NuWave นั้นแทบไม่มีที่สิ้นสุด คุณยังสามารถปรุงแฮมขนาด 14 ปอนด์ใน NuWave!ปีกไก่บาร์บีคิวฉันชอบเตาอบนูเวฟของฉันเช่นกัน
2003157,how to cook frozen ham steak on nuwave oven,msmarco_passage_57_139984980,NUWAVE Temperature Conversion Chart. Halogen Oven Recipes Nuwave Oven Recipes Nu Wave Recipes Nu Wave Oven Nuwave Air Fryer Convection Oven Cooking Recipe Conversions Cooking Time Cooking Ideas. NUWAVE Temperature Conversion Chart. A Holiday Ham with a pineapple/cherry glaze. The cooking possibilities with the NuWave Oven are virtually endless; you can even cook a 14 lb. ham in the NuWave!,1,วิธีการปรุงสเต็กแฮมแช่แข็งบนเตาอบนูเวฟ,แผนภูมิการแปลงอุณหภูมิ NUWAVEสูตรเตาอบฮาโลเจน สูตรเตาอบนูเวฟ สูตรนูเวฟ เตาอบนูเวฟ เตาอบนูเวฟ หม้อทอดอากาศ เตาอบพาความร้อนแปลงสูตรการทำอาหาร เวลาทำอาหาร แนวคิดการทำอาหารแผนภูมิการแปลงอุณหภูมิ NUWAVEแฮมวันหยุดพร้อมเคลือบสับปะรด/เชอร์รี่ความเป็นไปได้ในการปรุงอาหารด้วยเตาอบ NuWave นั้นแทบไม่มีที่สิ้นสุด คุณยังสามารถปรุงแฮมขนาด 14 ปอนด์ใน NuWave!
2003157,how to cook frozen ham steak on nuwave oven,msmarco_passage_33_236797838,"Cook Steak from Frozen (NuWave Oven Recipe) - Air Fryer Recipes, Air Fryer Reviews, Air Fryer Oven Recipes and Reviews.",1,วิธีการปรุงสเต็กแฮมแช่แข็งบนเตาอบนูเวฟ,"ปรุงสเต็กจากแช่แข็ง (สูตรเตาอบ NuWave) - สูตรหม้อทอดอากาศ, รีวิวหม้อทอดอากาศ, สูตรและรีวิวเตาอบทอดอากาศ"
2003157,how to cook frozen ham steak on nuwave oven,msmarco_passage_33_236874841,"Posted on January 28, 2018 by waveovenadmin. YouTube. T-Bone Steak in the NuiWave Oven can produce a tasty dish. Use the NuWave Oven to cook steaks, including T-Bone Steak. This recipe can help you make a great T-Bone Steak in the NuWave Oven.",1,วิธีการปรุงสเต็กแฮมแช่แข็งบนเตาอบนูเวฟ,โพสต์เมื่อ 28 มกราคม 2018 โดย waveovenadmin.ยูทูบที-โบน สเต็ก ในเตาอบ NuiWave สามารถผลิตอาหารอร่อยได้ใช้เตาอบนูเวฟเพื่อปรุงสเต็ก รวมถึงทีโบน สเต็กสูตรนี้สามารถช่วยให้คุณทำสเต็ก T-Bone ที่ยอดเยี่ยมในเตาอบ NuWave
2003157,how to cook frozen ham steak on nuwave oven,msmarco_passage_03_834202130,"Cooking Frozen Whole Chicken in NuWave Oven. I’ve never had much luck cooking a whole chicken before, they always turn out a little dry. Cooking with the NuWave Oven was simple. Components of the NuWave Oven are dishwasher safe, for even faster clean up, you can line everything with aluminum foil.",1,วิธีการปรุงสเต็กแฮมแช่แข็งบนเตาอบนูเวฟ,ปรุงอาหารไก่ทั้งตัวแช่แข็งในเตาอบนูเวฟฉันไม่เคยโชคดีมาก่อนทำไก่ทั้งตัวมันแห้งเล็กน้อยเสมอการทำอาหารด้วยเตาอบ NuWave นั้นง่ายมากส่วนประกอบของเตาอบ NuWave นั้นปลอดภัยสำหรับเครื่องล้างจานเพื่อให้ทำความสะอาดได้เร็วขึ้นคุณสามารถจัดเรียงทุกอย่างด้วยอลูมิเนียมฟอยล์
2003157,how to cook frozen ham steak on nuwave oven,msmarco_passage_05_391232367,"Benefits To Cooking With The Nuwave Oven. There are so many perks to using a NuWave Oven to prepare your meals: Cooks FROZEN meat just as perfect as it does fresh. VERSATILE cooking – Roast, bake, grill, broil, steam and even dehydrate! All your favorite cooking methods can be done in the NuWave.",1,วิธีการปรุงสเต็กแฮมแช่แข็งบนเตาอบนูเวฟ,ประโยชน์ในการปรุงอาหารด้วยเตาอบ Nuwaveมีประโยชน์มากมายในการใช้เตาอบ NuWave ในการเตรียมอาหารของคุณ: ปรุงเนื้อแช่แข็งอย่างสมบูรณ์แบบเหมือนกับที่สดใหม่การทำอาหารที่หลากหลาย — ย่าง อบ ย่าง ย่าง อบไอน้ำ และแม้กระทั่งอบแห้ง!วิธีการปรุงอาหารที่คุณชื่นชอบทั้งหมดสามารถทำได้ใน NuWave
2003157,how to cook frozen ham steak on nuwave oven,msmarco_passage_43_3211859,"Benefits To Cooking With The Nuwave Oven. There are so many perks to using a NuWave Oven to prepare your meals: Cooks FROZEN meat just as perfect as it does fresh. VERSATILE cooking – Roast, bake, grill, broil, steam and even dehydrate! All your favorite cooking methods can be done in the NuWave.",1,วิธีการปรุงสเต็กแฮมแช่แข็งบนเตาอบนูเวฟ,ประโยชน์ในการปรุงอาหารด้วยเตาอบ Nuwaveมีประโยชน์มากมายในการใช้เตาอบ NuWave ในการเตรียมอาหารของคุณ: ปรุงเนื้อแช่แข็งอย่างสมบูรณ์แบบเหมือนกับที่สดใหม่การทำอาหารที่หลากหลาย — ย่าง อบ ย่าง ย่าง อบไอน้ำ และแม้กระทั่งอบแห้ง!วิธีการปรุงอาหารที่คุณชื่นชอบทั้งหมดสามารถทำได้ใน NuWave
2003157,how to cook frozen ham steak on nuwave oven,msmarco_passage_57_132133174,Nuwave Oven RecipesToaster Oven RecipesMicrowave RecipesSteak RecipesConvection Oven CookingToaster Oven CookingCountertop Convection OvenFun CookingCooking Recipes. How To Cook A Steak In A Convection Toaster Oven and Other Convection Toaster Oven Recipes. Cooking steak in a convection oven.,1,วิธีการปรุงสเต็กแฮมแช่แข็งบนเตาอบนูเวฟ,สูตรเตาอบนูเวฟสูตรเตาอบอาหารเตาอบไมโครเวฟสูตรสเต็กปรุงอาหารเตาอบเครื่องปิ้งขนมปังปิ้งเตาอบพาความร้อนเตาอบพาความร้อนแบบเคาน์เตอร์ทำอาหารสนุกสูตรการทำอาหารวิธีการปรุงสเต็กในเตาอบเครื่องปิ้งขนมปังพาความร้อนและสูตรเตาอบเครื่องปิ้งแบบพาความร้อนอื่น ๆทำสเต็กในเตาอบพาความร้อน
2003157,how to cook frozen ham steak on nuwave oven,msmarco_passage_03_834200714,"Cooking Frozen Salmon in NuWave Oven. One food that I find a hassle to cook is salmon. I usually buy salmon frozen and since the the best way to defrost salmon is in cold water, it takes a long time. I had planned on making Salmon tonight for dinner. The Nuwave Oven comes with a cookbook and recipe cards.",1,วิธีการปรุงสเต็กแฮมแช่แข็งบนเตาอบนูเวฟ,ทำปลาแซลมอนแช่แข็งในเตาอบนูเวฟอาหารหนึ่งที่ฉันพบว่าทำอาหารยุ่งยากคือปลาแซลมอนฉันมักจะซื้อปลาแซลมอนแช่แข็งและเนื่องจากวิธีที่ดีที่สุดในการละลายปลาแซลมอนคือในน้ำเย็นจึงใช้เวลานานฉันวางแผนที่จะทำแซลมอนในคืนนี้เป็นอาหารค่ำเตาอบ Nuwave มาพร้อมกับตำราอาหารและการ์ดสูตร
2003157,how to cook frozen ham steak on nuwave oven,msmarco_passage_33_236883418,"How to Cook a Ham in the NuWave Oven. If playback doesn't begin shortly, try restarting your device. Videos you watch may be added to the TV's watch history and influence TV recommendations. To avoid this, cancel and sign in to YouTube on your computer.",1,วิธีการปรุงสเต็กแฮมแช่แข็งบนเตาอบนูเวฟ,วิธีทำแฮมในเตาอบ NuWaveหากการเล่นไม่เริ่มเร็ว ๆ นี้ ให้ลองรีสตาร์ทอุปกรณ์ของคุณวิดีโอที่คุณดูอาจถูกเพิ่มลงในประวัติการรับชมของทีวีและส่งผลต่อคำแนะนำของทีวีเพื่อหลีกเลี่ยงปัญหานี้ ให้ยกเลิกและลงชื่อเข้าใช้ YouTube บนคอมพิวเตอร์ของคุณ
2003157,how to cook frozen ham steak on nuwave oven,msmarco_passage_43_3242022,We tried something new with this sauce for the first time tonight! ….. BEEF JERKY!! In the NuWave oven. We marinated the thin strips of beef in the teriyaki sauce for about an hour. Then we cooked the beef strips in our Nuwave oven on power level 3 for 2 1/2 hours. Flipping them over halfway through.,1,วิธีการปรุงสเต็กแฮมแช่แข็งบนเตาอบนูเวฟ,เราลองอะไรใหม่กับซอสนี้เป็นครั้งแรกคืนนี้!...เนื้อเยิ้ม!!ในเตาอบ NuWaveเราหมักเนื้อบาง ๆ ในซอสเทอริยากิประมาณหนึ่งชั่วโมงจากนั้นเราปรุงแถบเนื้อในเตาอบ Nuwave ของเราในระดับพลังงาน 3 เป็นเวลา 2 1/2 ชั่วโมงพลิกพวกมันไปครึ่งทาง
2003157,how to cook frozen ham steak on nuwave oven,msmarco_passage_33_236790390,Ham and Glaze (Ninja Foodi XL Pro Air Fry Oven Recipe) Rotisserie Turkey Breast (Emeril Lagasse Power Air Fryer 360 XL Recipe) Bacon (Emeril Lagasse Power Air Fryer 360 XL Recipe) Bacon (Ninja Foodi XL Pro Air Oven Recipe) How to cook a Whole Chicken (NuWave Oven Recipe) Other sites: Soul Food Cookbook. D Grill.,1,วิธีการปรุงสเต็กแฮมแช่แข็งบนเตาอบนูเวฟ,แฮมแอนด์เคลือบ (สูตรเตาอบนินจา ฟูดี XL Pro) เต้านมไก่งวง Rotisserie (สูตรเอเมริล ลากาสเซ่ พาวเวอร์แอร์ 360 XL) เบคอน (สูตรเตาอบ Emeril Lagasse Power Air 360 XL) เบคอน (สูตรเตาอบนินจา ฟูดี XL Pro Air) วิธีทำไก่ทั้งตัว (สูตรเตาอบ NuWave) เว็บไซต์อื่น: Soul Food CookbookD กริลล์
2003157,how to cook frozen ham steak on nuwave oven,msmarco_passage_33_236880114,"Instructions: Place the fully frozen chicken breast side down (legs down) on the 1″ Rack in the NuWave Oven. And cook for 30 minutes at High Power/350° F. Turn the chicken over to breast side up (legs up), and cook for another 30 minutes at High Power/350° F.",1,วิธีการปรุงสเต็กแฮมแช่แข็งบนเตาอบนูเวฟ,คำแนะนำ: วางอกไก่แช่แข็งอย่างเต็มที่ด้านลงลง (ขาลง) บนชั้นวางขนาด 1 นิ้วในเตาอบ NuWaveและปรุงอาหารเป็นเวลา 30 นาทีที่กำลังสูง/350 องศาฟาเรนไฮต์ พลิกไก่ไปด้านเต้านมขึ้น (ขาขึ้น) และปรุงต่ออีก 30 นาทีที่กำลังสูง/350 องศาฟาเรนไฮต์
2003157,how to cook frozen ham steak on nuwave oven,msmarco_passage_33_236844929,"NuWave Oven Grilled Salmon from Frozen, Recipe. Info. Shopping. Tap to unmute. If playback doesn't begin shortly, try restarting your device. You're signed out. Videos you watch may be added to the TV's watch history and influence TV recommendations.",0,วิธีการปรุงสเต็กแฮมแช่แข็งบนเตาอบนูเวฟ,นูเวฟ ปลาแซลมอนย่างจากแช่แข็งในเตาอบ สูตรอาหารข้อมูลช้อปปิ้งแตะเพื่อยกเลิกการปิดเสียงหากการเล่นไม่เริ่มเร็ว ๆ นี้ ให้ลองรีสตาร์ทอุปกรณ์ของคุณคุณลงชื่อออกแล้ววิดีโอที่คุณดูอาจถูกเพิ่มลงในประวัติการรับชมของทีวีและส่งผลต่อคำแนะนำของทีวี
2003157,how to cook frozen ham steak on nuwave oven,msmarco_passage_57_139985535,"Collection by Sue Arndt. NuWave Oven Recipe 3 pork chops, frozen 1 can mushroom soup 1 pkg. french onion soup mix 2 cups water poured over chops Directions: 1. Mix all ingredients together in baking pan. 2. Place pan on 1-inch rack. 3. Cook on Power Level HI for 10 minutes.",0,วิธีการปรุงสเต็กแฮมแช่แข็งบนเตาอบนูเวฟ,คอลเลกชันโดย Sue Arndtสูตรเตาอบนูเวฟ หมูสับแช่แข็ง 1 กระป๋อง ซุปเห็ด 1 กระป๋อง 1 ชิ้น ซุปหัวหอมฝรั่งเศส ผสมน้ำ 2 ถ้วยเทลงบนสับละเอียด ทิศทาง: 1.ผสมส่วนผสมทั้งหมดเข้าด้วยกันในกระทะอบ 2.วางกระทะบนชั้นวางขนาด 1 นิ้ว 3.ปรุงอาหารบน Power Level HI เป็นเวลา 10 นาที
2003157,how to cook frozen ham steak on nuwave oven,msmarco_passage_15_452743171,"2 Place a single layer of thinly sliced vegetable, fruit or meat on the NuWave drying rack. Remember that you want to allow for airflow between each piece. 3. Set the NuWave Oven power level to low--125 F--and set the rack of food inside. 4.",1,วิธีการปรุงสเต็กแฮมแช่แข็งบนเตาอบนูเวฟ,2 วางผัก ผลไม้ หรือเนื้อสัตว์หั่นบาง ๆ เพียงชั้นเดียวลงบนชั้นวางอบแห้ง NuWaveโปรดจำไว้ว่าคุณต้องการอนุญาตให้มีการไหลของอากาศระหว่างแต่ละชิ้น 3.ตั้งระดับพลังงานเตาอบ NuWave ให้น้อยลง - 125 F - และตั้งชั้นวางอาหารไว้ข้างใน 4.
2003157,how to cook frozen ham steak on nuwave oven,msmarco_passage_15_452764465,"Directions. Lightly baste frozen cod with light olive oil. Season with salt, pepper, & Italian seasoning. Place cod on the nuwave grill (4 inch level) Replace lid, press cooking time, press 7 minutes, and press start. While cod is cooking: Season asparagus with salt & pepper.",1,วิธีการปรุงสเต็กแฮมแช่แข็งบนเตาอบนูเวฟ,ทิศทางทอดปลาคอดแช่แข็งเบา ๆ ด้วยน้ำมันมะกอกอ่อนปรุงรสด้วยเกลือ พริกไทย และเครื่องปรุงรสอิตาเลียนวางปลาคอดบนตะแกรงนูเวฟ (ระดับ 4 นิ้ว) เปลี่ยนฝา กดเวลาทำอาหาร กด 7 นาที แล้วกด เริ่มในขณะที่ปลาคอดกำลังปรุงอาหาร: ปรุงรสหน่อไม้ฝรั่งด้วยเกลือและพริกไทย
2003157,how to cook frozen ham steak on nuwave oven,msmarco_passage_07_703357661,"Rub the exterior with olive or vegetable oil, salt, pepper and your favorite steak seasoning. Unlike grills, you have to clean the NuWave cooking rack every time you use it. Insert the cooking rack in your NuWave oven and place the steaks side-by-side on the rack, making sure they don't touch each other.",2,วิธีการปรุงสเต็กแฮมแช่แข็งบนเตาอบนูเวฟ,ถูด้านนอกด้วยน้ำมันมะกอกหรือน้ำมันพืชเกลือพริกไทยและเครื่องปรุงรสสเต็กที่คุณชื่นชอบคุณต้องทำความสะอาดชั้นวางทำอาหาร NuWave ทุกครั้งที่ใช้งาน ซึ่งแตกต่างจากเตาย่างใส่ตะแกรงในเตาอบ NuWave และวางสเต็กเคียงข้างกันบนชั้นวางโดยตรวจสอบให้แน่ใจว่าไม่สัมผัสกัน
2003157,how to cook frozen ham steak on nuwave oven,msmarco_passage_03_834205812,"How NuWave Oven Saves Time in the Kitchen. NuWave cooks in three ways: Infrared, Conduction, and Convection heat. This system allows your food to be could from the inside out! Cook frozen food – don’t waste time defrosting food anymore. No preheating time – there is no need to preheat the oven.",1,วิธีการปรุงสเต็กแฮมแช่แข็งบนเตาอบนูเวฟ,เตาอบ NuWave ช่วยประหยัดเวลาในห้องครัวได้อย่างไรNuWave ปรุงอาหารได้สามวิธี ได้แก่ อินฟราเรด การนำไฟฟ้า และความร้อนพาความร้อนระบบนี้ช่วยให้อาหารของคุณสามารถนำไปจากภายในสู่ภายนอก!ปรุงอาหารแช่แข็ง — อย่าเสียเวลาละลายอาหารแช่แข็งอีกต่อไปไม่มีเวลาทำความร้อนล่วงหน้า — ไม่จำเป็นต้องอุ่นเตาอบ
2003157,how to cook frozen ham steak on nuwave oven,msmarco_passage_57_139984511,"Halogen Oven Recipes Nuwave Oven Recipes Pork Recipes Cooker Recipes Nu Wave Recipes Nu Wave Oven Convection Oven Cooking Air Fryer Recipes No Cook Meals. NuWave Oven Recipe 3 pork chops, frozen 1 can mushroom soup 1 pkg. french onion soup mix 2 cups water poured over chops Directions: 1. Mix all ingredients together in baking pan.",1,วิธีการปรุงสเต็กแฮมแช่แข็งบนเตาอบนูเวฟ,สูตรเตาอบฮาโลเจน สูตรเตาอบนูเวฟ สูตรหมู สูตรหมู สูตรอาหาร Nu Wave เตาอบพาความร้อนเตาอบทำอาหาร หม้อทอดอากาศสูตรอาหารไม่ทำอาหารสูตรเตาอบนูเวฟ หมูสับแช่แข็ง 1 กระป๋อง ซุปเห็ด 1 กระป๋อง 1 ชิ้น ซุปหัวหอมฝรั่งเศส ผสมน้ำ 2 ถ้วยเทลงบนสับละเอียด ทิศทาง: 1.ผสมส่วนผสมทั้งหมดเข้าด้วยกันในกระทะอบ
2003157,how to cook frozen ham steak on nuwave oven,msmarco_passage_03_834204914,"Do you want to save time in the kitchen while still cooking delicious meals for your family? Introducing….the NuWave Oven! This amazing countertop over cooks everything from full meals to cakes up to 50% faster than a conventional oven. Plus, you can cook frozen meat, saving you thawing time.",1,วิธีการปรุงสเต็กแฮมแช่แข็งบนเตาอบนูเวฟ,คุณต้องการประหยัดเวลาในครัวในขณะที่ยังคงทำอาหารอร่อยสำหรับครอบครัวของคุณหรือไม่?ขอแนะนำ... เตาอบนูเวฟ!เคาน์เตอร์ที่น่าตื่นตาตื่นใจนี้ปรุงทุกอย่างตั้งแต่อาหารเต็มไปจนถึงเค้กเร็วกว่าเตาอบทั่วไป ถึง 50%นอกจากนี้คุณสามารถปรุงเนื้อแช่แข็งได้ช่วยประหยัดเวลาในการละลาย
2003322,how to dilute ceftriaxone vial,msmarco_passage_44_345710107,"Reconstitution and Dilution. Reconstitute vials containing 250 mg, 500 mg, 1 g, or 2 g of ceftriaxone with 2.4, 4.8, 9.6, or 19.2 mL, respectively, of a compatible IV solution to provide solutions containing approximately 100 mg/mL. Then, further dilute to desired concentration in a compatible IV solution.",1,วิธีการเจือจางขวด ceftriaxone,"การสร้างใหม่และการเจือจางทำขวดที่มี ceftriaxone ขนาด 250 มก., 500 มก., 1 กรัม หรือ 2 กรัมด้วยสารละลาย IV ที่เข้ากันได้ตามลำดับ 2.4, 4.8, 9.6 หรือ 19.2 มล. ตามลำดับ เพื่อให้สารละลายที่มีประมาณ 100 มก./ลิตรจากนั้นเจือจางให้มีความเข้มข้นที่ต้องการในสารละลาย IV ที่เข้ากันได้"
2003322,how to dilute ceftriaxone vial,msmarco_passage_15_820874645,"Inject diluent into vial, shake vial thoroughly to form solution. Withdraw entire contents of vial into syringe to equal total labeled dose. After reconstitution, each 1 mL of solution contains approximately 250 mg or 350 mg equivalent of ceftriaxone according to the amount of diluent indicated below.",2,วิธีการเจือจางขวด ceftriaxone,ฉีดสารเจือจางลงในขวดเขย่าขวดให้สะอาดเพื่อสร้างสารละลายถอดเนื้อหาทั้งหมดของขวดลงในเข็มฉีดยาให้เท่ากับปริมาณที่ติดฉลากทั้งหมดหลังจากทำซ้ำ สารละลาย 1 มิลลิลิตรแต่ละตัวประกอบด้วย ceftriaxone เทียบเท่าประมาณ 250 มก. หรือ 350 มก. ตามปริมาณของสารเจือจางที่ระบุด้านล่าง
2003322,how to dilute ceftriaxone vial,msmarco_passage_15_818498526,"Inject diluent into vial, shake vial thoroughly to form solution. Withdraw entire contents of vial into syringe to equal total labeled dose. After reconstitution, each 1 mL of solution contains approximately 250 mg or 350 mg equivalent of ceftriaxone according to the amount of diluent indicated below.",2,วิธีการเจือจางขวด ceftriaxone,ฉีดสารเจือจางลงในขวดเขย่าขวดให้สะอาดเพื่อสร้างสารละลายถอดเนื้อหาทั้งหมดของขวดลงในเข็มฉีดยาให้เท่ากับปริมาณที่ติดฉลากทั้งหมดหลังจากทำซ้ำ สารละลาย 1 มิลลิลิตรแต่ละตัวประกอบด้วย ceftriaxone เทียบเท่าประมาณ 250 มก. หรือ 350 มก. ตามปริมาณของสารเจือจางที่ระบุด้านล่าง
2003322,how to dilute ceftriaxone vial,msmarco_passage_06_571156798,"Inject diluent into vial, shake vial thoroughly to form solution. Withdraw entire contents of vial into syringe to equal total labeled dose. After reconstitution, each 1 mL of solution contains approximately 250 mg or 350 mg equivalent of ceftriaxone according to the amount of diluent indicated below.",2,วิธีการเจือจางขวด ceftriaxone,ฉีดสารเจือจางลงในขวดเขย่าขวดให้สะอาดเพื่อสร้างสารละลายถอดเนื้อหาทั้งหมดของขวดลงในเข็มฉีดยาให้เท่ากับปริมาณที่ติดฉลากทั้งหมดหลังจากทำซ้ำ สารละลาย 1 มิลลิลิตรแต่ละตัวประกอบด้วย ceftriaxone เทียบเท่าประมาณ 250 มก. หรือ 350 มก. ตามปริมาณของสารเจือจางที่ระบุด้านล่าง
2003322,how to dilute ceftriaxone vial,msmarco_passage_22_463079488,"Inject diluent into vial, shake vial thoroughly to form solution. Withdraw entire contents of vial into syringe to equal total labeled dose. How do you dilute Rocephin for IM injections? 1g ceftriaxone should be dissolved in 3.5ml of 1% Lidocaine Injection BP.",3,วิธีการเจือจางขวด ceftriaxone,ฉีดสารเจือจางลงในขวดเขย่าขวดให้สะอาดเพื่อสร้างสารละลายถอดเนื้อหาทั้งหมดของขวดลงในเข็มฉีดยาให้เท่ากับปริมาณที่ติดฉลากทั้งหมดคุณเจือจางโรเซฟินสำหรับการฉีด IM ได้อย่างไรควรละลายเซฟไตรเอ็กโซน 1 กรัมใน 3.5 มล. ของการฉีดลิโดเคน 1% BP
2003322,how to dilute ceftriaxone vial,msmarco_passage_06_571157247,"After reconstitution, each 1 mL of solution contains approximately 100 mg equivalent of ceftriaxone. Withdraw entire contents and dilute to the desired concentration with the appropriate IV diluent. COMPATIBILITY AND STABILITY. Ceftriaxone has been shown to be compatible with Flagyl®2 IV (metronidazole hydrochloride).",1,วิธีการเจือจางขวด ceftriaxone,หลังจากทำซ้ำ สารละลาย 1 มิลลิลิตรแต่ละตัวจะมีเซฟไตรเอ็กโซนเทียบเท่าประมาณ 100 มก.ถอนเนื้อหาทั้งหมดและเจือจางให้มีความเข้มข้นที่ต้องการด้วยตัวเจือจาง IV ที่เหมาะสมความเข้ากันได้และความมั่นคงพบว่า Ceftriaxone เข้ากันได้กับ Flagyl® 2 IV (metronidazole hydrochloride)
2003322,how to dilute ceftriaxone vial,msmarco_passage_37_342541282,Trick of the Trade: Give ceftriaxone IM with lidocaine. Ceftriaxone for IM use can be diluted with lidocaine 1% [1]: Ceftriaxone 250 mg vial – mix with 0.9 mL of lidocaine 1% = 250 mg/mL. Ceftriaxone 1000 mg vial – mix with 2.1 mL of lidocaine 1% = 350 mg/mL.,3,วิธีการเจือจางขวด ceftriaxone,เคล็ดลับของการค้า: ให้ ceftriaxone IM กับลิโดเคนCeftriaxone สำหรับการใช้ IM สามารถเจือจางด้วยลิโดเคน 1% [1]: ขวด Ceftriaxone 250 มก. - ผสมกับลิโดเคน 0.9 มล. 1% = 250 มก./มล.ขวด Ceftriaxone 1000 มก. - ผสมกับลิโดเคน 2.1 มล. 1% = 350 มก./มล.
2003322,how to dilute ceftriaxone vial,msmarco_passage_37_342716206,Trick of the Trade: Give ceftriaxone IM with lidocaine. Ceftriaxone for IM use can be diluted with lidocaine 1% [1]: Ceftriaxone 250 mg vial – mix with 0.9 mL of lidocaine 1% = 250 mg/mL. Ceftriaxone 1000 mg vial – mix with 2.1 mL of lidocaine 1% = 350 mg/mL.,3,วิธีการเจือจางขวด ceftriaxone,เคล็ดลับของการค้า: ให้ ceftriaxone IM กับลิโดเคนCeftriaxone สำหรับการใช้ IM สามารถเจือจางด้วยลิโดเคน 1% [1]: ขวด Ceftriaxone 250 มก. - ผสมกับลิโดเคน 0.9 มล. 1% = 250 มก./มล.ขวด Ceftriaxone 1000 มก. - ผสมกับลิโดเคน 2.1 มล. 1% = 350 มก./มล.
2003322,how to dilute ceftriaxone vial,msmarco_passage_44_321506515,"Compatibility and Stability. Do not use diluents containing calcium, such as Ringer's solution or Hartmann's solution, to reconstitute Rocephin vials or to further dilute a reconstituted vial for IV administration. Particulate formation can result. Ceftriaxone has been shown to be compatible with Flagyl ® IV (metronidazole hydrochloride).",1,วิธีการเจือจางขวด ceftriaxone,ความเข้ากันได้และความมั่นคงห้ามใช้สารเจือจางที่มีแคลเซียม เช่น สารละลายของริงเกอร์หรือสารละลายของ Hartmann เพื่อสร้างขวด Rocephin หรือเจือจางขวดที่สร้างขึ้นใหม่เพื่อการฉีดยา IV ต่อไปการก่อตัวของอนุภาคอาจส่งผลให้เกิดขึ้นพบว่า Ceftriaxone เข้ากันได้กับ Flagyl® IV (metronidazole hydrochloride)
2003322,how to dilute ceftriaxone vial,msmarco_passage_39_578567535,"Usual Diluents. D5W, NS. Reconstitution. I.V. infusion: Infusion is prepared in two stages: Initial reconstitution of powder, followed by dilution to final . Nov 6, 2014 . Ceftriaxone 250 mg IM x 1; Lidocaine 1% 0.9 mL, please use for ceftriaxone reconstitution (If a route for lidocaine is required, use “other” or “IM”). Do not use diluents containing calcium, such as Ringer's solution or Hartmann's solution, to reconstitute Rocephin vials or to further dilute a reconstituted vial for .",3,วิธีการเจือจางขวด ceftriaxone,"สารเจือจางปกติD5W, นพ. ศ.การปฏิรูปการแช่ IV: เตรียมการแช่ในสองขั้นตอน: การผสมผงเบื้องต้นตามด้วยการเจือจางจนสุดท้ายวันที่ 6 พฤศจิกายน ค.Ceftriaxone 250 มก. IM x 1; ลิโดเคน 1% 0.9 มล. โปรดใช้สำหรับการทำซ้ำเซฟไตรเอ็กโซน (หากจำเป็นต้องใช้เส้นทางสำหรับลิโดเคน ให้ใช้ “อื่น” หรือ “IM”)ห้ามใช้สารเจือจางที่มีแคลเซียม เช่น สารละลายของริงเกอร์หรือสารละลายของ Hartmann เพื่อสร้างขวด Rocephin หรือเจือจางขวดที่สร้างขึ้นใหม่เพิ่มเติม"
2003322,how to dilute ceftriaxone vial,msmarco_passage_44_388595387,"Ceftriaxone for Injection, USP is supplied as a sterile crystalline powder in glass vials. The following packages are available: Vials containing Ceftriaxone sodium equivalent to 1 gm Ceftriaxone Box of 25 (72572-061-25) Vials containing Ceftriaxone sodium equivalent to 2 gm Ceftriaxone Box of 25 (72572-062-25)",1,วิธีการเจือจางขวด ceftriaxone,"Ceftriaxone for Injection, USP มีให้เป็นผงผลึกที่ผ่านการฆ่าเชื้อในขวดแก้วมีแพคเกจดังต่อไปนี้: ขวดที่มีโซเดียมเซฟไตรแอกโซนเทียบเท่ากับเซฟไตรแอ็กโซน 1 กรัม กล่อง 25 ขวด (72572-061-25) ที่มีโซเดียมเซฟไตรแอกโซนเทียบเท่ากับเซฟไตรแอ็กโซน 2 กรัม กล่อง 25 (72572-062-25)"
2003322,how to dilute ceftriaxone vial,msmarco_passage_44_442662552,"Ceftriaxone for Injection, USP is supplied as a sterile crystalline powder in glass vials. The following packages are available: Vials containing Ceftriaxone sodium equivalent to 1 gm Ceftriaxone Box of 25 (72572-061-25) Vials containing Ceftriaxone sodium equivalent to 2 gm Ceftriaxone Box of 25 (72572-062-25)",1,วิธีการเจือจางขวด ceftriaxone,"Ceftriaxone for Injection, USP มีให้เป็นผงผลึกที่ผ่านการฆ่าเชื้อในขวดแก้วมีแพคเกจดังต่อไปนี้: ขวดที่มีโซเดียมเซฟไตรแอกโซนเทียบเท่ากับเซฟไตรแอ็กโซน 1 กรัม กล่อง 25 ขวด (72572-061-25) ที่มีโซเดียมเซฟไตรแอกโซนเทียบเท่ากับเซฟไตรแอ็กโซน 2 กรัม กล่อง 25 (72572-062-25)"
2003322,how to dilute ceftriaxone vial,msmarco_passage_44_442684479,"Ceftriaxone for Injection, USP is supplied as a sterile crystalline powder in glass vials. The following packages are available: Vials containing Ceftriaxone sodium equivalent to 1 gm Ceftriaxone Box of 25 (72572-061-25) Vials containing Ceftriaxone sodium equivalent to 2 gm Ceftriaxone Box of 25 (72572-062-25)",1,วิธีการเจือจางขวด ceftriaxone,"Ceftriaxone for Injection, USP มีให้เป็นผงผลึกที่ผ่านการฆ่าเชื้อในขวดแก้วมีแพคเกจดังต่อไปนี้: ขวดที่มีโซเดียมเซฟไตรแอกโซนเทียบเท่ากับเซฟไตรแอ็กโซน 1 กรัม กล่อง 25 ขวด (72572-061-25) ที่มีโซเดียมเซฟไตรแอกโซนเทียบเท่ากับเซฟไตรแอ็กโซน 2 กรัม กล่อง 25 (72572-062-25)"
2003322,how to dilute ceftriaxone vial,msmarco_passage_44_442699386,"Ceftriaxone for Injection, USP is supplied as a sterile crystalline powder in glass vials. The following packages are available: Vials containing Ceftriaxone sodium equivalent to 1 gm Ceftriaxone Box of 25 (72572-061-25) Vials containing Ceftriaxone sodium equivalent to 2 gm Ceftriaxone Box of 25 (72572-062-25)",1,วิธีการเจือจางขวด ceftriaxone,"Ceftriaxone for Injection, USP มีให้เป็นผงผลึกที่ผ่านการฆ่าเชื้อในขวดแก้วมีแพคเกจดังต่อไปนี้: ขวดที่มีโซเดียมเซฟไตรแอกโซนเทียบเท่ากับเซฟไตรแอ็กโซน 1 กรัม กล่อง 25 ขวด (72572-061-25) ที่มีโซเดียมเซฟไตรแอกโซนเทียบเท่ากับเซฟไตรแอ็กโซน 2 กรัม กล่อง 25 (72572-062-25)"
2003322,how to dilute ceftriaxone vial,msmarco_passage_15_818500727,Ceftriaxone for injection USP is supplied as a sterile crystalline powder in glass vials. The following packages are available: Vials containing 250 mg equivalent of ceftriaxone. Box of 1 (NDC 68180-611-01) and box of 10 (NDC 68180-611-10). Vials containing 500 mg equivalent of ceftriaxone.,1,วิธีการเจือจางขวด ceftriaxone,Ceftriaxone สำหรับฉีด USP มีให้เป็นผงผลึกที่ผ่านการฆ่าเชื้อในขวดแก้วแพคเกจต่อไปนี้มีให้เลือก: ขวดที่มี 250 มก. เทียบเท่ากับ ceftriaxoneกล่อง 1 (NDC 68180-611-01) และกล่อง 10 กล่อง (NDC 68180-611-10)ขวดที่มี 500 มก. เทียบเท่ากับ ceftriaxone
2003322,how to dilute ceftriaxone vial,msmarco_passage_57_33868992,"dilution problem I think Rx. Ceftriaxone 500mg IVPB in D5W 50mL, infuse over 30 min q12h. The 2g ceftriaxone vial states that if you reconstitute with 8.6mL, the resulting final ... infusion rate problem The Dr. Has ordered to add 5g of a Drug ""V"" to 1L NS. and infuse at a rate of 5000mg/hour.",2,วิธีการเจือจางขวด ceftriaxone,ปัญหาการเจือจางฉันคิดว่า Rxเซฟไตรเอ็กโซน 500 มก. IVPB ใน D5W 50 มล. ฉีดนานกว่า 30 นาทีในช่วง 12 ชั่วโมงขวด ceftriaxone 2g ระบุว่าถ้าคุณสร้างใหม่ด้วย 8.6 มล. ผลลัพธ์จะเกิดปัญหาอัตราการแช่ขั้นสุดท้าย Dr. ได้สั่งให้เพิ่ม 5 กรัมของยา “V” เป็น 1 ลิตร NS. และแช่ในอัตรา 5000mg/ชั่วโมง
2003322,how to dilute ceftriaxone vial,msmarco_passage_44_321503897,"Rocephin Dosage. Medically reviewed by Drugs.com. Last updated on Aug 10, 2020. Generic name: ceftriaxone sodium 500mg. Dosage form: injection, powder, for solution. Rocephin may be administered intravenously or intramuscularly. Do not use diluents containing calcium, such as Ringer's solution or Hartmann's solution, to reconstitute Rocephin vials or to further dilute a reconstituted vial for IV administration because a precipitate can form.",1,วิธีการเจือจางขวด ceftriaxone,ปริมาณโรเซฟินตรวจสอบทางการแพทย์โดย Drugs.comอัปเดตล่าสุดเมื่อ 10 สิงหาคม 2020ชื่อทั่วไป: เซฟไตรแอ็กโซนโซเดียม 500 มก.รูปแบบการให้ยา: ฉีดผงสำหรับสารละลายโรเซฟินอาจให้เข้าเส้นเลือดดำหรือเข้ากล้ามเนื้อห้ามใช้สารเจือจางที่มีแคลเซียม เช่น สารละลายของริงเกอร์หรือสารละลายของ Hartmann เพื่อสร้างขวด Rocephin หรือเจือจางขวดที่สร้างขึ้นใหม่เพื่อให้ IV เพราะอาจเกิดตะกอนได้
2003322,how to dilute ceftriaxone vial,msmarco_passage_06_571150679,The following packages are available: Vials containing 250 mg equivalent of ceftriaxone. Box of 1 (NDC 0004-1962-02) and box of 10 (NDC 0004-1962-01). Vials containing 500 mg equivalent of ceftriaxone. Box of 1 (NDC 0004-1963-02) and box of 10 (NDC 0004-1963-01). Vials containing 1 gm equivalent of ceftriaxone.,1,วิธีการเจือจางขวด ceftriaxone,แพ็คเกจต่อไปนี้มีให้เลือก: ขวดที่มี 250 มก. เทียบเท่ากับ ceftriaxoneกล่อง 1 (NDC 0004-1962-02) และกล่อง 10 กล่อง (NDC 0004-1962-01)ขวดที่มี 500 มก. เทียบเท่ากับ ceftriaxoneกล่อง 1 (NDC 0004-1963-02) และกล่อง 10 กล่อง (NDC 0004-1963-01)ขวดที่มี ceftriaxone เทียบเท่า 1 กรัม
2003322,how to dilute ceftriaxone vial,msmarco_passage_10_654159623,"How to use Ceftriaxone Vial. This medication is given by injection into a muscle or vein as directed by your doctor, usually once or twice daily. The dosage is based on your medical condition and response to treatment. Drink plenty of fluids while using this medication unless your doctor directs you otherwise.",1,วิธีการเจือจางขวด ceftriaxone,วิธีใช้ขวด Ceftriaxoneยานี้ให้โดยการฉีดเข้ากล้ามเนื้อหรือหลอดเลือดดำตามคำแนะนำของแพทย์โดยปกติครั้งหรือสองครั้งต่อวันปริมาณขึ้นอยู่กับสภาพทางการแพทย์และการตอบสนองต่อการรักษาดื่มของเหลวจำนวนมากในขณะที่ใช้ยานี้เว้นแต่แพทย์ของคุณแนะนำคุณเป็นอย่างอื่น
2003322,how to dilute ceftriaxone vial,msmarco_passage_27_521916255,"For administration by IV infusion, dilute each dose of ceftriaxone in 5 ml/kg of 0.9% sodium chloride or 5% glucose in children less than 20 kg and in a bag of 100 ml of 0.9% sodium chloride or 5% glucose in children over 20 kg and in adults. 5.",3,วิธีการเจือจางขวด ceftriaxone,สำหรับการฉีด IV ให้เจือจางเซฟไตรเอ็กโซนแต่ละขนาดในโซเดียมคลอไรด์ 0.9% 5 มล./กก. หรือกลูโคส 5% ในเด็กน้อยกว่า 20 กิโลกรัมและในถุงโซเดียมคลอไรด์ 0.9% 100 มล. หรือกลูโคส 5% ในเด็กที่มีอายุมากกว่า 20 กิโลกรัมและในผู้ใหญ่ 5.
2003322,how to dilute ceftriaxone vial,msmarco_passage_26_173031215,"Reading the instructions for Ceftriaxone 500mg/vial, the vial states: For IM administration- “reconstitute with 1ml 1% lidocaine or sterile water. Each 1ml of solution contains approximately 350mg equivalent of ceftriaxone” For IV administration- “reconstitute with 4.8ml of an IV diluent… for each 1ml of solution contains approximately 100mg equivalent of Ceftriaxone”.",3,วิธีการเจือจางขวด ceftriaxone,เมื่ออ่านคำแนะนำสำหรับ Ceftriaxone 500 มก./ขวดขวดระบุว่า: สำหรับการใช้ IM- “ทำใหม่ด้วยลิโดเคน 1% หรือน้ำปลอดเชื้อ 1 มล.สารละลาย 1 มิลลิลิตรแต่ละตัวประกอบด้วย ceftriaxone เทียบเท่าประมาณ 350 มก.” สำหรับการใช้ IV- “สร้างใหม่ด้วยสารเจือจาง IV 4.8 มล.... สำหรับสารละลาย 1 มล. แต่ละสารละลาย มีประมาณ 100 มก. เทียบเท่ากับ Ceftriaxone”
2003322,how to dilute ceftriaxone vial,msmarco_passage_27_436181518,"For intravenous administration,1 gram of ceftriaxone is dissolved in 10 ml of water for injections. The injection should be administered slowly for over 5 minutes, directly into the vein or as an infusion over at least 30 minutes.",3,วิธีการเจือจางขวด ceftriaxone,สำหรับการให้ทางหลอดเลือดดำ ceftriaxone 1 กรัมละลายในน้ำ 10 มล. สำหรับฉีดควรฉีดอย่างช้าๆเป็นเวลานานกว่า 5 นาที โดยตรงเข้าไปในหลอดเลือดดำหรือเป็นเวลาอย่างน้อย 30 นาที
2003976,how to put together a scuba regulator,msmarco_passage_41_418958044,"How scuba regulators work. Scuba regulators are divided into first stage — which takes tank pressure down from a couple thousand pounds per square inch (psi) to around 140 psi — and second stage, the mouthpiece, which offers fine pressure adjustment for comfortable breathing. You may also have an octopus, or a standby second regulator for emergencies.",0,วิธีการรวบรวมตัวควบคุมการดำน้ำ,หน่วยงานกำกับดูแลการดำน้ำทำงานอย่างไรตัวควบคุมการดำน้ำแบ่งออกเป็นขั้นตอนแรก ซึ่งลดแรงดันถังลงจากสองพันปอนด์ต่อตารางนิ้ว (psi) เป็นประมาณ 140 psi และขั้นตอนที่สอง คือปากเป่าซึ่งให้การปรับแรงดันที่ดีเพื่อการหายใจที่สะดวกสบายคุณอาจมีปลาหมึกหรือตัวควบคุมสแตนด์บายที่สองสำหรับเหตุฉุกเฉิน
2003976,how to put together a scuba regulator,msmarco_passage_38_357236456,"Assemble, put on and adjust scuba gear. Pre-dive safety check (BWRAF) Inflate and deflate BCD. Clear snorkel on ascent by exhaling sharply and continue breathing without lifting face from water. Swap from regulator to snorkel, snorkel to regulator several times without lifting face from water.",0,วิธีการรวบรวมตัวควบคุมการดำน้ำ,ประกอบใส่และปรับอุปกรณ์ดำน้ำการตรวจสอบความปลอดภัยก่อนดำน้ำ (BWRAF) เติมและระบายน้ำ BCDล้างดำน้ำเมื่อปีนขึ้นไปด้วยการหายใจออกอย่างรวดเร็วและหายใจต่อไปโดยไม่ต้องยกใบหน้าออกจากน้ำเปลี่ยนจากตัวควบคุมเป็นดำน้ำตื้น ดำน้ำตื้นเป็นตัวควบคุมหลายครั้งโดยไม่ต้องยกใบหน้าออกจากน้ำ
2003976,how to put together a scuba regulator,msmarco_passage_52_578735325,"Natalie L Gibb. Five basic parts are usually included in a standard open water scuba diving regulator. 1. First Stage. The regulator first stage attaches the regulator to the scuba tank. Remember, a diving regulator reduces the air from the scuba tank in stages as it travels from the tank to the diver.",2,วิธีการรวบรวมตัวควบคุมการดำน้ำ,นาตาลีแอล กิบบ์ส่วนพื้นฐานห้าส่วนมักจะรวมอยู่ในตัวควบคุมดำน้ำลึกแบบเปิดมาตรฐาน 1.ขั้นตอนแรกขั้นตอนแรกตัวควบคุมจะยึดตัวควบคุมเข้ากับถังดำน้ำโปรดจำไว้ว่าตัวควบคุมการดำน้ำจะช่วยลดอากาศจากถังดำน้ำเป็นระยะ ๆ ในขณะที่เดินทางจากถังไปยังนักดำน้ำ
2003976,how to put together a scuba regulator,msmarco_passage_52_316668401,Parts of a Scuba Diving Regulator. Scuba regulators do the critical job of delivering breathable air from pressurized air tanks to divers by working in two stages:,1,วิธีการรวบรวมตัวควบคุมการดำน้ำ,ชิ้นส่วนของตัวควบคุมการดำน้ำลึกตัวควบคุมการดำน้ำทำหน้าที่สำคัญในการส่งอากาศที่ระบายอากาศจากถังอากาศแรงดันไปยังนักดำน้ำโดยทำงานในสองขั้นตอน:
2003976,how to put together a scuba regulator,msmarco_passage_52_571278699,Second Stage: The second stage of a scuba diving regulator is the part that the diver puts into his mouth. Tank Pressure: The pressure of the air in a scuba tank. Air inside a tank is compressed to a very high pressure in order to carry an adequate supply of breathing gas for a scuba dive.,1,วิธีการรวบรวมตัวควบคุมการดำน้ำ,ขั้นตอนที่สอง: ขั้นตอนที่สองของตัวควบคุมการดำน้ำลึกคือส่วนที่นักดำน้ำใส่เข้าไปในปากความดันถัง: ความดันของอากาศในถังดำน้ำอากาศภายในถังถูกบีบอัดให้แรงดันสูงมากเพื่อให้บรรทุกก๊าซหายใจที่เพียงพอสำหรับการดำน้ำลึก
2003976,how to put together a scuba regulator,msmarco_passage_51_672284009,Scuba Regulator Cost. The scuba diving regulator consists of two parts. The first stage connects directly to the scuba tank. The second stage connects to the first stage and is the piece you put into your mouth and breathe out of. The type of regulator that you choose will depend on the conditions you dive in.,2,วิธีการรวบรวมตัวควบคุมการดำน้ำ,ต้นทุนควบคุมการดำน้ำตัวควบคุมการดำน้ำลึกประกอบด้วยสองส่วนขั้นตอนแรกเชื่อมต่อโดยตรงกับถังดำน้ำขั้นตอนที่สองเชื่อมต่อกับขั้นตอนแรกและเป็นชิ้นส่วนที่คุณใส่เข้าไปในปากและหายใจออกประเภทของตัวควบคุมที่คุณเลือกจะขึ้นอยู่กับเงื่อนไขที่คุณดำน้ำ
2003976,how to put together a scuba regulator,msmarco_passage_52_316667071,"A scuba regulator is literally the lifeline between you and your air source while diving. It is the most important and key piece of any diver’s equipment as it connects to the gas cylinder (or tank) and allows the diver to breathe air from the tank. Together, the regulator and tank make up a self-contained underwater breathing apparatus (SCUBA), which is what makes breathing possible underwater.",1,วิธีการรวบรวมตัวควบคุมการดำน้ำ,ตัวควบคุมการดำน้ำเป็นสายรอดชีวิตระหว่างคุณกับแหล่งอากาศของคุณในขณะดำน้ำเป็นชิ้นส่วนที่สำคัญและสำคัญที่สุดของอุปกรณ์นักดำน้ำทุกคนเนื่องจากเชื่อมต่อกับถังแก๊ส (หรือถัง) และช่วยให้นักดำน้ำหายใจอากาศจากถังตัวควบคุมและถังรวมกันประกอบด้วยกันเป็นอุปกรณ์หายใจใต้น้ำในตัวเอง (SCUBA) ซึ่งเป็นสิ่งที่ทำให้การหายใจใต้น้ำเป็นไปได้
2003976,how to put together a scuba regulator,msmarco_passage_60_294592008,"Scuba Diving Regulators. Your scuba regulator lets you breathe underwater. It connects to your scuba tank, converting compressed air to breathable air when you inhale. An octopus is a backup regulator. It usually has a longer hose and a bright yellow body so it's easy to find and can be used by others in an emergency.",1,วิธีการรวบรวมตัวควบคุมการดำน้ำ,ตัวควบคุมการดำน้ำลึกตัวควบคุมการดำน้ำของคุณช่วยให้คุณหายใจใต้น้ำมันเชื่อมต่อกับถังดำน้ำของคุณแปลงอากาศอัดเป็นอากาศที่ระบายอากาศได้เมื่อคุณสูดดมปลาหมึกเป็นตัวควบคุมสำรองโดยปกติจะมีสายยางยาวและตัวถังสีเหลืองสดใสดังนั้นจึงหาได้ง่ายและผู้อื่นสามารถใช้งานได้ในกรณีฉุกเฉิน
2003976,how to put together a scuba regulator,msmarco_passage_09_397885059,"Scuba Diving Regulators. Your scuba regulator lets you breathe underwater. It connects to your scuba tank, converting compressed air to breathable air when you inhale. An octopus is a backup regulator. It usually has a longer hose and a bright yellow body so it's easy to find and can be used by others in an emergency.",1,วิธีการรวบรวมตัวควบคุมการดำน้ำ,ตัวควบคุมการดำน้ำลึกตัวควบคุมการดำน้ำของคุณช่วยให้คุณหายใจใต้น้ำมันเชื่อมต่อกับถังดำน้ำของคุณแปลงอากาศอัดเป็นอากาศที่ระบายอากาศได้เมื่อคุณสูดดมปลาหมึกเป็นตัวควบคุมสำรองโดยปกติจะมีสายยางยาวและตัวถังสีเหลืองสดใสดังนั้นจึงหาได้ง่ายและผู้อื่นสามารถใช้งานได้ในกรณีฉุกเฉิน
2003976,how to put together a scuba regulator,msmarco_passage_43_771479374,"Scuba Regulator & Octopus setup: This is the dive equipment that allows you to breathe the air from your Scuba tank. You breathe off the scuba regulator and, when necessary, your dive buddy would breathe off the Scuba Octopus (aka Scuba Octo).",1,วิธีการรวบรวมตัวควบคุมการดำน้ำ,ตัวควบคุมการดำน้ำและการตั้งค่า Octopus: นี่คืออุปกรณ์ดำน้ำที่ช่วยให้คุณหายใจอากาศจากถังดำน้ำของคุณคุณหายใจออกจากตัวควบคุมการดำน้ำ และเมื่อจำเป็น เพื่อนดำน้ำของคุณจะหายใจออกจาก Scuba Octo (หรือที่เรียกว่า Scuba Octo)
2003976,how to put together a scuba regulator,msmarco_passage_60_294194809,"Recreational Scuba Regulators. Recreational scuba regulators provide you with a quality piece of equipment at a reasonable price. With a Recreational regulator, you won't be missing important features. Like all high-quality regulators, Recreational Scuba Regulators often come with a diver adjustable venturi effect.",0,วิธีการรวบรวมตัวควบคุมการดำน้ำ,หน่วยงานกำกับดูแลการดำน้ำสันทนาการหน่วยงานกำกับดูแลการดำน้ำเพื่อการพักผ่อนหย่อนใจมอบอุปกรณ์ที่มีคุณภาพในราคาที่สมเหตุสมผลด้วยตัวควบคุมสันทนาการ คุณจะไม่พลาดคุณสมบัติที่สำคัญเช่นเดียวกับตัวควบคุมคุณภาพสูงทั้งหมด ตัวควบคุมการดำน้ำเพื่อการพักผ่อนหย่อนใจมักมาพร้อมกับเอฟเฟกต์เวนทูรีที่ปรับได้สำหรับนักดำน้ำ
2003976,how to put together a scuba regulator,msmarco_passage_60_294208766,"Recreational Scuba Regulators. Recreational scuba regulators provide you with a quality piece of equipment at a reasonable price. With a Recreational regulator, you won't be missing important features. Like all high-quality regulators, Recreational Scuba Regulators often come with a diver adjustable venturi effect.",0,วิธีการรวบรวมตัวควบคุมการดำน้ำ,หน่วยงานกำกับดูแลการดำน้ำสันทนาการหน่วยงานกำกับดูแลการดำน้ำเพื่อการพักผ่อนหย่อนใจมอบอุปกรณ์ที่มีคุณภาพในราคาที่สมเหตุสมผลด้วยตัวควบคุมสันทนาการ คุณจะไม่พลาดคุณสมบัติที่สำคัญเช่นเดียวกับตัวควบคุมคุณภาพสูงทั้งหมด ตัวควบคุมการดำน้ำเพื่อการพักผ่อนหย่อนใจมักมาพร้อมกับเอฟเฟกต์เวนทูรีที่ปรับได้สำหรับนักดำน้ำ
2003976,how to put together a scuba regulator,msmarco_passage_32_29244880,"Examples of product defining keywords: Scuba Diving Fins. Scuba BCDs. Scuba diving in Anilao, Batangas. Scuba diving in the Caribbean. Scuba Regulators.",0,วิธีการรวบรวมตัวควบคุมการดำน้ำ,"ตัวอย่างคำหลักที่กำหนดผลิตภัณฑ์: ครีบดำน้ำลึกBCDs สำหรับดำน้ำดำน้ำลึกในอนิลาว, บาตังกัสดำน้ำลึกในทะเลแคริบเบียนหน่วยงานกำกับดูแลการดำน้ำ"
2003976,how to put together a scuba regulator,msmarco_passage_60_294934488,But not too far forward that you enter the water face-first. The aim is to enter the water vertically (See the video below for how not to enter the water scuba diving). Leave putting your regulator in your mouth until the last second. Your regulator should be the last thing you put in your mouth.,0,วิธีการรวบรวมตัวควบคุมการดำน้ำ,แต่ไม่ไกลเกินไปที่คุณจะเข้าสู่น้ำหน้าก่อนจุดมุ่งหมายคือการเข้าสู่น้ำในแนวตั้ง (ดูวิดีโอด้านล่างสำหรับวิธีที่จะไม่เข้าสู่การดำน้ำลึก)ปล่อยให้วางตัวควบคุมไว้ในปากจนถึงวินาทีสุดท้ายตัวควบคุมของคุณควรเป็นสิ่งสุดท้ายที่คุณใส่ในปาก
2003976,how to put together a scuba regulator,msmarco_passage_52_316721885,"Giant Stride Water Entry. The giant stride is the most common water entry method for scuba divers entering from a boat, pier, jetty, or any other elevated entry point. To execute this entry method, you must don all of your scuba gear, step onto the platform, and put your regulator in your mouth.",0,วิธีการรวบรวมตัวควบคุมการดำน้ำ,ทางเข้าน้ำยักษ์สไตรด์ขั้นตอนยักษ์เป็นวิธีการเข้าน้ำที่พบบ่อยที่สุดสำหรับผู้ดำน้ำลึกที่เข้ามาจากเรือ ท่าเรือ ท่าเรือ ท่าเรือ ท่าเรือ หรือจุดเข้าที่สูงขึ้นอื่น ๆในการใช้วิธีการป้อนนี้ คุณต้องสวมอุปกรณ์ดำน้ำทั้งหมดก้าวลงบนแพลตฟอร์มและใส่ตัวควบคุมลงในปาก
2003976,how to put together a scuba regulator,msmarco_passage_30_864664921,Check on Amazon. Amazon.com. SEAC Smart BCD Scuba Regulator Dive Gear Package. SEAC Smart BCD Scuba Regulator Dive Gear Package. out of stock. Check on Amazon. Amazon.com. Seac Ego BCD Scuba Gear BC Regulator Package. Seac Ego BCD Scuba Gear BC Regulator Package.,0,วิธีการรวบรวมตัวควบคุมการดำน้ำ,ตรวจสอบบนอเมซอนอเมซอน. คอมแพ็คเกจอุปกรณ์ดำน้ำควบคุมการดำน้ำ SEAC สมาร์ท BCDชุดอุปกรณ์ดำน้ำควบคุมการดำน้ำ SEAC Smart BCD หมดสต็อกตรวจสอบบนอเมซอนอเมซอน. คอมชุดควบคุมเกียร์ดำน้ำลึก Seac Ego BCDชุดควบคุมเกียร์ดำน้ำลึก Seac Ego BCD
2003976,how to put together a scuba regulator,msmarco_passage_09_397846276,Marine life is less active here than in places such as Aruba due to overfishing. Regulations have been put in place to help preserve the existing marine life. There are still lots of great dive sites with huge caverns and tunnels to explore as well as wreck dives to visit. Most all dive operators on the island offer advanced and pro PADI scuba diving classes as well as more advanced scuba dive sites to visit.,0,วิธีการรวบรวมตัวควบคุมการดำน้ำ,ชีวิตทางทะเลมีความกระตือรือร้นน้อยกว่าในสถานที่ต่างๆ เช่น อารูบา เนื่องจากการตกปลามากเกินไปมีการกำหนดกฎระเบียบเพื่อช่วยรักษาสิ่งมีชีวิตทางทะเลที่มีอยู่ยังมีสถานที่ดำน้ำที่ยอดเยี่ยมมากมายพร้อมถ้ำขนาดใหญ่และอุโมงค์ให้สำรวจ รวมถึงดำน้ำซากปรักหักพังให้เยี่ยมชมผู้ประกอบการดำน้ำส่วนใหญ่บนเกาะมีชั้นเรียนดำน้ำขั้นสูงและระดับมืออาชีพ PADI ตลอดจนสถานที่ดำน้ำล้ำขั้นสูงให้เยี่ยมชม
2003976,how to put together a scuba regulator,msmarco_passage_09_397883169,"In addition to the latest product releases from dive equipment manufacturers such as Cressi, Aqua Lung, Mares, Oceanic, Scubapro, TUSA and more, make sure to check out the latest scuba gear reviews from ScubaLab. Ten times per year, our ScubaLab team puts the latest regulators, BCDs, dive computers, masks, fins, snorkels, knives, wetsuits and other gear items through an objective and in-water test to craft in-depth reviews for all the latest scuba gear.",0,วิธีการรวบรวมตัวควบคุมการดำน้ำ,"นอกเหนือจากการเปิดตัวผลิตภัณฑ์ล่าสุดจากผู้ผลิตอุปกรณ์ดำน้ำเช่น Cressi, Aqua Lung, Mares, Oceanic, Scubapro, TUSA และอื่น ๆ โปรดตรวจสอบรีวิวอุปกรณ์ดำน้ำล่าสุดจาก ScubaLabสิบครั้งต่อปี ทีมงาน ScubaLab ของเรานำเสนอหน่วยงานกำกับดูแลล่าสุด, BCD, คอมพิวเตอร์ดำน้ำ, หน้ากาก, ครีบ, ดำน้ำตื้น, มีด, ชุดสูทและอุปกรณ์อื่นๆ ผ่านการทดสอบเชิงวัตถุประสงค์และในน้ำเพื่อสร้างบทวิจารณ์เชิงลึกสำหรับอุปกรณ์ดำน้ำล่าสุดทั้งหมด"
2003976,how to put together a scuba regulator,msmarco_passage_60_294590118,"In addition to the latest product releases from dive equipment manufacturers such as Cressi, Aqua Lung, Mares, Oceanic, Scubapro, TUSA and more, make sure to check out the latest scuba gear reviews from ScubaLab. Ten times per year, our ScubaLab team puts the latest regulators, BCDs, dive computers, masks, fins, snorkels, knives, wetsuits and other gear items through an objective and in-water test to craft in-depth reviews for all the latest scuba gear.",0,วิธีการรวบรวมตัวควบคุมการดำน้ำ,"นอกเหนือจากการเปิดตัวผลิตภัณฑ์ล่าสุดจากผู้ผลิตอุปกรณ์ดำน้ำเช่น Cressi, Aqua Lung, Mares, Oceanic, Scubapro, TUSA และอื่น ๆ โปรดตรวจสอบรีวิวอุปกรณ์ดำน้ำล่าสุดจาก ScubaLabสิบครั้งต่อปี ทีมงาน ScubaLab ของเรานำเสนอหน่วยงานกำกับดูแลล่าสุด, BCD, คอมพิวเตอร์ดำน้ำ, หน้ากาก, ครีบ, ดำน้ำตื้น, มีด, ชุดสูทและอุปกรณ์อื่นๆ ผ่านการทดสอบเชิงวัตถุประสงค์และในน้ำเพื่อสร้างบทวิจารณ์เชิงลึกสำหรับอุปกรณ์ดำน้ำล่าสุดทั้งหมด"
2003976,how to put together a scuba regulator,msmarco_passage_52_571278125,"How a Scuba Regulator Works. Matthew Dunne is an avid scuba diver and a collector of vintage regulators. He currently maintains an ever-growing collection of Scubapro and U.S. Divers regulators. Few pieces of sporting equipment carry more mystique than scuba regulators. Regulators are sold with a dizzying array of choices, features, and often hype, and there may be a fierce loyalty to brands among experienced divers.",0,วิธีการรวบรวมตัวควบคุมการดำน้ำ,ตัวควบคุมการดำน้ำทำงานอย่างไรMatthew Dunne เป็นนักดำน้ำที่กระตือรือร้นและนักสะสมหน่วยงานกำกับดูแลวินเทจปัจจุบันเขากำลังดูแลคอลเลกชันของ Scubapro และหน่วยงานกำกับดูแลนักดำน้ำของสหรัฐอเมริกาที่เพิ่มขึ้นอย่างต่อเนื่องอุปกรณ์กีฬาไม่กี่ชิ้นมีความลึกลับมากกว่าตัวควบคุมการดำน้ำหน่วยงานกำกับดูแลมีการขายด้วยตัวเลือก คุณลักษณะ และบ่อยครั้งที่ไฮป์ และอาจมีความภักดีต่อแบรนด์อย่างรุนแรงในหมู่นักดำน้ำที่มีประสบการณ์
2003976,how to put together a scuba regulator,msmarco_passage_41_418957590,"A good scuba regulator is a vital part of any dive gear, reducing the high pressure combination of helium, nitrogen, and oxygen in the tanks so it’s breathable by the diver. Not all regulators are the same, however, so we’ve put together a concise buyer’s guide to help those new to the sport decide which is best.",1,วิธีการรวบรวมตัวควบคุมการดำน้ำ,ตัวควบคุมการดำน้ำที่ดีเป็นส่วนสำคัญของอุปกรณ์ดำน้ำใด ๆ ซึ่งช่วยลดแรงดันสูงของฮีเลียม ไนโตรเจน และออกซิเจนในถังเพื่อให้นักดำน้ำสามารถระบายอากาศได้อย่างไรก็ตามหน่วยงานกำกับดูแลทั้งหมดไม่เหมือนกันดังนั้นเราจึงได้รวบรวมคู่มือผู้ซื้อที่กระชับเพื่อช่วยให้ผู้ที่ใหม่ในกีฬาตัดสินใจว่าอันไหนดีที่สุด
2003976,how to put together a scuba regulator,msmarco_passage_60_294843829,"00:00. -. +. 00:03 01:31. Relax. Between our advice and your instructor's help, we'll have you outfitted in no time. It's helpful to think of buying scuba gear in two phases: first, the basic stuff you need for class; second, the major pieces of life support — regulator, BCD and dive computer — that you're allowed to purchase once you've got a C-card.",0,วิธีการรวบรวมตัวควบคุมการดำน้ำ,00:00 น. -. +. 00:03 01:31ผ่อนคลายระหว่างคำแนะนำของเราและความช่วยเหลือจากผู้สอนของคุณ เราจะจัดเตรียมคุณในเวลาไม่นานการคิดซื้ออุปกรณ์ดำน้ำในสองขั้นตอน เป็นประโยชน์อย่างยิ่ง: สิ่งแรกคือสิ่งพื้นฐานที่คุณต้องการสำหรับชั้นเรียน ประการที่สอง ชิ้นส่วนที่สำคัญของการสนับสนุนชีวิต เช่น ตัวควบคุม BCD และคอมพิวเตอร์ดำน้ำ ซึ่งคุณสามารถซื้อได้เมื่อคุณได้การ์ด C
2003976,how to put together a scuba regulator,msmarco_passage_60_294196061,"DIN Scuba Regulators. A DIN regulator can be attached only to a DIN valve, which is incompatible with standard Yoke regulators and valves. The best way to check if your valve requires a DIN regulator is to check where the two connect - if they must be screwed together, there is a good chance you have a DIN valve.",2,วิธีการรวบรวมตัวควบคุมการดำน้ำ,ตัวควบคุมการดำน้ำ DINตัวควบคุม DIN สามารถติดกับวาล์ว DIN เท่านั้นซึ่งเข้ากันไม่ได้กับตัวควบคุม Yoke มาตรฐานและวาล์ววิธีที่ดีที่สุดในการตรวจสอบว่าวาล์วของคุณต้องการตัวควบคุม DIN หรือไม่คือการตรวจสอบว่าทั้งสองเชื่อมต่อที่ไหน - หากต้องขันเข้าด้วยกันมีโอกาสที่ดีที่คุณมีวาล์ว DIN
2003976,how to put together a scuba regulator,msmarco_passage_43_770563217,"Instead of buying a complete set in one go, the first stage and the primary second stage are sold together. You then purchase the alternative second stage (or octopus) and any gauges separately. Here, we’ll be going over the best scuba regulators. We’ll cover budget, mid-range, and high-end options.",0,วิธีการรวบรวมตัวควบคุมการดำน้ำ,แทนที่จะซื้อชุดที่สมบูรณ์ในคราวเดียว ขั้นตอนแรกและขั้นตอนที่สองขั้นหลักจะถูกขายด้วยกันจากนั้นคุณจะซื้อขั้นตอนที่สองทางเลือก (หรือปลาหมึก) และเครื่องวัดใด ๆ แยกต่างหากที่นี่เราจะมาดูหน่วยงานกำกับดูแลการดำน้ำที่ดีที่สุดเราจะครอบคลุมตัวเลือกงบประมาณระดับกลางและระดับไฮเอนด์
2003976,how to put together a scuba regulator,msmarco_passage_60_294210018,"DIN Scuba Regulators. A DIN regulator can be attached only to a DIN valve, which is incompatible with standard Yoke regulators and valves. The best way to check if your valve requires a DIN regulator is to check where the two connect - if they must be screwed together, there is a good chance you have a DIN valve.",2,วิธีการรวบรวมตัวควบคุมการดำน้ำ,ตัวควบคุมการดำน้ำ DINตัวควบคุม DIN สามารถติดกับวาล์ว DIN เท่านั้นซึ่งเข้ากันไม่ได้กับตัวควบคุม Yoke มาตรฐานและวาล์ววิธีที่ดีที่สุดในการตรวจสอบว่าวาล์วของคุณต้องการตัวควบคุม DIN หรือไม่คือการตรวจสอบว่าทั้งสองเชื่อมต่อที่ไหน - หากต้องขันเข้าด้วยกันมีโอกาสที่ดีที่คุณมีวาล์ว DIN
2003976,how to put together a scuba regulator,msmarco_passage_52_316670804,Aquaviews – SCUBA Blog. Bringing You The Other 70% Of Our World. Aquaviews – SCUBA Blog. Gear. Guides. Destinations. Nature. Scuba Locations. Home SCUBA Gear How a Scuba Diving Regulator Works.,0,วิธีการรวบรวมตัวควบคุมการดำน้ำ,Aquaviews — บล็อกสกูบานำเสนออีก 70% ของโลกของเราให้คุณAquaviews — บล็อกสกูบาเกียร์คู่มือจุดหมายปลายทางธรรมชาติสถานที่ดำน้ำลึกหน้าแรก อุปกรณ์ดำน้ำ ตัวควบคุมการดำน้ำลึกทำงานอย่างไร
2003976,how to put together a scuba regulator,msmarco_passage_52_316896374,"Spare regulators are a standard in the majority of scuba certification courses. Carrying a spare scuba regulator is also a standard practice among modern divers. The typical diving octopus equipment is made up of three parts: a first stage regulator, a second stage regulator, and a long air hose.",1,วิธีการรวบรวมตัวควบคุมการดำน้ำ,หน่วยงานกำกับดูแลอะไหล่เป็นมาตรฐานในหลักสูตรการรับรองการดำน้ำส่วนใหญ่การพกพาตัวควบคุมการดำน้ำสำรองยังเป็นแนวทางปฏิบัติมาตรฐานในหมู่นักดำน้ำสมัยใหม่อุปกรณ์ดำน้ำปลาหมึกทั่วไปประกอบด้วยสามส่วน ได้แก่ ตัวควบคุมขั้นตอนแรกตัวควบคุมขั้นตอนที่สองและท่ออากาศยาว
2003976,how to put together a scuba regulator,msmarco_passage_52_578734949,"In it's most basic form, a scuba regulator consists of two parts: a mechanism that accomplishes the first stage of pressure reduction (called ​ first stage) and a mechanism that accomplishes the second stage of pressure reduction (called second stage ).",1,วิธีการรวบรวมตัวควบคุมการดำน้ำ,ในรูปแบบพื้นฐานที่สุด ตัวควบคุมการดำน้ำประกอบด้วยสองส่วน ได้แก่ กลไกที่ทำตามขั้นตอนแรกของการลดความดัน (เรียกว่าขั้นตอนแรก) และกลไกที่ทำให้ขั้นตอนที่สองของการลดแรงดัน (เรียกว่าขั้นตอนที่สอง)
2003976,how to put together a scuba regulator,msmarco_passage_52_571277708,"Regulator Terminology. To understand how scuba diving regulators work, it is important to become familiar with some basic regulator vocabulary and concepts. First Stage: The first stage of a scuba diving regulator is the part of the regulator that attaches to the tank valve.",1,วิธีการรวบรวมตัวควบคุมการดำน้ำ,คำศัพท์ควบคุมเพื่อให้เข้าใจว่าหน่วยงานกำกับดูแลดำน้ำลึกทำงานอย่างไร สิ่งสำคัญคือต้องทำความคุ้นเคยกับคำศัพท์และแนวคิดพื้นฐานของหน่วยงานกำกับดูแลขั้นตอนแรก: ขั้นตอนแรกของตัวควบคุมการดำน้ำลึกคือส่วนของตัวควบคุมที่ติดกับวาล์วถัง
2003976,how to put together a scuba regulator,msmarco_passage_20_18443620,"The first-stage of the scuba regulator may be connected to the cylinder valve by one of two standard types of fittings. The CGA 850 connector, also known as an international connector, which uses a yoke clamp, or a DIN screw fitting to connect it to the valve of the diving cylinder.",2,วิธีการรวบรวมตัวควบคุมการดำน้ำ,ขั้นตอนแรกของตัวควบคุมการดำน้ำอาจเชื่อมต่อกับวาล์วกระบอกสูบโดยหนึ่งในสองประเภทของอุปกรณ์มาตรฐานขั้วต่อ CGA 850 หรือที่รู้จักกันในชื่อขั้วต่อระหว่างประเทศซึ่งใช้แคลมป์แอกหรือข้อต่อสกรู DIN เพื่อเชื่อมต่อกับวาล์วของกระบอกดำน้ำ
2003976,how to put together a scuba regulator,msmarco_passage_52_578738829,"The regulator first stage body is held against the scuba tank's valve through one of two methods: a yoke or a DIN fitting. This diagram illustrates a yoke fitting, also called an international fitting. The “yoke” is the metal oval that fits over the tank valve to hold the regulator in place. 3. Yoke Screw.",2,วิธีการรวบรวมตัวควบคุมการดำน้ำ,ตัวควบคุมขั้นตอนแรกถูกยึดติดกับวาล์วของถังดำน้ำผ่านวิธีใดวิธีหนึ่งใน 2 วิธีคือแอกหรือข้อต่อ DINแผนภาพนี้แสดงให้เห็นถึงการติดตั้งแอกหรือที่เรียกว่าการติดตั้งระหว่างประเทศ“แอกะ” คือรูปไข่โลหะที่พอดีกับวาล์วถังเพื่อยึดตัวควบคุมไว้ที่ 3.สกรูแอกแค
2003976,how to put together a scuba regulator,msmarco_passage_09_397818103,"Assembling your scuba gear requires special attention and care to prevent equipment problems during the dive. As a new diver it may seem like a complicated task, but with practice it will become as routine as any other skill. The basic procedure for assembling your gear is: Attach the cylinder to the BCD. Attach the regulator to the cylinder valve.",2,วิธีการรวบรวมตัวควบคุมการดำน้ำ,การประกอบอุปกรณ์ดำน้ำของคุณต้องใช้ความสนใจและการดูแลเป็นพิเศษเพื่อป้องกันปัญหาอุปกรณ์ในระหว่างดำน้ำในฐานะนักดำน้ำคนใหม่อาจดูเหมือนเป็นงานที่ซับซ้อน แต่ด้วยการฝึกฝนมันจะกลายเป็นกิจวัตรเหมือนกับทักษะอื่น ๆขั้นตอนพื้นฐานสำหรับการประกอบเกียร์ของคุณคือ: แนบกระบอกสูบเข้ากับ BCDแนบตัวควบคุมเข้ากับวาล์วกระบอกสูบ
2003976,how to put together a scuba regulator,msmarco_passage_43_770533176,"Scuba Regulator. The regulator set consists of a 1st stage, which is mounted on the tank valve. Then there are two regulators in the 2nd stage: a pressure gauge and a low-pressure inflator hose that is attached to the BCD inflator. The regulators have a primary and an alternate air source.",2,วิธีการรวบรวมตัวควบคุมการดำน้ำ,ตัวควบคุมการดำน้ำชุดควบคุมประกอบด้วยขั้นตอนที่ 1 ซึ่งติดตั้งบนวาล์วถังจากนั้นมีตัวควบคุมสองตัวในขั้นตอนที่ 2 ได้แก่ เครื่องวัดความดันและท่อเติมแรงดันต่ำที่ติดกับเครื่องเป่าลม BCDหน่วยงานกำกับดูแลมีแหล่งอากาศหลักและแหล่งอากาศสำรอง
2003976,how to put together a scuba regulator,msmarco_passage_43_776236725,"Next, you’ll want to pick the best regulator for your own specific needs such as your level of diving experience, your budget and the kind of diving you plan to do. There’s literally hundreds of scuba regulators out there, but fear not! You can read brutally honest reviews of the hands down best scuba regulators.",0,วิธีการรวบรวมตัวควบคุมการดำน้ำ,ถัดไปคุณจะต้องการเลือกตัวควบคุมที่ดีที่สุดสำหรับความต้องการเฉพาะของคุณเอง เช่น ระดับประสบการณ์การดำน้ำ งบประมาณของคุณ และประเภทของการดำน้ำที่คุณวางแผนจะทำมีหน่วยงานกำกับดูแลการดำน้ำหลายร้อยคน แต่อย่ากลัว!คุณสามารถอ่านบทวิจารณ์ที่ซื่อสัตย์อย่างโหดร้ายของหน่วยงานกำกับดูแลการดำน้ำที่ดีที่สุด
2003976,how to put together a scuba regulator,msmarco_passage_51_635321916,"A Hookah regulator is entirely different from a SCUBA regulator. It consists of a ""second stage"" only, which is fed directly from the output of the reserve tank via the air hose. There are no valve assemblies of the type that are used with SCUBA tanks.",1,วิธีการรวบรวมตัวควบคุมการดำน้ำ,ตัวควบคุมมอระกู่แตกต่างจากตัวควบคุมการดำน้ำอย่างสิ้นเชิงประกอบด้วย “ขั้นตอนที่สอง” เท่านั้นซึ่งป้อนโดยตรงจากเอาต์พุตของถังสำรองผ่านท่ออากาศไม่มีชุดวาล์วชนิดที่ใช้กับถังดำน้ำ
2003976,how to put together a scuba regulator,msmarco_passage_06_531175611,"To start with, scuba diving regulators are an integral part of the kit. It is an important tool as it regulates the pressure and delivers the pressurized breathing gas to diver by reducing it to ambient pressure. It is the main connecting link for the scuba equipment and diving without this is not possible.",1,วิธีการรวบรวมตัวควบคุมการดำน้ำ,เริ่มต้นด้วยการควบคุมการดำน้ำลึกเป็นส่วนสำคัญของชุดเป็นเครื่องมือที่สำคัญเนื่องจากควบคุมความดันและส่งก๊าซหายใจที่มีแรงดันให้กับนักดำน้ำโดยลดแรงดันให้เป็นแรงดันโดยรอบมันเป็นลิงค์เชื่อมต่อหลักสำหรับอุปกรณ์ดำน้ำและการดำน้ำหากปราศจากสิ่งนี้เป็นไปไม่ได้
2003976,how to put together a scuba regulator,msmarco_passage_60_294193640,"Scuba Diving Regulators Buying Guide. The keystone of the diving experience, the scuba regulator is the interface between man and tank that supplies the diver with air at ambient pressure. The first stage of a regulator attaches directly to the tank, reducing the pressure of the air leaving the tank by a preset amount.",2,วิธีการรวบรวมตัวควบคุมการดำน้ำ,คู่มือการซื้อหน่วยงานควบคุมการดำน้ำลึกหัวใจสำคัญของประสบการณ์การดำน้ำ ตัวควบคุมการดำน้ำคือส่วนต่อประสานระหว่างมนุษย์กับรถถังที่ให้อากาศให้กับนักดำน้ำที่แรงดันโดยรอบขั้นตอนแรกของตัวควบคุมติดกับถังโดยตรงลดแรงดันของอากาศออกจากถังด้วยปริมาณที่ตั้งไว้ล่วงหน้า
2003976,how to put together a scuba regulator,msmarco_passage_60_294207597,"Scuba Diving Regulators Buying Guide. The keystone of the diving experience, the scuba regulator is the interface between man and tank that supplies the diver with air at ambient pressure. The first stage of a regulator attaches directly to the tank, reducing the pressure of the air leaving the tank by a preset amount.",1,วิธีการรวบรวมตัวควบคุมการดำน้ำ,คู่มือการซื้อหน่วยงานควบคุมการดำน้ำลึกหัวใจสำคัญของประสบการณ์การดำน้ำ ตัวควบคุมการดำน้ำคือส่วนต่อประสานระหว่างมนุษย์กับรถถังที่ให้อากาศให้กับนักดำน้ำที่แรงดันโดยรอบขั้นตอนแรกของตัวควบคุมติดกับถังโดยตรงลดแรงดันของอากาศออกจากถังด้วยปริมาณที่ตั้งไว้ล่วงหน้า
2004237,how to transfer deposit to another account online westpac,msmarco_passage_62_849045967,"Close ×. If you bank with Westpac you can transfer money overseas by logging into your account. If not, you can open an account in 3 mins online. Secure and convenient, they aren’t the slowest bank to use, but they certainly are not the cheapest. Pros.",1,วิธีการโอนเงินฝากไปยังบัญชีอื่นออนไลน์ westpac,ปิด ×หากคุณทำการธนาคารกับ Westpac คุณสามารถโอนเงินไปต่างประเทศได้โดยเข้าสู่บัญชีของคุณถ้าไม่ได้ คุณสามารถเปิดบัญชีได้ใน 3 นาทีทางออนไลน์ปลอดภัยและสะดวกพวกเขาไม่ใช่ธนาคารที่ช้าที่สุดในการใช้งาน แต่แน่นอนว่าไม่ถูกที่สุดข้อดี
2004237,how to transfer deposit to another account online westpac,msmarco_passage_62_849034832,"Close ×. If you bank with Westpac you can transfer money overseas by logging into your account. If not, you can open an account in 3 mins online. Secure and convenient, they aren’t the slowest bank to use, but they certainly are not the cheapest. Pros.",1,วิธีการโอนเงินฝากไปยังบัญชีอื่นออนไลน์ westpac,ปิด ×หากคุณทำการธนาคารกับ Westpac คุณสามารถโอนเงินไปต่างประเทศได้โดยเข้าสู่บัญชีของคุณถ้าไม่ได้ คุณสามารถเปิดบัญชีได้ใน 3 นาทีทางออนไลน์ปลอดภัยและสะดวกพวกเขาไม่ใช่ธนาคารที่ช้าที่สุดในการใช้งาน แต่แน่นอนว่าไม่ถูกที่สุดข้อดี
2004237,how to transfer deposit to another account online westpac,msmarco_passage_45_701298326,"Important information. Close ×. If you bank with Westpac you can transfer money overseas by logging into your account. If not, you can open an account in 3 mins online. Secure and convenient, they aren’t the slowest bank to use, but they certainly are not the cheapest. Pros. Send money to 130+ countries.",1,วิธีการโอนเงินฝากไปยังบัญชีอื่นออนไลน์ westpac,ข้อมูลสำคัญปิด ×หากคุณทำการธนาคารกับ Westpac คุณสามารถโอนเงินไปต่างประเทศได้โดยเข้าสู่บัญชีของคุณถ้าไม่ได้ คุณสามารถเปิดบัญชีได้ใน 3 นาทีทางออนไลน์ปลอดภัยและสะดวกพวกเขาไม่ใช่ธนาคารที่ช้าที่สุดในการใช้งาน แต่แน่นอนว่าไม่ถูกที่สุดข้อดีส่งเงินไปยังกว่า 130 ประเทศ
2004237,how to transfer deposit to another account online westpac,msmarco_passage_10_707549243,"The process is simple: Apply for a Westpac credit card online. In your application, include the account numbers of the credit cards you would like to transfer, the providers' biller codes and the amounts you'd like to transfer. Activate your card. Any approved balance transfers will occur once your card is active.",3,วิธีการโอนเงินฝากไปยังบัญชีอื่นออนไลน์ westpac,กระบวนการนี้ง่าย: สมัครบัตรเครดิต Westpac ออนไลน์ในใบสมัครของคุณ ให้ระบุหมายเลขบัญชีของบัตรเครดิตที่คุณต้องการโอน รหัสผู้เรียกเก็บเงินของผู้ให้บริการ และจำนวนเงินที่คุณต้องการโอนเงินเปิดใช้งานการ์ดของคุณการโอนยอดคงเหลือใด ๆ ที่ได้รับการอนุมัติจะเกิดขึ้นเมื่อบัตรของคุณใช้งานอยู่
2004237,how to transfer deposit to another account online westpac,msmarco_passage_05_332528888,"Employment. Confirm your current place of employment and provide your employer's contact information. Balance transfer information. If you are transferring a balance (s) to the Westpac Low Rate, you will need to provide details of that account (s). Show more. Go to Westpac's site More info. Card benefits.",1,วิธีการโอนเงินฝากไปยังบัญชีอื่นออนไลน์ westpac,การจ้างงานยืนยันสถานที่ทำงานปัจจุบันของคุณและระบุข้อมูลติดต่อของนายจ้างของคุณข้อมูลการโอนยอดคงเหลือหากคุณกำลังโอนยอดคงเหลือไปยัง Westpac Low Rate คุณจะต้องระบุรายละเอียดของบัญชีนั้นแสดงเพิ่มเติมไปที่ไซต์ของ Westpac ข้อมูลเพิ่มเติมสิทธิประโยชน์ของบัตร
2004237,how to transfer deposit to another account online westpac,msmarco_passage_46_291849753,Transfer shares from another broker’s CHESS sponsored account. Here are the steps to a your shares to a Westpac Securities CHESS sponsored account. Complete the Standard Transfer Form from Westpac’s website. Fill out all required details. You can refer to the second page of the form for guidelines.,2,วิธีการโอนเงินฝากไปยังบัญชีอื่นออนไลน์ westpac,โอนหุ้นจากบัญชีผู้สนับสนุน CHESS ของโบรกเกอร์รายอื่นต่อไปนี้คือขั้นตอนในการนำหุ้นของคุณไปยังบัญชีที่ได้รับการสนับสนุนจาก Westpac Securities CHESSกรอกแบบฟอร์มการโอนเงินมาตรฐานจากเว็บไซต์ของ Westpacกรอกรายละเอียดที่จำเป็นทั้งหมดคุณสามารถดูที่หน้าที่สองของแบบฟอร์มสำหรับแนวทางได้
2004237,how to transfer deposit to another account online westpac,msmarco_passage_41_506874867,"EFT is the transfer of funds from your bank account into Chubb’s bank account. You can deposit funds into Westpac Banking Corporation BSB Number: 037-834, Account Number: (refer to the bottom of your invoice for the account number).",1,วิธีการโอนเงินฝากไปยังบัญชีอื่นออนไลน์ westpac,EFT คือการโอนเงินจากบัญชีธนาคารของคุณไปยังบัญชีธนาคารของ Chubbคุณสามารถฝากเงินเข้ากับ Westpac Banking Corporation BSB หมายเลข: 037-834 หมายเลขบัญชี: (ดูหมายเลขบัญชีด้านล่างของใบแจ้งหนี้ของคุณ)
2004237,how to transfer deposit to another account online westpac,msmarco_passage_57_256774239,For one–off deposits from your nominated account: Select 'Transfer Money in'. Select 'From Nominated Account'. Select the account you wish to transfer money to (your Online  Saver account) Enter the amount you wish to deposit and the date you wish the  transfer to take place. Click 'Complete'.,3,วิธีการโอนเงินฝากไปยังบัญชีอื่นออนไลน์ westpac,สำหรับการฝากเงินครั้งเดียวจากบัญชีที่เสนอชื่อของคุณ: เลือก 'โอนเงินเข้า'เลือก 'จากบัญชีที่ได้รับการเสนอชื่อ'เลือกบัญชีที่คุณต้องการโอนเงิน (บัญชี Online Saver ของคุณ) ป้อนจำนวนเงินที่คุณต้องการฝากและวันที่ต้องการให้การโอนเงินคลิก 'เสร็จสมบูรณ์'
2004237,how to transfer deposit to another account online westpac,msmarco_passage_66_861599665,Term Deposit rates. A Westpac Term Deposit can give you the certainty of knowing exactly what the return on your money will be. Existing customers. Sign in to check rates Sign in to check rates. Renew online Renew online. New to Westpac. Choose a rate and term Choose a rate and term.,1,วิธีการโอนเงินฝากไปยังบัญชีอื่นออนไลน์ westpac,อัตราการฝากระยะเวลาการฝากเงินระยะเวลา Westpac สามารถทำให้คุณมั่นใจได้ว่าจะรู้ว่าผลตอบแทนจากเงินของคุณจะเป็นอย่างไรลูกค้าปัจจุบันลงชื่อเข้าใช้เพื่อตรวจสอบราคา ลงชื่อเข้าใช้เพื่อตรวจสอบราคาต่ออายุออนไลน์ ต่ออายุออนไลน์ใหม่กับ Westpacเลือกอัตราและเงื่อนไข เลือกอัตราและเงื่อนไข
2004237,how to transfer deposit to another account online westpac,msmarco_passage_10_707570531,International Payments. Transfer money to and from international bank accounts in over 130 countries with Westpac Online Banking. Don't have a Westpac account?,1,วิธีการโอนเงินฝากไปยังบัญชีอื่นออนไลน์ westpac,การชำระเงินระหว่างประเทศโอนเงินไปยังและจากบัญชีธนาคารระหว่างประเทศในกว่า 130 ประเทศด้วย Westpac Online Bankingไม่มีบัญชี Westpac หรือไม่?
2004237,how to transfer deposit to another account online westpac,msmarco_passage_66_861598883,International Payments. Transfer money to and from international bank accounts in over 130 countries with Westpac Online Banking. Don't have a Westpac account?,1,วิธีการโอนเงินฝากไปยังบัญชีอื่นออนไลน์ westpac,การชำระเงินระหว่างประเทศโอนเงินไปยังและจากบัญชีธนาคารระหว่างประเทศในกว่า 130 ประเทศด้วย Westpac Online Bankingไม่มีบัญชี Westpac หรือไม่?
2004237,how to transfer deposit to another account online westpac,msmarco_passage_02_455247231,Compare Westpac New Zealand Deposit rates. Account Name. Rate. Westpac NZ 5 Year Term Deposit. 4.10%. Westpac NZ 2 Year Term Deposit. 3.65%. Westpac NZ 6 Month Term Deposit. 3.25%.,1,วิธีการโอนเงินฝากไปยังบัญชีอื่นออนไลน์ westpac,เปรียบเทียบอัตราเงินฝาก Westpac นิวซีแลนด์ชื่อบัญชีอัตราWestpac NZ เงินฝากระยะเวลา 5 ปี 4.10%Westpac NZ เงินฝากระยะเวลา 2 ปี 3.65%Westpac NZ เงินฝากระยะเวลา 6 เดือน 3.25%
2004237,how to transfer deposit to another account online westpac,msmarco_passage_10_707514534,Please download and complete the Outbound Telegraphic Transfer Request form and send it to Consumer_Network_Support@westpac.co.nz . Note: Money transferred must be sourced from a Westpac account that you have authority to make withdrawals.,1,วิธีการโอนเงินฝากไปยังบัญชีอื่นออนไลน์ westpac,กรุณาดาวน์โหลดและกรอกแบบฟอร์มคำขอการโอนทางโทรสารขาออก และส่งไปที่ Consumer_Network_Support@westpac.co.nzหมายเหตุ: เงินที่โอนจะต้องมาจากบัญชี Westpac ที่คุณมีอำนาจในการถอนเงิน
2004237,how to transfer deposit to another account online westpac,msmarco_passage_04_168019578,"Westpac Online Banking is easy to register your account online, at any Westpac bank location or over the telephone via their 800 number. Registering is quick, easy and secure.",1,วิธีการโอนเงินฝากไปยังบัญชีอื่นออนไลน์ westpac,Westpac Online Banking สามารถลงทะเบียนบัญชีของคุณทางออนไลน์ได้ง่าย ณ ที่ตั้งของธนาคาร Westpac หรือทางโทรศัพท์ผ่านหมายเลข 800การลงทะเบียนทำได้รวดเร็ว ง่ายและปลอดภัย
2004237,how to transfer deposit to another account online westpac,msmarco_passage_04_168019881,Westpac's Swift Code is WPACAU2S (Australia does not use IBAN numbers) See http://www.westpac.com.au/internet/publish.nsf/Content/PBITMBFQ+Transferring+money+into+a+Westpac+bank+account.,1,วิธีการโอนเงินฝากไปยังบัญชีอื่นออนไลน์ westpac,รหัสสวิฟต์ของ Westpac คือ WPACAU2S (ออสเตรเลียไม่ใช้หมายเลข IBAN) ดู http://www.westpac.com.au/internet/publish.nsf/Content/PBITMBFQ+Transferring+money+into+a+Westpac+bank+account.
2004237,how to transfer deposit to another account online westpac,msmarco_passage_10_707574979,Using the Westpac App makes it easy for you to get these notifications while you’re on the go. You can also use the app to: Instantly transfer AUD between your savings and transaction Westpac account/s and your travel money card.,1,วิธีการโอนเงินฝากไปยังบัญชีอื่นออนไลน์ westpac,การใช้แอป Westpac ช่วยให้คุณได้รับการแจ้งเตือนเหล่านี้ได้ง่ายในขณะที่คุณกำลังเดินทางคุณยังสามารถใช้แอพเพิ่ม: โอนเงิน AUD ได้ทันทีระหว่างบัญชี Westpac ออมและธุรกรรมของคุณและบัตรเงินเดินทางของคุณ
2004237,how to transfer deposit to another account online westpac,msmarco_passage_46_289309540,"So make sure you check the balance of your old and new accounts to see when the transfer is completed – and remember to make any required payments during this time. Westpac. Up to 10 days. With Westpac, you typically request the balance transfer during the application process. Once you activate the card, any approved balance transfers will occur. If you've applied and been approved for a balance transfer and it's taken longer than two weeks to appear in your account, you can contact your new bank to find out when the balance will show up in your new account.",1,วิธีการโอนเงินฝากไปยังบัญชีอื่นออนไลน์ westpac,ดังนั้นโปรดตรวจสอบยอดคงเหลือของบัญชีเก่าและบัญชีใหม่ของคุณเพื่อดูว่าการโอนเงินเสร็จสิ้นเมื่อใด และอย่าลืมชำระเงินที่จำเป็นในช่วงเวลานี้เวสต์แพคนานถึง 10 วันด้วย Westpac โดยปกติคุณจะขอโอนยอดคงเหลือในระหว่างขั้นตอนการสมัครเมื่อคุณเปิดใช้งานบัตร การโอนยอดคงเหลือที่ได้รับการอนุมัติจะเกิดขึ้นหากคุณสมัครและได้รับการอนุมัติสำหรับการโอนยอดคงเหลือ และใช้เวลานานกว่าสองสัปดาห์ในการปรากฏในบัญชีของคุณ คุณสามารถติดต่อธนาคารใหม่ของคุณเพื่อดูว่ายอดคงเหลือจะปรากฏในบัญชีใหม่ของคุณเมื่อใด
2004237,how to transfer deposit to another account online westpac,msmarco_passage_49_719029113,"Ally Bank Online Savings Account. Why: There’s no monthly maintenance fee or minimum deposit retirement on this account, which has a 1.00% APY. Review: The Ally Bank Online Savings Account offers a competitive 1.00% APY, doesn’t charge a monthly service fee or have a minimum deposit or balance requirement. You can transfer funds to the account from other Ally or non-Ally accounts by wire transfer, direct deposit, mailing a check or with Ally eCheck Deposit through the bank’s mobile app.",1,วิธีการโอนเงินฝากไปยังบัญชีอื่นออนไลน์ westpac,บัญชีออมทรัพย์ออนไลน์ Ally Bankทำไม: ไม่มีค่าบำรุงรักษารายเดือนหรือการเกษียณเงินฝากขั้นต่ำในบัญชีนี้ซึ่งมี APY 1.00%รีวิว: บัญชีออมทรัพย์ออนไลน์ของ Ally Bank เสนอ APY ที่แข่งขันได้ 1.00% ไม่เรียกเก็บค่าบริการรายเดือนหรือมีข้อกำหนดในการฝากหรือยอดคงเหลือขั้นต่ำคุณสามารถโอนเงินไปยังบัญชีจากบัญชีอื่น ๆ ของ Ally หรือไม่ใช่ Ally โดยการโอนเงินผ่านธนาคาร การฝากเงินโดยตรง ส่งเช็ค หรือด้วย Ally eCheck Deposit ผ่านแอพมือถือของธนาคาร
2004237,how to transfer deposit to another account online westpac,msmarco_passage_32_363411734,"You may also schedule transfers up to a year in advance. Managing your savings account can be done over the phone, online or on mobile. To make a deposit into your savings account, you can deposit a check through Ally eCheck Deposit™, online transfers, direct deposit, wire transfers and sending checks in the mail.",1,วิธีการโอนเงินฝากไปยังบัญชีอื่นออนไลน์ westpac,นอกจากนี้คุณยังสามารถกำหนดการโอนเงินล่วงหน้าได้ถึงหนึ่งปีการจัดการบัญชีออมทรัพย์ของคุณสามารถทำได้ทางโทรศัพท์ ออนไลน์ หรือบนมือถือในการฝากเงินเข้าบัญชีออมทรัพย์ของคุณ คุณสามารถฝากเช็คผ่าน Ally eCheck Deposit™ การโอนเงินออนไลน์ การฝากโดยตรง การโอนเงินผ่านธนาคาร และการส่งเช็คทางไปรษณีย์
2004237,how to transfer deposit to another account online westpac,msmarco_passage_52_172036741,"Make a transfer through Online Banking. There are two types of transfers that can be submitted by logging in to your Leader Bank online banking account. From the Transfer tab, you can create an internal transfer from a Leader Bank deposit account or click “Launch External Transfer” to schedule a payment from a non-Leader Bank deposit account.",2,วิธีการโอนเงินฝากไปยังบัญชีอื่นออนไลน์ westpac,ทำการโอนผ่านธนาคารออนไลน์การโอนเงินมีสองประเภทที่สามารถส่งได้โดยการเข้าสู่บัญชีธนาคารออนไลน์ของ Leader Bankจากแท็บการโอนเงิน คุณสามารถสร้างการโอนเงินภายในจากบัญชีเงินฝากของ Leader Bank หรือคลิก “เปิดตัวการโอนเงินภายนอก” เพื่อกำหนดการชำระเงินจากบัญชีเงินฝากที่ไม่ใช่ธนาคารลีดเดอร์
2004237,how to transfer deposit to another account online westpac,msmarco_passage_50_605925114,If you do not have Online Banking you can visit Locations nearest you. Online Banking also offers deposit transfers to another account within Infuze Credit Union via the M2M Transfer. This is a deposit only service. You can complete a one-time transfer or link the two accounts for deposit.,1,วิธีการโอนเงินฝากไปยังบัญชีอื่นออนไลน์ westpac,หากคุณไม่มีธนาคารออนไลน์ คุณสามารถเยี่ยมชมสถานที่ใกล้เคียงกับคุณธนาคารออนไลน์ยังเสนอการโอนเงินฝากไปยังบัญชีอื่นภายใน Infuze Credit Union ผ่านการโอนเงิน M2Mนี่คือบริการฝากเท่านั้นคุณสามารถโอนเงินครั้งเดียวหรือเชื่อมโยงทั้งสองบัญชีเพื่อฝากเงิน
2004237,how to transfer deposit to another account online westpac,msmarco_passage_66_861584961,"Manage your Term Deposit online: Westpac Live allows you to manage your eligible Term Deposits online during the Six Business Day Variation Period. Money In. Business Term Deposit. No set-up, monthly service or management fees (other fees may apply) Find out more.",1,วิธีการโอนเงินฝากไปยังบัญชีอื่นออนไลน์ westpac,จัดการเงินฝากระยะเวลาออนไลน์: Westpac Live ช่วยให้คุณสามารถจัดการเงินฝากระยะเวลาที่มีสิทธิ์ของคุณได้ทางออนไลน์ในช่วงระยะเวลาการเปลี่ยนแปลงหกวันทำการเงินเข้าเงินฝากระยะเวลาธุรกิจไม่มีค่าธรรมเนียมการตั้งค่า บริการรายเดือน หรือค่าจัดการ (อาจมีค่าธรรมเนียมอื่นๆ) ดูข้อมูลเพิ่มเติม
2004237,how to transfer deposit to another account online westpac,msmarco_passage_66_861602638,0.35% p.a. fixed rate for 12 months. Offer available from 26th February 2021 for a limited time only on new Term Deposits opened by Westpac personal customers. Terms and conditions apply* Find out more.,1,วิธีการโอนเงินฝากไปยังบัญชีอื่นออนไลน์ westpac,อัตราคงที่ 0.35% ต่อปี เป็นเวลา 12 เดือนข้อเสนอใช้ได้ตั้งแต่วันที่ 26 กุมภาพันธ์ 2021 เป็นระยะเวลาจำกัดเฉพาะสำหรับเงินฝากระยะเวลาใหม่ที่เปิดโดยลูกค้าส่วนบุคคล Westpacมีข้อกำหนดและเงื่อนไข* ดูข้อมูลเพิ่มเติม
2004237,how to transfer deposit to another account online westpac,msmarco_passage_66_861586295,1. Any bonus rates offered above may only be available through Westpac Live Online Banking. Westpac Live will be available to update Term Deposits from 8:00am to 9.30pm on a Business Day and 8:00am to 4:00pm Saturdays (Sydney time) Rate applies for a single term.,1,วิธีการโอนเงินฝากไปยังบัญชีอื่นออนไลน์ westpac,1.อัตราโบนัสใด ๆ ที่เสนอข้างต้นอาจใช้ได้ผ่าน Westpac Live Online Banking เท่านั้นWestpac Live จะพร้อมที่จะอัปเดตเงินฝากระยะเวลาตั้งแต่ 8:00 น. ถึง 21.30 น. ในวันทำการ และ 8:00 น. ถึง 16:00 น. วันเสาร์ (ตามเวลาซิดนีย์) อัตราจะใช้เป็นระยะเวลาเดียว
2004237,how to transfer deposit to another account online westpac,msmarco_passage_10_707570097,"A Westpac bank account that is registered for Online Banking and Westpac Protect SMS Code. Details of the person receiving the money, such as their name, address, the name of their bank, branch address, and their account number. SWIFT code of the foreign bank. The amount you want to send.",1,วิธีการโอนเงินฝากไปยังบัญชีอื่นออนไลน์ westpac,บัญชีธนาคาร Westpac ที่ลงทะเบียนสำหรับการธนาคารออนไลน์และรหัส SMS ของ Westpac Protectรายละเอียดของบุคคลที่ได้รับเงิน เช่น ชื่อ ที่อยู่ ชื่อธนาคาร ที่อยู่สาขา และหมายเลขบัญชีรหัส SWIFT ของธนาคารต่างประเทศจำนวนเงินที่คุณต้องการส่ง
2004237,how to transfer deposit to another account online westpac,msmarco_passage_10_707554808,This fee may also be charged whenever your account is over limit at the commencement of a statement cycle. Balance transfer fee. A balance transfer fee of 1% of the transferred balance (s) will be charged to the 55 Day Gold card account on the same day these balance (s) are debited to the account. Non-Westpac Group ATM fee.,1,วิธีการโอนเงินฝากไปยังบัญชีอื่นออนไลน์ westpac,ค่าธรรมเนียมนี้อาจถูกเรียกเก็บเมื่อใดก็ตามที่บัญชีของคุณเกินขีด จำกัด เมื่อเริ่มรอบใบแจ้งหนี้ค่าธรรมเนียมการโอนยอดคงเหลือค่าธรรมเนียมการโอนยอดคงเหลือ 1% ของยอดคงเหลือที่โอนจะถูกเรียกเก็บจากบัญชีบัตร 55 Day Gold ในวันที่ยอดคงเหลือเหล่านี้ถูกหักไปยังบัญชีค่าธรรมเนียมเอทีเอ็มที่ไม่ใช่ Westpac Group
2004237,how to transfer deposit to another account online westpac,msmarco_passage_56_436696996,You could always just leave the $200 in the westpac account and open up another bankwest account that has higher interest and deposit all your other money into that account. EDIT. Don't worry I didn't see that you have to depost extra money every week. ChickenTalon on 01/01/2017 - 13:32.,1,วิธีการโอนเงินฝากไปยังบัญชีอื่นออนไลน์ westpac,คุณสามารถฝากเงิน $200 ไว้ในบัญชี westpac และเปิดบัญชี bankwest อื่นที่มีดอกเบี้ยสูงขึ้นและฝากเงินอื่น ๆ ทั้งหมดของคุณลงในบัญชีนั้นแก้ไขไม่ต้องกังวล ฉันไม่เห็นว่าคุณต้องฝากเงินเพิ่มทุกสัปดาห์ชิคเคนตาลอน เมื่อ 01/01/2017 - 13:32.
2004237,how to transfer deposit to another account online westpac,msmarco_passage_48_483309405,"Step 1: To transfer money between your HawaiiUSA accounts and your deposit account at another financial institution, in Digital Banking first go to the Transfers widget, then click on the Classic tab. Step 2: Click on Add an external account to link your other financial institution’s account.",1,วิธีการโอนเงินฝากไปยังบัญชีอื่นออนไลน์ westpac,ขั้นตอนที่ 1: หากต้องการโอนเงินระหว่างบัญชี HawaiiUSA และบัญชีเงินฝากของคุณที่สถาบันการเงินอื่น ใน Digital Banking ก่อนอื่นให้ไปที่วิดเจ็ตการโอนเงิน จากนั้นคลิกที่แท็บคลาสสิกขั้นตอนที่ 2: คลิกที่เพิ่มบัญชีภายนอกเพื่อเชื่อมโยงบัญชีของสถาบันการเงินอื่นของคุณ
2004237,how to transfer deposit to another account online westpac,msmarco_passage_65_550090983,"1) From the Transfer money page, select the External account transfers tab. 2) Enter the amount you want to transfer, the accounts you want to transfer from and to, and select the Make recurring link. 3) In the Make recurring section, enter the start date, frequency and number of transfers for the recurring transfer plan.",2,วิธีการโอนเงินฝากไปยังบัญชีอื่นออนไลน์ westpac,1) จากหน้าโอนเงิน ให้เลือกแท็บการโอนเงินจากบัญชีภายนอก 2) ป้อนจำนวนเงินที่คุณต้องการโอนบัญชีที่คุณต้องการโอนจากและไปและเลือกลิงก์ทำซ้ำ 3) ในส่วน ทำซ้ำ ให้ป้อนวันที่เริ่มต้น ความถี่และจำนวนการโอนเงินสำหรับแผนการโอนเงินซ้ำ
2004237,how to transfer deposit to another account online westpac,msmarco_passage_65_550059257,"1) From the Transfer money page, select the External account transfers tab. 2) Enter the amount you want to transfer, the accounts you want to transfer from and to, and select the Make recurring link. 3) In the Make recurring section, enter the start date, frequency and number of transfers for the recurring transfer plan.",2,วิธีการโอนเงินฝากไปยังบัญชีอื่นออนไลน์ westpac,1) จากหน้าโอนเงิน ให้เลือกแท็บการโอนเงินจากบัญชีภายนอก 2) ป้อนจำนวนเงินที่คุณต้องการโอนบัญชีที่คุณต้องการโอนจากและไปและเลือกลิงก์ทำซ้ำ 3) ในส่วน ทำซ้ำ ให้ป้อนวันที่เริ่มต้น ความถี่และจำนวนการโอนเงินสำหรับแผนการโอนเงินซ้ำ
2004237,how to transfer deposit to another account online westpac,msmarco_passage_30_553969978,"Try connecting again using the steps below: Go to Transactions > Banking. Click Add account. In the search field, enter the full name of the bank you are trying to connect to or enter the bank’s URL. For example: http://www.westpac.com.au. If multiple results are displayed, click on the bank name in the list.",1,วิธีการโอนเงินฝากไปยังบัญชีอื่นออนไลน์ westpac,ลองเชื่อมต่ออีกครั้งโดยใช้ขั้นตอนด้านล่าง: ไปที่ ธุรกรรม > ธนาคารคลิก เพิ่มบัญชีในช่องค้นหา ให้ป้อนชื่อเต็มของธนาคารที่คุณพยายามเชื่อมต่อหรือป้อน URL ของธนาคารตัวอย่างเช่น: http://www.westpac.com.auหากมีการแสดงผลลัพธ์หลายรายการให้คลิกที่ชื่อธนาคารในรายการ
2004253,how to trim blank space in excel,msmarco_passage_36_826068083,"How to remove blank spaces in Excel - leading, trailing, between words. If your data set contains superfluous spaces, the Excel TRIM function can help you delete them all in one go - leading, trailing and multiple in-between spaces, except for a single space character between words. A regular TRIM formula is as simple as this:",1,วิธีการตัดแต่งพื้นที่ว่างใน excel,วิธีลบช่องว่างใน Excel - นำหน้าท้ายระหว่างคำหากชุดข้อมูลของคุณมีช่องว่างที่ไม่จำเป็น ฟังก์ชัน Excel TRIM สามารถช่วยให้คุณลบทั้งหมดได้ในคราวเดียว ไม่ว่าจะเป็นช่องว่างนำหน้าและช่องว่างระหว่างหลายช่องว่างยกเว้นอักขระช่องว่างเดียวระหว่างคำสูตร TRIM ปกตินั้นง่ายเช่นนี้:
2004253,how to trim blank space in excel,msmarco_passage_44_818409390,"Following is the Syntax of how we can use Trim () in C# to remove all the blank spaces as well as specific characters. Start Your Free Software Development Course. Web development, programming languages, Software testing & others. 1. To remove the blank spaces from starting and ending. public string Trim ()",1,วิธีการตัดแต่งพื้นที่ว่างใน excel,"ต่อไปนี้เป็นไวยากรณ์ของวิธีที่เราสามารถใช้ Trim () ใน C # เพื่อลบช่องว่างทั้งหมดรวมถึงอักขระเฉพาะเริ่มหลักสูตรการพัฒนาซอฟต์แวร์ฟรีของคุณการพัฒนาเว็บ, ภาษาการเขียนโปรแกรม, การทดสอบซอฟต์แวร์และอื่น ๆ 1.วิธีลบช่องว่างออกจากจุดเริ่มต้นและสิ้นสุด สตริงสาธารณะ Trim ()"
2004253,how to trim blank space in excel,msmarco_passage_36_824218509,Excel TRIM function - quick way to remove extra spaces. How to use LEN function in Excel to count characters in a cell. How to remove all blank rows in Excel.,1,วิธีการตัดแต่งพื้นที่ว่างใน excel,ฟังก์ชัน Excel TRIM - วิธีที่รวดเร็วในการลบช่องว่างเพิ่มเติมวิธีใช้ฟังก์ชัน LEN ใน Excel เพื่อนับอักขระในเซลล์วิธีลบแถวว่างทั้งหมดใน Excel
2004253,how to trim blank space in excel,msmarco_passage_36_824219278,"Trim blanks between words to 1, remove trailing / leading spaces. For example, you have a table with 2 columns. In the column Name, the first cell contains ""John Doe"" written correctly without excess spaces. All other cells have extra blanks between the first and the last names.",1,วิธีการตัดแต่งพื้นที่ว่างใน excel,ตัดช่องว่างระหว่างคำเป็น 1 ลบช่องว่างท้าย/จุดนำออกตัวอย่างเช่นคุณมีตารางที่มีคอลัมน์ 2 คอลัมน์ในคอลัมน์ ชื่อเซลล์แรกมี “John Doe” ที่เขียนอย่างถูกต้องโดยไม่มีช่องว่างส่วนเกินเซลล์อื่น ๆ ทั้งหมดมีช่องว่างพิเศษระหว่างชื่อแรกและนามสกุล
2004253,how to trim blank space in excel,msmarco_passage_36_824218808,"Or numbers can't be summed up, and again extra blanks are the ones to blame. In this article you'll find how to clean up your data. Trim blanks between words to 1, remove trailing / leading spaces. Using trim formula. Employ the Find & Replace option. 3 clicks to neat data with Trim Spaces tool.",1,วิธีการตัดแต่งพื้นที่ว่างใน excel,หรือไม่สามารถสรุปตัวเลขได้ และอีกครั้งช่องว่างพิเศษก็เป็นสิ่งที่ต้องตำหนิอีกครั้งในบทความนี้คุณจะพบวิธีทำความสะอาดข้อมูลของคุณตัดช่องว่างระหว่างคำเป็น 1 ลบช่องว่างท้าย/จุดนำออกใช้สูตรการตัดแต่งใช้ตัวเลือก ค้นหาและแทนที่ 3 คลิก เพื่อทำความสะอาดข้อมูลด้วยเครื่องมือ Trim Spaces
2004253,how to trim blank space in excel,msmarco_passage_62_529383670,how to remove blank spaces how:<br> to remove blank spaces :<br>. Here we have specified “how” as optional parameter with trim function and “how” is removed from the beginning and end of the string. There is two more trim function available.,1,วิธีการตัดแต่งพื้นที่ว่างใน excel,วิธีลบช่องว่างออกวิธี: <br>เพื่อลบช่องว่างว่าง:<br>.ที่นี่เราได้ระบุ “how” เป็นพารามิเตอร์เสริมพร้อมฟังก์ชันการตัดแต่งและ “วิธีการ” ถูกลบออกจากจุดเริ่มต้นและสิ้นสุดของสตริงมีฟังก์ชั่นการตัดแต่งอีกสองฟังก์ชั่น
2004253,how to trim blank space in excel,msmarco_passage_44_803865263,"FIND, LEFT, and TRIM function in excel help out to calculate the position of the first space character in a string (i.e. the spaces towards the left side). And later, when you supply that to REPLACE function, it replaces space with no blank option & thereby removing only leading space in a text. Apply the formula in a cell “B2.”.",1,วิธีการตัดแต่งพื้นที่ว่างใน excel,"ฟังก์ชัน FIND, LEFT และ TRIM ใน excel ช่วยในการคำนวณตำแหน่งของอักขระช่องว่างแรกในสตริง (เช่นช่องว่างทางด้านซ้าย)และต่อมาเมื่อคุณจัดหาฟังก์ชันนั้นไปยังฟังก์ชัน REPLACE จะแทนที่ช่องว่างโดยไม่มีตัวเลือกว่างและจะลบเฉพาะช่องว่างนำในข้อความใช้สูตรในเซลล์ “B2”"
2004253,how to trim blank space in excel,msmarco_passage_36_823886823,It will help you remove leading and trailing spaces or get rid of excess blanks between words. Here you will learn how to remove spaces in Excel 2016 - 2007. Before you start. How to trim spaces in the range. Related links.,1,วิธีการตัดแต่งพื้นที่ว่างใน excel,มันจะช่วยให้คุณลบช่องว่างนำและท้ายหรือกำจัดช่องว่างส่วนเกินระหว่างคำที่นี่คุณจะได้เรียนรู้วิธีลบช่องว่างใน Excel 2016 - 2007ก่อนที่คุณจะเริ่มวิธีตัดแต่งช่องว่างในช่วงลิงก์ที่เกี่ยวข้อง
2004253,how to trim blank space in excel,msmarco_passage_36_826065346,"One of these handy tools allows removing spaces and non-printing characters in a button click. Once installed, Ultimate Suite adds several useful buttons to your Excel ribbon such as Trim Spaces, Remove Characters, Convert Text, Clear Formatting, and a few more. Whenever you want to remove blank spaces in your Excel sheets, perform these 4 quick steps:",1,วิธีการตัดแต่งพื้นที่ว่างใน excel,"หนึ่งในเครื่องมือที่มีประโยชน์เหล่านี้ช่วยให้ลบช่องว่างและอักขระที่ไม่ได้พิมพ์ออกด้วยการคลิกปุ่มเมื่อติดตั้งแล้ว Ultimate Suite จะเพิ่มปุ่มที่มีประโยชน์หลายปุ่มลงในริบบิ้น Excel ของคุณ เช่น Trim Spaces, ลบอักขระ, แปลงข้อความ, ล้างการจัดรูปแบบ และอีกสองสามปุ่มเมื่อใดก็ตามที่คุณต้องการลบช่องว่างในแผ่นงาน Excel ของคุณให้ทำตามขั้นตอนด่วน 4 ขั้นตอนเหล่านี้:"
2004253,how to trim blank space in excel,msmarco_passage_55_859410059,"How to remove extra spaces with Trim Spaces for Excel. In your Microsoft Excel worksheet, select the cells, columns or rows from which you want to remove excess spaces. Start the Trim Spaces by clicking on its icon, or go to Excel Menu Ablebits.com -> Trim Spaces for Excel .",2,วิธีการตัดแต่งพื้นที่ว่างใน excel,วิธีลบช่องว่างเพิ่มเติมด้วย Trim Spaces สำหรับ Excelในแผ่นงาน Microsoft Excel ของคุณให้เลือกเซลล์คอลัมน์หรือแถวที่คุณต้องการลบช่องว่างส่วนเกินเริ่มการตัดแต่งช่องว่างโดยคลิกที่ไอคอนหรือไปที่เมนู Excel Ablebits.com -> ตัดแต่งช่องว่างสำหรับ Excel
2004253,how to trim blank space in excel,msmarco_passage_61_146139449,"If that is the case, then you will have more luck with the Excel TRIM function. For example, if you have data in the A1 cell that contains blank spaces that you wish to remove, then entering the formula =TRIM (A1) into a blank cell will remove spaces from the data. You can learn more about the TRIM function here.",2,วิธีการตัดแต่งพื้นที่ว่างใน excel,หากเป็นเช่นนั้นคุณจะมีโชคดีมากขึ้นกับฟังก์ชัน Excel TRIMตัวอย่างเช่นหากคุณมีข้อมูลในเซลล์ A1 ที่มีช่องว่างที่คุณต้องการลบจากนั้นการป้อนสูตร = TRIM (A1) ลงในเซลล์ว่างจะลบช่องว่างออกจากข้อมูลคุณสามารถเรียนรู้เพิ่มเติมเกี่ยวกับฟังก์ชัน TRIM ได้ที่นี่
2004253,how to trim blank space in excel,msmarco_passage_35_576278705,"Macro to remove extra Spaces from String in Excel VBA. Here is the best excel vba remove spaces from string macro to remove spaces in Excel. Let us see the example macros to trim,delete and remove blank spaces from String in Excel VBA.",0,วิธีการตัดแต่งพื้นที่ว่างใน excel,มาโครเพื่อลบช่องว่างพิเศษจากสตริงใน Excel VBAนี่คือ excel vba ที่ดีที่สุด ลบช่องว่างออกจากมาโครสตริงเพื่อลบช่องว่างใน Excelให้เราดูตัวอย่างมาโครเพื่อตัดแต่งลบและลบช่องว่างออกจากสตริงใน Excel VBA
2004253,how to trim blank space in excel,msmarco_passage_35_576278190,To remove right most or end of the string spaces we use RTRIM function. Finally we use TRIM function in VBA Remove Spaces macro to remove all extra spaces in a string. Table of Contents: Overview. Macro to Trim Blank Spaces from String in Excel VBA. VBA Code to remove extra Multiple Spaces from String in Excel. Instructions to use Macro.,1,วิธีการตัดแต่งพื้นที่ว่างใน excel,ในการลบช่องว่างสตริงส่วนใหญ่หรือส่วนท้ายขวาเราใช้ฟังก์ชัน RTRIMสุดท้ายเราใช้ฟังก์ชัน TRIM ใน VBA Remove Spaces มาโครเพื่อลบช่องว่างพิเศษทั้งหมดในสตริงสารบัญ: ภาพรวมมาโครเพื่อตัดแต่งช่องว่างจากสตริงใน Excel VBAรหัส VBA เพื่อลบช่องว่างหลายช่องว่างพิเศษจากสตริงใน Excelคำแนะนำในการใช้มาโคร
2004253,how to trim blank space in excel,msmarco_passage_66_345606011,"Syntax: TRIM ( [ { { LEADING | TRAILING | BOTH }  [ trim_character ]  | trim_character  }  FROM ]  trim_source  ) When no trim_character is specified, then the default value is a blank space. When the only trim_source is specified, then removes leading and trailing blank spaces.",3,วิธีการตัดแต่งพื้นที่ว่างใน excel,ไวยากรณ์: TRIM ([{{LEADING | TRAILING | BOTH} [trim_character] | trim_character} FROM] trim_source) เมื่อไม่มีการระบุ trim_character ค่าเริ่มต้นจะเป็นช่องว่างว่างเมื่อระบุ trim_source เท่านั้น จากนั้นจะลบช่องว่างนำและช่องว่างสุดท้าย
2004253,how to trim blank space in excel,msmarco_passage_04_290212642,"trim, Double space, extra spaces, remove excessive whitespace, unnecessary spaces, consecutive whitespace, reduce internal whitespace to single space, white space, removes extra white spaces between two words in a character string, =TRIM (), extraneous spaces, clean duff cells, fix empty cells that Excel does not recognize as empty, fix blank cells, blanks, remove unwanted space from cell.",1,วิธีการตัดแต่งพื้นที่ว่างใน excel,"trim, ช่องว่างสองเท่า, ช่องว่างเพิ่มเติม, ลบช่องว่างที่มากเกินไป, ช่องว่างที่ไม่จำเป็น, ช่องว่างขาวต่อเนื่อง, ลดช่องว่างขาว่างพิเศษระหว่างสองคำในสตริงอักขระ, =TRIM (), ช่องว่างภายนอก, ทำความสะอาดเซลล์ duff, แก้ไขเซลล์ว่างที่ Excel ไม่รู้จักว่าว่างเปล่า แก้ไขเซลล์ว่างเปล่า ลบพื้นที่ที่ไม่ต้องการออกจากเซลล์"
2004253,how to trim blank space in excel,msmarco_passage_45_684499914,"In this article we will learn how to delete the unnecessary blank character from a cell, we will use “TRIM” function in Microsoft Excel 2010. TRIM: Trim function is used to remove additional leading and trailing spaces from the text in a cell. The function will return the text after deleting the unnecessary spaces.",1,วิธีการตัดแต่งพื้นที่ว่างใน excel,ในบทความนี้เราจะเรียนรู้วิธีลบอักขระวังที่ไม่จำเป็นออกจากเซลล์เราจะใช้ฟังก์ชัน “TRIM” ใน Microsoft Excel 2010TRIM: ฟังก์ชัน Trim ใช้เพื่อลบช่องว่างนำและท้ายเพิ่มเติมออกจากข้อความในเซลล์ฟังก์ชั่นจะส่งคืนข้อความหลังจากลบช่องว่างที่ไม่จำเป็น
2004253,how to trim blank space in excel,msmarco_passage_36_824215288,"3 clicks to neat data with Trim Spaces tool. If you often import data to Excel from external sources and spend much time polishing up your tables, check out our Text tools for Excel. The Trim Spaces add-in will clean data imported from the web or any other external source. It removes leading and trailing spaces, excess blanks between words, non-breaking spaces, line breaks, non-printing symbols and other unwanted characters.",1,วิธีการตัดแต่งพื้นที่ว่างใน excel,คลิก 3 ครั้งเพื่อทำความสะอาดข้อมูลด้วยเครื่องมือ Trim Spacesหากคุณนำเข้าข้อมูลไปยัง Excel จากแหล่งภายนอกบ่อยครั้งและใช้เวลาในการขัดตารางของคุณเป็นเวลามาก โปรดดูเครื่องมือข้อความสำหรับ Excel ของเราส่วนเสริม Trim Spaces จะทำความสะอาดข้อมูลที่นำเข้าจากเว็บหรือแหล่งภายนอกอื่น ๆจะลบช่องว่างนำและท้าย ช่องว่างส่วนเกินระหว่างคำ ช่องว่างที่ไม่แตก การแบ่งบรรทัด สัญลักษณ์ที่ไม่พิมพ์และอักขระอื่น ๆ ที่ไม่พึงประสงค์
2004253,how to trim blank space in excel,msmarco_passage_36_823740704,"In the Text group, you will find 8 features for working with text cells in Excel: Click Trim Spaces to remove leading and trailing spaces and excess blanks between words. More details: How to Trim Spaces. Use Change Case to change the case of text in all the selected cells to upper, lower, proper, or sentence case.",1,วิธีการตัดแต่งพื้นที่ว่างใน excel,ในกลุ่มข้อความ คุณจะพบ 8 คุณสมบัติ สำหรับการทำงานกับเซลล์ข้อความใน Excel: คลิก Trim Spaces เพื่อลบช่องว่างนำและท้ายและช่องว่างส่วนเกินระหว่างคำรายละเอียดเพิ่มเติม: วิธีตัดแต่งช่องว่างใช้ Change Case เพื่อเปลี่ยนตัวพิมพ์ของข้อความในเซลล์ที่เลือกทั้งหมดเป็นตัวพิมพ์บนล่างที่เหมาะสมหรือตัวพิมพ์ประโยค
2004253,how to trim blank space in excel,msmarco_passage_11_851268229,"VBA code to check if a cell is blank – Better Example: Avoid Empty Spaces. Sometimes, A cell or rang looks blank and we notice that the condition is failing. It is because of the empty spaces in the cell. So, whenever you want to check if a cell is empty, you can trim the Cell value and check it. Sub vba_code_to_check_if_a_cell_is_blank ()  'use trim to avoide blank spaces  If Trim (Cells (1, 1)) = """" Then  MsgBox ""Cell is Blank""  Else  MsgBox ""Cell is not blank""  End If End Sub.",0,วิธีการตัดแต่งพื้นที่ว่างใน excel,"รหัส VBA เพื่อตรวจสอบว่าเซลล์ว่างหรือไม่ - ตัวอย่างที่ดีกว่า: หลีกเลี่ยงช่องว่างว่างบางครั้ง เซลล์หรือเสียงดูว่างเปล่าและเราสังเกตเห็นว่าเงื่อนไขล้มเหลวเป็นเพราะช่องว่างในเซลล์ดังนั้นเมื่อใดก็ตามที่คุณต้องการตรวจสอบว่าเซลล์ว่างเปล่าหรือไม่คุณสามารถตัดค่าเซลล์และตรวจสอบได้ย่อย vba_code_to_check_if_a_cell_is_blank () 'ใช้การตัดแต่งเพื่อหลีกเลี่ยงช่องว่างเปล่า หาก Trim (Cells (1, 1)) = “” จากนั้นMsgBox “เซลล์ว่างเปล่า” อีก MsgBox “เซลล์ไม่ว่างเปล่า” สิ้นสุดถ้าสิ้นสุดย่อย"
2004253,how to trim blank space in excel,msmarco_passage_62_529383347,"Now we can write another program using trim function with parameter. <?php $data=""how to remove blank spaces how""; $data1=trim ($data,""how""); echo $data."":<br>""; echo $data1."":<br>""; ?>.",1,วิธีการตัดแต่งพื้นที่ว่างใน excel,"ตอนนี้เราสามารถเขียนโปรแกรมอื่นโดยใช้ฟังก์ชันการตัดแต่งด้วยพารามิเตอร์ <?php $data=""วิธีลบช่องว่างอย่างไร”; $data1=trim ($data, ""how”); echo $data.”: <br>“; สะท้อน $ ข้อมูล1.”: <br>“;?>."
2004253,how to trim blank space in excel,msmarco_passage_62_529386600,"how to remove blank spaces :<br>how to remove blank spaces:<br>. Here we can see that $data contain whitespaces at the starting and end , and $data1 doesn’t contain those things ( our trim function has removed that )….",1,วิธีการตัดแต่งพื้นที่ว่างใน excel,วิธีลบช่องว่างเปล่า: <br>วิธีลบช่องว่างเปล่า:<br>.ที่นี่เราจะเห็นว่า $data มีช่องว่างขาวที่จุดเริ่มต้นและสิ้นสุดและ $ data1 ไม่มีสิ่งเหล่านั้น (ฟังก์ชันการตัดแต่งของเราลบออก)...
2004253,how to trim blank space in excel,msmarco_passage_60_437156108,"The trim function will ignore blank spaces between letters (it will only work with words) #4. GET RID OF NONPRINTABLE/HIDDEN CHARACTERS. Similar to leading spaces, nonprintable characters are also one of the reasons for excel formulas not working.",1,วิธีการตัดแต่งพื้นที่ว่างใน excel,ฟังก์ชันการตัดแต่งจะละเว้นช่องว่างระหว่างตัวอักษร (จะทำงานกับคำเท่านั้น) #4กำจัดอักขระที่ไม่สามารถพิมพ์ได้/ซ่อนอยู่เช่นเดียวกับช่องว่างนำอักขระที่ไม่สามารถพิมพ์ได้ก็เป็นหนึ่งในสาเหตุที่สูตร excel ไม่ทำงาน
2004253,how to trim blank space in excel,msmarco_passage_62_529386217,"See the sample PHP program using trim function without parameter. <?php $data="" how to remove blank spaces ""; $data1=trim ($data); echo $data."":<br>""; echo $data1."":<br>""; ?>. Now check the display result source code in browser , we can see.",0,วิธีการตัดแต่งพื้นที่ว่างใน excel,ดูโปรแกรม PHP ตัวอย่างโดยใช้ฟังก์ชันการตัดแต่งโดยไม่มีพารามิเตอร์ <?php $data =” วิธีลบช่องว่าง “; $data1=trim ($data); echo $data”: <br>“; สะท้อน $ ข้อมูล1.”: <br>“;?>.ตอนนี้ตรวจสอบซอร์สโค้ดผลลัพธ์ที่แสดงในเบราว์เซอร์เราสามารถดู
2004253,how to trim blank space in excel,msmarco_passage_31_816166184,"But even then it will look odd and I can easily imagine users not including this last space and being unable to login. Blank characters (newlines, tabs, spaces) are often trimmed from the end and beginning of a field, to avoid people copying and pasting incorrect data.",1,วิธีการตัดแต่งพื้นที่ว่างใน excel,แต่ถึงกระนั้นก็จะดูแปลก ๆ และฉันสามารถจินตนาการได้อย่างง่ายดายว่าผู้ใช้ไม่รวมพื้นที่สุดท้ายนี้และไม่สามารถเข้าสู่ระบบได้อักขระที่ว่างเปล่า (บรรทัดใหม่ แท็บ ช่องว่าง) มักถูกตัดแต่งจากจุดสิ้นสุดและจุดเริ่มต้นของฟิลด์ เพื่อหลีกเลี่ยงไม่ให้ผู้คนคัดลอกและวางข้อมูลที่ไม่ถูกต้อง
2004253,how to trim blank space in excel,msmarco_passage_34_345780182,Removing blank space. 1 Go to the page where you have the blank space. 2 Click on the pencil icon first in the Page Section shortcode of the page and set these options: Set Padding Top to 0. Set Padding Bottom to 0. Set Margin Bottom to 0.,2,วิธีการตัดแต่งพื้นที่ว่างใน excel,การลบช่องว่าง 1 ไปที่หน้าที่คุณมีพื้นที่ว่าง 2 คลิกที่ไอคอนดินสอก่อนในรหัสย่อส่วนหน้าของหน้าและตั้งค่าตัวเลือกเหล่านี้: ตั้งค่า Padding Top เป็น 0ตั้งค่าเบาะด้านล่างเป็น 0ตั้งค่ามาร์จิ้นด้านล่างเป็น 0
2004253,how to trim blank space in excel,msmarco_passage_40_328653091,"Removing blank spaces and rows in Excel is easy and can be done by using ""Find & Select"" for all of the blank spaces. Here's how to do it on a Mac or PC .",1,วิธีการตัดแต่งพื้นที่ว่างใน excel,การลบช่องว่างและแถวใน Excel นั้นง่ายและสามารถทำได้โดยใช้ “ค้นหาและเลือก” สำหรับช่องว่างทั้งหมดนี่คือวิธีการทำบน Mac หรือ PC
2004253,how to trim blank space in excel,msmarco_passage_44_813680569,"In another way, we can remove the spaces by using a TRIM function. This removes the spaces which are there at the start and end of the selected cell content. And we can also use the SUBSTITUTE function, where we can substitute space with blank to remove spaces completely. Start Your Free Excel Course.",3,วิธีการตัดแต่งพื้นที่ว่างใน excel,ด้วยวิธีอื่นเราสามารถลบช่องว่างโดยใช้ฟังก์ชัน TRIMสิ่งนี้จะลบช่องว่างที่อยู่ที่จุดเริ่มต้นและสิ้นสุดของเนื้อหาเซลล์ที่เลือกและเรายังสามารถใช้ฟังก์ชัน SUBSTITUTE ซึ่งเราสามารถแทนที่ช่องว่างด้วยช่องว่างเพื่อลบช่องว่างออกได้อย่างสมบูรณ์เริ่มหลักสูตร Excel ฟรีของคุณ
2004253,how to trim blank space in excel,msmarco_passage_45_778166169,"Save 50% of your time, and reduce thousands of mouse clicks for you every day! In Excel, you can remove extra spaces between words with TRIM. Please do as follows: Step 1. Type formula =TRIM (A1) in cell B1 which is adjacent to cell A1, see screenshot: Step 2. Press Enter key and select B1, then drag the fill handle over the range of cells that you want to apply this formula.",2,วิธีการตัดแต่งพื้นที่ว่างใน excel,ประหยัด 50% ของเวลาของคุณและลดการคลิกเมาส์นับพันสำหรับคุณทุกวัน!ใน Excel คุณสามารถลบช่องว่างเพิ่มเติมระหว่างคำด้วย TRIMกรุณาทำดังนี้: ขั้นตอนที่ 1พิมพ์สูตร = TRIM (A1) ในเซลล์ B1 ซึ่งอยู่ติดกับเซลล์ A1 ดูภาพหน้าจอ: ขั้นตอนที่ 2กดปุ่ม Enter และเลือก B1 จากนั้นลากที่จับเติมไปเหนือช่วงของเซลล์ที่คุณต้องการใช้สูตรนี้
2004253,how to trim blank space in excel,msmarco_passage_36_826054945,"Among other things such as changing case, splitting text and clearing formatting, it offers the Trim Spaces option. With Ultimate Suite installed in your Excel, removing spaces in Excel is as simple as this: Select the cell (s) where you want to delete spaces. Click the Trim Spaces button on the ribbon.",2,วิธีการตัดแต่งพื้นที่ว่างใน excel,ท่ามกลางสิ่งอื่น ๆ เช่นการเปลี่ยนตัวพิมพ์แยกข้อความและการล้างการจัดรูปแบบมันมีตัวเลือก Trim Spacesเมื่อติดตั้ง Ultimate Suite ใน Excel ของคุณการลบช่องว่างใน Excel นั้นง่ายเช่นนี้: เลือกเซลล์ที่คุณต้องการลบช่องว่างคลิกปุ่ม Trim Spaces บนริบบิ้น
2004253,how to trim blank space in excel,msmarco_passage_69_9500302,Using TRIM to clean up these spaces will make your spreadsheet easier to use. How to Use TRIM in Excel. Using TRIM in Excel is pretty easy! Find a space in your spreadsheet where you can enter the TRIM function – next to your data is usually the easiest. Type =TRIM (cell to TRIM),1,วิธีการตัดแต่งพื้นที่ว่างใน excel,การใช้ TRIM เพื่อทำความสะอาดช่องว่างเหล่านี้จะทำให้สเปรดชีตของคุณใช้งานง่ายขึ้นวิธีใช้ TRIM ใน Excelการใช้ TRIM ใน Excel นั้นค่อนข้างง่าย!ค้นหาช่องว่างในสเปรดชีตของคุณซึ่งคุณสามารถป้อนฟังก์ชัน TRIM ได้ ซึ่งถัดจากข้อมูลของคุณมักจะง่ายที่สุดประเภท = TRIM (เซลล์เป็น TRIM)
2004253,how to trim blank space in excel,msmarco_passage_08_599323030,"The TRIM function removes spaces to the left and right of your data, but not spaces between data within a single cell. Insert a blank column to the right of the column you want to trim. For our purposes, we'll use column A as the column we want to trim, and B2 is where we'll put our first formula. =TRIM (A2)",2,วิธีการตัดแต่งพื้นที่ว่างใน excel,ฟังก์ชัน TRIM จะลบช่องว่างทางด้านซ้ายและขวาของข้อมูลของคุณ แต่ไม่ใช่ช่องว่างระหว่างข้อมูลภายในเซลล์เดียวแทรกคอลัมน์ว่างทางด้านขวาของคอลัมน์ที่คุณต้องการตัดสำหรับวัตถุประสงค์ของเรา เราจะใช้คอลัมน์ A เป็นคอลัมน์ที่เราต้องการตัดแต่งและ B2 คือที่เราจะใส่สูตรแรกของเรา=ตัดแต่ง (A2)
2004253,how to trim blank space in excel,msmarco_passage_45_673399558,"The TRIM function in Excel removes leading spaces, extra spaces and trailing spaces. Use the SUBSTITUTE function to remove all spaces or non-breaking spaces. 1. The TRIM function below removes 2 leading spaces, 3 extra spaces and 2 trailing spaces. Note: the TRIM function does not remove single spaces between words. 2.",2,วิธีการตัดแต่งพื้นที่ว่างใน excel,ฟังก์ชัน TRIM ใน Excel จะลบช่องว่างชั้นนำช่องว่างพิเศษและช่องว่างท้ายใช้ฟังก์ชัน SUBSTITUTE เพื่อลบช่องว่างทั้งหมดหรือช่องว่างที่ไม่แตกออก 1.ฟังก์ชัน TRIM ด้านล่างจะลบช่องว่างด้านหน้า 2 ช่องว่างพิเศษ 3 ช่องว่างและช่องว่างหลัง 2 ส่วนหมายเหตุ: ฟังก์ชัน TRIM ไม่ลบช่องว่างระหว่างคำ 2.
2005810,what are the entities of the executive branch,msmarco_passage_46_163874693,"Non-executive branch entity is a person or organization established, operated, and controlled by individual (s) acting outside the scope of any official capacity as officers, employees, or agents of the executive branch of the Federal Government.",0,หน่วยงานของสาขาบริหารคืออะไร,หน่วยงานสาขาที่ไม่ใช่ผู้บริหาร คือบุคคลหรือองค์กรที่จัดตั้งดำเนินการ และควบคุมโดยบุคคลที่ทำหน้าที่นอกขอบเขตของความสามารถทางการใด ๆ ในฐานะเจ้าหน้าที่ พนักงาน หรือตัวแทนของสาขาบริหารของรัฐบาลกลาง
2005810,what are the entities of the executive branch,msmarco_passage_17_185837316,"Article Two of the United States Constitution establishes the executive branch of the federal government, which carries out and enforces federal law. The executive branch includes the President, the Vice President, the Cabinet, and other U.S. government entities.",1,หน่วยงานของสาขาบริหารคืออะไร,มาตรา 2 ของรัฐธรรมนูญของสหรัฐอเมริกาจัดตั้งสาขาบริหารของรัฐบาลกลางซึ่งดำเนินการและบังคับใช้กฎหมายของรัฐบาลกลางสาขาบริหารรวมถึงประธานาธิบดีรองประธานคณะรัฐมนตรีและหน่วยงานรัฐบาลอื่น ๆ ของสหรัฐอเมริกา
2005810,what are the entities of the executive branch,msmarco_passage_52_90951031,"Executive branch includes an executive department as defined in 5 U.S.C. 101, a Government corporation, an independent establishment (other than the Government Accountability Office ), the Postal Service, the Postal Regulatory Commission, and also includes any other entity or administrative unit in the executive branch .",1,หน่วยงานของสาขาบริหารคืออะไร,สาขาบริหารประกอบด้วยแผนกบริหารตามที่กำหนดไว้ใน 5 U.S.C. 101 บริษัท รัฐบาล สถานประกอบการอิสระ (นอกเหนือจากสำนักงานความรับผิดชอบของรัฐบาล) บริการไปรษณีย์ คณะกรรมการกำกับดูแลไปรษณีย์ และรวมถึงหน่วยงานหรือหน่วยบริหารอื่น ๆ ในสาขาบริหาร
2005810,what are the entities of the executive branch,msmarco_passage_52_359205937,"Furthermore, the executive branch has two powerful entities within it — the presidency itself and the bureaucracies, which in many ways wield more power than the president. One may speak of an “imperial presidency” but a more accurate description is that of an “imperial bureaucracy.”.",1,หน่วยงานของสาขาบริหารคืออะไร,นอกจากนี้สาขาบริหารยังมีหน่วยงานที่มีอำนาจสององค์กรอยู่ภายใน ได้แก่ ประธานาธิบดีเองและระบบราชการ ซึ่งในหลาย ๆ ด้านมีอำนาจมากกว่าประธานาธิบดีอาจพูดถึง “ประธานาธิบดีจักรวรรดิ” แต่คำอธิบายที่แม่นยำกว่านั้นคือ “ระบบราชการของจักรวรรดิ”
2005810,what are the entities of the executive branch,msmarco_passage_45_347338220,"Page Citation. Share Link. The legislative branch is the law-making entity. The executive branch usually sets the agenda, which policies they are pursuing and which they don't like, etc. Legislators usually respond to the executive branch, especially in terms of political party.",0,หน่วยงานของสาขาบริหารคืออะไร,การอ้างอิงหน้าแบ่งปันลิงค์สาขานิติบัญญัติเป็นหน่วยงานที่จัดทำกฎหมายฝ่ายบริหารมักกำหนดวาระการประชุม นโยบายใดที่พวกเขากำลังปฏิบัติตามและไม่ชอบ ฯลฯ สภานิติบัญญัติมักจะตอบสนองต่อสาขาบริหารโดยเฉพาะอย่างยิ่งในแง่ของพรรคการเมือง
2005810,what are the entities of the executive branch,msmarco_passage_01_235321735,"Entities created by the executive, legislative, and judicial branches can also be considered “a part” of the United States regarding issues like sovereign immunity and being beholden to the central government.",0,หน่วยงานของสาขาบริหารคืออะไร,หน่วยงานที่สร้างขึ้นโดยหน่วยงานบริหาร ฝ่ายนิติบัญญัติ และตุลาการยังถือได้ว่า “ส่วนหนึ่ง” ของสหรัฐอเมริกาในประเด็นต่างๆ เช่น ภูมิคุ้มกันอธิปไตยและการรับผิดชอบต่อรัฐบาลกลาง
2005810,what are the entities of the executive branch,msmarco_passage_38_184871733,"Non-executive branch entity does not include foreign entities as defined in 32 CFR Part 2002, nor does it include individuals or organizations when they receive CUI information pursuant to federal disclosure laws, including the Freedom of Information Act (FOIA) and the Privacy Act of 1974. O.",0,หน่วยงานของสาขาบริหารคืออะไร,หน่วยงานสาขาที่ไม่ใช่ผู้บริหารไม่รวมหน่วยงานต่างประเทศตามที่กำหนดไว้ใน 32 CFR Part 2002 และไม่รวมถึงบุคคลหรือองค์กรเมื่อพวกเขาได้รับข้อมูล CUI ตามกฎหมายการเปิดเผยของรัฐบาลกลาง รวมถึงพระราชบัญญัติเสรีภาพของข้อมูล (FOIA) และพระราชบัญญัติความเป็นส่วนตัวปี 1974โอ.
2005810,what are the entities of the executive branch,msmarco_passage_46_164930346,"Non-executive branch entity does not include foreign entities as defined in this part, nor does it include individuals or organizations when they receive CUI information pursuant to federal disclosure laws, including the Freedom of Information Act (FOIA) and the Privacy Act of 1974.",0,หน่วยงานของสาขาบริหารคืออะไร,หน่วยงานสาขาที่ไม่ใช่ผู้บริหารไม่รวมหน่วยงานต่างประเทศตามที่กำหนดไว้ในส่วนนี้ และไม่รวมถึงบุคคลหรือองค์กรเมื่อได้รับข้อมูล CUI ตามกฎหมายการเปิดเผยของรัฐบาลกลาง รวมถึงพระราชบัญญัติเสรีภาพในการข้อมูล (FOIA) และพระราชบัญญัติความเป็นส่วนตัวปี 1974
2005810,what are the entities of the executive branch,msmarco_passage_19_126140627,"Executive branch. The current composition of the Executive Branch includes President Daniel Ortega and the Vice-President Rosario Murillo. The cabinet ministers and the directors of government agencies and autonomous entities are appointed by the President, then confirmed by the National Assembly.",0,หน่วยงานของสาขาบริหารคืออะไร,สาขาบริหารองค์ประกอบปัจจุบันของสาขาบริหารประกอบด้วยประธานแดเนียล ออร์เตกาและรองประธานาธิบดีโรซาริโอ มูริลโลรัฐมนตรีคณะรัฐมนตรีและกรรมการหน่วยงานรัฐบาลและหน่วยงานอิสระได้รับการแต่งตั้งโดยประธานาธิบดีจากนั้นได้รับการยืนยันโดยสภาแห่งชาติ
2005810,what are the entities of the executive branch,msmarco_passage_21_770701256,"executive branch in a sentence. executive branch. in a sentence. The executive branch would consist of a 1st Territorial Legislature convened. The judicial branch is preventing the executive branch from expressing itself. Solzhenitsyn said, castigating the legislative and executive branches as bad examples. The Bosnian Serb entity has its own parliament and executive branch.",0,หน่วยงานของสาขาบริหารคืออะไร,สาขาบริหารในประโยค สาขาบริหาร ในประโยคสาขาบริหารจะประกอบด้วยสภานิติบัญญัติอาณาเขตที่ 1 ที่ประชุมกันสาขาตุลกำลังป้องกันไม่ให้สาขาผู้บริหารแสดงตัวเองโซลเจนิตซินกล่าวว่า ยกเลิกสาขานิติบัญญัติและผู้บริหารเป็นตัวอย่างที่ไม่ดีหน่วยงานเซอร์เบียบอสเนียมีรัฐสภาและสาขาบริหารของตัวเอง
2005810,what are the entities of the executive branch,msmarco_passage_16_700008960,"CUI does not include classified information or information a non-executive branch entity possesses and maintains in its own systems that did not come from, or was not created or possessed by or for, an executive branch agency or an entity acting for an agency.",0,หน่วยงานของสาขาบริหารคืออะไร,CUI ไม่รวมข้อมูลจำแนกหรือข้อมูลที่หน่วยงานสาขาที่ไม่ใช่ผู้บริหารมีและบำรุงรักษาในระบบของตนเองซึ่งไม่ได้มาจากหรือไม่ได้สร้างหรือครอบครองโดยหน่วยงานสาขาบริหารหรือหน่วยงานที่ทำหน้าที่เพื่อหน่วยงาน
2005810,what are the entities of the executive branch,msmarco_passage_25_727507224,"However, CUI does not include classified information or information a non-executive branch entity possesses and maintains in its own systems that did not come from, or was not created or possessed by or for, an executive branch agency or an entity acting for an agency.",0,หน่วยงานของสาขาบริหารคืออะไร,อย่างไรก็ตาม CUI ไม่รวมข้อมูลจำแนกหรือข้อมูลที่หน่วยงานสาขาที่ไม่ใช่ผู้บริหารมีและรักษาไว้ในระบบของตนเองซึ่งไม่ได้มาจากหรือไม่ได้สร้างหรือครอบครองโดยหน่วยงานสาขาบริหารหรือหน่วยงานที่ทำหน้าที่เพื่อหน่วยงาน
2005810,what are the entities of the executive branch,msmarco_passage_38_184875037,"However, CUI does not include classified information (see definition above) or information a non-executive branch entity possesses and maintains in its own systems that did not come from, or was not created or possessed by or for, an executive branch agency or an entity acting for an agency.",0,หน่วยงานของสาขาบริหารคืออะไร,อย่างไรก็ตาม CUI ไม่ได้รวมข้อมูลจำแนกประเภท (ดูคำจำกัดความด้านบน) หรือข้อมูลที่หน่วยงานสาขาที่ไม่ใช่ผู้บริหารมีและรักษาไว้ในระบบของตนเองซึ่งไม่ได้มาจากหรือไม่ได้สร้างหรือครอบครองโดยหน่วยงานสาขาบริหารหรือหน่วยงานที่ทำหน้าที่เพื่อหน่วยงาน
2005810,what are the entities of the executive branch,msmarco_passage_46_164929471,"However, CUI does not include classified information (see paragraph (e) of this section) or information a non-executive branch entity possesses and maintains in its own systems that did not come from, or was not created or possessed by or for, an executive branch agency or an entity acting for an agency.",0,หน่วยงานของสาขาบริหารคืออะไร,อย่างไรก็ตาม CUI ไม่รวมข้อมูลจำแนก (ดูย่อหน้า (e) ของส่วนนี้) หรือข้อมูลที่หน่วยงานสาขาที่ไม่ใช่ผู้บริหารมีและรักษาไว้ในระบบของตนเองซึ่งไม่ได้มาจากหรือไม่ได้สร้างหรือครอบครองโดยหน่วยงานสาขาบริหารหรือหน่วยงานที่ทำหน้าที่เพื่อหน่วยงาน
2005810,what are the entities of the executive branch,msmarco_passage_38_184871252,"T. U. V. W. X. Y. Z. A. Agency (also Federal agency, executive agency, executive branch agency) is any “executive agency” as defined in 5 U.S.C. 105; the United States Postal Service; and any other independent entity within the executive branch that designates or handles CUI.",0,หน่วยงานของสาขาบริหารคืออะไร,หน่วยงาน T.U.V.W.X. Y. A. (หรือหน่วยงานของรัฐบาลกลาง หน่วยงานบริหาร หน่วยงานบริหาร หน่วยงานบริหาร) คือ “หน่วยงานบริหาร” ใด ๆ ตามที่กำหนดไว้ใน 5 U.S.C. 105; บริการไปรษณีย์สหรัฐอเมริกา และหน่วยงานอิสระอื่น ๆ ภายในสาขาบริหารที่กำหนดหรือจัดการ CUI
2005810,what are the entities of the executive branch,msmarco_passage_14_458151469,"Whether they considered the office legislative or executive or a blurred combination of  the two, the office’s historical development has shown that it is a fully functioning executive branch agency (notwithstanding former Vice President Cheney’s claim that the office was not an “entity  within the executive branch”).",0,หน่วยงานของสาขาบริหารคืออะไร,ไม่ว่าพวกเขาจะพิจารณาสำนักงานนิติบัญญัติหรือผู้บริหารหรือการรวมกันของทั้งสองอย่างเบลอ การพัฒนาทางประวัติศาสตร์ของสำนักงานได้แสดงให้เห็นว่าเป็นหน่วยงานสาขาบริหารที่ทำงานอย่างเต็มที่ (แม้ว่าอดีตรองประธานาธิบดีเชนีย์จะอ้างว่าสำนักงานนี้ไม่ใช่ “นิติบุคคลภายในสาขาบริหาร”)
2005810,what are the entities of the executive branch,msmarco_passage_45_540131668,"Executive Orders. The Executive Order is an instrument of the Governor derived from the exercise of executive power by force of law, by which the Governor emits an order to an entity of the Executive Branch.",0,หน่วยงานของสาขาบริหารคืออะไร,คำสั่งผู้บริหารคำสั่งบริหารเป็นเครื่องมือของผู้ว่าราชการที่ได้จากการใช้อำนาจบริหารตามบังคับของกฎหมายซึ่งผู้ว่าราชการออกคำสั่งไปยังนิติบุคคลของสาขาบริหาร
2005810,what are the entities of the executive branch,msmarco_passage_51_528759125,"Report to  Congress on the Use of Administrative Subpoena
Authorities by Executive Branch Agencies and Entities,
Pursuant to P.L. 106-544, Section 7. I. EXECUTIVE SUMMARY. Section 7 (a)  of the Presidential Threat Protection Act of 2000 (Presidential Threat  Protection Act), enacted on December 19, 2000, requires the Attorney General,  in consultation with the Secretary of the Treasury, to conduct “a study on the  use of administrative subpoena power by executive branch agencies or entities”  and report the findings of that study “to the Committees on the Judiciary of the  Senate and the House of Representatives.” 1 Section 7 (b) of the Presidential Threat  Protection Act requires the Attorney General and the Secretary of the Treasury  to present data regarding the frequency of issuance of administrative subpoenas  authorized by 18 U.S.C. §3486.",0,หน่วยงานของสาขาบริหารคืออะไร,"รายงานต่อสภาคองเกรสเกี่ยวกับการใช้การประชุมผู้บริหาร
หน่วยงานโดยหน่วยงานและหน่วยงานสาขาบริหาร
ตามมาตรา พ. ล. 106-544 มาตรา 7I. สรุปผู้บริหารมาตรา 7 (ก) ของพระราชบัญญัติการคุ้มครองภัยคุกคามของประธานาธิบดีปี 2000 (พระราชบัญญัติคุ้มครองภัยคุกคามของประธานาธิบดี) ที่ประกาศเมื่อวันที่ 19 ธันวาคม 2000 กำหนดให้อัยการสูงสุดโดยปรึกษากับเลขานุการคลังให้ดำเนินการ “การศึกษาเกี่ยวกับการใช้อำนาจการบริหารโดยหน่วยงานหรือหน่วยงานสาขาบริหาร” และรายงานผลการศึกษานั้น “ต่อคณะกรรมการตุลาการของวุฒิสภาและสภาผู้แทนราษฎร” 1 มาตรา 7 (b) ของ พระราชบัญญัติคุ้มครองภัยคุกคามของประธานาธิบดีกำหนดให้อัยการสูงสุดและเลขานุการคลังให้นำเสนอข้อมูลเกี่ยวกับความถี่ของการออกคำร้องขอโทษทางบริหารที่ได้รับอนุญาตโดย 18 U.S.C. §3486"
2005810,what are the entities of the executive branch,msmarco_passage_01_235805176,"For example, the executive appoints Judges, Judges judge if laws created by the legislative is lawful, and the head of the executive can Veto a law, but only the legislative can create laws. This avoids one entity passing and executing a law in its own favor.",0,หน่วยงานของสาขาบริหารคืออะไร,ตัวอย่างเช่น ผู้บริหารแต่งตั้งผู้พิพากษา ผู้พิพากษาตัดสินหากกฎหมายที่สร้างโดยนิติบัญญัติถูกกฎหมาย และหัวหน้าฝ่ายบริหารสามารถเวโต้กฎหมายได้ แต่มีเพียงนิติบัญญัติเท่านั้นที่สามารถสร้างกฎหมายได้สิ่งนี้จะหลีกเลี่ยงนิติบุคคลหนึ่งที่ผ่านและดำเนินการกฎหมายเพื่อประโยชน์ของตนเอง
2005810,what are the entities of the executive branch,msmarco_passage_52_101426982,"with respect to any entity in the executive branch which is not such an agency or part of such an agency, the head of such entity shall, pursuant to authority otherwise available, take any action, including the issuance of rules, regulations, or directives;",0,หน่วยงานของสาขาบริหารคืออะไร,สำหรับนิติบุคคลใดๆ ในสาขาบริหารที่ไม่ใช่หน่วยงานดังกล่าวหรือเป็นส่วนหนึ่งของหน่วยงานดังกล่าว หัวหน้าหน่วยงานดังกล่าวจะต้องดำเนินการใด ๆ ตามอำนาจที่มีอยู่อย่างอื่น รวมถึงการออกกฎระเบียบ ข้อบังคับ หรือคำสั่ง
2005810,what are the entities of the executive branch,msmarco_passage_64_27220041,"Such a move is highly unusual, and will likely be subject to a legal challenge. The executive branch has the power to levy sanctions against individuals and corporations by placing them on the “entity list,” as the US did against Huawei and ZTE last year.",0,หน่วยงานของสาขาบริหารคืออะไร,การเคลื่อนไหวดังกล่าวเป็นสิ่งที่ผิดปกติมาก และอาจต้องเผชิญกับความท้าทายทางกฎหมายสาขาบริหารมีอำนาจในการเรียกเก็บคว่ำบาตรต่อบุคคลและ บริษัท โดยการวางไว้ใน “รายชื่อหน่วยงาน” เช่นเดียวกับที่สหรัฐฯทำกับ Huawei และ ZTE เมื่อปีที่แล้ว
2005810,what are the entities of the executive branch,msmarco_passage_63_409615167,"The issue of the constitutionality of Congress' ability to create administrative agencies has come before the United States Supreme Court, and the Supreme Court has ruled that these agencies are constitutional. In sum, Congress has the authority to delegate its legislative power to administrative agencies and even to executive branch officers.",0,หน่วยงานของสาขาบริหารคืออะไร,ประเด็นความเป็นรัฐธรรมนูญของความสามารถของรัฐสภาคองเกรสในการสร้างหน่วยงานบริหารได้มาต่อหน้าศาลฎีกาของสหรัฐอเมริกา และศาลฎีกาได้ตัดสินว่าหน่วยงานเหล่านี้เป็นรัฐธรรมนูญสรุปแล้วสภาคองเกรสมีอำนาจในการมอบอำนาจนิติบัญญัติให้กับหน่วยงานบริหารและแม้กระทั่งเจ้าหน้าที่สาขาบริหาร
2005810,what are the entities of the executive branch,msmarco_passage_26_451563217,"The largest organizational units within the executive branch are the 15 executive departments: Agriculture, Commerce, Defense, Education, Energy, HEALTH AND HUMAN SERVICES, Homeland Security, HOUSING AND URBAN DEVELOPMENT, Interior, Justice, Labor, State, Transportation, the Treasury, and Veterans Affairs.",2,หน่วยงานของสาขาบริหารคืออะไร,หน่วยองค์กรที่ใหญ่ที่สุดในสาขาบริหาร ได้แก่ 15 แผนกบริหาร ได้แก่ เกษตรการพาณิชย์การป้องกันการศึกษาพลังงานสุขภาพและการบริการมนุษย์ความมั่นคงของบ้านเกิดที่อยู่อาศัยและการพัฒนาเมืองภายในยุติธรรมแรงงานรัฐการขนส่งคลังและกิจการทหารผ่านศึกษา
2005810,what are the entities of the executive branch,msmarco_passage_02_19856884,"The largest organizational units within the executive branch are the 15 executive departments: Agriculture, Commerce, Defense, Education, Energy, health and human services, Homeland Security, housing and urban development, Interior, Justice, Labor, State, Transportation, the Treasury, and Veterans Affairs. These departments, which vary greatly in size and function, are responsible for administering the great majority of the federal government's activities and programs.",2,หน่วยงานของสาขาบริหารคืออะไร,หน่วยองค์กรที่ใหญ่ที่สุดในสาขาบริหาร ได้แก่ 15 แผนกบริหาร ได้แก่ เกษตรการพาณิชย์การป้องกันการศึกษาพลังงานสุขภาพและการบริการมนุษย์ความมั่นคงของบ้านเกิดที่อยู่อาศัยและการพัฒนาเมืองภายในยุติธรรมแรงงานรัฐการขนส่งคลังและกิจการทหารผ่านศึกษาแผนกเหล่านี้ซึ่งมีขนาดและหน้าที่แตกต่างกันอย่างมากมีหน้าที่บริหารกิจกรรมและโปรแกรมของรัฐบาลกลางส่วนใหญ่
2005810,what are the entities of the executive branch,msmarco_passage_26_561888821,"The largest organizational units within the executive branch are the 15 executive departments: Agriculture, Commerce, Defense, Education, Energy, health and human services, Homeland Security, housing and urban development, Interior, Justice, Labor, State, Transportation, the Treasury, and Veterans Affairs. These departments, which vary greatly in size and function, are responsible for administering the great majority of the federal government's activities and programs.",2,หน่วยงานของสาขาบริหารคืออะไร,หน่วยองค์กรที่ใหญ่ที่สุดในสาขาบริหาร ได้แก่ 15 แผนกบริหาร ได้แก่ เกษตรการพาณิชย์การป้องกันการศึกษาพลังงานสุขภาพและการบริการมนุษย์ความมั่นคงของบ้านเกิดที่อยู่อาศัยและการพัฒนาเมืองภายในยุติธรรมแรงงานรัฐการขนส่งคลังและกิจการทหารผ่านศึกษาแผนกเหล่านี้ซึ่งมีขนาดและหน้าที่แตกต่างกันอย่างมากมีหน้าที่บริหารกิจกรรมและโปรแกรมของรัฐบาลกลางส่วนใหญ่
