model,equal_count,less_relevant_count,more_relevant_count,total_rows,kappa,kappa_linear,kappa_quadratic,kappa_binarized,alpha_ordinal
anthropic.claude-3-haiku-20240307-v1_0_top2,63,7,178,248,0.045657826313052485,0.1474037621303408,0.24716640085061137,0.07287278854254442,0.04956114820589408
mistral.mixtral-8x7b-instruct-v0_1_top2,64,20,151,235,0.05593666306441758,0.2222191576798962,0.37597724699412294,0.16539827498731619,0.28765393529811656
openai.gpt-oss-20b-1_0_top2,109,30,111,250,0.25783223850429515,0.42602040816326536,0.5789947293996658,0.46926138876603274,0.5615839661720788
__OVERALL__,236,57,440,733,0.12034123808672936,0.26133622616810115,0.3908376844556395,0.24998875595934156,0.30658769946724385
