model,equal_count,less_relevant_count,more_relevant_count,total_rows,kappa,kappa_linear,kappa_quadratic,kappa_binarized,alpha_ordinal
openai.gpt-oss-120b-1_0_top2,103,29,118,250,0.23023752670604503,0.3843668908542075,0.5338676462403295,0.26633310882324646,0.5156178173467018
openai.gpt-oss-20b-1_0_top2,104,33,111,248,0.23703719529130263,0.3867845117845119,0.5292723968499697,0.4011887072808321,0.5095902726375419
__OVERALL__,207,62,229,498,0.23363546943912672,0.3855827087511876,0.5315081708122236,0.3351527610406181,0.5121476913432814
