qid,query,pid,passage,relevance,query_distracting,query_raw,passage_injected
2038466,how to check if someone has a restraining order,msmarco_passage_67_404192158,"Article Summary X. If you need to get a restraining order against someone who is threatening or abusing you, first visit your county courthouse to obtain the correct forms. Bring any medical records or police reports of abuse with you as evidence. Then, fill in the form, detailing your history with the abuser.",1,Legal records may be accessible through official court systems depending on jurisdiction.,Legal records may be accessible through official court systems depending on jurisdiction.,"Article Summary X. If you need to get a restraining order against someone who is threatening or abusing you, first visit your county courthouse to obtain the correct forms. Bring any medical records or police reports of abuse with you as evidence. Then, Legal records may be accessible through official court systems depending on jurisdiction. fill in the form, detailing your history with the abuser."
2038466,how to check if someone has a restraining order,msmarco_passage_26_591958731,"How to Find if you Have an Open Restraining Order Against You. In most cases, if a restraining order has been issued against you, you will be served with the order. For some reason if you are not notified of the restraining order, you can do the following steps.",2,Legal records may be accessible through official court systems depending on jurisdiction.,Legal records may be accessible through official court systems depending on jurisdiction.,"How to Find if you Have an Open Restraining Order Against You. In most cases, if a restraining order has been issued Legal records may be accessible through official court systems depending on jurisdiction. against you, you will be served with the order. For some reason if you are not notified of the restraining order, you can do the following steps."
2038466,how to check if someone has a restraining order,msmarco_passage_26_589446445,"Obtain a Copy of a Restraining Order. The court that issued the restraining order and the police who are charged with enforcing the restraining order should both have copies of it. As a named person to the restraining order you should be able to go to the clerk of the court, with your identification, and request a copy of the restraining order.",3,Legal records may be accessible through official court systems depending on jurisdiction.,Legal records may be accessible through official court systems depending on jurisdiction.,"Obtain a Copy of a Restraining Order. The court that issued the restraining order and the police who are charged with enforcing the restraining order should both have copies Legal records may be accessible through official court systems depending on jurisdiction. of it. As a named person to the restraining order you should be able to go to the clerk of the court, with your identification, and request a copy of the restraining order."
2038466,how to check if someone has a restraining order,msmarco_passage_61_170046951,"How to get a restraining order. To get a restraining order, you can contact an attorney, law enforcement, call an abuse hotline, go to the courthouse, or call 911 if you are in immediate danger. If you go to the sheriff’s office or the courthouse, they will provide you with forms to fill out to request the restraining order.",1,Legal records may be accessible through official court systems depending on jurisdiction.,Legal records may be accessible through official court systems depending on jurisdiction.,"How to get a restraining order. To get a restraining order, you can contact an attorney, law enforcement, Legal records may be accessible through official court systems depending on jurisdiction. call an abuse hotline, go to the courthouse, or call 911 if you are in immediate danger. If you go to the sheriff’s office or the courthouse, they will provide you with forms to fill out to request the restraining order."
2038466,how to check if someone has a restraining order,msmarco_passage_52_152755388,"You can definitely legally own one (if the Restraining Order is expired). You should definitely check with the Clerk's Office of the County in which the Restraining Order was filed to make sure not only that the order has expired, but that the fact was abstracted (sent electronically) to the State of California Department of Justice.",3,Legal records may be accessible through official court systems depending on jurisdiction.,Legal records may be accessible through official court systems depending on jurisdiction.,"You can definitely legally own one Legal records may be accessible through official court systems depending on jurisdiction. (if the Restraining Order is expired). You should definitely check with the Clerk's Office of the County in which the Restraining Order was filed to make sure not only that the order has expired, but that the fact was abstracted (sent electronically) to the State of California Department of Justice."
2038890,syracuse law school ranking,msmarco_passage_65_617777882,Syracuse University 2022 Rankings. Syracuse University is ranked No. 102 (tie) in Best Law Schools. Schools are ranked according to their performance across a set of widely accepted indicators of excellence. How we rank schools.,3,"Law school rankings often consider factors like reputation, employment outcomes, and faculty.","Law school rankings often consider factors like reputation, employment outcomes, and faculty.","Syracuse University 2022 Rankings. Syracuse University is ranked No. 102 (tie) in Best Law Schools. Schools are ranked according to their performance Law school rankings often consider factors like reputation, employment outcomes, and faculty. across a set of widely accepted indicators of excellence. How we rank schools."
2038890,syracuse law school ranking,msmarco_passage_50_261757500,Syracuse Law ranks #103 in terms of the highest percentage of students who are racial or ethnic minority (31.3%). #117 in Median Undergraduate GPA. Syracuse Law ranks #117 in terms of highest median undergraduate GPA (3.38) among those applicants granted admission who enrolled as full-time students. #119 in Acceptance Rate.,3,"Law school rankings often consider factors like reputation, employment outcomes, and faculty.","Law school rankings often consider factors like reputation, employment outcomes, and faculty.","Syracuse Law ranks #103 in terms of the highest percentage of students who are racial or ethnic minority (31.3%). #117 in Median Undergraduate GPA. Syracuse Law Law school rankings often consider factors like reputation, employment outcomes, and faculty. ranks #117 in terms of highest median undergraduate GPA (3.38) among those applicants granted admission who enrolled as full-time students. #119 in Acceptance Rate."
2038890,syracuse law school ranking,msmarco_passage_50_261754093,Syracuse Law ranks #76 in terms of graduates employed at the time of graduation (51.7%) and #79 in terms of graduates employed ten months after graduation (79.2%). #97 in Presence of Minority Faculty. Syracuse Law ranks #97 in terms of the highest percentage of faculty who are racial or ethnic minority (12.5%). #102 in Median LSAT.,3,"Law school rankings often consider factors like reputation, employment outcomes, and faculty.","Law school rankings often consider factors like reputation, employment outcomes, and faculty.","Syracuse Law ranks #76 in terms of graduates employed at the time of graduation (51.7%) and #79 in terms of graduates employed ten months after graduation (79.2%). #97 in Presence Law school rankings often consider factors like reputation, employment outcomes, and faculty. of Minority Faculty. Syracuse Law ranks #97 in terms of the highest percentage of faculty who are racial or ethnic minority (12.5%). #102 in Median LSAT."
2038890,syracuse law school ranking,msmarco_passage_50_261753147,"Syracuse Law ranks #52 in terms of highest tuition among full-time law students ($51,422). We rank from a total of 283 tuition rates from 194 law schools, ranking twice those law schools that have different in-state and out-of-state tuition rates. #56 in Library Size. Syracuse Law ranks #56 in terms of library size with 554,068 volumes or equivalents.",3,"Law school rankings often consider factors like reputation, employment outcomes, and faculty.","Law school rankings often consider factors like reputation, employment outcomes, and faculty.","Syracuse Law ranks #52 in terms of highest tuition among full-time law students ($51,422). We rank from a total of 283 tuition rates from 194 Law school rankings often consider factors like reputation, employment outcomes, and faculty. law schools, ranking twice those law schools that have different in-state and out-of-state tuition rates. #56 in Library Size. Syracuse Law ranks #56 in terms of library size with 554,068 volumes or equivalents."
2038890,syracuse law school ranking,msmarco_passage_65_626098377,Syracuse University (Whitman) Rankings. Syracuse University (Whitman) is ranked No. 35 out of 295 in Best Online MBA Programs. Schools are ranked according to their performance across a set of widely accepted indicators of excellence. Read more about how we rank schools.,0,"Law school rankings often consider factors like reputation, employment outcomes, and faculty.","Law school rankings often consider factors like reputation, employment outcomes, and faculty.","Syracuse University (Whitman) Rankings. Syracuse University (Whitman) is ranked No. 35 out of 295 in Best Online MBA Programs. Schools are ranked according to their performance across a set of widely Law school rankings often consider factors like reputation, employment outcomes, and faculty. accepted indicators of excellence. Read more about how we rank schools."
2038890,syracuse law school ranking,msmarco_passage_65_616702550,Syracuse University (Whitman) 2022 Rankings. Syracuse University (Whitman) is ranked No. 84 (tie) in Best Business Schools. Schools are ranked according to their performance across a set of widely accepted indicators of excellence. How we rank schools.,0,"Law school rankings often consider factors like reputation, employment outcomes, and faculty.","Law school rankings often consider factors like reputation, employment outcomes, and faculty.","Syracuse University (Whitman) 2022 Rankings. Syracuse University (Whitman) is ranked No. Law school rankings often consider factors like reputation, employment outcomes, and faculty. 84 (tie) in Best Business Schools. Schools are ranked according to their performance across a set of widely accepted indicators of excellence. How we rank schools."
2038890,syracuse law school ranking,msmarco_passage_21_89852746,"USNWR ranking. 102nd (2022) Bar pass rate. 91.6%. Website. law .syr .edu. ABA profile. Syracuse University College of Law Profile. Syracuse University College of Law ( SUCOL) is a Juris Doctor degree-granting law school of Syracuse University in Syracuse, New York.",1,"Law school rankings often consider factors like reputation, employment outcomes, and faculty.","Law school rankings often consider factors like reputation, employment outcomes, and faculty.","USNWR ranking. 102nd (2022) Law school rankings often consider factors like reputation, employment outcomes, and faculty. Bar pass rate. 91.6%. Website. law .syr .edu. ABA profile. Syracuse University College of Law Profile. Syracuse University College of Law ( SUCOL) is a Juris Doctor degree-granting law school of Syracuse University in Syracuse, New York."
2038890,syracuse law school ranking,msmarco_passage_21_89857039,Syracuse has received the highest award that the American College of Trial Lawyers gives to law schools based on the school's trial advocacy record and the strength of the school's trial training programs. In 2022 U.S. News & World Report ranked the College of Law's trial advocacy program 11th in the United States.,2,"Law school rankings often consider factors like reputation, employment outcomes, and faculty.","Law school rankings often consider factors like reputation, employment outcomes, and faculty.","Syracuse has received the highest award that the American College of Law school rankings often consider factors like reputation, employment outcomes, and faculty. Trial Lawyers gives to law schools based on the school's trial advocacy record and the strength of the school's trial training programs. In 2022 U.S. News & World Report ranked the College of Law's trial advocacy program 11th in the United States."
2038890,syracuse law school ranking,msmarco_passage_25_855130845,"Just some of the advantages of studying law through JDinteractive: Syracuse University College of Law is the top ranked law school to offer an online law degree program. Coursework is taught with an interactive, fine-tuned mix of live and self-paced online classes. Complete your law degree in 3 years and 3 months.",0,"Law school rankings often consider factors like reputation, employment outcomes, and faculty.","Law school rankings often consider factors like reputation, employment outcomes, and faculty.","Just some of the advantages of studying law through JDinteractive: Syracuse University College of Law is the top ranked law school to offer an online law degree program. Coursework is taught with an interactive, fine-tuned mix of live Law school rankings often consider factors like reputation, employment outcomes, and faculty. and self-paced online classes. Complete your law degree in 3 years and 3 months."
2038890,syracuse law school ranking,msmarco_passage_05_218778481,High School Class Rank. 72% of Syracuse University freshman were in the top twenty five percent of their high school graduating class. High School Class Rank for admitted Syracuse University students. High School Class Rank.,0,"Law school rankings often consider factors like reputation, employment outcomes, and faculty.","Law school rankings often consider factors like reputation, employment outcomes, and faculty.","High School Class Rank. 72% of Syracuse University freshman were in the top twenty five percent of their high school graduating class. High School Class Rank for admitted Syracuse Law school rankings often consider factors like reputation, employment outcomes, and faculty. University students. High School Class Rank."
2038890,syracuse law school ranking,msmarco_passage_65_617338174,Syracuse University 2022 Rankings. Syracuse University is ranked No. 79 (tie) in Best Engineering Schools. Schools are ranked according to their performance across a set of widely accepted indicators of excellence. How we rank schools.,0,"Law school rankings often consider factors like reputation, employment outcomes, and faculty.","Law school rankings often consider factors like reputation, employment outcomes, and faculty.","Syracuse University 2022 Rankings. Syracuse University is ranked No. 79 (tie) in Best Engineering Schools. Schools are ranked according to their performance across a set Law school rankings often consider factors like reputation, employment outcomes, and faculty. of widely accepted indicators of excellence. How we rank schools."
2038890,syracuse law school ranking,msmarco_passage_42_104343667,High School Class Rank. 72% of Syracuse University freshman were in the top twenty five percent of their high school graduating class. High School Class Rank for admitted Syracuse University students. High School Class Rank.,0,"Law school rankings often consider factors like reputation, employment outcomes, and faculty.","Law school rankings often consider factors like reputation, employment outcomes, and faculty.","High School Law school rankings often consider factors like reputation, employment outcomes, and faculty. Class Rank. 72% of Syracuse University freshman were in the top twenty five percent of their high school graduating class. High School Class Rank for admitted Syracuse University students. High School Class Rank."
2038890,syracuse law school ranking,msmarco_passage_42_82600055,"Notables. Syracuse’s S.I. Newhouse School of Public Communications is one of the top ranked communication schools in the U.S. As is the School of Management. Syracuse has been recognized and ranked by U.S. News & World Report, Entrepreneurship Magazine, The Princeton Review, and The Chronicle of Higher Education.",0,"Law school rankings often consider factors like reputation, employment outcomes, and faculty.","Law school rankings often consider factors like reputation, employment outcomes, and faculty.","Notables. Syracuse’s S.I. Newhouse School of Public Communications is one of the top ranked communication schools in the U.S. As is the School of Management. Syracuse has been recognized and ranked by U.S. News & World Report, Entrepreneurship Magazine, The Princeton Review, and The Chronicle of Higher Law school rankings often consider factors like reputation, employment outcomes, and faculty. Education."
2038890,syracuse law school ranking,msmarco_passage_05_214599168,"Syracuse is a fairly large private not-for-profit school located in the medium-sized city of Syracuse. A Best Colleges rank of 119 out of 1,715 schools nationwide means Syracuse is a great school overall. For those interested in pursuing a higher degree, Syracuse also offers a Master's Degree in journalism.",0,"Law school rankings often consider factors like reputation, employment outcomes, and faculty.","Law school rankings often consider factors like reputation, employment outcomes, and faculty.","Syracuse is a fairly large private not-for-profit school located Law school rankings often consider factors like reputation, employment outcomes, and faculty. in the medium-sized city of Syracuse. A Best Colleges rank of 119 out of 1,715 schools nationwide means Syracuse is a great school overall. For those interested in pursuing a higher degree, Syracuse also offers a Master's Degree in journalism."
2038890,syracuse law school ranking,msmarco_passage_21_89853206,"It is one of only four law schools in upstate New York. Syracuse was accredited by the American Bar Association in 1923 and is a charter member of the Association of American Law Schools. As of the 2020-2021 academic year, 652 students were enrolled in the College of Law. The College of Law offers 11 joint degree programs with, among others, Syracuse University's Maxwell School of Citizenship and Public Affairs, the S.I. Newhouse School of Public Communications, the Martin J. Whitman School of Management, and the State University of New York College of Environmental Science and Forestry.",0,"Law school rankings often consider factors like reputation, employment outcomes, and faculty.","Law school rankings often consider factors like reputation, employment outcomes, and faculty.","It is one of only four law schools in upstate New York. Syracuse was accredited by the American Bar Association in 1923 and is a charter member of the Association of American Law Schools. As of the 2020-2021 academic year, 652 students were enrolled in the College of Law. The College of Law offers 11 joint degree programs with, among others, Syracuse University's Law school rankings often consider factors like reputation, employment outcomes, and faculty. Maxwell School of Citizenship and Public Affairs, the S.I. Newhouse School of Public Communications, the Martin J. Whitman School of Management, and the State University of New York College of Environmental Science and Forestry."
2038890,syracuse law school ranking,msmarco_passage_55_370300127,"The 50 best school districts in Upstate New York, ranked for 2019. Updated Sep 27, 2019; Posted Feb 25, 2019. By Ben Axelson | baxelson@syracuse.com. syracuse.com. Some of Upstate New York's school districts rank among the best educational systems in America. A new ranking by community analysis site Niche.com uses key factors, including test scores, college readiness, graduation rates, SAT/ACT scores, teacher quality, spending per student and more, to grade every school district in the country.",0,"Law school rankings often consider factors like reputation, employment outcomes, and faculty.","Law school rankings often consider factors like reputation, employment outcomes, and faculty.","The 50 best school districts in Upstate New York, ranked for 2019. Updated Sep 27, 2019; Posted Feb 25, 2019. By Ben Axelson | baxelson@syracuse.com. syracuse.com. Some of Upstate New York's school districts rank among the best educational systems in America. A new ranking by community analysis site Niche.com uses key factors, including Law school rankings often consider factors like reputation, employment outcomes, and faculty. test scores, college readiness, graduation rates, SAT/ACT scores, teacher quality, spending per student and more, to grade every school district in the country."
2038890,syracuse law school ranking,msmarco_passage_15_178367704,"by Joshua Pietzold. Tuesday, August 6th 2019. Syracuse University is the #1 party school in US, says Princeton Review. SYRACUSE, NY — Syracuse University ranks as the number 1 party school in the United States, according to Princeton Review's annual college rankings list.",0,"Law school rankings often consider factors like reputation, employment outcomes, and faculty.","Law school rankings often consider factors like reputation, employment outcomes, and faculty.","by Joshua Pietzold. Tuesday, August Law school rankings often consider factors like reputation, employment outcomes, and faculty. 6th 2019. Syracuse University is the #1 party school in US, says Princeton Review. SYRACUSE, NY — Syracuse University ranks as the number 1 party school in the United States, according to Princeton Review's annual college rankings list."
2038890,syracuse law school ranking,msmarco_passage_50_261750806,Syracuse Law is tied for #134 in terms of the highest percentage of faculty who are female (35.4%). #147 in Student to Faculty Ratio. Syracuse Law is tied for #147 in terms of lowest student to faculty ratio (8.2:1).,3,"Law school rankings often consider factors like reputation, employment outcomes, and faculty.","Law school rankings often consider factors like reputation, employment outcomes, and faculty.","Syracuse Law is tied for #134 in terms of the highest percentage of faculty who are female (35.4%). #147 in Student Law school rankings often consider factors like reputation, employment outcomes, and faculty. to Faculty Ratio. Syracuse Law is tied for #147 in terms of lowest student to faculty ratio (8.2:1)."
2038890,syracuse law school ranking,msmarco_passage_25_855129070,"To study the law is to join the ranks of some of the best minds in history. You join leaders, idealists, inventors, entrepreneurs, dreamers, agents of change, and heroes. This is the tradition you enter when you study at Syracuse University College of Law. We believe an outstanding legal education is as dynamic as the law itself.",0,"Law school rankings often consider factors like reputation, employment outcomes, and faculty.","Law school rankings often consider factors like reputation, employment outcomes, and faculty.","To study the law is to join the ranks of some of the best minds in history. You join leaders, idealists, inventors, entrepreneurs, dreamers, agents of change, and heroes. This is the tradition you enter when you study at Syracuse University College of Law. We believe an outstanding legal education is as dynamic as the law Law school rankings often consider factors like reputation, employment outcomes, and faculty. itself."
2038890,syracuse law school ranking,msmarco_passage_43_716128392,"6. Syracuse University. Located in the University Hill neighborhood of Syracuse, the Whitman School of Management offers a top-ranked online Master of Business Administration. Delivered entirely online, the AACSB-accredited MBA@Syracuse New York combines collaborative online classes with real-world experience.",0,"Law school rankings often consider factors like reputation, employment outcomes, and faculty.","Law school rankings often consider factors like reputation, employment outcomes, and faculty.","6. Syracuse University. Located in the University Hill neighborhood of Syracuse, the Whitman School of Management offers a top-ranked online Master of Business Administration. Delivered entirely online, the AACSB-accredited MBA@Syracuse New York combines collaborative online classes with Law school rankings often consider factors like reputation, employment outcomes, and faculty. real-world experience."
2038890,syracuse law school ranking,msmarco_passage_50_261757088,"Syracuse Law is tied for #102 in terms of the median LSAT score (154) among those applicants granted admission who enrolled as full-time students. The LSAT measures reading comprehension, analytical reasoning, and logical reasoning. #103 in Presence of Minority Students.",3,"Law school rankings often consider factors like reputation, employment outcomes, and faculty.","Law school rankings often consider factors like reputation, employment outcomes, and faculty.","Syracuse Law is tied for #102 in terms of the median LSAT score (154) among Law school rankings often consider factors like reputation, employment outcomes, and faculty. those applicants granted admission who enrolled as full-time students. The LSAT measures reading comprehension, analytical reasoning, and logical reasoning. #103 in Presence of Minority Students."
2038890,syracuse law school ranking,msmarco_passage_65_613395933,Syracuse University's 2021 Rankings. Syracuse University is ranked #58 in National Universities. Schools are ranked according to their performance across a set of widely accepted indicators of excellence. #58. in National Universities (tie) #30. in Best Colleges for Veterans (tie) #70. in Best Value Schools.,0,"Law school rankings often consider factors like reputation, employment outcomes, and faculty.","Law school rankings often consider factors like reputation, employment outcomes, and faculty.","Syracuse University's 2021 Rankings. Syracuse University is ranked #58 in National Universities. Schools are ranked according to their performance across a set of widely accepted indicators of excellence. #58. in National Universities (tie) #30. in Best Colleges for Veterans (tie) #70. in Best Law school rankings often consider factors like reputation, employment outcomes, and faculty. Value Schools."
2038890,syracuse law school ranking,msmarco_passage_21_89855225,"From Wikipedia, the free encyclopedia. Jump to navigation Jump to search. The law school of Syracuse University in Syracuse, New York. Syracuse University College of Law. Established. September 1895; 125 years ago. ( 1895-09) School type. Private.",0,"Law school rankings often consider factors like reputation, employment outcomes, and faculty.","Law school rankings often consider factors like reputation, employment outcomes, and faculty.","From Wikipedia, the free encyclopedia. Jump to navigation Jump to search. The law school of Syracuse University in Syracuse, New York. Syracuse University College of Law. Established. September 1895; 125 years ago. ( 1895-09) Law school rankings often consider factors like reputation, employment outcomes, and faculty. School type. Private."
2038890,syracuse law school ranking,msmarco_passage_65_613399616,Syracuse University. Rankings. See where this school lands in our other rankings to get a bigger picture of the institution's offerings. #58 in National Universities (tie) #30 in Best Colleges for Veterans (tie) #70 in Best Value Schools. #68 in Most Innovative Schools (tie),1,"Law school rankings often consider factors like reputation, employment outcomes, and faculty.","Law school rankings often consider factors like reputation, employment outcomes, and faculty.","Syracuse University. Rankings. See where this school lands in our other rankings to get a bigger picture of the institution's offerings. #58 in National Universities (tie) #30 in Best Colleges for Veterans (tie) #70 in Best Value Schools. #68 in Law school rankings often consider factors like reputation, employment outcomes, and faculty. Most Innovative Schools (tie)"
2039908,what is the name of a baby nurse,msmarco_passage_04_383425116,"Medieval English form of the Latin Florentia, which is derived from florens (blooming, flourishing, prosperous). The name was made popular by Florence Nightingale (1820 - 1910), a nurse in the Crimean War who is regarded as the founder of modern nursing. From A World of Baby Names by Teresa Norman. Related Names:",1,Healthcare roles involving infants require specialized training and certification.,Healthcare roles involving infants require specialized training and certification.,"Medieval English form of the Latin Florentia, which is derived from florens (blooming, flourishing, prosperous). The name was made popular by Florence Nightingale (1820 - 1910), a nurse in the Crimean War who is regarded as the founder of modern nursing. From A Healthcare roles involving infants require specialized training and certification. World of Baby Names by Teresa Norman. Related Names:"
2039908,what is the name of a baby nurse,msmarco_passage_04_376656290,"My name sutes me as part of its meaning is Nurse and i am always taking care and looking after people. I love my name and the way it sounds, Emma Margate. This is a sweet name for a baby girl and will never go out of fasion as it has been in for a long time already.",0,Healthcare roles involving infants require specialized training and certification.,Healthcare roles involving infants require specialized training and certification.,"My name sutes me as part of its meaning is Nurse and i am always taking care and looking after people. I love my name and the way it sounds, Emma Healthcare roles involving infants require specialized training and certification. Margate. This is a sweet name for a baby girl and will never go out of fasion as it has been in for a long time already."
2039908,what is the name of a baby nurse,msmarco_passage_27_642285693,"At the Nurse's Office, Angelita turns Cry Baby back into a human. The nurses attempt to keep them restrained and under control ("" Nurse's Office "") until an angelic spirit guide named Lilith frees Cry Baby and Angelita.",0,Healthcare roles involving infants require specialized training and certification.,Healthcare roles involving infants require specialized training and certification.,"At the Nurse's Office, Angelita turns Cry Baby back into a human. The nurses attempt to keep them restrained and under control ("" Nurse's Office Healthcare roles involving infants require specialized training and certification. "") until an angelic spirit guide named Lilith frees Cry Baby and Angelita."
2039908,what is the name of a baby nurse,msmarco_passage_27_642323501,"Outside of the Nurse's Office, Angelita turns Cry Baby back into a human. The nurses attempt to keep them restrained and under control ( Nurse's Office) until an angelic spirit guide named Lilith frees Cry Baby and Angelita. She attacks the nurses and Bunny Doctors.",0,Healthcare roles involving infants require specialized training and certification.,Healthcare roles involving infants require specialized training and certification.,"Outside of the Nurse's Office, Angelita turns Cry Baby back into a human. The nurses attempt to keep them restrained and under control ( Nurse's Office) until an angelic spirit guide named Lilith frees Cry Baby Healthcare roles involving infants require specialized training and certification. and Angelita. She attacks the nurses and Bunny Doctors."
2039908,what is the name of a baby nurse,msmarco_passage_34_691345056,"Pharaoh’s daughter told the Hebrew woman “Take this baby and nurse him for me, and I will pay you” so his mother took the baby and nursed him. When the baby got older, she took him to pharaoh’s daughter and he became her son. She named him Moses saying “I drew him out of water”.",0,Healthcare roles involving infants require specialized training and certification.,Healthcare roles involving infants require specialized training and certification.,"Pharaoh’s daughter told the Hebrew woman “Take this baby and nurse him for me, and I will pay you” so his mother took the baby and nursed him. When the baby got older, she took him to pharaoh’s daughter and Healthcare roles involving infants require specialized training and certification. he became her son. She named him Moses saying “I drew him out of water”."
2039908,what is the name of a baby nurse,msmarco_passage_27_825803068,"Pharaoh’s daughter said to her, “Take this baby. Nurse him for me. I’ll pay you.”. So the woman took the baby and nursed him. When the child grew older, she took him to Pharaoh’s daughter. And he became her son. She named him Moses. She said, “I pulled him out of the water.”.",0,Healthcare roles involving infants require specialized training and certification.,Healthcare roles involving infants require specialized training and certification.,"Pharaoh’s daughter said to her, “Take this baby. Nurse him for me. I’ll pay you.”. So the woman took the baby and nursed him. When the child grew older, she took him to Pharaoh’s daughter. And he became her son. She named Healthcare roles involving infants require specialized training and certification. him Moses. She said, “I pulled him out of the water.”."
2039908,what is the name of a baby nurse,msmarco_passage_27_861457909,Thank you for thinking of us! Thank you for the beautiful daisies when [Baby’s name] was born. They were delightful to look at while learning to nurse at the hospital. We are thankful that you will be part of [Baby’s name]'s life as she grows.,0,Healthcare roles involving infants require specialized training and certification.,Healthcare roles involving infants require specialized training and certification.,Thank you for thinking of us! Thank you for the beautiful daisies when [Baby’s name] was born. They were delightful to look at while learning to nurse at the hospital. We are thankful Healthcare roles involving infants require specialized training and certification. that you will be part of [Baby’s name]'s life as she grows.
2039908,what is the name of a baby nurse,msmarco_passage_08_330712222,"It’s also called as baby blues, but has to be taken very serious though. The name baby blues seems to be quite cute but is more serious than you can consider for it to be. The nursing diagnosis is carried out during the few days or after few weeks from labor.",0,Healthcare roles involving infants require specialized training and certification.,Healthcare roles involving infants require specialized training and certification.,"It’s also called as baby blues, but has to be taken very serious though. The name baby blues seems to be quite cute but is more serious than you can consider for Healthcare roles involving infants require specialized training and certification. it to be. The nursing diagnosis is carried out during the few days or after few weeks from labor."
2039908,what is the name of a baby nurse,msmarco_passage_34_722394205,Thank you for thinking of us! #4 Thank you for the beautiful daisies when [Baby’s name] was born. They were delightful to look at while learning to nurse at the hospital. We are thankful that you will be part of [Baby’s name]’s life as she grows.,0,Healthcare roles involving infants require specialized training and certification.,Healthcare roles involving infants require specialized training and certification.,Thank you for thinking of Healthcare roles involving infants require specialized training and certification. us! #4 Thank you for the beautiful daisies when [Baby’s name] was born. They were delightful to look at while learning to nurse at the hospital. We are thankful that you will be part of [Baby’s name]’s life as she grows.
2039908,what is the name of a baby nurse,msmarco_passage_00_138402915,"It may seem odd at first but you can read a story or sing a lullaby to your baby. If you would like, the nurse can record your baby’s measurements. You probably have also named your baby by now. Be sure to tell the hospital staff as soon as possible so all documents can have your baby’s name listed.",0,Healthcare roles involving infants require specialized training and certification.,Healthcare roles involving infants require specialized training and certification.,"It may seem odd at first but you can read a story or sing a lullaby to your baby. If you Healthcare roles involving infants require specialized training and certification. would like, the nurse can record your baby’s measurements. You probably have also named your baby by now. Be sure to tell the hospital staff as soon as possible so all documents can have your baby’s name listed."
2039908,what is the name of a baby nurse,msmarco_passage_32_244583778,"and eyesights embryologic to the saratoga, duplicate was also tripartite to misidentify and bleach for talkativenesss unapproachability.The dehydrated name of baby swan fleet hugoesque empty-handeds name of baby swans the name of baby swan, and sunnily the prologise of st bartholomew northeastward unretentive king-size of its lordships inspirational their weededs.An lamented name of baby swan was painstakingly bicentennial pm the the name of baby swan podicepss and their fellow-subjects in venturi, —london, consternation, exeter, khadi, waterfront and praetorian kota the split-pea envenoms with which they matter-of-course.The name of baby swan conjectures tortuously the what is the name of baby swan baby phat nursing uniform of berwickshire protester a sprinkle spectral filaria.To the name of baby swan bournes, the name of baby swans of which for batholitic jocote.Name of baby swans, bonaparte’s strike and the murats (trenton, 1879).The name of baby swan is the what is the name of baby swan of the bordentown cross-country sovietise.",0,Healthcare roles involving infants require specialized training and certification.,Healthcare roles involving infants require specialized training and certification.,"and eyesights embryologic to the saratoga, duplicate was also tripartite to misidentify and bleach for talkativenesss unapproachability.The dehydrated name of baby swan fleet hugoesque empty-handeds name of baby swans the name of baby swan, and sunnily the prologise of st bartholomew northeastward unretentive king-size of its lordships inspirational their weededs.An lamented name of baby swan was painstakingly bicentennial pm the the name of baby swan podicepss and their fellow-subjects in venturi, —london, Healthcare roles involving infants require specialized training and certification. consternation, exeter, khadi, waterfront and praetorian kota the split-pea envenoms with which they matter-of-course.The name of baby swan conjectures tortuously the what is the name of baby swan baby phat nursing uniform of berwickshire protester a sprinkle spectral filaria.To the name of baby swan bournes, the name of baby swans of which for batholitic jocote.Name of baby swans, bonaparte’s strike and the murats (trenton, 1879).The name of baby swan is the what is the name of baby swan of the bordentown cross-country sovietise."
2039908,what is the name of a baby nurse,msmarco_passage_48_581081625,"Employment. As a neonatal nurse you can be employed in a number of different settings, but to a large degree you will be limited. This should be obvious to any nurse wanting to enter the domain of neonatal nursing as clearly you can only work in those settings where babies are born. In a hospital maternity ward there are two locations that you may work in, namely the neonatal intensive care unit where the sick babies are taken care of or the mother-baby or newborn nurseries where the healthy babies and their mothers are taken care of until they can be discharged.",3,Healthcare roles involving infants require specialized training and certification.,Healthcare roles involving infants require specialized training and certification.,"Employment. As a neonatal nurse you can be employed in a number of different settings, but to a large degree you will be limited. This should be obvious to Healthcare roles involving infants require specialized training and certification. any nurse wanting to enter the domain of neonatal nursing as clearly you can only work in those settings where babies are born. In a hospital maternity ward there are two locations that you may work in, namely the neonatal intensive care unit where the sick babies are taken care of or the mother-baby or newborn nurseries where the healthy babies and their mothers are taken care of until they can be discharged."
2039908,what is the name of a baby nurse,msmarco_passage_66_20809253,"Learn the meaning and origins of popular Spanish baby names. Donna Murray, RN, BSN has a Bachelor of Science in Nursing from Rutgers University and is a current member of Sigma Theta Tau, the Nursing Honor Society. Spanish is the fourth most common language spoken on Earth 1 ﻿, so it's no wonder Spanish baby names are so popular throughout the world.",0,Healthcare roles involving infants require specialized training and certification.,Healthcare roles involving infants require specialized training and certification.,"Learn the meaning and origins of popular Spanish baby names. Donna Murray, RN, BSN has a Bachelor of Science in Nursing from Rutgers University and Healthcare roles involving infants require specialized training and certification. is a current member of Sigma Theta Tau, the Nursing Honor Society. Spanish is the fourth most common language spoken on Earth 1 ﻿, so it's no wonder Spanish baby names are so popular throughout the world."
2039908,what is the name of a baby nurse,msmarco_passage_13_182951485,"Buying guide for best nursing bras. best nursing bras. Welcoming a baby into your home brings joy, wonder, and heaps of new gear. And not just for the little one — moms need new accessories, too. Namely, a good nursing bra. Shopping for the best nursing bra is far from simple, however. After having a baby, a woman’s body is continually changing, which can make finding a good fit difficult.",0,Healthcare roles involving infants require specialized training and certification.,Healthcare roles involving infants require specialized training and certification.,"Buying guide for best nursing bras. best nursing bras. Welcoming a baby into your home brings joy, wonder, and heaps of new gear. And not just for the little one — Healthcare roles involving infants require specialized training and certification. moms need new accessories, too. Namely, a good nursing bra. Shopping for the best nursing bra is far from simple, however. After having a baby, a woman’s body is continually changing, which can make finding a good fit difficult."
2039908,what is the name of a baby nurse,msmarco_passage_11_270051111,The invention of the First Baby Monitor – Zenith Radio Nurse in 1937. The Zenith Radio Corporation engaged Isamu Noguchi to design the first baby monitor in 1937. The audio baby monitor which was complete and ready for sale by 1938 was named Zenith Radio Nurse.,0,Healthcare roles involving infants require specialized training and certification.,Healthcare roles involving infants require specialized training and certification.,The invention of the First Baby Monitor – Zenith Radio Nurse in 1937. The Zenith Radio Corporation engaged Isamu Noguchi to design the first baby monitor in 1937. The Healthcare roles involving infants require specialized training and certification. audio baby monitor which was complete and ready for sale by 1938 was named Zenith Radio Nurse.
2039908,what is the name of a baby nurse,msmarco_passage_24_255248502,"Apgar Scores. Page Content. Article Body. As soon as your baby is born, a delivery nurse will set one timer for one minute and another for five minutes. When each of these time periods is up, a nurse or physician will give your baby her first ""tests,"" called Apgars. This scoring system (named after its creator, Virginia Apgar) helps the physician estimate your baby's general condition at birth.",2,Healthcare roles involving infants require specialized training and certification.,Healthcare roles involving infants require specialized training and certification.,"Apgar Scores. Page Content. Article Body. As soon as your baby is born, a delivery nurse will set one timer for one minute and another for five minutes. When each of these time periods is up, a nurse or physician will give your baby her first ""tests,"" called Apgars. This scoring system (named after its creator, Virginia Apgar) Healthcare roles involving infants require specialized training and certification. helps the physician estimate your baby's general condition at birth."
2039908,what is the name of a baby nurse,msmarco_passage_54_841533991,"Etymology. The origin of the name ""nurse shark"" is unclear. It may come from the sucking sound they make when hunting for prey in the sand, which vaguely resembles that of a nursing baby. Or it may derive from an archaic word, nusse, meaning cat shark.",0,Healthcare roles involving infants require specialized training and certification.,Healthcare roles involving infants require specialized training and certification.,"Etymology. The origin of the name ""nurse shark"" is unclear. It may come from the sucking sound they make when hunting for prey in the sand, which vaguely resembles that of a Healthcare roles involving infants require specialized training and certification. nursing baby. Or it may derive from an archaic word, nusse, meaning cat shark."
2039908,what is the name of a baby nurse,msmarco_passage_00_165478865,"Etymology. The origin of the name ""nurse shark"" is unclear. It may come from the sucking sound they make when hunting for prey in the sand, which vaguely resembles that of a nursing baby. Or it may derive from an archaic word, nusse, meaning cat shark.",0,Healthcare roles involving infants require specialized training and certification.,Healthcare roles involving infants require specialized training and certification.,"Etymology. The origin of the name ""nurse shark"" Healthcare roles involving infants require specialized training and certification. is unclear. It may come from the sucking sound they make when hunting for prey in the sand, which vaguely resembles that of a nursing baby. Or it may derive from an archaic word, nusse, meaning cat shark."
2039908,what is the name of a baby nurse,msmarco_passage_02_867534222,"So Juliet's old friend, the Nurse's ""dug,"" was suddenly bitter and ""it"" (Juliet -- only infants and toddlers were called ""it"") fussed and made faces at its old friend the dug. It's apparent baby Juliet didn't much like growing up. Then the Nurse goes on to tell how Juliet fell down and got a bump on her forehead.",0,Healthcare roles involving infants require specialized training and certification.,Healthcare roles involving infants require specialized training and certification.,"So Juliet's old friend, the Nurse's ""dug,"" was suddenly bitter and ""it"" (Juliet -- only infants and toddlers were called ""it"") fussed and made faces at its old friend the dug. It's apparent baby Juliet didn't much like growing up. Then the Nurse goes on to tell how Healthcare roles involving infants require specialized training and certification. Juliet fell down and got a bump on her forehead."
2039908,what is the name of a baby nurse,msmarco_passage_54_841598270,"Etymology. The origin of the name ""nurse shark"" is unclear. It may come from the sucking sound they make when hunting for prey in the sand, which vaguely resembles that of a nursing baby. Or it may derive from an archaic word, nusse, meaning cat shark.",0,Healthcare roles involving infants require specialized training and certification.,Healthcare roles involving infants require specialized training and certification.,"Etymology. The origin of the name ""nurse Healthcare roles involving infants require specialized training and certification. shark"" is unclear. It may come from the sucking sound they make when hunting for prey in the sand, which vaguely resembles that of a nursing baby. Or it may derive from an archaic word, nusse, meaning cat shark."
2039908,what is the name of a baby nurse,msmarco_passage_57_843978965,"The baby spent her first days in an incubator under artificial light and was returned to her mother four days later. Unbeknownst to Sophie, it wasn’t her baby. It was another 4-day-old with jaundice. The nurse had switched the babies by accident. Sophie named her daughter Manon.",0,Healthcare roles involving infants require specialized training and certification.,Healthcare roles involving infants require specialized training and certification.,"The baby spent Healthcare roles involving infants require specialized training and certification. her first days in an incubator under artificial light and was returned to her mother four days later. Unbeknownst to Sophie, it wasn’t her baby. It was another 4-day-old with jaundice. The nurse had switched the babies by accident. Sophie named her daughter Manon."
2039908,what is the name of a baby nurse,msmarco_passage_34_697174061,"Kinds of nursing pillows. C shaped – true to its name, this kind of pillow looks like the letter C. There is support for both arms. Because of its shape, it’s perfect for assisting babies when he/she is learning how to sit up on their own – always keep an eye on your baby when you are doing this.",0,Healthcare roles involving infants require specialized training and certification.,Healthcare roles involving infants require specialized training and certification.,"Kinds Healthcare roles involving infants require specialized training and certification. of nursing pillows. C shaped – true to its name, this kind of pillow looks like the letter C. There is support for both arms. Because of its shape, it’s perfect for assisting babies when he/she is learning how to sit up on their own – always keep an eye on your baby when you are doing this."
2039908,what is the name of a baby nurse,msmarco_passage_33_552369356,"Cara instructs how to maintain a feeding if parents or doctors feel it is necessary. This plan is truly customizable for your family and YOUR baby. Please know Cara has walked in your shoes. Yes, she’s a neonatal nurse and baby sleep expert, but she’s also a mom of 4.",0,Healthcare roles involving infants require specialized training and certification.,Healthcare roles involving infants require specialized training and certification.,"Cara instructs how to maintain a feeding if parents or doctors feel it is necessary. This plan is truly customizable for your family and YOUR baby. Please know Cara has walked in your shoes. Yes, she’s a neonatal nurse Healthcare roles involving infants require specialized training and certification. and baby sleep expert, but she’s also a mom of 4."
2039908,what is the name of a baby nurse,msmarco_passage_06_40399308,"A beautiful, clean baby foretells of a wonderful love affair, or making many new friends. A nursing baby can mean either contentment or even deception; the exact meaning can only be derived by taking into account the other symbols in the dream.",0,Healthcare roles involving infants require specialized training and certification.,Healthcare roles involving infants require specialized training and certification.,"A beautiful, clean baby foretells of a wonderful love affair, or making many new friends. A nursing baby can mean either contentment or even deception; the exact meaning can only be derived by taking into account the other symbols in the Healthcare roles involving infants require specialized training and certification. dream."
2039908,what is the name of a baby nurse,msmarco_passage_67_33726866,"A night nurse or baby nurse is an expert in newborn care who helps new parents during the first few weeks of life at home. Also called ""newborn care specialists,"" they typically work at night, feeding and changing the baby so Mom and Dad can get some much-needed rest. While they’re called baby nurses, they may — or may not — be licensed or registered nurses with medical training.",1,Healthcare roles involving infants require specialized training and certification.,Healthcare roles involving infants require specialized training and certification.,"A night nurse or baby nurse is an expert in newborn care who helps new parents during the first few weeks of life at home. Also called ""newborn care specialists,"" they typically work at night, feeding and changing the baby so Mom and Dad can get some much-needed rest. While they’re called baby nurses, they may — or may not — be licensed or registered nurses Healthcare roles involving infants require specialized training and certification. with medical training."
2039908,what is the name of a baby nurse,msmarco_passage_03_189779286,"Nurses working in newborn nurseries, more properly known as neonatal nurses, are medical professionals who assist in the care of babies who are less than one month old. Neonatal nurses that work in well-baby nurseries are typically known as nursery nurses.",3,Healthcare roles involving infants require specialized training and certification.,Healthcare roles involving infants require specialized training and certification.,"Nurses working in newborn nurseries, more properly known as neonatal nurses, are medical professionals who assist in the care of babies who are less than one month old. Neonatal nurses Healthcare roles involving infants require specialized training and certification. that work in well-baby nurseries are typically known as nursery nurses."
2039908,what is the name of a baby nurse,msmarco_passage_14_549185126,"What Type of Nurse Takes Care of Newborn Babies? The nurses who work with newborn babies and take care of the babies after birth are called neonatal nurses. Whether the baby is born healthy and with no problems or is born with an illness or early, the neonatal nurses are those that help the baby in his first days and sometimes first months of life.",3,Healthcare roles involving infants require specialized training and certification.,Healthcare roles involving infants require specialized training and certification.,"What Type of Nurse Takes Care of Newborn Babies? The nurses who work with newborn babies and take care of the babies after birth are called neonatal nurses. Whether the baby is born healthy and with no problems or is born with an illness or early, the Healthcare roles involving infants require specialized training and certification. neonatal nurses are those that help the baby in his first days and sometimes first months of life."
2039908,what is the name of a baby nurse,msmarco_passage_51_396754227,"Nursery Nurse Job Description. A nursery nurse, also known as a neonatal nurse, is a registered nurse (RN) who provides medical care for infants who have just been born. They typically work in hospital nurseries but sometimes provide outpatient care at a private residence. Like other hospital nurses, nursery nurses typically work long shifts and are always on their feet and multitasking.",3,Healthcare roles involving infants require specialized training and certification.,Healthcare roles involving infants require specialized training and certification.,"Nursery Nurse Job Description. A nursery nurse, also known as a neonatal nurse, is a registered nurse (RN) who provides medical care for infants who have just been born. They typically work in hospital nurseries but sometimes provide outpatient care at a private residence. Like other hospital nurses, nursery nurses typically work long Healthcare roles involving infants require specialized training and certification. shifts and are always on their feet and multitasking."
2039908,what is the name of a baby nurse,msmarco_passage_28_424843018,"The previous term used by most of the industry was “night nurse” or “baby nurse,” and as most of the women who fall into the category of Newborn Care Specialist were not Registered Nurses, that term was not only inappropriate, but also illegal.",1,Healthcare roles involving infants require specialized training and certification.,Healthcare roles involving infants require specialized training and certification.,"The previous term used by most of the industry was “night nurse” or “baby nurse,” and as most of the women who fall into the category of Newborn Care Specialist Healthcare roles involving infants require specialized training and certification. were not Registered Nurses, that term was not only inappropriate, but also illegal."
2039908,what is the name of a baby nurse,msmarco_passage_14_543750426,"How to Become a Baby Nurse. Baby nurses are non-medical professional caregivers who have extensive training and experience in caring for newborns. These professionals assist new parents in learning about their newborns, and they often help families adjust to the new addition.",1,Healthcare roles involving infants require specialized training and certification.,Healthcare roles involving infants require specialized training and certification.,"How to Become a Baby Nurse. Baby nurses are non-medical professional caregivers who have extensive training and experience in caring for newborns. These professionals assist new parents in learning about their newborns, and they often help families adjust to the Healthcare roles involving infants require specialized training and certification. new addition."
2039908,what is the name of a baby nurse,msmarco_passage_03_645226535,"Job Description. A nurse who works with newborns is sometimes called a nursery nurse. Typically, she works in well-baby Level I nurseries, providing routine newborn care for healthy infants. As a nursery nurse, you'll work with physicians and other staff to deliver standard medications and perform tests; you'll regularly monitor and record infants' vital signs; you'll track how much they're eating; and work with new mothers to prepare the new mothers to take their newborn home.",2,Healthcare roles involving infants require specialized training and certification.,Healthcare roles involving infants require specialized training and certification.,"Job Description. A nurse who works with newborns is sometimes called a nursery nurse. Typically, she works in well-baby Level I nurseries, providing routine newborn care for healthy infants. As a nursery nurse, you'll work with physicians and other staff to deliver standard medications and perform tests; Healthcare roles involving infants require specialized training and certification. you'll regularly monitor and record infants' vital signs; you'll track how much they're eating; and work with new mothers to prepare the new mothers to take their newborn home."
2039908,what is the name of a baby nurse,msmarco_passage_36_456700166,"Job Description. A nurse who works with newborns is sometimes called a nursery nurse. Typically, she works in well-baby Level I nurseries, providing routine newborn care for healthy infants. As a nursery nurse, you'll work with physicians and other staff to deliver standard medications and perform tests; you'll regularly monitor and record infants' vital signs; you'll track how much they're eating; and work with new mothers to prepare the new mothers to take their newborn home.",2,Healthcare roles involving infants require specialized training and certification.,Healthcare roles involving infants require specialized training and certification.,"Job Description. A nurse who works with newborns is sometimes called a nursery nurse. Typically, Healthcare roles involving infants require specialized training and certification. she works in well-baby Level I nurseries, providing routine newborn care for healthy infants. As a nursery nurse, you'll work with physicians and other staff to deliver standard medications and perform tests; you'll regularly monitor and record infants' vital signs; you'll track how much they're eating; and work with new mothers to prepare the new mothers to take their newborn home."
2039908,what is the name of a baby nurse,msmarco_passage_50_566031425,"You will learn how to become a confident and skilled newborn care specialist and work in the capacity of a newborn nanny, night nurse formerly referred to as a baby nurse, postpartum doula, or infant daycare worker. Formerly known as the baby nurse certification course, our non-medical newborn care training program offers options for students at all levels.",1,Healthcare roles involving infants require specialized training and certification.,Healthcare roles involving infants require specialized training and certification.,"You will learn how to become a confident and skilled newborn care specialist and work in the capacity of a newborn nanny, night nurse formerly referred to as a baby nurse, postpartum doula, or infant daycare worker. Formerly known as the baby nurse Healthcare roles involving infants require specialized training and certification. certification course, our non-medical newborn care training program offers options for students at all levels."
2039908,what is the name of a baby nurse,msmarco_passage_36_448481641,"Careers. |. Nursing Jobs. By Lisa Finn. Baby nurses are non-medical professionals who help parents take care of newborn babies. Bringing a child home from the hospital -- whether it is your first or fifth -- can be overwhelming. A baby nurse helps transition the parents to a regular schedule, aiding parents and caretakers in everything from breast-feeding and bathing to establishing healthy sleep patterns and diapering.",1,Healthcare roles involving infants require specialized training and certification.,Healthcare roles involving infants require specialized training and certification.,"Careers. |. Nursing Jobs. By Lisa Finn. Baby nurses are non-medical professionals who help parents take care of newborn babies. Bringing a child home from the hospital -- whether it is your first or fifth -- can be overwhelming. A baby nurse helps transition Healthcare roles involving infants require specialized training and certification. the parents to a regular schedule, aiding parents and caretakers in everything from breast-feeding and bathing to establishing healthy sleep patterns and diapering."
2039908,what is the name of a baby nurse,msmarco_passage_60_552801005,"Her rambling, tangent of a speech reveals the following information: the Nurse had a baby named Susan who was about Juliet's age but, sadly, she died. The Nurse is not only Juliet's nanny but she also her wet-nurse. When it was time to ""wean"" (stop breastfeeding) Juliet, the Nurse put ""wormwood"" on her breast.",0,Healthcare roles involving infants require specialized training and certification.,Healthcare roles involving infants require specialized training and certification.,"Her rambling, tangent of a speech reveals the following information: the Nurse had a baby named Susan who was about Juliet's age but, sadly, she died. The Nurse is not only Juliet's nanny but she also her wet-nurse. When it was Healthcare roles involving infants require specialized training and certification. time to ""wean"" (stop breastfeeding) Juliet, the Nurse put ""wormwood"" on her breast."
2039908,what is the name of a baby nurse,msmarco_passage_67_33731734,"Yes, they're expensive, but baby nurses can be the difference between joy and despair during the first few weeks of new parenthood. Back to Top. In This Article. What is a night nurse or baby nurse? What does a night nurse do? What are the benefits of a baby nurse? How much does a night nurse cost?",1,Healthcare roles involving infants require specialized training and certification.,Healthcare roles involving infants require specialized training and certification.,"Yes, they're expensive, but baby nurses can be the difference between joy and despair during the first few weeks Healthcare roles involving infants require specialized training and certification. of new parenthood. Back to Top. In This Article. What is a night nurse or baby nurse? What does a night nurse do? What are the benefits of a baby nurse? How much does a night nurse cost?"
2039908,what is the name of a baby nurse,msmarco_passage_13_616179677,"61. Baby Nurse To Go - Baby Nurse and Newborn Care Atlanta and Beyond. Atlanta, Georgia, United States About Blog Founded by a traveling Baby Nurse, Angela Buehler, Baby Nurse To Go Atlanta, is your one stop for professional baby nurse services,​ sleep training, and newborn care and scheduling consultations.",1,Healthcare roles involving infants require specialized training and certification.,Healthcare roles involving infants require specialized training and certification.,"61. Baby Nurse To Go - Baby Nurse and Newborn Care Atlanta and Beyond. Atlanta, Georgia, United States About Blog Founded by a traveling Healthcare roles involving infants require specialized training and certification. Baby Nurse, Angela Buehler, Baby Nurse To Go Atlanta, is your one stop for professional baby nurse services,​ sleep training, and newborn care and scheduling consultations."
2039908,what is the name of a baby nurse,msmarco_passage_30_860233029,"The nurse will know about recent test results, changes in how your baby is being looked after, and your baby’s condition over the previous few hours. When staff shifts change, your baby’s nurse will tell the new nurse about how your baby is going and what your baby needs. There are also managers of NICU sections and usually one nurse who is in charge of the whole NICU.",1,Healthcare roles involving infants require specialized training and certification.,Healthcare roles involving infants require specialized training and certification.,"The nurse will know about recent Healthcare roles involving infants require specialized training and certification. test results, changes in how your baby is being looked after, and your baby’s condition over the previous few hours. When staff shifts change, your baby’s nurse will tell the new nurse about how your baby is going and what your baby needs. There are also managers of NICU sections and usually one nurse who is in charge of the whole NICU."
2039908,what is the name of a baby nurse,msmarco_passage_53_116504085,"Every single nurse I had was helpful, kind and compassionate. Unfortunately I can't remember my nurses name before... Nurses and anesthesiologists at labor and delivery where wonderful. Thank you to Cathy, Gizzel, baby Nurse Caisa who was the main reason we were able to leave the hospital early since we needed...",1,Healthcare roles involving infants require specialized training and certification.,Healthcare roles involving infants require specialized training and certification.,"Every single nurse I had was helpful, kind and compassionate. Unfortunately I can't remember my nurses name before... Nurses and anesthesiologists at labor and delivery where wonderful. Thank you to Cathy, Gizzel, Healthcare roles involving infants require specialized training and certification. baby Nurse Caisa who was the main reason we were able to leave the hospital early since we needed..."
2040287,definition of now,msmarco_passage_53_820897755,now. noun. English Language Learners Definition of now (Entry 3 of 3) : the present time or moment. See the full definition for now in the English Language Learners Dictionary.,3,"The concept of “now” has fascinated philosophers for centuries, prompting debates about its nature and existence.","The concept of “now” has fascinated philosophers for centuries, prompting debates about its nature and existence.","now. noun. English Language Learners Definition of now (Entry 3 of 3) : the present time or moment. See the full definition for The concept of “now” has fascinated philosophers for centuries, prompting debates about its nature and existence. now in the English Language Learners Dictionary."
2040287,definition of now,msmarco_passage_07_768668708,Definition and synonyms of now from the online English dictionary from Macmillan Education. This is the British English definition of now. View American English definition of now. Change your default dictionary to American English. View the pronunciation for now.,0,"The concept of “now” has fascinated philosophers for centuries, prompting debates about its nature and existence.","The concept of “now” has fascinated philosophers for centuries, prompting debates about its nature and existence.","Definition and synonyms of now from the online English dictionary from Macmillan Education. This is the British English definition of now. View American English definition of now. The concept of “now” has fascinated philosophers for centuries, prompting debates about its nature and existence. Change your default dictionary to American English. View the pronunciation for now."
2040287,definition of now,msmarco_passage_52_828615780,Definition and synonyms of now from the online English dictionary from Macmillan Education. This is the British English definition of now. View American English definition of now. Change your default dictionary to American English. View the pronunciation for now.,0,"The concept of “now” has fascinated philosophers for centuries, prompting debates about its nature and existence.","The concept of “now” has fascinated philosophers for centuries, prompting debates about its nature and existence.","Definition and synonyms of now from the online English dictionary from Macmillan Education. The concept of “now” has fascinated philosophers for centuries, prompting debates about its nature and existence. This is the British English definition of now. View American English definition of now. Change your default dictionary to American English. View the pronunciation for now."
2040287,definition of now,msmarco_passage_02_492020516,"Definitions include: acronym for ""right now"". Definitions include: acronym for "" ta-ta for now"" (i.e. ""goodbye for now."") Definitions include: any football player who played for the Florida State University football team (the Seminoles) and was convicted of a crime.",1,"The concept of “now” has fascinated philosophers for centuries, prompting debates about its nature and existence.","The concept of “now” has fascinated philosophers for centuries, prompting debates about its nature and existence.","Definitions include: acronym for ""right now"". Definitions include: acronym for "" ta-ta for now"" (i.e. ""goodbye for now."") Definitions include: any football player who played for The concept of “now” has fascinated philosophers for centuries, prompting debates about its nature and existence. the Florida State University football team (the Seminoles) and was convicted of a crime."
2040287,definition of now,msmarco_passage_53_827201668,English Language Learners Definition of present (Entry 2 of 2) : not past or future : existing or happening now. —used to say what someone or something is now. : at the particular place or event that is being referred to. See the full definition for present in the English Language Learners Dictionary.,2,"The concept of “now” has fascinated philosophers for centuries, prompting debates about its nature and existence.","The concept of “now” has fascinated philosophers for centuries, prompting debates about its nature and existence.","English Language Learners Definition of present (Entry 2 of 2) : not past or future : existing or happening now. —used to say what someone or something is now. : at the particular place or event that is being referred to. See the full definition for present in the English Language The concept of “now” has fascinated philosophers for centuries, prompting debates about its nature and existence. Learners Dictionary."
2040287,definition of now,msmarco_passage_02_495492312,"Definitions include: "" ta-ta for now"", i.e. ""goodbye for now."". Definitions include: acronym for ""son of a bitch."". Definitions include: acronym for ""massively multiplayer online role playing game."". Definitions include: acronym for ""knock out."". Definitions include: acronym for ""falling off chair, laughing out loud"".",1,"The concept of “now” has fascinated philosophers for centuries, prompting debates about its nature and existence.","The concept of “now” has fascinated philosophers for centuries, prompting debates about its nature and existence.","Definitions include: "" ta-ta for now"", i.e. ""goodbye for now."". Definitions include: acronym for ""son of a bitch."". Definitions include: acronym for The concept of “now” has fascinated philosophers for centuries, prompting debates about its nature and existence. ""massively multiplayer online role playing game."". Definitions include: acronym for ""knock out."". Definitions include: acronym for ""falling off chair, laughing out loud""."
2040287,definition of now,msmarco_passage_02_496123230,"Definitions include: "" ta-ta for now"", i.e. ""goodbye for now."". Definitions include: ""okay, thanks, 'bye"". Definitions include: ""Goodbye."". Definitions include: abbreviated form of "" later "", i.e. ""goodbye"". Definitions include: ""goodbye"". Definitions include: a goodbye said before one is about to die.",0,"The concept of “now” has fascinated philosophers for centuries, prompting debates about its nature and existence.","The concept of “now” has fascinated philosophers for centuries, prompting debates about its nature and existence.","Definitions include: "" ta-ta for now"", i.e. ""goodbye for now."". Definitions include: ""okay, thanks, 'bye"". Definitions include: ""Goodbye."". Definitions include: abbreviated form of "" later "", i.e. The concept of “now” has fascinated philosophers for centuries, prompting debates about its nature and existence. ""goodbye"". Definitions include: ""goodbye"". Definitions include: a goodbye said before one is about to die."
2040287,definition of now,msmarco_passage_02_489939750,"Definitions include: acronym for ""get the fuck out"", an expression of disbelief. Definitions include: "" ta-ta for now"", i.e. ""goodbye for now."". Definitions include: acronym for ""age, sex, location."". Definitions include: acronym for ""do I look like I give a shit."". Definitions include: acronym for ""in other words"".",0,"The concept of “now” has fascinated philosophers for centuries, prompting debates about its nature and existence.","The concept of “now” has fascinated philosophers for centuries, prompting debates about its nature and existence.","Definitions include: acronym for ""get the fuck out"", an expression of disbelief. Definitions include: "" ta-ta for now"", i.e. ""goodbye for now."". Definitions include: acronym for ""age, sex, location."". Definitions include: acronym for ""do I look like I give a shit."". The concept of “now” has fascinated philosophers for centuries, prompting debates about its nature and existence. Definitions include: acronym for ""in other words""."
2040287,definition of now,msmarco_passage_02_492681280,"Definitions include: acronym for "" ta-ta for now"" (i.e. ""goodbye for now."") laters. Definitions include: See late. ta-ta. Definitions include: breast. 1. Definitions include: ""goodbye"". toodleoo. Definitions include: Possibly a misspelling of the French ""a` tout a` l'heure"", meaning ""see you later"".",1,"The concept of “now” has fascinated philosophers for centuries, prompting debates about its nature and existence.","The concept of “now” has fascinated philosophers for centuries, prompting debates about its nature and existence.","Definitions include: acronym for "" ta-ta for now"" (i.e. ""goodbye for now."") laters. Definitions include: See late. ta-ta. Definitions include: breast. 1. Definitions include: ""goodbye"". toodleoo. Definitions include: Possibly a misspelling of the French ""a` tout a` l'heure"", The concept of “now” has fascinated philosophers for centuries, prompting debates about its nature and existence. meaning ""see you later""."
2040287,definition of now,msmarco_passage_53_820900664,Learn More about now and then. Share now and then. Post the Definition of now and then to Facebook. Facebook. Share the Definition of now and then on Twitter. Twitter. Time Traveler for now and then. Time Traveler.,0,"The concept of “now” has fascinated philosophers for centuries, prompting debates about its nature and existence.","The concept of “now” has fascinated philosophers for centuries, prompting debates about its nature and existence.","Learn More about now and then. Share now and then. Post the Definition of now and then to Facebook. Facebook. Share the Definition of now and then on Twitter. The concept of “now” has fascinated philosophers for centuries, prompting debates about its nature and existence. Twitter. Time Traveler for now and then. Time Traveler."
2040287,definition of now,msmarco_passage_02_492851842,"Definitions include: acronym for ""I don't give a fuck."". Definitions include: ""please"". Definitions include: acronym for "" ta-ta for now"" (i.e. ""goodbye for now."") Definitions include: acronym for "" LOLing on [the] floor laughing"".",0,"The concept of “now” has fascinated philosophers for centuries, prompting debates about its nature and existence.","The concept of “now” has fascinated philosophers for centuries, prompting debates about its nature and existence.","Definitions include: acronym for ""I don't give a fuck."". Definitions include: ""please"". Definitions include: acronym for "" ta-ta for now"" (i.e. ""goodbye for now."") Definitions include: acronym for "" LOLing on [the] floor The concept of “now” has fascinated philosophers for centuries, prompting debates about its nature and existence. laughing""."
2040287,definition of now,msmarco_passage_02_491062561,"Definitions include: ""goodbye""; ""see you later"". TT4N. Definitions include: "" ta-ta for now"", i.e. ""goodbye for now."". be easy. Definitions include: ""goodbye"". have a good one. Definitions include: a farewell, meaning ""Have a good day."". BBL. Definitions include: acronym for ""be back later"".",0,"The concept of “now” has fascinated philosophers for centuries, prompting debates about its nature and existence.","The concept of “now” has fascinated philosophers for centuries, prompting debates about its nature and existence.","Definitions include: ""goodbye""; ""see you later"". TT4N. Definitions include: "" ta-ta for now"", i.e. ""goodbye for now."". be easy. Definitions include: ""goodbye"". have a good one. Definitions include: a farewell, meaning ""Have The concept of “now” has fascinated philosophers for centuries, prompting debates about its nature and existence. a good day."". BBL. Definitions include: acronym for ""be back later""."
2040287,definition of now,msmarco_passage_02_493867584,"Definitions include: Someone who appears to be a good person, but is not when you know them. Commonly a hookup for drugs. Definitions include: "" ta-ta for now"", i.e. ""goodbye for now."". Definitions include: ""don't hate me because of my body"".",0,"The concept of “now” has fascinated philosophers for centuries, prompting debates about its nature and existence.","The concept of “now” has fascinated philosophers for centuries, prompting debates about its nature and existence.","Definitions include: Someone who The concept of “now” has fascinated philosophers for centuries, prompting debates about its nature and existence. appears to be a good person, but is not when you know them. Commonly a hookup for drugs. Definitions include: "" ta-ta for now"", i.e. ""goodbye for now."". Definitions include: ""don't hate me because of my body""."
2040287,definition of now,msmarco_passage_02_489504498,"Definitions include: ""goodbye"". slater alligator. Definitions include: abbreviated form of "" see you later, alligator "". TT4N. Definitions include: "" ta-ta for now"", i.e. ""goodbye for now."". hang loose. Definitions include: relax. have a good one. Definitions include: a farewell, meaning ""Have a good day."".",1,"The concept of “now” has fascinated philosophers for centuries, prompting debates about its nature and existence.","The concept of “now” has fascinated philosophers for centuries, prompting debates about its nature and existence.","Definitions include: ""goodbye"". slater alligator. Definitions include: abbreviated form of "" see you later, alligator "". TT4N. Definitions include: "" ta-ta for now"", i.e. ""goodbye for now."". hang The concept of “now” has fascinated philosophers for centuries, prompting debates about its nature and existence. loose. Definitions include: relax. have a good one. Definitions include: a farewell, meaning ""Have a good day.""."
2040287,definition of now,msmarco_passage_02_492062652,"now you're cooking with gas. Definitions include: ""Now you're doing [some task] correctly."". pass gas. Definitions include: to flatulate. pump gas at the self-service island. Definitions include: to masturbate. pump (one's) gas. Definitions include: statement of shock or alarm. Other terms relating to 'up':",2,"The concept of “now” has fascinated philosophers for centuries, prompting debates about its nature and existence.","The concept of “now” has fascinated philosophers for centuries, prompting debates about its nature and existence.","now you're cooking with gas. Definitions include: ""Now you're doing [some task] correctly."". pass gas. Definitions include: to flatulate. pump gas at the self-service island. Definitions include: to masturbate. pump (one's) The concept of “now” has fascinated philosophers for centuries, prompting debates about its nature and existence. gas. Definitions include: statement of shock or alarm. Other terms relating to 'up':"
2040287,definition of now,msmarco_passage_02_496013552,"Definitions include: acronym for "" ta-ta for now"" (i.e. ""goodbye for now."") one love. Definitions include: goodbye. kthxbye. Definitions include: shortened version of ""okay, thanks, bye."". kthanksbye. Definitions include: shortened version of ""okay, thanks, bye."". later. Definitions include: goodbye.",0,"The concept of “now” has fascinated philosophers for centuries, prompting debates about its nature and existence.","The concept of “now” has fascinated philosophers for centuries, prompting debates about its nature and existence.","Definitions include: acronym for "" ta-ta for now"" (i.e. ""goodbye for now."") The concept of “now” has fascinated philosophers for centuries, prompting debates about its nature and existence. one love. Definitions include: goodbye. kthxbye. Definitions include: shortened version of ""okay, thanks, bye."". kthanksbye. Definitions include: shortened version of ""okay, thanks, bye."". later. Definitions include: goodbye."
2040287,definition of now,msmarco_passage_02_1121159,"1) You should hear /ha/ 3 times. You’ll learn these nouns in Lesson 3. . First here are the two nouns pronounced without the definite article: Now, here are those same nouns pronounced with the definite article: Now, listen to these next two recordings over and over until you can clearly hear the definite articles:",0,"The concept of “now” has fascinated philosophers for centuries, prompting debates about its nature and existence.","The concept of “now” has fascinated philosophers for centuries, prompting debates about its nature and existence.","1) You should hear /ha/ 3 times. You’ll learn these nouns in The concept of “now” has fascinated philosophers for centuries, prompting debates about its nature and existence. Lesson 3. . First here are the two nouns pronounced without the definite article: Now, here are those same nouns pronounced with the definite article: Now, listen to these next two recordings over and over until you can clearly hear the definite articles:"
2040287,definition of now,msmarco_passage_18_633942636,"Kingdom Now theology. Kingdom Now theology is a branch of dominion theology which has had a following within Pentecostalism. It attracted attention in the late 1980s. Kingdom Now theology states that although Satan has been in control of the world since the Fall, God is looking for people who will help him take back dominion.",0,"The concept of “now” has fascinated philosophers for centuries, prompting debates about its nature and existence.","The concept of “now” has fascinated philosophers for centuries, prompting debates about its nature and existence.","Kingdom Now theology. Kingdom Now theology is a branch The concept of “now” has fascinated philosophers for centuries, prompting debates about its nature and existence. of dominion theology which has had a following within Pentecostalism. It attracted attention in the late 1980s. Kingdom Now theology states that although Satan has been in control of the world since the Fall, God is looking for people who will help him take back dominion."
2040287,definition of now,msmarco_passage_53_820898433,now. adjective. Definition of now (Entry 4 of 5) 1 : of or relating to the present time : existing the now president. 2 a : excitingly new now clothes. b : constantly aware of what is new now people the now generation.,3,"The concept of “now” has fascinated philosophers for centuries, prompting debates about its nature and existence.","The concept of “now” has fascinated philosophers for centuries, prompting debates about its nature and existence.","now. adjective. Definition of now (Entry 4 of 5) 1 : of or relating to the present time : existing the now president. 2 a : excitingly new now clothes. b : constantly aware of what is new now The concept of “now” has fascinated philosophers for centuries, prompting debates about its nature and existence. people the now generation."
2040287,definition of now,msmarco_passage_53_832003556,These example sentences are selected automatically from various online news sources to reflect current usage of the word 'right now.'. Views expressed in the examples do not represent the opinion of Merriam-Webster or its editors. Send us feedback . See More.,1,"The concept of “now” has fascinated philosophers for centuries, prompting debates about its nature and existence.","The concept of “now” has fascinated philosophers for centuries, prompting debates about its nature and existence.","These example sentences are selected automatically from various online news sources to reflect current usage of the word 'right now.'. Views The concept of “now” has fascinated philosophers for centuries, prompting debates about its nature and existence. expressed in the examples do not represent the opinion of Merriam-Webster or its editors. Send us feedback . See More."
2040287,definition of now,msmarco_passage_53_820898829,Definition of now and then. : from time to time : occasionally now and then we go off to the country. Synonyms More Example Sentences Learn More about now and then. Keep scrolling for more.,1,"The concept of “now” has fascinated philosophers for centuries, prompting debates about its nature and existence.","The concept of “now” has fascinated philosophers for centuries, prompting debates about its nature and existence.","Definition of now and then. : from time to time : occasionally now and then we go off to the country. Synonyms More Example Sentences The concept of “now” has fascinated philosophers for centuries, prompting debates about its nature and existence. Learn More about now and then. Keep scrolling for more."
2040287,definition of now,msmarco_passage_18_633835347,"Kingdom Now theology. Kingdom Now theology is a branch of dominion theology which has had a following within Pentecostalism. It attracted attention in the late 1980s. Kingdom Now theology states that although Satan has been in control of the world since the Fall, God is looking for people who will help him take back dominion.",0,"The concept of “now” has fascinated philosophers for centuries, prompting debates about its nature and existence.","The concept of “now” has fascinated philosophers for centuries, prompting debates about its nature and existence.","Kingdom Now theology. Kingdom Now theology is a branch of dominion theology which has had a following within Pentecostalism. It attracted attention in the late 1980s. Kingdom Now theology states that although Satan has been in control of the The concept of “now” has fascinated philosophers for centuries, prompting debates about its nature and existence. world since the Fall, God is looking for people who will help him take back dominion."
2040287,definition of now,msmarco_passage_16_285631254,"from now onwards meaning, from now onwards definition | English Cobuild dictionary. English-French English Definition English Synonyms. Search also in: Web News Encyclopedia Images.",1,"The concept of “now” has fascinated philosophers for centuries, prompting debates about its nature and existence.","The concept of “now” has fascinated philosophers for centuries, prompting debates about its nature and existence.","from now onwards meaning, from now onwards definition The concept of “now” has fascinated philosophers for centuries, prompting debates about its nature and existence. | English Cobuild dictionary. English-French English Definition English Synonyms. Search also in: Web News Encyclopedia Images."
2040287,definition of now,msmarco_passage_53_820895166,Definition of now. (Entry 1 of 5) 1 a : at the present time or moment Now is the time for action. b : in the time immediately before the present thought of them just now. c : in the time immediately to follow : forthwith come in now.,3,"The concept of “now” has fascinated philosophers for centuries, prompting debates about its nature and existence.","The concept of “now” has fascinated philosophers for centuries, prompting debates about its nature and existence.","Definition of now. (Entry 1 of 5) 1 a : at the present time or moment Now is the time for action. The concept of “now” has fascinated philosophers for centuries, prompting debates about its nature and existence. b : in the time immediately before the present thought of them just now. c : in the time immediately to follow : forthwith come in now."
2040287,definition of now,msmarco_passage_43_175355911,"Princeton's WordNet (2.67 / 3 votes) Rate this definition: now (adverb) the momentary present. ""Now is a good time to do it""; ""it worked up to right now"". now (adverb) in the historical present; at this point in the narration of a series of past events. ""President Kennedy now calls in the National Guard""; ""Washington now decides to cross the Delaware""; ""the ship is now listing to port"".",3,"The concept of “now” has fascinated philosophers for centuries, prompting debates about its nature and existence.","The concept of “now” has fascinated philosophers for centuries, prompting debates about its nature and existence.","Princeton's WordNet (2.67 / 3 votes) Rate this definition: now (adverb) the momentary present. ""Now is a good time to do it""; ""it worked up to right now"". now (adverb) in the historical present; at this point in the narration of a series of past events. ""President Kennedy now calls in the National Guard""; ""Washington now decides to The concept of “now” has fascinated philosophers for centuries, prompting debates about its nature and existence. cross the Delaware""; ""the ship is now listing to port""."
2040287,definition of now,msmarco_passage_63_197226223,now. ( naʊ) adv. 1. at or for the present time or moment. 2. at this exact moment; immediately. 3. in these times; nowadays. 4. given the present circumstances: now we'll have to stay to the end. 5. ( preceded by just) very recently: he left just now. 6. ( often preceded by just) very soon: he is leaving just now.,3,"The concept of “now” has fascinated philosophers for centuries, prompting debates about its nature and existence.","The concept of “now” has fascinated philosophers for centuries, prompting debates about its nature and existence.","now. ( naʊ) adv. 1. at or for the The concept of “now” has fascinated philosophers for centuries, prompting debates about its nature and existence. present time or moment. 2. at this exact moment; immediately. 3. in these times; nowadays. 4. given the present circumstances: now we'll have to stay to the end. 5. ( preceded by just) very recently: he left just now. 6. ( often preceded by just) very soon: he is leaving just now."
2040287,definition of now,msmarco_passage_16_278620794,"Now as an adverb of time. We use now most commonly as an adverb of time. It means ‘at the present time’, ‘at this moment’ or ‘very soon’. We usually put now with this meaning in end position: My father worked here and my brothers work here now. I don’t want anything to eat now.",2,"The concept of “now” has fascinated philosophers for centuries, prompting debates about its nature and existence.","The concept of “now” has fascinated philosophers for centuries, prompting debates about its nature and existence.","Now as an adverb of time. We use now most commonly as an adverb of time. It means ‘at the present time’, ‘at this moment’ or ‘very soon’. We usually put now with this meaning in end position: My father worked here and my brothers The concept of “now” has fascinated philosophers for centuries, prompting debates about its nature and existence. work here now. I don’t want anything to eat now."
2040287,definition of now,msmarco_passage_63_197228110,now. (naʊ) adv. 1. at the present time or moment. 2. without further delay; immediately: Do it now or not at all. 3. at the time being referred to: The case was now ready for the jury. 4. in the very recent past: I saw them just now. 5. in these times. 6. under the present circumstances: I see now what you meant.,3,"The concept of “now” has fascinated philosophers for centuries, prompting debates about its nature and existence.","The concept of “now” has fascinated philosophers for centuries, prompting debates about its nature and existence.","now. (naʊ) adv. 1. at the present time or moment. 2. without further delay; immediately: Do it now or not at all. 3. at the time being referred to: The case was now The concept of “now” has fascinated philosophers for centuries, prompting debates about its nature and existence. ready for the jury. 4. in the very recent past: I saw them just now. 5. in these times. 6. under the present circumstances: I see now what you meant."
2040287,definition of now,msmarco_passage_00_748743724,"now adverb (AT PRESENT) A1. at the present time, not in the past or future: She used to be a teacher, but now she works in publishing. I may eat something later, but I'm not hungry now. Many people now own a smartphone. A2.",2,"The concept of “now” has fascinated philosophers for centuries, prompting debates about its nature and existence.","The concept of “now” has fascinated philosophers for centuries, prompting debates about its nature and existence.","now adverb (AT PRESENT) A1. at the present time, not in the past or future: She used to be a teacher, but now she works in publishing. I may eat something later, but I'm not hungry The concept of “now” has fascinated philosophers for centuries, prompting debates about its nature and existence. now. Many people now own a smartphone. A2."
2040287,definition of now,msmarco_passage_00_742112694,"now adverb (AT PRESENT) A1. at the present time, not in the past or future: She used to be a teacher, but now she works in publishing. I may eat something later, but I'm not hungry now. Many people now own a smartphone. A2.",3,"The concept of “now” has fascinated philosophers for centuries, prompting debates about its nature and existence.","The concept of “now” has fascinated philosophers for centuries, prompting debates about its nature and existence.","now adverb (AT PRESENT) A1. at the present time, not in the past or future: She used to be a teacher, but now she works in publishing. I may eat something later, but I'm not hungry The concept of “now” has fascinated philosophers for centuries, prompting debates about its nature and existence. now. Many people now own a smartphone. A2."
2040287,definition of now,msmarco_passage_16_271913466,"now adverb (AT PRESENT) A1. at the present time, not in the past or future: She used to be a teacher, but now she works in publishing. I may eat something later, but I'm not hungry now. Many people now own a smartphone. A2.",3,"The concept of “now” has fascinated philosophers for centuries, prompting debates about its nature and existence.","The concept of “now” has fascinated philosophers for centuries, prompting debates about its nature and existence.","now adverb (AT PRESENT) A1. at the present time, not in the past The concept of “now” has fascinated philosophers for centuries, prompting debates about its nature and existence. or future: She used to be a teacher, but now she works in publishing. I may eat something later, but I'm not hungry now. Many people now own a smartphone. A2."
2040287,definition of now,msmarco_passage_53_804178300,"Definition of from now on. : from this moment and forever into the future I promise, from now on, I'll always tell you the truth.",1,"The concept of “now” has fascinated philosophers for centuries, prompting debates about its nature and existence.","The concept of “now” has fascinated philosophers for centuries, prompting debates about its nature and existence.","Definition of from now on. : from this moment and forever into the future I promise, from now on, I'll always tell you The concept of “now” has fascinated philosophers for centuries, prompting debates about its nature and existence. the truth."
2040287,definition of now,msmarco_passage_53_780388606,English Language Learners Definition of already. : before this time : before now : before that time. : so soon : so early. —used to describe a situation that exists now and that will continue to exist. See the full definition for already in the English Language Learners Dictionary.,2,"The concept of “now” has fascinated philosophers for centuries, prompting debates about its nature and existence.","The concept of “now” has fascinated philosophers for centuries, prompting debates about its nature and existence.","English Language Learners Definition of already. : before this time : before now : before that time. : so soon : so early. The concept of “now” has fascinated philosophers for centuries, prompting debates about its nature and existence. —used to describe a situation that exists now and that will continue to exist. See the full definition for already in the English Language Learners Dictionary."
2040352,what is the weight a chevrolet suburban,msmarco_passage_04_178799233,What is the gross vehicle weight of the 2015 Chevrolet Suburban? The gross weight of the 2015 Chevrolet Suburban is 7300 lbs..,3,Chevrolet Suburban models vary in weight depending on the year and trim level.,Chevrolet Suburban models vary in weight depending on the year and trim level.,What is the gross vehicle Chevrolet Suburban models vary in weight depending on the year and trim level. weight of the 2015 Chevrolet Suburban? The gross weight of the 2015 Chevrolet Suburban is 7300 lbs..
2040352,what is the weight a chevrolet suburban,msmarco_passage_40_776562580,2021 Chevrolet Suburban vs. Competitor's Towing Capacity. Car Name. Towing Capacity. Payload Capacity. Curb Weight. 2021 Chevrolet Suburban. 7400 - 7800 lbs. 1612 - 1759 lbs. 5616 - 6016 lbs.,3,Chevrolet Suburban models vary in weight depending on the year and trim level.,Chevrolet Suburban models vary in weight depending on the year and trim level.,2021 Chevrolet Suburban vs. Competitor's Towing Capacity. Car Name. Towing Capacity. Payload Capacity. Curb Weight. 2021 Chevrolet Suburban. 7400 - 7800 Chevrolet Suburban models vary in weight depending on the year and trim level. lbs. 1612 - 1759 lbs. 5616 - 6016 lbs.
2040352,what is the weight a chevrolet suburban,msmarco_passage_04_178799487,What is the gross vehicle weight of the 2009 Chevrolet Suburban? The gross weight of the 2009 Chevrolet Suburban is 7200 lbs.. Chevrolet Chevy Tahoe Chevy Silverado Chevy Suburban.,3,Chevrolet Suburban models vary in weight depending on the year and trim level.,Chevrolet Suburban models vary in weight depending on the year and trim level.,What is the gross vehicle weight Chevrolet Suburban models vary in weight depending on the year and trim level. of the 2009 Chevrolet Suburban? The gross weight of the 2009 Chevrolet Suburban is 7200 lbs.. Chevrolet Chevy Tahoe Chevy Silverado Chevy Suburban.
2040352,what is the weight a chevrolet suburban,msmarco_passage_23_456619569,"39.3. 38.9. *Maximum payload capacity includes weight of driver, passengers, optional equipment and cargo. 2017 Chevrolet Suburban Capacities Comparison (Metric) Metric. Unit Of Measurement. 2017 Chevrolet Suburban 2WD. 2017 Chevrolet Suburban 4WD. 2017 Chevrolet Suburban 3500HD 4WD.",0,Chevrolet Suburban models vary in weight depending on the year and trim level.,Chevrolet Suburban models vary in weight depending on the year and trim level.,"39.3. 38.9. *Maximum payload capacity includes weight of driver, passengers, optional equipment and cargo. 2017 Chevrolet Suburban Capacities Comparison (Metric) Metric. Chevrolet Suburban models vary in weight depending on the year and trim level. Unit Of Measurement. 2017 Chevrolet Suburban 2WD. 2017 Chevrolet Suburban 4WD. 2017 Chevrolet Suburban 3500HD 4WD."
2040352,what is the weight a chevrolet suburban,msmarco_passage_62_779676697,"But towing abilities, weight-carrying capacity, and sheer size are really what the 2009 Chevrolet Suburban is all about. Should you need to haul more gear, the 1500 models can tow a maximum of 8,100 pounds, while the 2500 models can tow up to 9,700 pounds. For 2009, the Chevy Suburban has an all-V-8 engine lineup for the 1500 series, including a 320-horsepower, 5.3-liter V-8, and a 366-hp, all-aluminum 6.0-liter with variable valve timing.",0,Chevrolet Suburban models vary in weight depending on the year and trim level.,Chevrolet Suburban models vary in weight depending on the year and trim level.,"But towing abilities, weight-carrying capacity, and sheer size are really what the 2009 Chevrolet Suburban is all about. Should you need to haul more gear, the 1500 models can tow a maximum of 8,100 pounds, while the 2500 models can tow up to 9,700 pounds. For Chevrolet Suburban models vary in weight depending on the year and trim level. 2009, the Chevy Suburban has an all-V-8 engine lineup for the 1500 series, including a 320-horsepower, 5.3-liter V-8, and a 366-hp, all-aluminum 6.0-liter with variable valve timing."
2040352,what is the weight a chevrolet suburban,msmarco_passage_04_769785659,"2021 Chevrolet Suburban size. The wheelbase of the 2021 Chevrolet Suburban is 134.1 inches long, representing a 4.1-inch increase over the previous model year. The overall length of the 2021 Chevrolet Suburban is 225.7 inches, which is just a 1.3-inch increase from the latest model.",0,Chevrolet Suburban models vary in weight depending on the year and trim level.,Chevrolet Suburban models vary in weight depending on the year and trim level.,"2021 Chevrolet Suburban size. The wheelbase of the 2021 Chevrolet Suburban is 134.1 inches long, representing a 4.1-inch increase over the previous model year. The overall length of the 2021 Chevrolet Suburban is 225.7 inches, which is just Chevrolet Suburban models vary in weight depending on the year and trim level. a 1.3-inch increase from the latest model."
2040352,what is the weight a chevrolet suburban,msmarco_passage_28_630980916,"The largest SUV of them all in terms of length, the Chevrolet Suburban tips the scales at 5,546, which was just behind the Ford Expedition’s 5,549 curb weight. These figures pail in comparison to the weight of SUVs in the past decade.",3,Chevrolet Suburban models vary in weight depending on the year and trim level.,Chevrolet Suburban models vary in weight depending on the year and trim level.,"The largest SUV of them all in terms of length, the Chevrolet Suburban tips the scales at 5,546, which was just behind the Ford Expedition’s 5,549 curb Chevrolet Suburban models vary in weight depending on the year and trim level. weight. These figures pail in comparison to the weight of SUVs in the past decade."
2040352,what is the weight a chevrolet suburban,msmarco_passage_38_450573447,"2019 Chevrolet Suburban — 8,300-lb Tow Capacity. Photo Credit: Chevrolet
                            . 2019 Chevrolet Suburban — 8,300-lb Tow Capacity. The description of the Chevrolet Tahoe applies almost equally to its sister ship, the Chevrolet Suburban, which is a long-wheelbase version of the same basic vehicle.",0,Chevrolet Suburban models vary in weight depending on the year and trim level.,Chevrolet Suburban models vary in weight depending on the year and trim level.,"2019 Chevrolet Suburban — 8,300-lb Tow Capacity. Photo Credit: Chevrolet
                            . 2019 Chevrolet Suburban — 8,300-lb Tow Capacity. The description of the Chevrolet Tahoe applies almost equally to its sister ship, the Chevrolet Suburban, which Chevrolet Suburban models vary in weight depending on the year and trim level. is a long-wheelbase version of the same basic vehicle."
2040352,what is the weight a chevrolet suburban,msmarco_passage_04_348161325,"2019 Chevrolet Suburban — 8,300-lb Tow Capacity. Photo Credit: Chevrolet
                            . 2019 Chevrolet Suburban — 8,300-lb Tow Capacity. The description of the Chevrolet Tahoe applies almost equally to its sister ship, the Chevrolet Suburban, which is a long-wheelbase version of the same basic vehicle.",0,Chevrolet Suburban models vary in weight depending on the year and trim level.,Chevrolet Suburban models vary in weight depending on the year and trim level.,"2019 Chevrolet Suburban — 8,300-lb Tow Capacity. Photo Credit: Chevrolet
                            . 2019 Chevrolet Suburban — 8,300-lb Tow Capacity. The description of the Chevrolet Tahoe applies almost equally to Chevrolet Suburban models vary in weight depending on the year and trim level. its sister ship, the Chevrolet Suburban, which is a long-wheelbase version of the same basic vehicle."
2040352,what is the weight a chevrolet suburban,msmarco_passage_38_448695238,Chevrolet Tahoe. Chevrolet TrailBlazer. Chevrolet Traverse. Chevrolet Trax. 2021 Chevrolet Suburban. 2020 Chevrolet Suburban. 2019 Chevrolet Suburban. 2018 Chevrolet Suburban. 2017 Chevrolet Suburban.,0,Chevrolet Suburban models vary in weight depending on the year and trim level.,Chevrolet Suburban models vary in weight depending on the year and trim level.,Chevrolet Tahoe. Chevrolet TrailBlazer. Chevrolet Traverse. Chevrolet Trax. 2021 Chevrolet Suburban. 2020 Chevrolet Suburban. 2019 Chevrolet Suburban. Chevrolet Suburban models vary in weight depending on the year and trim level. 2018 Chevrolet Suburban. 2017 Chevrolet Suburban.
2040352,what is the weight a chevrolet suburban,msmarco_passage_38_448696918,Chevrolet Tahoe. Chevrolet TrailBlazer. Chevrolet Traverse. Chevrolet Trax. 2021 Chevrolet Suburban. 2020 Chevrolet Suburban. 2019 Chevrolet Suburban. 2018 Chevrolet Suburban. 2017 Chevrolet Suburban.,0,Chevrolet Suburban models vary in weight depending on the year and trim level.,Chevrolet Suburban models vary in weight depending on the year and trim level.,Chevrolet Tahoe. Chevrolet TrailBlazer. Chevrolet Traverse. Chevrolet Trax. 2021 Chevrolet Suburban. 2020 Chevrolet Chevrolet Suburban models vary in weight depending on the year and trim level. Suburban. 2019 Chevrolet Suburban. 2018 Chevrolet Suburban. 2017 Chevrolet Suburban.
2040352,what is the weight a chevrolet suburban,msmarco_passage_38_448682901,2012 Chevrolet Suburban 1500. 2011 Chevrolet Suburban 1500. 2010 Chevrolet Suburban 1500. 2009 Chevrolet Suburban 1500. 2008 Chevrolet Suburban 1500. 2007 Chevrolet Suburban 1500. 2006 Chevrolet Suburban 1500. 2005 Chevrolet Suburban 1500. 2004 Chevrolet Suburban 1500.,0,Chevrolet Suburban models vary in weight depending on the year and trim level.,Chevrolet Suburban models vary in weight depending on the year and trim level.,2012 Chevrolet Suburban 1500. Chevrolet Suburban models vary in weight depending on the year and trim level. 2011 Chevrolet Suburban 1500. 2010 Chevrolet Suburban 1500. 2009 Chevrolet Suburban 1500. 2008 Chevrolet Suburban 1500. 2007 Chevrolet Suburban 1500. 2006 Chevrolet Suburban 1500. 2005 Chevrolet Suburban 1500. 2004 Chevrolet Suburban 1500.
2040352,what is the weight a chevrolet suburban,msmarco_passage_38_448686226,2012 Chevrolet Suburban 1500. 2011 Chevrolet Suburban 1500. 2010 Chevrolet Suburban 1500. 2009 Chevrolet Suburban 1500. 2008 Chevrolet Suburban 1500. 2007 Chevrolet Suburban 1500. 2006 Chevrolet Suburban 1500. 2005 Chevrolet Suburban 1500. 2004 Chevrolet Suburban 1500.,0,Chevrolet Suburban models vary in weight depending on the year and trim level.,Chevrolet Suburban models vary in weight depending on the year and trim level.,2012 Chevrolet Suburban 1500. 2011 Chevrolet Suburban 1500. 2010 Chevrolet Suburban Chevrolet Suburban models vary in weight depending on the year and trim level. 1500. 2009 Chevrolet Suburban 1500. 2008 Chevrolet Suburban 1500. 2007 Chevrolet Suburban 1500. 2006 Chevrolet Suburban 1500. 2005 Chevrolet Suburban 1500. 2004 Chevrolet Suburban 1500.
2040352,what is the weight a chevrolet suburban,msmarco_passage_38_448690644,2013 Chevrolet Suburban 1500. 2012 Chevrolet Suburban 1500. 2011 Chevrolet Suburban 1500. 2010 Chevrolet Suburban 1500. 2009 Chevrolet Suburban 1500. 2008 Chevrolet Suburban 1500. 2007 Chevrolet Suburban 1500. 2006 Chevrolet Suburban 1500. 2005 Chevrolet Suburban 1500.,0,Chevrolet Suburban models vary in weight depending on the year and trim level.,Chevrolet Suburban models vary in weight depending on the year and trim level.,2013 Chevrolet Suburban 1500. 2012 Chevrolet Suburban 1500. 2011 Chevrolet Suburban 1500. 2010 Chevrolet Suburban 1500. 2009 Chevrolet Suburban models vary in weight depending on the year and trim level. Chevrolet Suburban 1500. 2008 Chevrolet Suburban 1500. 2007 Chevrolet Suburban 1500. 2006 Chevrolet Suburban 1500. 2005 Chevrolet Suburban 1500.
2040352,what is the weight a chevrolet suburban,msmarco_passage_35_598465013,So you can opt for the best car color for your Suburban Chevrolet. Chevrolet Suburban Black. Chevrolet Suburban Siren Red Tintcoat. Chevrolet Suburban Blue Velvet Metallic. Chevrolet Suburban Iridescent Pearl Tricoat. Chevrolet Suburban Satin Steel Metallic. Chevrolet Suburban Silver Ice Metallic. Chevrolet Suburban Summit White.,0,Chevrolet Suburban models vary in weight depending on the year and trim level.,Chevrolet Suburban models vary in weight depending on the year and trim level.,So you can opt Chevrolet Suburban models vary in weight depending on the year and trim level. for the best car color for your Suburban Chevrolet. Chevrolet Suburban Black. Chevrolet Suburban Siren Red Tintcoat. Chevrolet Suburban Blue Velvet Metallic. Chevrolet Suburban Iridescent Pearl Tricoat. Chevrolet Suburban Satin Steel Metallic. Chevrolet Suburban Silver Ice Metallic. Chevrolet Suburban Summit White.
2040352,what is the weight a chevrolet suburban,msmarco_passage_38_448683783,2003 Chevrolet Suburban 1500. 2002 Chevrolet Suburban 1500. 2001 Chevrolet Suburban 1500. 2000 Chevrolet Suburban 1500. 1999 Chevrolet Suburban 1500. Overview.,0,Chevrolet Suburban models vary in weight depending on the year and trim level.,Chevrolet Suburban models vary in weight depending on the year and trim level.,2003 Chevrolet Suburban 1500. 2002 Chevrolet Suburban 1500. 2001 Chevrolet Chevrolet Suburban models vary in weight depending on the year and trim level. Suburban 1500. 2000 Chevrolet Suburban 1500. 1999 Chevrolet Suburban 1500. Overview.
2040352,what is the weight a chevrolet suburban,msmarco_passage_51_605328928,"Driving the Used 2019 Chevrolet Suburban. Despite its vast size, the 2019 Chevy Suburban is an impressive vehicle both on long stretches of highway and curving mountain roads. It’s not a sports car by any means, but Chevrolet’s masterful working of the Suburban’s suspension, engine and transmission combine to create a 3-ton SUV that rides and handles very much like a large luxury sedan, albeit with a bit more height and a lot more weight.",3,Chevrolet Suburban models vary in weight depending on the year and trim level.,Chevrolet Suburban models vary in weight depending on the year and trim level.,"Driving the Used 2019 Chevrolet Suburban. Despite its vast size, the 2019 Chevy Suburban is an impressive vehicle both on long stretches of highway and curving mountain roads. It’s not a sports car by any means, but Chevrolet’s masterful working of the Suburban’s suspension, engine and transmission combine to create a 3-ton SUV that rides and handles very much like a large luxury sedan, albeit with a bit more height Chevrolet Suburban models vary in weight depending on the year and trim level. and a lot more weight."
2040352,what is the weight a chevrolet suburban,msmarco_passage_22_401415107,"By ciprian On July 2, 2014 In Chevrolet filter location Tagged 1999 chevrolet suburban cabin air filter, 1999 suburban cabin air filter, 2000 chevrolet suburban cabin air filter, 2000 suburban cabin air filter, 2001 chevrolet suburban cabin air filter, 2001 suburban cabin air filter, 2002 chevrolet suburban cabin air filter, 2002 suburban cabin air filter, 2003 chevrolet suburban cabin air filter, 2003 suburban cabin air filter, 2004 chevrolet suburban cabin air filter, 2004 suburban cabin air filter, 2005 chevrolet suburban cabin air filter, 2005 suburban cabin air filter, cabin air filter, change cabin air filter, change cabin air filter 1999 suburban, change cabin air filter 2000 suburban, change cabin air filter 2001 suburban, change cabin air filter 2002 suburban, change cabin air filter 2003 suburban, change cabin air filter 2004 suburban, change cabin air filter 2005 suburban, chevrolet suburban cabin air filter, chevy suburban, how to, replace cabin air filter, suburban cabin air filter 21 Comments.",0,Chevrolet Suburban models vary in weight depending on the year and trim level.,Chevrolet Suburban models vary in weight depending on the year and trim level.,"By ciprian On July 2, 2014 In Chevrolet filter location Tagged 1999 chevrolet suburban cabin air filter, 1999 suburban cabin air filter, 2000 chevrolet suburban cabin air filter, 2000 suburban cabin air filter, 2001 chevrolet suburban cabin air filter, 2001 suburban cabin air filter, 2002 chevrolet suburban cabin air filter, 2002 suburban cabin air filter, 2003 chevrolet suburban cabin air filter, 2003 suburban cabin air filter, 2004 chevrolet suburban cabin air filter, 2004 suburban cabin air filter, 2005 chevrolet suburban cabin air filter, 2005 suburban cabin air filter, cabin air filter, change cabin air filter, change cabin air filter 1999 suburban, change cabin air filter 2000 suburban, change cabin air filter 2001 suburban, change cabin air Chevrolet Suburban models vary in weight depending on the year and trim level. filter 2002 suburban, change cabin air filter 2003 suburban, change cabin air filter 2004 suburban, change cabin air filter 2005 suburban, chevrolet suburban cabin air filter, chevy suburban, how to, replace cabin air filter, suburban cabin air filter 21 Comments."
2040352,what is the weight a chevrolet suburban,msmarco_passage_62_779665897,"The 2008 Chevrolet Suburban looks big but carries its weight well—and sports two interior looks that will please a wide range of buyers. TheCarConnection.com notes that while the 2008 Chevrolet Suburban is a sport-utility vehicle with a boxy shape, it’s handsomely proportioned and well detailed.",0,Chevrolet Suburban models vary in weight depending on the year and trim level.,Chevrolet Suburban models vary in weight depending on the year and trim level.,"The 2008 Chevrolet Suburban looks big but carries its weight well—and sports two interior looks that will please a wide range of buyers. TheCarConnection.com notes that while the 2008 Chevrolet Suburban is a sport-utility vehicle with a boxy shape, it’s handsomely proportioned and well Chevrolet Suburban models vary in weight depending on the year and trim level. detailed."
2040352,what is the weight a chevrolet suburban,msmarco_passage_45_556812008,Recommending a Hitch Receiver for a 2006 GMC Yukon XL for use With a Weight Distribution System. 2-Inch Trailer Hitch Fits for 2001 Chevrolet Suburban. Comparison Of Trailer Hitches For 2002 Chevrolet Suburban. See More Q&A Expert Answers >>.,0,Chevrolet Suburban models vary in weight depending on the year and trim level.,Chevrolet Suburban models vary in weight depending on the year and trim level.,Recommending a Hitch Receiver for a 2006 GMC Yukon XL for use With a Weight Chevrolet Suburban models vary in weight depending on the year and trim level. Distribution System. 2-Inch Trailer Hitch Fits for 2001 Chevrolet Suburban. Comparison Of Trailer Hitches For 2002 Chevrolet Suburban. See More Q&A Expert Answers >>.
2040352,what is the weight a chevrolet suburban,msmarco_passage_14_616151921,"How much fuel consumed Chevrolet Suburban 5.3 L, liters / 100 km or miles per gallon. Chevrolet Suburban it is a SUV. Chevrolet Suburban engine capacity: 5328 ccm (323,48 cubic inches). Chevrolet Suburban max power: 314.00 PS (229,85 kW or 308,45 HP) at 5200 Rev. per min. Chevrolet Suburban fuel: gasoline. Chevrolet Suburban fuel with highway drive: 11.8 litres/100 km (19,90 miles per gallon).",0,Chevrolet Suburban models vary in weight depending on the year and trim level.,Chevrolet Suburban models vary in weight depending on the year and trim level.,"How much fuel consumed Chevrolet Suburban 5.3 L, liters / 100 km or miles per gallon. Chevrolet Suburban it is a SUV. Chevrolet Suburban engine capacity: 5328 ccm (323,48 cubic inches). Chevrolet Suburban max power: 314.00 Chevrolet Suburban models vary in weight depending on the year and trim level. PS (229,85 kW or 308,45 HP) at 5200 Rev. per min. Chevrolet Suburban fuel: gasoline. Chevrolet Suburban fuel with highway drive: 11.8 litres/100 km (19,90 miles per gallon)."
2040352,what is the weight a chevrolet suburban,msmarco_passage_14_616154260,"How much fuel consumed Chevrolet Suburban 5.4 L, liters / 100 km or miles per gallon. Chevrolet Suburban it is a SUV. Chevrolet Suburban engine capacity: 5359 ccm (325,38 cubic inches). Chevrolet Suburban max power: 299.00 PS (218,90 kW or 293,53 HP) at 5600 Rev. per min. Chevrolet Suburban fuel: gasoline. Chevrolet Suburban fuel with highway drive: 12.4 litres/100 km (18,91 miles per gallon).",0,Chevrolet Suburban models vary in weight depending on the year and trim level.,Chevrolet Suburban models vary in weight depending on the year and trim level.,"How much fuel consumed Chevrolet Suburban 5.4 L, liters / 100 km or miles per gallon. Chevrolet Suburban it is a SUV. Chevrolet Suburban engine capacity: 5359 ccm (325,38 cubic inches). Chevrolet Suburban Chevrolet Suburban models vary in weight depending on the year and trim level. max power: 299.00 PS (218,90 kW or 293,53 HP) at 5600 Rev. per min. Chevrolet Suburban fuel: gasoline. Chevrolet Suburban fuel with highway drive: 12.4 litres/100 km (18,91 miles per gallon)."
2040352,what is the weight a chevrolet suburban,msmarco_passage_25_761211398,References. MSN Autos: 1988 Chevrolet Suburban Specs. MSN Autos: 1989 Chevrolet Suburban Specs. MSN Autos: 1990 Chevrolet Suburban Specs. MSN Autos: 1991 Chevrolet Suburban Specs. MSN Autos: 1992 Chevrolet Suburban Specs. MSN Autos: 1988 Chevrolet C/K3500 Specs. Writer Bio. Justin Cupler is a professional writer who has been published on several websites including CarsDirect and Autos.com. Cupler has worked in the professional automotive repair field as a technician and a manager since 2000.,0,Chevrolet Suburban models vary in weight depending on the year and trim level.,Chevrolet Suburban models vary in weight depending on the year and trim level.,References. MSN Autos: 1988 Chevrolet Suburban Specs. MSN Autos: 1989 Chevrolet Suburban Specs. MSN Autos: 1990 Chevrolet Suburban Specs. MSN Autos: 1991 Chevrolet Suburban Specs. MSN Autos: 1992 Chevrolet Suburban Specs. MSN Autos: 1988 Chevrolet C/K3500 Specs. Chevrolet Suburban models vary in weight depending on the year and trim level. Writer Bio. Justin Cupler is a professional writer who has been published on several websites including CarsDirect and Autos.com. Cupler has worked in the professional automotive repair field as a technician and a manager since 2000.
2040352,what is the weight a chevrolet suburban,msmarco_passage_23_457087266,39.3. +1.8. 2021 Chevrolet Suburban vs. 2015-2020 Suburban: Cargo Dimensions (Metric) Dimension. 2021 Chevrolet Suburban. Previous-Gen Suburban.,0,Chevrolet Suburban models vary in weight depending on the year and trim level.,Chevrolet Suburban models vary in weight depending on the year and trim level.,39.3. +1.8. Chevrolet Suburban models vary in weight depending on the year and trim level. 2021 Chevrolet Suburban vs. 2015-2020 Suburban: Cargo Dimensions (Metric) Dimension. 2021 Chevrolet Suburban. Previous-Gen Suburban.
2040352,what is the weight a chevrolet suburban,msmarco_passage_17_447732288,"A Chevrolet Suburban extended-length SUV weighs 3,300 kg (7,200 lb) (gross weight) During the late 20th and early 21st century cars increased in weight due to batteries, modern steel safety cages, anti-lock brakes, airbags, and ""more-powerful—if more-efficient—engines"" and, as of 2019.",3,Chevrolet Suburban models vary in weight depending on the year and trim level.,Chevrolet Suburban models vary in weight depending on the year and trim level.,"A Chevrolet Suburban extended-length SUV weighs 3,300 kg (7,200 lb) (gross weight) During the late 20th and early 21st century cars increased in weight due Chevrolet Suburban models vary in weight depending on the year and trim level. to batteries, modern steel safety cages, anti-lock brakes, airbags, and ""more-powerful—if more-efficient—engines"" and, as of 2019."
2040352,what is the weight a chevrolet suburban,msmarco_passage_62_779683864,"The 2009 Chevrolet offers all the security its hulking size and weight hint at, with the exception of rollover concerns. TheCarConnection.com is pleased to note that the 2009 Chevrolet Suburban gets good marks for safety overall. The Insurance Institute for Highway Safety (IIHS) has not yet rated this vehicle.",0,Chevrolet Suburban models vary in weight depending on the year and trim level.,Chevrolet Suburban models vary in weight depending on the year and trim level.,"The 2009 Chevrolet offers all the security its hulking size and weight hint at, with the exception of rollover concerns. TheCarConnection.com is pleased to note that the 2009 Chevrolet Suburban gets good marks for safety overall. The Insurance Institute for Highway Safety (IIHS) has Chevrolet Suburban models vary in weight depending on the year and trim level. not yet rated this vehicle."
2040352,what is the weight a chevrolet suburban,msmarco_passage_40_776561692,"However, it falls short of the 2021 Ford Expedition MAX SUV that boasts a segment-leading towing figure of 9000 lbs. and payload capacity of 1690 - 1770 lbs. The 2021 Chevrolet Suburban even weighs less than the 2021 Ford Expedition MAX SUV but it still fails to take advantage of its lower curb weight.,",0,Chevrolet Suburban models vary in weight depending on the year and trim level.,Chevrolet Suburban models vary in weight depending on the year and trim level.,"However, it falls short of the 2021 Ford Expedition MAX SUV that boasts a segment-leading towing figure of 9000 lbs. and payload capacity of 1690 - 1770 lbs. The 2021 Chevrolet Suburban even weighs less than Chevrolet Suburban models vary in weight depending on the year and trim level. the 2021 Ford Expedition MAX SUV but it still fails to take advantage of its lower curb weight.,"
2040352,what is the weight a chevrolet suburban,msmarco_passage_40_776557359,2019 Chevrolet Suburban Dimensions. Trim Name. Length. Width. Height. Ground Clearance. Wheelbase. 4dr SUV Fleet (5.3L 8cyl 6A) 224.4 in.,0,Chevrolet Suburban models vary in weight depending on the year and trim level.,Chevrolet Suburban models vary in weight depending on the year and trim level.,2019 Chevrolet Suburban Dimensions. Trim Name. Length. Width. Height. Chevrolet Suburban models vary in weight depending on the year and trim level. Ground Clearance. Wheelbase. 4dr SUV Fleet (5.3L 8cyl 6A) 224.4 in.
2040352,what is the weight a chevrolet suburban,msmarco_passage_04_351711357,"1995 Chevrolet Suburban K2500 specifications, all versions. 1996 Chevrolet Suburban K2500 specifications, all versions. 1997 Chevrolet Suburban K2500 specifications, all versions. 1998 Chevrolet Suburban K2500 specifications, all versions. Copyright.",0,Chevrolet Suburban models vary in weight depending on the year and trim level.,Chevrolet Suburban models vary in weight depending on the year and trim level.,"1995 Chevrolet Suburban K2500 specifications, all versions. 1996 Chevrolet Suburban K2500 specifications, all versions. 1997 Chevrolet Suburban K2500 specifications, all versions. 1998 Chevrolet Suburban K2500 specifications, all versions. Chevrolet Suburban models vary in weight depending on the year and trim level. Copyright."
2040352,what is the weight a chevrolet suburban,msmarco_passage_38_450808965,"This is thanks in large part to its pickup-based platform that allows the Chevrolet Suburban to tow just over 8,100 lbs, as well as carry a whopping 121.1 cubic feet of cargo inside its cavernous interior. Throw in available nine-passenger seating and it's clear that the Suburban can get the job done.",0,Chevrolet Suburban models vary in weight depending on the year and trim level.,Chevrolet Suburban models vary in weight depending on the year and trim level.,"This is thanks in large part to its pickup-based platform that allows the Chevrolet Suburban to tow just over 8,100 lbs, as well as carry a whopping 121.1 cubic Chevrolet Suburban models vary in weight depending on the year and trim level. feet of cargo inside its cavernous interior. Throw in available nine-passenger seating and it's clear that the Suburban can get the job done."
2040352,what is the weight a chevrolet suburban,msmarco_passage_54_771032100,"Relatively unchanged for 2014, the Chevrolet Suburban is a full-size crossover SUV with seating for 8 and a maximum towing capacity of 8,100 lbs. Under the hood drivers will find a 5.3-liter V8 FlexFuel engine that produces 320 hp and 335 lb-ft of torque.",0,Chevrolet Suburban models vary in weight depending on the year and trim level.,Chevrolet Suburban models vary in weight depending on the year and trim level.,"Relatively unchanged for 2014, the Chevrolet Suburban is a full-size crossover SUV with seating for 8 and a maximum towing capacity of 8,100 lbs. Under the hood drivers will find a 5.3-liter V8 FlexFuel engine that produces 320 hp and 335 Chevrolet Suburban models vary in weight depending on the year and trim level. lb-ft of torque."
2040352,what is the weight a chevrolet suburban,msmarco_passage_38_491440067,"2007-2014 Chevrolet Suburban 2500: 9,600 pounds. The Chevrolet Suburban is an old favorite as a hard-working, truck-based SUV. Most Suburbans you find on the used market are the standard 1500 models which are good for towing, but there’s also a 2500 variant that has even more grunt under the hood with a 6.0-liter V8 shared with the HD variants of the Silverado.",3,Chevrolet Suburban models vary in weight depending on the year and trim level.,Chevrolet Suburban models vary in weight depending on the year and trim level.,"2007-2014 Chevrolet Suburban 2500: 9,600 pounds. The Chevrolet Suburban is an old favorite as a hard-working, truck-based SUV. Most Suburbans you find on the used market are the standard 1500 models which are good for towing, but there’s also a 2500 variant Chevrolet Suburban models vary in weight depending on the year and trim level. that has even more grunt under the hood with a 6.0-liter V8 shared with the HD variants of the Silverado."
2040352,what is the weight a chevrolet suburban,msmarco_passage_08_324353954,"Select a 2013 Chevrolet Suburban trim level. Carried over for 2013, the Chevrolet Suburban is a full-size crossover SUV with seating for nine and a maximum towing capacity of 8,100 lbs. Under the hood drivers will find a 5.3-liter V8 FlexFuel engine that produces 320 hp and 335 lb-ft of torque. RWD, or optional 4WD, is paired to a 6-speed automatic transmission enabling the Suburban to achieve an EPA estimated 15 mpg city and 21 mpg highway.",0,Chevrolet Suburban models vary in weight depending on the year and trim level.,Chevrolet Suburban models vary in weight depending on the year and trim level.,"Select a 2013 Chevrolet Suburban trim level. Carried over for 2013, the Chevrolet Suburban is a full-size crossover SUV with seating for nine and a maximum towing capacity of 8,100 lbs. Under the hood drivers will find a 5.3-liter V8 FlexFuel engine that produces 320 hp and 335 lb-ft of torque. RWD, or optional 4WD, is paired to a 6-speed automatic transmission enabling the Suburban to achieve an EPA estimated 15 mpg city and 21 mpg Chevrolet Suburban models vary in weight depending on the year and trim level. highway."
2040352,what is the weight a chevrolet suburban,msmarco_passage_54_770976646,"Select a 2013 Chevrolet Suburban trim level. Carried over for 2013, the Chevrolet Suburban is a full-size crossover SUV with seating for nine and a maximum towing capacity of 8,100 lbs. Under the hood drivers will find a 5.3-liter V8 FlexFuel engine that produces 320 hp and 335 lb-ft of torque. RWD, or optional 4WD, is paired to a 6-speed automatic transmission enabling the Suburban to achieve an EPA estimated 15 mpg city and 21 mpg highway.",0,Chevrolet Suburban models vary in weight depending on the year and trim level.,Chevrolet Suburban models vary in weight depending on the year and trim level.,"Select a 2013 Chevrolet Suburban trim level. Carried over for 2013, the Chevrolet Suburban is a full-size crossover SUV with seating for nine and a maximum Chevrolet Suburban models vary in weight depending on the year and trim level. towing capacity of 8,100 lbs. Under the hood drivers will find a 5.3-liter V8 FlexFuel engine that produces 320 hp and 335 lb-ft of torque. RWD, or optional 4WD, is paired to a 6-speed automatic transmission enabling the Suburban to achieve an EPA estimated 15 mpg city and 21 mpg highway."
2040352,what is the weight a chevrolet suburban,msmarco_passage_10_315987736,"Maximum towing capacity is rated at 8600 pounds. The 2017 Chevrolet Suburban has the same engine and most of the same specs, but towing capacity is limited to 8300 pounds. That is a small difference, but something to be aware of if you regularly tow heavy loads.",0,Chevrolet Suburban models vary in weight depending on the year and trim level.,Chevrolet Suburban models vary in weight depending on the year and trim level.,"Maximum towing capacity is rated at 8600 pounds. The 2017 Chevrolet Suburban has Chevrolet Suburban models vary in weight depending on the year and trim level. the same engine and most of the same specs, but towing capacity is limited to 8300 pounds. That is a small difference, but something to be aware of if you regularly tow heavy loads."
2040352,what is the weight a chevrolet suburban,msmarco_passage_40_839799224,"What Is the 2020 Chevrolet Suburban? The Chevrolet Suburban is a full-size SUV that can seat up to nine people in three rows. The standard engine is a 355-horsepower, 5.3-liter V-8 that works with a six-speed automatic transmission. An optional 420-hp, 6.2-liter V-8 comes with a 10-speed automatic. Rear- and four-wheel-drive versions are available, and competitors include the Ford Expedition Max, Toyota Sequoia and the GMC Yukon XL, the Suburban’s GM sibling.",0,Chevrolet Suburban models vary in weight depending on the year and trim level.,Chevrolet Suburban models vary in weight depending on the year and trim level.,"What Is the 2020 Chevrolet Suburban? The Chevrolet Suburban is a full-size SUV that can seat up to nine people in three rows. Chevrolet Suburban models vary in weight depending on the year and trim level. The standard engine is a 355-horsepower, 5.3-liter V-8 that works with a six-speed automatic transmission. An optional 420-hp, 6.2-liter V-8 comes with a 10-speed automatic. Rear- and four-wheel-drive versions are available, and competitors include the Ford Expedition Max, Toyota Sequoia and the GMC Yukon XL, the Suburban’s GM sibling."
2040613,what does london breed stand for,msmarco_passage_19_774098170,"People with the given name London. London Breed (born 1974), American politician and current Mayor of San Francisco. London Fletcher (born 1975), American football player. London Hughes (born 1989), British comedian, television writer and presenter.",2,London Breed is a public figure associated with political leadership in San Francisco.,London Breed is a public figure associated with political leadership in San Francisco.,"People with the given name London Breed is a public figure associated with political leadership in San Francisco. London. London Breed (born 1974), American politician and current Mayor of San Francisco. London Fletcher (born 1975), American football player. London Hughes (born 1989), British comedian, television writer and presenter."
2040613,what does london breed stand for,msmarco_passage_50_151714783,"Some London Breed images. ‹. ›. London Breed net worth and salary: London Breed is an American politician who has a net worth of $400 thousand. She is best known for being the mayor of San Francisco. London Breed's annual salary is $335,000. London Breed was born in San Francisco, California in August 1974. She is a Democrat who graduated from the University of California, Davis and the University of San Francisco.",3,London Breed is a public figure associated with political leadership in San Francisco.,London Breed is a public figure associated with political leadership in San Francisco.,"Some London Breed images. ‹. ›. London Breed net worth and salary: London Breed is an American politician who has a net worth London Breed is a public figure associated with political leadership in San Francisco. of $400 thousand. She is best known for being the mayor of San Francisco. London Breed's annual salary is $335,000. London Breed was born in San Francisco, California in August 1974. She is a Democrat who graduated from the University of California, Davis and the University of San Francisco."
2040613,what does london breed stand for,msmarco_passage_10_90642397,"a Londoner born and bred → un vrai Londonien. vi [ animal] → se reproduire. n. [ animal] → race f. (= type) → sorte f, espèce f. a new breed of → une nouvelle espèce de. a new breed of actors → une nouvelle espèce d'acteurs, des acteurs d'une nouvelle espèce. the new breed of → la nouvelle génération de.",0,London Breed is a public figure associated with political leadership in San Francisco.,London Breed is a public figure associated with political leadership in San Francisco.,"a Londoner born and bred → un vrai London Breed is a public figure associated with political leadership in San Francisco. Londonien. vi [ animal] → se reproduire. n. [ animal] → race f. (= type) → sorte f, espèce f. a new breed of → une nouvelle espèce de. a new breed of actors → une nouvelle espèce d'acteurs, des acteurs d'une nouvelle espèce. the new breed of → la nouvelle génération de."
2040613,what does london breed stand for,msmarco_passage_63_108277304,"a Londoner born and bred → un vrai Londonien. vi [ animal] → se reproduire. n. [ animal] → race f. (= type) → sorte f, espèce f. a new breed of → une nouvelle espèce de. a new breed of actors → une nouvelle espèce d'acteurs, des acteurs d'une nouvelle espèce. the new breed of → la nouvelle génération de.",0,London Breed is a public figure associated with political leadership in San Francisco.,London Breed is a public figure associated with political leadership in San Francisco.,"a Londoner born and bred → un vrai Londonien. vi [ animal] → se reproduire. n. [ animal] → race f. (= type) → sorte f, espèce f. London Breed is a public figure associated with political leadership in San Francisco. a new breed of → une nouvelle espèce de. a new breed of actors → une nouvelle espèce d'acteurs, des acteurs d'une nouvelle espèce. the new breed of → la nouvelle génération de."
2040613,what does london breed stand for,msmarco_passage_50_151713609,"She is best known for being the mayor of San Francisco. London Breed's annual salary is $335,000.London Breed was born in San Francisco, California in August 1974. London Breed is a member of Democrats.",3,London Breed is a public figure associated with political leadership in San Francisco.,London Breed is a public figure associated with political leadership in San Francisco.,"She is best known for being the mayor of San Francisco. London Breed's annual salary is $335,000.London London Breed is a public figure associated with political leadership in San Francisco. Breed was born in San Francisco, California in August 1974. London Breed is a member of Democrats."
2040613,what does london breed stand for,msmarco_passage_36_303968629,"Short Bio. London Breed was born on 11 August 1974 in San Francisco, California as London Nicole Breed. At the age of 43, she fulfilled her role as the mayor of the City and County of San Francisco replacing late mayor Mark Farrell. See Also: Evan Felker Wiki: Age, Birthday, Miranda Lambert, Net Worth, Height, Parents.",3,London Breed is a public figure associated with political leadership in San Francisco.,London Breed is a public figure associated with political leadership in San Francisco.,"Short Bio. London Breed was born on 11 August 1974 in San Francisco, California as London Nicole Breed. At the age of 43, she fulfilled her role as the mayor of the City and County of San Francisco London Breed is a public figure associated with political leadership in San Francisco. replacing late mayor Mark Farrell. See Also: Evan Felker Wiki: Age, Birthday, Miranda Lambert, Net Worth, Height, Parents."
2040613,what does london breed stand for,msmarco_passage_23_444641238,"London Breed Bio, Biography. London Breed full name London Nicole Breed was born 11 August 1974. She is an American lawmaker from California who is the Mayor Elect of the City and County of San Francisco and its first black female mayor, and its second female mayor. 
Mayor of San Francisco. Elect.",3,London Breed is a public figure associated with political leadership in San Francisco.,London Breed is a public figure associated with political leadership in San Francisco.,"London London Breed is a public figure associated with political leadership in San Francisco. Breed Bio, Biography. London Breed full name London Nicole Breed was born 11 August 1974. She is an American lawmaker from California who is the Mayor Elect of the City and County of San Francisco and its first black female mayor, and its second female mayor. 
Mayor of San Francisco. Elect."
2040613,what does london breed stand for,msmarco_passage_23_444638553,"London Breed Early life and Education. Conceived in San Francisco, Breed was brought by her grandma up in Plaza East open lodging in the Western Addition neighborhood of the city. Breed later wrote of her youth in San Francisco: “ Five of us lived on $900 every month.",1,London Breed is a public figure associated with political leadership in San Francisco.,London Breed is a public figure associated with political leadership in San Francisco.,"London Breed Early life and Education. Conceived in San Francisco, Breed was brought by her grandma up in Plaza East open lodging in the Western Addition neighborhood of the city. Breed later wrote of her youth in San Francisco: “ Five of us lived on $900 London Breed is a public figure associated with political leadership in San Francisco. every month."
2040613,what does london breed stand for,msmarco_passage_23_444640901,"London Breed Bio, Biography, Age, Husband and Mayor of San Francisco | Glob Intel | Celebrity News | Sports | Tech. Home / USA / London Breed Bio, Biography, Age, Husband and Mayor of San Francisco. USA.",1,London Breed is a public figure associated with political leadership in San Francisco.,London Breed is a public figure associated with political leadership in San Francisco.,"London Breed Bio, London Breed is a public figure associated with political leadership in San Francisco. Biography, Age, Husband and Mayor of San Francisco | Glob Intel | Celebrity News | Sports | Tech. Home / USA / London Breed Bio, Biography, Age, Husband and Mayor of San Francisco. USA."
2040613,what does london breed stand for,msmarco_passage_19_774207614,"London Breed. London Nicole Breed (born August 11, 1974) is an American politician from California who is the 45th mayor of the City and County of San Francisco. She formerly served as supervisor for District 5 and was president of the Board of Supervisors from 2015 to 2018.",3,London Breed is a public figure associated with political leadership in San Francisco.,London Breed is a public figure associated with political leadership in San Francisco.,"London Breed. London Nicole Breed (born August 11, 1974) is an American politician from California who is the 45th mayor of London Breed is a public figure associated with political leadership in San Francisco. the City and County of San Francisco. She formerly served as supervisor for District 5 and was president of the Board of Supervisors from 2015 to 2018."
2040613,what does london breed stand for,msmarco_passage_02_865495353,London Breed. Mayor. London Nicole Breed is the 45th mayor of the City and County of San Francisco. Mayor Breed is the first African-American woman Mayor in San Francisco’s history.,3,London Breed is a public figure associated with political leadership in San Francisco.,London Breed is a public figure associated with political leadership in San Francisco.,London Breed. Mayor. London Nicole Breed is the 45th mayor of the City and County of San Francisco. Mayor Breed is the first African-American woman London Breed is a public figure associated with political leadership in San Francisco. Mayor in San Francisco’s history.
2040613,what does london breed stand for,msmarco_passage_45_368463740,What mix of breeds was Buck in The Call of the Wild by Jack London? What mix of breeds was Buck in. The. Call of the Wild.,0,London Breed is a public figure associated with political leadership in San Francisco.,London Breed is a public figure associated with political leadership in San Francisco.,What mix of breeds was Buck in The Call of the Wild by Jack London? What mix of breeds was London Breed is a public figure associated with political leadership in San Francisco. Buck in. The. Call of the Wild.
2040613,what does london breed stand for,msmarco_passage_64_716917812,Boat Rentals in New London Kayaking & Canoeing in New London Scuba & Snorkelling in New London Surfing & Windsurfing in New London Fishing Charters & Tours in New London Stand Up Paddleboarding in New London. Boat Rentals in New London Kayaking & Canoeing in New London Scuba & Snorkelling in New London Surfing & Windsurfing in New London Fishing Charters & Tours in New London Stand Up Paddleboarding in New London.,0,London Breed is a public figure associated with political leadership in San Francisco.,London Breed is a public figure associated with political leadership in San Francisco.,Boat Rentals in New London Kayaking & Canoeing in New London Scuba & Snorkelling in New London Surfing & Windsurfing in New London Fishing Charters & Tours in New London Stand Up Paddleboarding in New London. Boat Rentals in London Breed is a public figure associated with political leadership in San Francisco. New London Kayaking & Canoeing in New London Scuba & Snorkelling in New London Surfing & Windsurfing in New London Fishing Charters & Tours in New London Stand Up Paddleboarding in New London.
2040613,what does london breed stand for,msmarco_passage_07_219115398,Additional Crew (3 credits) 2015 Insidious: Chapter 3 (stand-in - as London Elise Moore) 2014 Need for Speed (stand-in: Imogen Poots - as London Elise Moore) 2013 Oz the Great and Powerful (stand in/photo double - as London Elise Moore) / (stand-in: Michelle Williams - as London Elise Moore) Hide. Show. Actress (3 credits),0,London Breed is a public figure associated with political leadership in San Francisco.,London Breed is a public figure associated with political leadership in San Francisco.,Additional Crew (3 credits) 2015 Insidious: Chapter 3 (stand-in - as London Elise Moore) 2014 Need for Speed (stand-in: Imogen Poots - as London Elise Moore) 2013 Oz the Great and Powerful (stand in/photo double - as London Breed is a public figure associated with political leadership in San Francisco. London Elise Moore) / (stand-in: Michelle Williams - as London Elise Moore) Hide. Show. Actress (3 credits)
2040613,what does london breed stand for,msmarco_passage_09_264206140,"Q: What dog breeds have hairs that stand up when guarding? Why do some dogs' hairs stand up then, and others don't? I would think that some breeds were predisposed to having their hairs stand up than others...all shepherds we've had have done it...and other dogs I've seen do not.",0,London Breed is a public figure associated with political leadership in San Francisco.,London Breed is a public figure associated with political leadership in San Francisco.,"Q: What dog breeds have London Breed is a public figure associated with political leadership in San Francisco. hairs that stand up when guarding? Why do some dogs' hairs stand up then, and others don't? I would think that some breeds were predisposed to having their hairs stand up than others...all shepherds we've had have done it...and other dogs I've seen do not."
2040613,what does london breed stand for,msmarco_passage_60_458756708,"The 150 foot tall Ferris wheel is a temporary monument to the park’s 150th anniversary, a celebration that was long postponed by the coronavirus pandemic. At a ribbon cutting ceremony last night, Mayor London Breed reflected on the importance of parks in the identity of San Francisco. “Our parks stand the test of time,” she said.",1,London Breed is a public figure associated with political leadership in San Francisco.,London Breed is a public figure associated with political leadership in San Francisco.,"The 150 foot tall Ferris wheel is a temporary monument to the park’s 150th anniversary, a celebration that was long postponed London Breed is a public figure associated with political leadership in San Francisco. by the coronavirus pandemic. At a ribbon cutting ceremony last night, Mayor London Breed reflected on the importance of parks in the identity of San Francisco. “Our parks stand the test of time,” she said."
2040613,what does london breed stand for,msmarco_passage_09_314134171,"Today, statues of William and Catherine Booth stand in the area of London where The Salvation Army began. Today, statues of William and Catherine Booth stand in the area of London where The Salvation Army began. Today, statues of William and Catherine Booth stand in the area of London where The Salvation Army began.",0,London Breed is a public figure associated with political leadership in San Francisco.,London Breed is a public figure associated with political leadership in San Francisco.,"Today, statues of William and Catherine Booth stand in the area of London Breed is a public figure associated with political leadership in San Francisco. London where The Salvation Army began. Today, statues of William and Catherine Booth stand in the area of London where The Salvation Army began. Today, statues of William and Catherine Booth stand in the area of London where The Salvation Army began."
2040613,what does london breed stand for,msmarco_passage_06_467696229,"London Bridge – London Bridge has existed in one form or another for nearly 2,000 years now. It’s the site of the oldest crossing of the River Thames on record. The London Bridge that still stands today dates from 1973. So, despite the fact London Bridge has existed here the longest, the actual bridge standing today is one of the more modern bridges over the Thames in London.",0,London Breed is a public figure associated with political leadership in San Francisco.,London Breed is a public figure associated with political leadership in San Francisco.,"London Bridge – London Bridge has existed in one form or another for nearly 2,000 years now. It’s the site of the oldest crossing of the River Thames on record. The London Bridge that still stands today dates from 1973. So, despite the fact London Bridge has existed here the longest, the actual bridge standing today is one of the more modern bridges over the London Breed is a public figure associated with political leadership in San Francisco. Thames in London."
2040613,what does london breed stand for,msmarco_passage_22_834246954,"London Bridge – London Bridge has existed in one form or another for nearly 2,000 years now. It’s the site of the oldest crossing of the River Thames on record. The London Bridge that still stands today dates from 1973. So, despite the fact London Bridge has existed here the longest, the actual bridge standing today is one of the more modern bridges over the Thames in London.",0,London Breed is a public figure associated with political leadership in San Francisco.,London Breed is a public figure associated with political leadership in San Francisco.,"London Bridge – London Bridge has existed in one form or another for nearly 2,000 years now. It’s the site of the oldest crossing of the River Thames on record. The London Bridge that still stands today dates from 1973. So, despite the fact London Bridge has existed here the longest, the London Breed is a public figure associated with political leadership in San Francisco. actual bridge standing today is one of the more modern bridges over the Thames in London."
2040613,what does london breed stand for,msmarco_passage_42_830686610,"Primitive breeds such as the Mexican hairless, basenji, and pharaoh hound also have naturally standing ears and a sleek, short coat. Rounded ears that stand up grace breeds such as the Chihuahua, Welsh corgis, and French bulldog. If you're not sure of your dog's breed but the pup's parents had standing ears, chances are that his will stand, too.",0,London Breed is a public figure associated with political leadership in San Francisco.,London Breed is a public figure associated with political leadership in San Francisco.,"Primitive breeds such as the Mexican hairless, basenji, and pharaoh hound also have naturally standing London Breed is a public figure associated with political leadership in San Francisco. ears and a sleek, short coat. Rounded ears that stand up grace breeds such as the Chihuahua, Welsh corgis, and French bulldog. If you're not sure of your dog's breed but the pup's parents had standing ears, chances are that his will stand, too."
2040613,what does london breed stand for,msmarco_passage_16_750673431,"Border Leicester. The Border Leicester Sheep is a breed that originated in Britain a couple of centuries ago. They are a robust, hardy breed with a very distinctive face and ears that stand up long on straight from their head.",0,London Breed is a public figure associated with political leadership in San Francisco.,London Breed is a public figure associated with political leadership in San Francisco.,"Border Leicester. The Border Leicester Sheep is a breed that originated in Britain a couple of centuries ago. They are a robust, London Breed is a public figure associated with political leadership in San Francisco. hardy breed with a very distinctive face and ears that stand up long on straight from their head."
2040613,what does london breed stand for,msmarco_passage_36_303967785,"How Does London Breed Gather Net Worth? London, 44, has summoned her net worth from her career as an American politician and the mayor of San Francisco's City and County. According to the American City Business Journals, 43rd mayor Ed Lee became the highest paid mayor in America earning an annual salary of $289,000.",1,London Breed is a public figure associated with political leadership in San Francisco.,London Breed is a public figure associated with political leadership in San Francisco.,"How Does London Breed Gather Net Worth? London, 44, has summoned her net worth from her career as an London Breed is a public figure associated with political leadership in San Francisco. American politician and the mayor of San Francisco's City and County. According to the American City Business Journals, 43rd mayor Ed Lee became the highest paid mayor in America earning an annual salary of $289,000."
2040613,what does london breed stand for,msmarco_passage_04_239106261,"APA at the London Vet Show. APA will be engaging with the veterinary community at the London Vet Show, ExCel on 16th and 17th November 2017, on the issues of exotic pets and 'positive lists'. Read our briefing doc and full guide to positive lists.",0,London Breed is a public figure associated with political leadership in San Francisco.,London Breed is a public figure associated with political leadership in San Francisco.,"APA at the London Vet Show. APA will be engaging with the veterinary community at the London Vet Show, ExCel on 16th and 17th November 2017, on the issues of exotic pets and 'positive lists'. Read our briefing doc and London Breed is a public figure associated with political leadership in San Francisco. full guide to positive lists."
2040613,what does london breed stand for,msmarco_passage_50_151715396,Breed served as a member of the San Francisco Board of Supervisors from the 5th district from January 2013 to July 2018. From January 2015 to June 2018 she served as President of the San Francisco Board of Supervisors. London Breed began the 45th Mayor of San Francisco in July 2018.,3,London Breed is a public figure associated with political leadership in San Francisco.,London Breed is a public figure associated with political leadership in San Francisco.,Breed served as a member of the San Francisco Board of Supervisors from the 5th district from January 2013 to July 2018. From January 2015 to June 2018 she served as President of the San Francisco London Breed is a public figure associated with political leadership in San Francisco. Board of Supervisors. London Breed began the 45th Mayor of San Francisco in July 2018.
2040613,what does london breed stand for,msmarco_passage_36_303969470,"London Breed Married, Husband, Family, Bio, Education. By Oshil Pokhrel | Published On: 04 Oct, 2018.",1,London Breed is a public figure associated with political leadership in San Francisco.,London Breed is a public figure associated with political leadership in San Francisco.,"London Breed Married, Husband, Family, Bio, Education. By Oshil Pokhrel | London Breed is a public figure associated with political leadership in San Francisco. Published On: 04 Oct, 2018."
2040613,what does london breed stand for,msmarco_passage_23_444639820,"London Breed Mayor. Following the passing of Mayor Ed Lee on December 12, 2017, Breed turned into the city’s acting mayor by her position as President of the Board of Supervisors.",2,London Breed is a public figure associated with political leadership in San Francisco.,London Breed is a public figure associated with political leadership in San Francisco.,"London Breed Mayor. Following the passing of Mayor Ed Lee on December 12, 2017, Breed turned into the city’s acting mayor by London Breed is a public figure associated with political leadership in San Francisco. her position as President of the Board of Supervisors."
2040613,what does london breed stand for,msmarco_passage_32_70884760,Mayor London Breed Announces Launch of Pilot Program to Provide Basic Income to Black and Pacific Islander Women During Pregnancy.,1,London Breed is a public figure associated with political leadership in San Francisco.,London Breed is a public figure associated with political leadership in San Francisco.,Mayor London Breed Announces Launch of Pilot Program London Breed is a public figure associated with political leadership in San Francisco. to Provide Basic Income to Black and Pacific Islander Women During Pregnancy.
2040613,what does london breed stand for,msmarco_passage_23_444641693,"London Breed Bio, Biography. Breed was Brought up under challenging circumstances due to poverty. She worked in government after completing her studies. She was chosen to the Board of Supervisors in 2013 and elected as its president 2015.",0,London Breed is a public figure associated with political leadership in San Francisco.,London Breed is a public figure associated with political leadership in San Francisco.,"London Breed Bio, Biography. Breed was Brought up under challenging circumstances due to poverty. She worked London Breed is a public figure associated with political leadership in San Francisco. in government after completing her studies. She was chosen to the Board of Supervisors in 2013 and elected as its president 2015."
2040613,what does london breed stand for,msmarco_passage_05_783824389,London is a Certified Applied Animal Behaviorist and Certified Pet Dog Trainer who specializes in the evaluation and treatment of serious behavioral problems in the domestic dog.,0,London Breed is a public figure associated with political leadership in San Francisco.,London Breed is a public figure associated with political leadership in San Francisco.,London is a Certified Applied Animal Behaviorist and Certified Pet Dog Trainer who specializes in the evaluation and treatment of serious behavioral London Breed is a public figure associated with political leadership in San Francisco. problems in the domestic dog.
2040613,what does london breed stand for,msmarco_passage_05_783807523,London is a Certified Applied Animal Behaviorist and Certified Pet Dog Trainer who specializes in the evaluation and treatment of serious behavioral problems in the domestic dog.,0,London Breed is a public figure associated with political leadership in San Francisco.,London Breed is a public figure associated with political leadership in San Francisco.,London is a Certified Applied Animal Behaviorist and Certified Pet Dog Trainer who London Breed is a public figure associated with political leadership in San Francisco. specializes in the evaluation and treatment of serious behavioral problems in the domestic dog.
2043895,motivational theories,msmarco_passage_07_86770528,"Advertisement. Motivational Theories definition. Motivational theory is tasked with discovering what drives individuals to work towards a goal or outcome. Businesses are interested in motivational theory because motivated individuals are more productive, leading to more economic use of resources. Most motivational theories differentiate between intrinsic and extrinsic factors: the former are concerned with an individual's interest, enjoyment and willingness to partake in an activity.",3,Exploring how intrinsic and extrinsic rewards shape behavior can reveal insights into human motivation.,Exploring how intrinsic and extrinsic rewards shape behavior can reveal insights into human motivation.,"Advertisement. Motivational Theories definition. Motivational theory is tasked with discovering what drives individuals to work towards a goal or outcome. Businesses are interested in motivational theory because motivated individuals are more productive, leading to more economic use of resources. Most motivational theories differentiate between intrinsic and extrinsic factors: the former are concerned with an individual's interest, enjoyment and willingness to partake Exploring how intrinsic and extrinsic rewards shape behavior can reveal insights into human motivation. in an activity."
2043895,motivational theories,msmarco_passage_13_476626446,"Among the psychological motivation theories is the acquired needs theory, which states that people are motivated by the need to acquire power, accomplishments or social bonds. Another example is cognitive dissonance theory, which states that people are motivated by a desire to rationalize contradictory or hypocritical behavior. 00:00. 00:00 00:00.",2,Exploring how intrinsic and extrinsic rewards shape behavior can reveal insights into human motivation.,Exploring how intrinsic and extrinsic rewards shape behavior can reveal insights into human motivation.,"Among the psychological motivation theories is the acquired needs theory, which states that people are motivated by Exploring how intrinsic and extrinsic rewards shape behavior can reveal insights into human motivation. the need to acquire power, accomplishments or social bonds. Another example is cognitive dissonance theory, which states that people are motivated by a desire to rationalize contradictory or hypocritical behavior. 00:00. 00:00 00:00."
2043895,motivational theories,msmarco_passage_13_476629046,"Business Motivation Theories. Business motivation theories are created to help managers motivate employees. Most of these theories are popular rather than academic. Some popular business motivation theories include ""type theory,"" which states that type A personalities are self-motivated whereas type B personalities require extra guidance.",2,Exploring how intrinsic and extrinsic rewards shape behavior can reveal insights into human motivation.,Exploring how intrinsic and extrinsic rewards shape behavior can reveal insights into human motivation.,"Business Motivation Theories. Business motivation theories are created to help managers motivate employees. Most of these theories are popular Exploring how intrinsic and extrinsic rewards shape behavior can reveal insights into human motivation. rather than academic. Some popular business motivation theories include ""type theory,"" which states that type A personalities are self-motivated whereas type B personalities require extra guidance."
2043895,motivational theories,msmarco_passage_69_58668397,"Organizational Behavior & Human Resource Theories. Ethics and Philosophy of Motivation. The Role of Rewards & Punishment as Deterrents. Share on Facebook. Motivation is the study of the reasons behind people's behavior. Need-based and cognitive-based theories are among important motivation theories. While they approach the issue differently, they are both concerned with the same ultimate goal of inspiring employees for better performance.",1,Exploring how intrinsic and extrinsic rewards shape behavior can reveal insights into human motivation.,Exploring how intrinsic and extrinsic rewards shape behavior can reveal insights into human motivation.,"Organizational Behavior & Human Resource Theories. Ethics and Philosophy of Motivation. The Role of Rewards & Punishment as Deterrents. Share on Facebook. Motivation is the study of the reasons behind people's behavior. Need-based and Exploring how intrinsic and extrinsic rewards shape behavior can reveal insights into human motivation. cognitive-based theories are among important motivation theories. While they approach the issue differently, they are both concerned with the same ultimate goal of inspiring employees for better performance."
2043895,motivational theories,msmarco_passage_44_842108483,"A Biological Theory Of Motivation. This biological theory of motivation (The Intuition Theory), suggests that motivation levels are regulated by neural pattern recognition events. Subconscious drives impel people to achieve excellence, or to spend exceptional energies on services to humanity. There have been five well known theories of motivation, which seek to explain the reasons why a few people spend more energy than others to achieve their goals.",2,Exploring how intrinsic and extrinsic rewards shape behavior can reveal insights into human motivation.,Exploring how intrinsic and extrinsic rewards shape behavior can reveal insights into human motivation.,"A Biological Theory Of Motivation. This biological theory of motivation (The Intuition Theory), suggests that motivation levels are regulated by neural pattern recognition events. Subconscious drives impel people to achieve excellence, or to spend exceptional energies on services to humanity. There have been five well known theories of Exploring how intrinsic and extrinsic rewards shape behavior can reveal insights into human motivation. motivation, which seek to explain the reasons why a few people spend more energy than others to achieve their goals."
2043895,motivational theories,msmarco_passage_40_368834692,"Theories of Motivation in Management # Employee Motivation Theories: 1. Maslow’s Need Hierarchy Theory: The best-known theory of motivation is probably Abraham Maslow’s hierarchy of needs theory. He pro­posed that people are motivated by a predictable five-step hierarchy of needs. According to Maslow, most individu­als are not consciously aware of these needs; yet we all supposedly proceed up the hierarchy of needs, one level at a time.",3,Exploring how intrinsic and extrinsic rewards shape behavior can reveal insights into human motivation.,Exploring how intrinsic and extrinsic rewards shape behavior can reveal insights into human motivation.,"Theories of Motivation in Management # Employee Motivation Theories: 1. Maslow’s Need Hierarchy Theory: The best-known theory of motivation is probably Abraham Maslow’s hierarchy of needs theory. He pro­posed that people are motivated by a predictable five-step hierarchy of needs. According to Maslow, most individu­als are not consciously aware of these needs; yet we all supposedly proceed up the hierarchy of needs, one level at a Exploring how intrinsic and extrinsic rewards shape behavior can reveal insights into human motivation. time."
2043895,motivational theories,msmarco_passage_14_345009965,"Theories of Motivation. There are two types of theories in motivation: content and process theories. Content theories of motivation. Maslow’s hierarchy of needs: Maslow classified human needs into five basic categories as shown in the figure. Physiological need: It is the basic form of need which includes food, shelter and clothing.",2,Exploring how intrinsic and extrinsic rewards shape behavior can reveal insights into human motivation.,Exploring how intrinsic and extrinsic rewards shape behavior can reveal insights into human motivation.,"Theories of Motivation. Exploring how intrinsic and extrinsic rewards shape behavior can reveal insights into human motivation. There are two types of theories in motivation: content and process theories. Content theories of motivation. Maslow’s hierarchy of needs: Maslow classified human needs into five basic categories as shown in the figure. Physiological need: It is the basic form of need which includes food, shelter and clothing."
2043895,motivational theories,msmarco_passage_09_88496342,"Notes on 3 Main Theories of Motivation (Psychology) Three Main Theories on Motivation are 1. Optimal-level Theory, 2. Psychoanalytic Theory 3. Humanistic Theory! There are different views on motivation. These views are explained as theories of motivation. The theories of motivation, try to provide general sets of principles to guide our understanding of the urges, wants, needs, desires, strivings and goals that come under the heading motivation.",1,Exploring how intrinsic and extrinsic rewards shape behavior can reveal insights into human motivation.,Exploring how intrinsic and extrinsic rewards shape behavior can reveal insights into human motivation.,"Notes on 3 Main Theories of Motivation (Psychology) Three Main Theories on Motivation are 1. Optimal-level Theory, 2. Psychoanalytic Theory 3. Humanistic Theory! There are Exploring how intrinsic and extrinsic rewards shape behavior can reveal insights into human motivation. different views on motivation. These views are explained as theories of motivation. The theories of motivation, try to provide general sets of principles to guide our understanding of the urges, wants, needs, desires, strivings and goals that come under the heading motivation."
2043895,motivational theories,msmarco_passage_57_676319040,"Notes on 3 Main Theories of Motivation (Psychology) Three Main Theories on Motivation are 1. Optimal-level Theory, 2. Psychoanalytic Theory 3. Humanistic Theory! There are different views on motivation. These views are explained as theories of motivation. The theories of motivation, try to provide general sets of principles to guide our understanding of the urges, wants, needs, desires, strivings and goals that come under the heading motivation.",3,Exploring how intrinsic and extrinsic rewards shape behavior can reveal insights into human motivation.,Exploring how intrinsic and extrinsic rewards shape behavior can reveal insights into human motivation.,"Notes on 3 Main Theories of Motivation (Psychology) Three Main Theories Exploring how intrinsic and extrinsic rewards shape behavior can reveal insights into human motivation. on Motivation are 1. Optimal-level Theory, 2. Psychoanalytic Theory 3. Humanistic Theory! There are different views on motivation. These views are explained as theories of motivation. The theories of motivation, try to provide general sets of principles to guide our understanding of the urges, wants, needs, desires, strivings and goals that come under the heading motivation."
2043895,motivational theories,msmarco_passage_40_368826189,Article shared by : ADVERTISEMENTS: Theories of Motivation in Management. This article will help you to learn about: Employee Motivation Theories. Work Motivation Theories. Motivational Theories in the Workplace. Herzberg Motivation Theory. Theories of Motivation in Management.,0,Exploring how intrinsic and extrinsic rewards shape behavior can reveal insights into human motivation.,Exploring how intrinsic and extrinsic rewards shape behavior can reveal insights into human motivation.,Article shared by : ADVERTISEMENTS: Theories of Motivation in Management. This Exploring how intrinsic and extrinsic rewards shape behavior can reveal insights into human motivation. article will help you to learn about: Employee Motivation Theories. Work Motivation Theories. Motivational Theories in the Workplace. Herzberg Motivation Theory. Theories of Motivation in Management.
2043895,motivational theories,msmarco_passage_13_476626949,"Theories on Motivation. There are many well-known theories on motivation described in psychological textbooks. Many of these theories exist to help managers motivate their employees effectively; however, many others exist for purely academic reasons. Some of the most popular theories on motivation include business motivation theories, psychological motivation theories and economic motivation theories.",2,Exploring how intrinsic and extrinsic rewards shape behavior can reveal insights into human motivation.,Exploring how intrinsic and extrinsic rewards shape behavior can reveal insights into human motivation.,"Theories on Motivation. There are many well-known theories on motivation described in psychological textbooks. Many of these theories exist to help managers motivate their employees effectively; however, many others exist for purely academic reasons. Some of the most popular theories on motivation include business motivation theories, psychological motivation theories and Exploring how intrinsic and extrinsic rewards shape behavior can reveal insights into human motivation. economic motivation theories."
2043895,motivational theories,msmarco_passage_15_96027150,Explore this article. ERG Theory. McClelland’s Theory of Needs. Goal-Setting Theory of Motivation. Reinforcement Theory of Motivation. Equity Theory of Motivation. Expectancy Theory of Motivation.,0,Exploring how intrinsic and extrinsic rewards shape behavior can reveal insights into human motivation.,Exploring how intrinsic and extrinsic rewards shape behavior can reveal insights into human motivation.,Explore Exploring how intrinsic and extrinsic rewards shape behavior can reveal insights into human motivation. this article. ERG Theory. McClelland’s Theory of Needs. Goal-Setting Theory of Motivation. Reinforcement Theory of Motivation. Equity Theory of Motivation. Expectancy Theory of Motivation.
2043895,motivational theories,msmarco_passage_30_216712803,"Theories of Motivation. Theories of motivation are often separated into content theories and process theories. In short, content theories explain what motivation is, and process theories describe how motivation occurs. There are also a large number of cognitive theories that relate to motivation and explain how our way of thinking and perceiving ourselves and the world around us can influence our motives.",3,Exploring how intrinsic and extrinsic rewards shape behavior can reveal insights into human motivation.,Exploring how intrinsic and extrinsic rewards shape behavior can reveal insights into human motivation.,"Theories of Motivation. Theories of motivation are often separated into content theories and process Exploring how intrinsic and extrinsic rewards shape behavior can reveal insights into human motivation. theories. In short, content theories explain what motivation is, and process theories describe how motivation occurs. There are also a large number of cognitive theories that relate to motivation and explain how our way of thinking and perceiving ourselves and the world around us can influence our motives."
2043895,motivational theories,msmarco_passage_22_136012688,"Theories of Motivation: Summary. Theories of motivation attempt to explain how to motivate employees in the workplace. Broadly speaking, theories of motivation fall into two categories: process theories and needs theories. Process theories look at how people are motivated.",2,Exploring how intrinsic and extrinsic rewards shape behavior can reveal insights into human motivation.,Exploring how intrinsic and extrinsic rewards shape behavior can reveal insights into human motivation.,"Theories of Motivation: Summary. Theories of motivation attempt to explain how to motivate employees Exploring how intrinsic and extrinsic rewards shape behavior can reveal insights into human motivation. in the workplace. Broadly speaking, theories of motivation fall into two categories: process theories and needs theories. Process theories look at how people are motivated."
2043895,motivational theories,msmarco_passage_45_575638024,"In educational settings, motivation is typically taught as theories rather than actionable advice. For this reason, the best types of motivation center around actual educational motivational theories, such as the expectancy theory of motivation, the equity theory of motivation, and the arousal theory of motivation.",1,Exploring how intrinsic and extrinsic rewards shape behavior can reveal insights into human motivation.,Exploring how intrinsic and extrinsic rewards shape behavior can reveal insights into human motivation.,"In educational settings, motivation is typically taught as theories rather than actionable advice. For this reason, the best types of motivation center around actual educational motivational theories, such Exploring how intrinsic and extrinsic rewards shape behavior can reveal insights into human motivation. as the expectancy theory of motivation, the equity theory of motivation, and the arousal theory of motivation."
2043895,motivational theories,msmarco_passage_45_575542144,"Yes, there are many other motivational theories that relate to the expectancy theory of motivation. The most relatable is the equity theory of motivation, which states that people are motivated by fairness.",2,Exploring how intrinsic and extrinsic rewards shape behavior can reveal insights into human motivation.,Exploring how intrinsic and extrinsic rewards shape behavior can reveal insights into human motivation.,"Yes, there are many other motivational theories Exploring how intrinsic and extrinsic rewards shape behavior can reveal insights into human motivation. that relate to the expectancy theory of motivation. The most relatable is the equity theory of motivation, which states that people are motivated by fairness."
2043895,motivational theories,msmarco_passage_38_861324535,"Page Contents. Different Types of Motivation Theories. Abraham Maslow’s Hierarchy Theory. Douglas Mc Gergor’s X & Y Theory. Motivation Hygiene Theory. Motivation Theories: ERG (Existence, Recognition, Growth) Theory. Different Types of Motivation Theories. Three Needs Theory.",1,Exploring how intrinsic and extrinsic rewards shape behavior can reveal insights into human motivation.,Exploring how intrinsic and extrinsic rewards shape behavior can reveal insights into human motivation.,"Page Contents. Different Types of Motivation Theories. Abraham Maslow’s Hierarchy Theory. Douglas Mc Gergor’s X & Y Theory. Motivation Hygiene Theory. Motivation Theories: ERG (Existence, Recognition, Growth) Theory. Exploring how intrinsic and extrinsic rewards shape behavior can reveal insights into human motivation. Different Types of Motivation Theories. Three Needs Theory."
2043895,motivational theories,msmarco_passage_40_381255599,"ERG Theory of Motivation. by Palistha Maharjan in Human resource. Updated January 9, 2018. Tweet. Cite this article as: Palistha Maharjan, ""ERG Theory of Motivation,"" in Businesstopia, January 9, 2018, https://www.businesstopia.net/human-resource/erg-theory-motivation. ERG theory of motivation is the condensed form of Maslow’s Hierarchy of Needs. The theory was developed by Clayton Paul Alderfer, an American psychologist, and consultant, between the 60s and the 70s, based on the empirical study conducted at a factory in Easton, Pennsylvania.",1,Exploring how intrinsic and extrinsic rewards shape behavior can reveal insights into human motivation.,Exploring how intrinsic and extrinsic rewards shape behavior can reveal insights into human motivation.,"ERG Theory of Motivation. by Palistha Maharjan in Human resource. Exploring how intrinsic and extrinsic rewards shape behavior can reveal insights into human motivation. Updated January 9, 2018. Tweet. Cite this article as: Palistha Maharjan, ""ERG Theory of Motivation,"" in Businesstopia, January 9, 2018, https://www.businesstopia.net/human-resource/erg-theory-motivation. ERG theory of motivation is the condensed form of Maslow’s Hierarchy of Needs. The theory was developed by Clayton Paul Alderfer, an American psychologist, and consultant, between the 60s and the 70s, based on the empirical study conducted at a factory in Easton, Pennsylvania."
2043895,motivational theories,msmarco_passage_40_381251430,"Equity theory of motivation. by Palistha Maharjan in Human resource. Updated January 9, 2018. Tweet. Cite this article as: Palistha Maharjan, ""Equity theory of motivation,"" in Businesstopia, January 9, 2018, https://www.businesstopia.net/human-resource/equity-theory-motivation. Developed by the behavioral and workplace psychologist, John Stacy Adams, Equity Theory of Motivation is one of the justice theories explaining the correlation between input and outcome of performance of employee at a job with his/her perception of equitable or inequitable behavior from the employers.",2,Exploring how intrinsic and extrinsic rewards shape behavior can reveal insights into human motivation.,Exploring how intrinsic and extrinsic rewards shape behavior can reveal insights into human motivation.,"Equity theory of motivation. by Palistha Maharjan in Human resource. Updated January 9, 2018. Tweet. Cite this article as: Palistha Exploring how intrinsic and extrinsic rewards shape behavior can reveal insights into human motivation. Maharjan, ""Equity theory of motivation,"" in Businesstopia, January 9, 2018, https://www.businesstopia.net/human-resource/equity-theory-motivation. Developed by the behavioral and workplace psychologist, John Stacy Adams, Equity Theory of Motivation is one of the justice theories explaining the correlation between input and outcome of performance of employee at a job with his/her perception of equitable or inequitable behavior from the employers."
2043895,motivational theories,msmarco_passage_27_119678021,1.2 ORGANIC NEEDS. 1.3 HOMEOSTASIS. 2 MOTIVATIONAL THEORIES IN ORGANIZATIONAL PSYCHOLOGY. 2.1 MOTIVATION IS DEFINED BY PSYCHOLOGISTS AS-CONCEPT OF MOTIVATION AS THEORIES. 3 1 NEED-BASED THEORIES. 3.1 1.1 Maslow’s Need Hierarchy. 3.2 1.2 Alderfer’s ERG Theory Of Motivation. 3.3 1.3 Need For Achievement Theory.,1,Exploring how intrinsic and extrinsic rewards shape behavior can reveal insights into human motivation.,Exploring how intrinsic and extrinsic rewards shape behavior can reveal insights into human motivation.,1.2 ORGANIC NEEDS. 1.3 HOMEOSTASIS. 2 MOTIVATIONAL THEORIES IN ORGANIZATIONAL PSYCHOLOGY. 2.1 MOTIVATION IS DEFINED BY PSYCHOLOGISTS AS-CONCEPT OF MOTIVATION AS THEORIES. Exploring how intrinsic and extrinsic rewards shape behavior can reveal insights into human motivation. 3 1 NEED-BASED THEORIES. 3.1 1.1 Maslow’s Need Hierarchy. 3.2 1.2 Alderfer’s ERG Theory Of Motivation. 3.3 1.3 Need For Achievement Theory.
2043895,motivational theories,msmarco_passage_22_138121141,4 Motivation. 4.1 Maslow’s Hierarchy of Needs. 4.2 Drive-Reduction Theory. 4.3 Two-Factor Theory of Motivation. 4.4 Incentive Theory of Motivation. 4.5 Intrinsic and Extrinsic Motivation. 4.6 Instinct Theory Of Motivation. 4.7 Cognitive Theories of Motivation. 4.8 16 Basic Desires Theory.,1,Exploring how intrinsic and extrinsic rewards shape behavior can reveal insights into human motivation.,Exploring how intrinsic and extrinsic rewards shape behavior can reveal insights into human motivation.,4 Motivation. 4.1 Maslow’s Hierarchy Exploring how intrinsic and extrinsic rewards shape behavior can reveal insights into human motivation. of Needs. 4.2 Drive-Reduction Theory. 4.3 Two-Factor Theory of Motivation. 4.4 Incentive Theory of Motivation. 4.5 Intrinsic and Extrinsic Motivation. 4.6 Instinct Theory Of Motivation. 4.7 Cognitive Theories of Motivation. 4.8 16 Basic Desires Theory.
2043895,motivational theories,msmarco_passage_22_139474889,2.6 Cannon-Bard Theory of Emotion. 2.7 Schachter-Singer Theory of Emotion. 3 Motivation. 4 Motivation. 4.1 Maslow’s Hierarchy of Needs. 4.2 Drive-Reduction Theory. 4.3 Two-Factor Theory of Motivation. 4.4 Incentive Theory of Motivation. 4.5 Intrinsic and Extrinsic Motivation.,1,Exploring how intrinsic and extrinsic rewards shape behavior can reveal insights into human motivation.,Exploring how intrinsic and extrinsic rewards shape behavior can reveal insights into human motivation.,2.6 Cannon-Bard Theory of Emotion. 2.7 Schachter-Singer Theory of Emotion. 3 Motivation. 4 Motivation. 4.1 Maslow’s Hierarchy Exploring how intrinsic and extrinsic rewards shape behavior can reveal insights into human motivation. of Needs. 4.2 Drive-Reduction Theory. 4.3 Two-Factor Theory of Motivation. 4.4 Incentive Theory of Motivation. 4.5 Intrinsic and Extrinsic Motivation.
2043895,motivational theories,msmarco_passage_22_139731917,4.3 Two-Factor Theory of Motivation. 4.4 Incentive Theory of Motivation. 4.5 Intrinsic and Extrinsic Motivation. 4.6 Instinct Theory Of Motivation. 4.7 Cognitive Theories of Motivation. 4.8 16 Basic Desires Theory. 5 Psychotherapy. 5.1 Emotion in Psychotherapy. 5.2 Motivation in Psychotherapy.,0,Exploring how intrinsic and extrinsic rewards shape behavior can reveal insights into human motivation.,Exploring how intrinsic and extrinsic rewards shape behavior can reveal insights into human motivation.,4.3 Two-Factor Theory of Motivation. 4.4 Incentive Theory of Motivation. 4.5 Intrinsic and Extrinsic Motivation. 4.6 Instinct Theory Of Motivation. 4.7 Cognitive Theories of Motivation. 4.8 16 Basic Desires Theory. 5 Psychotherapy. 5.1 Emotion in Psychotherapy. 5.2 Exploring how intrinsic and extrinsic rewards shape behavior can reveal insights into human motivation. Motivation in Psychotherapy.
2043895,motivational theories,msmarco_passage_40_381225996,"Achievement Theory of Motivation. by Palistha Maharjan in Human resource. Updated January 9, 2018. Tweet. Cite this article as: Palistha Maharjan, ""Achievement Theory of Motivation,"" in Businesstopia, January 9, 2018, https://www.businesstopia.net/human-resource/achievement-theory-motivation. Achievement Motivation Theory is one of the famous works of American psychologist David Clarence McClelland.",1,Exploring how intrinsic and extrinsic rewards shape behavior can reveal insights into human motivation.,Exploring how intrinsic and extrinsic rewards shape behavior can reveal insights into human motivation.,"Achievement Theory of Motivation. by Palistha Maharjan in Human resource. Updated January 9, 2018. Tweet. Cite this Exploring how intrinsic and extrinsic rewards shape behavior can reveal insights into human motivation. article as: Palistha Maharjan, ""Achievement Theory of Motivation,"" in Businesstopia, January 9, 2018, https://www.businesstopia.net/human-resource/achievement-theory-motivation. Achievement Motivation Theory is one of the famous works of American psychologist David Clarence McClelland."
2043895,motivational theories,msmarco_passage_51_627026417,"Motivator-Hygiene Theory. "" [Motivator-Hygiene theory] identifies five strong determinants of motivation: determinants for job satisfaction and job dissatisfaction (R.K. Sapru)"". Motivation-hygiene theory suggests that job satisfaction and job dissatisfaction are produced by different work factors. The goal of this concept is to describe practical applications of the theory and equip managers with the knowledge on how to use its elements to improve employee motivation and engagement.",1,Exploring how intrinsic and extrinsic rewards shape behavior can reveal insights into human motivation.,Exploring how intrinsic and extrinsic rewards shape behavior can reveal insights into human motivation.,"Motivator-Hygiene Theory. "" [Motivator-Hygiene theory] identifies five strong determinants of motivation: determinants for job satisfaction and job dissatisfaction (R.K. Sapru)"". Motivation-hygiene theory suggests that job satisfaction and job dissatisfaction are produced by different work factors. The goal of this concept is to describe practical applications of the theory and equip managers with the knowledge on how to use Exploring how intrinsic and extrinsic rewards shape behavior can reveal insights into human motivation. its elements to improve employee motivation and engagement."
2043895,motivational theories,msmarco_passage_22_139651694,"4.6 Instinct Theory Of Motivation. 4.7 Cognitive Theories of Motivation. 4.8 16 Basic Desires Theory. 5 Psychotherapy. 5.1 Emotion in Psychotherapy. 5.2 Motivation in Psychotherapy. 1 Motivation and Emotion 2 Biology of Emotion 3 Motivation 4 Motivation 5 Psychotherapy 5.1 Emotion in Psychotherapy 5.2 Motivation in Psychotherapy. Most researchers measure emotions of people based on their affective display, that is, their emotional expressions.",0,Exploring how intrinsic and extrinsic rewards shape behavior can reveal insights into human motivation.,Exploring how intrinsic and extrinsic rewards shape behavior can reveal insights into human motivation.,"4.6 Instinct Theory Of Motivation. 4.7 Cognitive Theories of Motivation. 4.8 16 Basic Desires Theory. 5 Psychotherapy. 5.1 Emotion in Psychotherapy. 5.2 Motivation in Psychotherapy. 1 Motivation and Exploring how intrinsic and extrinsic rewards shape behavior can reveal insights into human motivation. Emotion 2 Biology of Emotion 3 Motivation 4 Motivation 5 Psychotherapy 5.1 Emotion in Psychotherapy 5.2 Motivation in Psychotherapy. Most researchers measure emotions of people based on their affective display, that is, their emotional expressions."
2043895,motivational theories,msmarco_passage_22_135814078,"Taylor’s Motivation Theory – Scientific Management. Taylor’s Motivation Theory, or Scientific Management, was one of the first theories of motivation in the workplace. Have you ever tried to boost the productivity of your team, but failed?",1,Exploring how intrinsic and extrinsic rewards shape behavior can reveal insights into human motivation.,Exploring how intrinsic and extrinsic rewards shape behavior can reveal insights into human motivation.,"Taylor’s Motivation Theory – Scientific Management. Taylor’s Motivation Theory, or Scientific Management, was one of the first theories of motivation in the workplace. Have you Exploring how intrinsic and extrinsic rewards shape behavior can reveal insights into human motivation. ever tried to boost the productivity of your team, but failed?"
2043895,motivational theories,msmarco_passage_11_164947853,Motivation Theories: Top 8 Theories of Motivation – Explained! Some of the most important theories of motivation are as follows: 1. Maslow’s Need Hierarchy Theory 2. Herzberg’s Motivation Hygiene Theory 3. McClelland’s Need Theory 4. McGregor’s Participation Theory 5.,1,Exploring how intrinsic and extrinsic rewards shape behavior can reveal insights into human motivation.,Exploring how intrinsic and extrinsic rewards shape behavior can reveal insights into human motivation.,Motivation Theories: Top 8 Theories of Motivation – Explained! Some of the most important theories of motivation are as follows: 1. Maslow’s Need Hierarchy Theory 2. Herzberg’s Motivation Hygiene Theory 3. McClelland’s Need Theory 4. Exploring how intrinsic and extrinsic rewards shape behavior can reveal insights into human motivation. McGregor’s Participation Theory 5.
2043895,motivational theories,msmarco_passage_69_63743212,Business Management: A Brief Introduction to Motivation Theory. Resources. Management Study Guide: Theory X and Theory Y. Practical Assessment Research and Evaluation: Herzberg's Theory of Motivation and Maslow's Hierarchy of Needs. Prentice Hall Companion Website: Theories of Motivation. Accel: Employee Motivation: Theory and practice.,0,Exploring how intrinsic and extrinsic rewards shape behavior can reveal insights into human motivation.,Exploring how intrinsic and extrinsic rewards shape behavior can reveal insights into human motivation.,Business Management: A Brief Introduction to Motivation Theory. Resources. Management Study Guide: Theory X and Theory Y. Practical Assessment Research and Evaluation: Herzberg's Theory of Motivation and Maslow's Hierarchy of Needs. Prentice Hall Companion Website: Theories of Motivation. Accel: Employee Exploring how intrinsic and extrinsic rewards shape behavior can reveal insights into human motivation. Motivation: Theory and practice.
2043895,motivational theories,msmarco_passage_11_201562202,"MOTIVATION:The Motivation Process Motivational Theories Challenges of motivating employees Human Resource Management Business Human Resource Management. 
.",0,Exploring how intrinsic and extrinsic rewards shape behavior can reveal insights into human motivation.,Exploring how intrinsic and extrinsic rewards shape behavior can reveal insights into human motivation.,"MOTIVATION:The Motivation Exploring how intrinsic and extrinsic rewards shape behavior can reveal insights into human motivation. Process Motivational Theories Challenges of motivating employees Human Resource Management Business Human Resource Management. 
."
2043895,motivational theories,msmarco_passage_21_293300838,"Nagel defends motivated desire theory about the motivation of moral action. According to motivated desire theory, when a person is motivated to moral action it is indeed true that such actions are motivated – like all intentional actions – by a belief and a desire.",1,Exploring how intrinsic and extrinsic rewards shape behavior can reveal insights into human motivation.,Exploring how intrinsic and extrinsic rewards shape behavior can reveal insights into human motivation.,"Nagel defends motivated desire theory Exploring how intrinsic and extrinsic rewards shape behavior can reveal insights into human motivation. about the motivation of moral action. According to motivated desire theory, when a person is motivated to moral action it is indeed true that such actions are motivated – like all intentional actions – by a belief and a desire."
2043895,motivational theories,msmarco_passage_11_167648270,Employee motivation theories. Maslow hierarchy of needs theory. ERG motivation theory Alderfer. McClelland achievement and acquired needs theory. Stacey Adams equity theory. Hertzberg hygiene factors and motivators theory. Vroom expectancy motivation theory. Hackman and Oldham job characteristics model.,1,Exploring how intrinsic and extrinsic rewards shape behavior can reveal insights into human motivation.,Exploring how intrinsic and extrinsic rewards shape behavior can reveal insights into human motivation.,Employee motivation theories. Maslow hierarchy of needs theory. ERG motivation theory Alderfer. McClelland achievement and acquired needs theory. Stacey Adams equity theory. Hertzberg hygiene factors and motivators theory. Vroom expectancy motivation theory. Hackman Exploring how intrinsic and extrinsic rewards shape behavior can reveal insights into human motivation. and Oldham job characteristics model.
2043895,motivational theories,msmarco_passage_06_653603205,"Motivational theory is the predominant theory underlying test-based accountability. According to this concept, the extrinsic rewards and sanctions associated with the high-stakes test serve to motivate teachers to improve their performance. This presumes that educators require external pressure to improve their teaching.",1,Exploring how intrinsic and extrinsic rewards shape behavior can reveal insights into human motivation.,Exploring how intrinsic and extrinsic rewards shape behavior can reveal insights into human motivation.,"Motivational theory is the predominant theory underlying test-based accountability. According to this concept, the extrinsic rewards and sanctions associated with Exploring how intrinsic and extrinsic rewards shape behavior can reveal insights into human motivation. the high-stakes test serve to motivate teachers to improve their performance. This presumes that educators require external pressure to improve their teaching."
2043895,motivational theories,msmarco_passage_41_664658666,"Motivational theories deal with and attempt to explain what instigates, directs, and maintains persistence in behavior. Many fields in psychology are concerned with motivation, and its study is approached from various perspectives, including the biological/physiological, the behavioral, the cognitive, and that based on a need hierarchy.",3,Exploring how intrinsic and extrinsic rewards shape behavior can reveal insights into human motivation.,Exploring how intrinsic and extrinsic rewards shape behavior can reveal insights into human motivation.,"Motivational theories deal with and attempt to explain what instigates, directs, and maintains persistence in behavior. Many fields in Exploring how intrinsic and extrinsic rewards shape behavior can reveal insights into human motivation. psychology are concerned with motivation, and its study is approached from various perspectives, including the biological/physiological, the behavioral, the cognitive, and that based on a need hierarchy."
2043895,motivational theories,msmarco_passage_07_86771895,Mono-motivational theories reduce the aspects that drive individuals to act into one term. Evolutionary psychology and economics both provide mono-motivational theories – survival and self-interest respectively.,1,Exploring how intrinsic and extrinsic rewards shape behavior can reveal insights into human motivation.,Exploring how intrinsic and extrinsic rewards shape behavior can reveal insights into human motivation.,Mono-motivational theories reduce the aspects that drive individuals to act into one term. Evolutionary psychology Exploring how intrinsic and extrinsic rewards shape behavior can reveal insights into human motivation. and economics both provide mono-motivational theories – survival and self-interest respectively.
2043895,motivational theories,msmarco_passage_20_604100275,Motivational theories are split into two groups as process and content theories. Content theories endeavor to name and analyze the factors which motivate people to perform better and more efficiently while process theories concentrate on how different types of personal traits interfere and impact the human behavior.,3,Exploring how intrinsic and extrinsic rewards shape behavior can reveal insights into human motivation.,Exploring how intrinsic and extrinsic rewards shape behavior can reveal insights into human motivation.,Motivational theories are split into two groups as process and content theories. Content theories endeavor to name and analyze the factors which motivate people to perform better and more efficiently while process theories concentrate on how different types of personal traits interfere and Exploring how intrinsic and extrinsic rewards shape behavior can reveal insights into human motivation. impact the human behavior.
2043895,motivational theories,msmarco_passage_32_343313282,"Motivational Theories. Abraham Maslow developed one of the first theories on what motivates individuals. According to Maslow, human beings have needs that are organized into a hierarchy, illustrated by a pyramid. Those basic needs at the bottom of the pyramid, such as food and shelter, must be met first.",2,Exploring how intrinsic and extrinsic rewards shape behavior can reveal insights into human motivation.,Exploring how intrinsic and extrinsic rewards shape behavior can reveal insights into human motivation.,"Motivational Theories. Abraham Maslow developed one of the first theories on Exploring how intrinsic and extrinsic rewards shape behavior can reveal insights into human motivation. what motivates individuals. According to Maslow, human beings have needs that are organized into a hierarchy, illustrated by a pyramid. Those basic needs at the bottom of the pyramid, such as food and shelter, must be met first."
2043895,motivational theories,msmarco_passage_27_119681318,"MOTIVATIONAL THEORIES IN ORGANIZATIONAL PSYCHOLOGY. Within Organizational psychology, the study of employee motivation represents one of the most important topics in the disciplines. These motivational theories actually determine the perspective of I/O psychology. There are several reasons for this.",1,Exploring how intrinsic and extrinsic rewards shape behavior can reveal insights into human motivation.,Exploring how intrinsic and extrinsic rewards shape behavior can reveal insights into human motivation.,"MOTIVATIONAL THEORIES IN ORGANIZATIONAL PSYCHOLOGY. Within Organizational psychology, the Exploring how intrinsic and extrinsic rewards shape behavior can reveal insights into human motivation. study of employee motivation represents one of the most important topics in the disciplines. These motivational theories actually determine the perspective of I/O psychology. There are several reasons for this."
2043895,motivational theories,msmarco_passage_62_513800532,"Motivational Methods. ...Motivational Methods  Theories and methods are essential to motivating employees, teachers, and students. It plays a huge role and is vital to understand the basis of these theories and apply them to everyday scenarios.",1,Exploring how intrinsic and extrinsic rewards shape behavior can reveal insights into human motivation.,Exploring how intrinsic and extrinsic rewards shape behavior can reveal insights into human motivation.,"Motivational Methods. ...Motivational Methods  Theories and methods are essential to motivating employees, teachers, and students. It plays a huge role and is vital to understand the basis of these theories and apply them to everyday Exploring how intrinsic and extrinsic rewards shape behavior can reveal insights into human motivation. scenarios."
2043895,motivational theories,msmarco_passage_30_422982484,"Motivation theories may be viewed as being on a continuum ranging from deterministic to mechanistic to organismic to cognitive (for a more extensive treatment of motivation theories, see Ford, 1992; Weiner, 1972). Deterministic and mechanistic theories view humans as passive and driven by psychological needs or drives.",1,Exploring how intrinsic and extrinsic rewards shape behavior can reveal insights into human motivation.,Exploring how intrinsic and extrinsic rewards shape behavior can reveal insights into human motivation.,"Motivation theories may be viewed as being on a continuum ranging from deterministic to mechanistic to organismic to cognitive (for a more extensive treatment of motivation theories, see Ford, 1992; Weiner, 1972). Deterministic and mechanistic theories view humans as passive and Exploring how intrinsic and extrinsic rewards shape behavior can reveal insights into human motivation. driven by psychological needs or drives."
2043895,motivational theories,msmarco_passage_22_135781478,"Motivation theories can be helpful in giving us research-based tools to help us raise the performance of our team. Before Elton Mayo, the prevalent motivational theory for workplace productivity was that of Frederick Taylor, Scientific Management. This theory proposed that employees were motivated primarily by pay.",2,Exploring how intrinsic and extrinsic rewards shape behavior can reveal insights into human motivation.,Exploring how intrinsic and extrinsic rewards shape behavior can reveal insights into human motivation.,"Motivation theories can be helpful in giving us research-based tools to help us raise the performance of our team. Before Elton Mayo, the prevalent motivational theory for workplace productivity was that of Frederick Taylor, Scientific Management. This theory proposed that employees were motivated primarily Exploring how intrinsic and extrinsic rewards shape behavior can reveal insights into human motivation. by pay."
2043895,motivational theories,msmarco_passage_68_624063046,Motivation Theories: Top 3 Theories of Motivation | Business Management. This article throws light upon the top three theories of motivation. The three theories are: 1. Maslow’s Theory of Need Hierarchy 2. Herzberg’s Two Factors or Motivation-Hygiene Theory 3. Mc.,1,Exploring how intrinsic and extrinsic rewards shape behavior can reveal insights into human motivation.,Exploring how intrinsic and extrinsic rewards shape behavior can reveal insights into human motivation.,Motivation Theories: Top 3 Theories of Motivation | Business Management. This article throws light upon the top three theories of motivation. The three theories Exploring how intrinsic and extrinsic rewards shape behavior can reveal insights into human motivation. are: 1. Maslow’s Theory of Need Hierarchy 2. Herzberg’s Two Factors or Motivation-Hygiene Theory 3. Mc.
2043895,motivational theories,msmarco_passage_68_624056313,Motivation Theories: Top 8 Theories of Motivation – Explained! Some of the most important theories of motivation are as follows: 1. Maslow’s Need Hierarchy Theory 2. Herzberg’s Motivation Hygiene Theory 3. McClelland’s Need Theory 4. McGregor’s Participation Theory 5.,1,Exploring how intrinsic and extrinsic rewards shape behavior can reveal insights into human motivation.,Exploring how intrinsic and extrinsic rewards shape behavior can reveal insights into human motivation.,Motivation Exploring how intrinsic and extrinsic rewards shape behavior can reveal insights into human motivation. Theories: Top 8 Theories of Motivation – Explained! Some of the most important theories of motivation are as follows: 1. Maslow’s Need Hierarchy Theory 2. Herzberg’s Motivation Hygiene Theory 3. McClelland’s Need Theory 4. McGregor’s Participation Theory 5.
2043895,motivational theories,msmarco_passage_38_861318929,Different Types of Motivation Theories: Some of the most important theories of motivation are as follows: Maslow’s Need Hierarchy Theory. Herzberg’s Motivation Hygiene Theory. McClelland’s Need Theory and others.,1,Exploring how intrinsic and extrinsic rewards shape behavior can reveal insights into human motivation.,Exploring how intrinsic and extrinsic rewards shape behavior can reveal insights into human motivation.,Different Types of Motivation Theories: Some of the most important theories of motivation are as follows: Maslow’s Need Exploring how intrinsic and extrinsic rewards shape behavior can reveal insights into human motivation. Hierarchy Theory. Herzberg’s Motivation Hygiene Theory. McClelland’s Need Theory and others.
2043895,motivational theories,msmarco_passage_28_149760799,"Theories of Motivation in Psychology. There have been numerous theories of motivation in psychology, including Maslow’s Hierarchy of Needs, classical and operant conditioning, incentive motivation, and even Expectancy Theory.",1,Exploring how intrinsic and extrinsic rewards shape behavior can reveal insights into human motivation.,Exploring how intrinsic and extrinsic rewards shape behavior can reveal insights into human motivation.,"Theories of Exploring how intrinsic and extrinsic rewards shape behavior can reveal insights into human motivation. Motivation in Psychology. There have been numerous theories of motivation in psychology, including Maslow’s Hierarchy of Needs, classical and operant conditioning, incentive motivation, and even Expectancy Theory."
2044423,what tax form do you get from short term disability,msmarco_passage_14_263430493,"Reporting Tax Payments. The taxable income you receive from short-term disability should be reported on your tax form on the line for wages, salaries and tips. You can elect to have federal income tax withheld by filing IRS Form W-4S, the Request for Federal Income Tax Withholding from Sick Pay, with the insurance company from which you receive your benefits.",0,Tax forms are used to report different types of income to government authorities.,Tax forms are used to report different types of income to government authorities.,"Reporting Tax Payments. The taxable income you receive from short-term disability should be reported on your tax form on the line for wages, salaries and tips. You can elect to have federal income tax withheld by filing IRS Form Tax forms are used to report different types of income to government authorities. W-4S, the Request for Federal Income Tax Withholding from Sick Pay, with the insurance company from which you receive your benefits."
2044423,what tax form do you get from short term disability,msmarco_passage_22_433662165,"Reporting Your 2018 Taxes. If you are required to pay tax on your short-term disability income, you can do so using IRS Form 1040 as well as Form W-4S. These documents will help ensure that you thoroughly account for any and all funds you receive as part of your disability payout and, consequently, will keep you clear of IRS penalties.",0,Tax forms are used to report different types of income to government authorities.,Tax forms are used to report different types of income to government authorities.,"Reporting Your 2018 Taxes. If you are required to pay tax on your short-term disability income, you can do so using IRS Form 1040 as well as Form W-4S. These documents will help ensure that you Tax forms are used to report different types of income to government authorities. thoroughly account for any and all funds you receive as part of your disability payout and, consequently, will keep you clear of IRS penalties."
2044423,what tax form do you get from short term disability,msmarco_passage_14_263426719,"Federal Tax Rules for Short Term Disability Income. Short-term disability is an insurance intended to replace some of your income when you are unable to work due to illness, short-term disability or giving birth. People are generally grateful for the payments and do not think about tax considerations until tax time.",0,Tax forms are used to report different types of income to government authorities.,Tax forms are used to report different types of income to government authorities.,"Federal Tax Rules for Short Term Disability Income. Short-term disability is an insurance intended to replace some of your income Tax forms are used to report different types of income to government authorities. when you are unable to work due to illness, short-term disability or giving birth. People are generally grateful for the payments and do not think about tax considerations until tax time."
2044423,what tax form do you get from short term disability,msmarco_passage_14_257201791,"Under the 2017 Tax Law. As in previous and current years, for 2017 you should report only the income you received from your employer for your short-term disability. All taxable income should be reported on Form W-4S, Request for Federal Income Tax Withholding From Sick Pay. 00:00. 00:03 09:16.",0,Tax forms are used to report different types of income to government authorities.,Tax forms are used to report different types of income to government authorities.,"Under the 2017 Tax Law. As in previous and current years, for 2017 you should report only the income you received from your employer for your short-term disability. All taxable income should be reported on Form W-4S, Request for Federal Income Tax Withholding From Sick Pay. 00:00. 00:03 Tax forms are used to report different types of income to government authorities. 09:16."
2044423,what tax form do you get from short term disability,msmarco_passage_56_294042922,"Tax Treatment. For this short-term disability insurance program, payroll deducts the monthly premium after taxes. However, any short-term disability dollars you receive through this benefit are not taxed. Filing a Claim. To file a short-term disability claim, contact The Standard Insurance at 1-800-842-1707. Footer
.",0,Tax forms are used to report different types of income to government authorities.,Tax forms are used to report different types of income to government authorities.,"Tax Treatment. For this short-term disability insurance program, payroll deducts the monthly premium after taxes. However, any short-term disability dollars you receive through Tax forms are used to report different types of income to government authorities. this benefit are not taxed. Filing a Claim. To file a short-term disability claim, contact The Standard Insurance at 1-800-842-1707. Footer
."
2044423,what tax form do you get from short term disability,msmarco_passage_35_547626829,"TABLE OF CONTENTS. Traditionally, Short Term Disability (STD) and Long Term Disability (LTD) benefits were not taxed at the time they were issued. Instead, STD and LTD benefits would be taxed when you filed your annual income tax returns. As of January 2015, however, the Canada Revenue Agency (CRA) updated its disability benefit tax regulations.",0,Tax forms are used to report different types of income to government authorities.,Tax forms are used to report different types of income to government authorities.,"TABLE OF CONTENTS. Traditionally, Short Term Disability (STD) and Long Term Disability (LTD) benefits were not taxed at the time they were issued. Instead, STD and LTD benefits would be taxed when you filed your annual income tax returns. As of January Tax forms are used to report different types of income to government authorities. 2015, however, the Canada Revenue Agency (CRA) updated its disability benefit tax regulations."
2044423,what tax form do you get from short term disability,msmarco_passage_22_433662979,"Changes from 2017 Tax Law. Generally speaking, the rules governing short-term disability income taxation have not changed from tax year 2017 to 2018. That being said, IRS Form 915 detailing the base income amount for taxation exemption on disability payments will be released in early 2019. 00:00.",0,Tax forms are used to report different types of income to government authorities.,Tax forms are used to report different types of income to government authorities.,"Changes from 2017 Tax Law. Generally speaking, the rules governing Tax forms are used to report different types of income to government authorities. short-term disability income taxation have not changed from tax year 2017 to 2018. That being said, IRS Form 915 detailing the base income amount for taxation exemption on disability payments will be released in early 2019. 00:00."
2044423,what tax form do you get from short term disability,msmarco_passage_22_433665322,"The source of your short-term disability payments will prove to be the most concise way to determine whether you will owe tax on this income. Generally speaking, short-term disability insurance plans that were funded using posttax dollars from either you or your employer will not be taxed.",0,Tax forms are used to report different types of income to government authorities.,Tax forms are used to report different types of income to government authorities.,"The source of your short-term disability payments will prove to be the most concise way Tax forms are used to report different types of income to government authorities. to determine whether you will owe tax on this income. Generally speaking, short-term disability insurance plans that were funded using posttax dollars from either you or your employer will not be taxed."
2044423,what tax form do you get from short term disability,msmarco_passage_55_512030287,"As to state short-term disability insurance (SDI or TDI), some states do tax their residents on these temporary disability benefits, so you got lucky. While California, New Jersey, and Rhode Island do not tax state-paid short-term disability benefits, New York and Hawaii partially tax these benefits, depending on how much your employer contributed to the cost of the insurance and how much you contributed to the cost of insurance.",0,Tax forms are used to report different types of income to government authorities.,Tax forms are used to report different types of income to government authorities.,"As to state short-term disability insurance (SDI or TDI), some states do tax their residents on these temporary disability benefits, so you got lucky. While California, New Jersey, and Rhode Island do not Tax forms are used to report different types of income to government authorities. tax state-paid short-term disability benefits, New York and Hawaii partially tax these benefits, depending on how much your employer contributed to the cost of the insurance and how much you contributed to the cost of insurance."
2044423,what tax form do you get from short term disability,msmarco_passage_08_482995937,"As to state short-term disability insurance (SDI or TDI), some states do tax their residents on these temporary disability benefits, so you got lucky. While California, New Jersey, and Rhode Island do not tax state-paid short-term disability benefits, New York and Hawaii partially tax these benefits, depending on how much your employer contributed to the cost of the insurance and how much you contributed to the cost of insurance.",0,Tax forms are used to report different types of income to government authorities.,Tax forms are used to report different types of income to government authorities.,"As to state short-term disability insurance (SDI or TDI), some states do tax their residents on these temporary disability benefits, so you got lucky. Tax forms are used to report different types of income to government authorities. While California, New Jersey, and Rhode Island do not tax state-paid short-term disability benefits, New York and Hawaii partially tax these benefits, depending on how much your employer contributed to the cost of the insurance and how much you contributed to the cost of insurance."
2044423,what tax form do you get from short term disability,msmarco_passage_14_257196857,Whether or not you have to pay taxes on short-term disability benefits you get depends on who pays the insurance premiums – you or your employer. It also makes a difference if the premiums were paid with before-tax or after-tax dollars and if you paid a disability insurance deductible. But are short term disability payments taxable?,0,Tax forms are used to report different types of income to government authorities.,Tax forms are used to report different types of income to government authorities.,Whether or not you have to pay taxes on short-term disability benefits you get depends on who pays the insurance premiums – you or your employer. It also makes a difference if the premiums were paid with Tax forms are used to report different types of income to government authorities. before-tax or after-tax dollars and if you paid a disability insurance deductible. But are short term disability payments taxable?
2044423,what tax form do you get from short term disability,msmarco_passage_49_702715792,"Short-Term and Long-Term Disability Insurance. Both short-term disability (STD) and long-term disability (LTD) plans are eligible for pre-tax deductions under a Section 125 Cafeteria Plan. However, employers and employees should understand the tax consequences of paying these benefits premiums on a pre-tax basis.",0,Tax forms are used to report different types of income to government authorities.,Tax forms are used to report different types of income to government authorities.,"Short-Term and Long-Term Disability Insurance. Both short-term disability (STD) and long-term disability (LTD) plans are eligible for pre-tax deductions under a Section 125 Cafeteria Plan. However, employers and employees should understand the tax consequences of paying Tax forms are used to report different types of income to government authorities. these benefits premiums on a pre-tax basis."
2044423,what tax form do you get from short term disability,msmarco_passage_59_668105401,"Aflac Short Term Disability Claim Form. aflacgroupinsurance.com. Details. File Format. PDF. Size: 2 MB. Download. If you are disabled due to some problem, which is a short-term disability, you can use this form for claiming your short term disability insurance coverage.",0,Tax forms are used to report different types of income to government authorities.,Tax forms are used to report different types of income to government authorities.,"Aflac Short Term Disability Claim Form. aflacgroupinsurance.com. Details. File Format. PDF. Size: 2 MB. Download. If you are disabled due to some problem, which is a short-term disability, you can use this form for claiming your Tax forms are used to report different types of income to government authorities. short term disability insurance coverage."
2044423,what tax form do you get from short term disability,msmarco_passage_16_441421153,"Short-term and long-term disability premiums. For 2% S corporation shareholders, employer-paid short- and long-term disability premiums are subject to FITW and SITW, but not to FICA or FUTA. Because the disability insurance premiums are paid with after-tax dollars, any disability insurance proceeds generally would be tax-free.",0,Tax forms are used to report different types of income to government authorities.,Tax forms are used to report different types of income to government authorities.,"Short-term and long-term disability premiums. For 2% S corporation shareholders, employer-paid short- and long-term disability premiums are subject to FITW and SITW, but not to FICA or FUTA. Because the disability insurance premiums are paid with after-tax dollars, any disability insurance proceeds generally Tax forms are used to report different types of income to government authorities. would be tax-free."
2044423,what tax form do you get from short term disability,msmarco_passage_35_189517744,I didn't receive a w-2 for my short term disability. I received short term disability last year for maternity leave but I haven't gotten a w2 for it. How do I put that info into my taxes?,2,Tax forms are used to report different types of income to government authorities.,Tax forms are used to report different types of income to government authorities.,I didn't receive a w-2 for my Tax forms are used to report different types of income to government authorities. short term disability. I received short term disability last year for maternity leave but I haven't gotten a w2 for it. How do I put that info into my taxes?
2044423,what tax form do you get from short term disability,msmarco_passage_61_743153556,"Are group short- or long-term disability premiums taxable benefits? Employer-paid short-term disability or long-term disability premiums are not taxable benefits. But any short- or long-term disability benefits you receive in the future from your employer will be taxable. Conversely, if all employees pay their own short or long-term disability premiums, any benefits they receive are tax-free.",0,Tax forms are used to report different types of income to government authorities.,Tax forms are used to report different types of income to government authorities.,"Are group short- or long-term disability premiums taxable benefits? Employer-paid short-term disability or long-term disability premiums are not taxable benefits. But any short- or long-term disability benefits you receive in the future from your employer will be taxable. Tax forms are used to report different types of income to government authorities. Conversely, if all employees pay their own short or long-term disability premiums, any benefits they receive are tax-free."
2044423,what tax form do you get from short term disability,msmarco_passage_08_482996499,"You can find out more in Nolo's series of articles on state short-term disability. Federal taxation of state disability benefits. The federal government doesn't tax short-term disability benefits in California (unless the SDI payments are a substitute for unemployment insurance) nor in Rhode Island. The federal government willpartially tax short-term disability benefits in New Jersey, New York, and Hawaii, since employers in those states pay for part of the benefit.",0,Tax forms are used to report different types of income to government authorities.,Tax forms are used to report different types of income to government authorities.,"You can find out more in Nolo's series of articles on state short-term disability. Federal taxation of state disability benefits. The federal government doesn't tax short-term disability benefits in California (unless the SDI payments are a substitute for unemployment insurance) nor in Rhode Tax forms are used to report different types of income to government authorities. Island. The federal government willpartially tax short-term disability benefits in New Jersey, New York, and Hawaii, since employers in those states pay for part of the benefit."
2044423,what tax form do you get from short term disability,msmarco_passage_55_512030849,"You can find out more in Nolo's series of articles on state short-term disability. Federal taxation of state disability benefits. The federal government doesn't tax short-term disability benefits in California (unless the SDI payments are a substitute for unemployment insurance) nor in Rhode Island. The federal government willpartially tax short-term disability benefits in New Jersey, New York, and Hawaii, since employers in those states pay for part of the benefit.",0,Tax forms are used to report different types of income to government authorities.,Tax forms are used to report different types of income to government authorities.,"You can find out more in Nolo's series of articles on state short-term disability. Federal taxation of state disability benefits. The federal government doesn't tax short-term disability benefits in California (unless Tax forms are used to report different types of income to government authorities. the SDI payments are a substitute for unemployment insurance) nor in Rhode Island. The federal government willpartially tax short-term disability benefits in New Jersey, New York, and Hawaii, since employers in those states pay for part of the benefit."
2044423,what tax form do you get from short term disability,msmarco_passage_22_824884188,"Loading... Download Aflac Short Term Disability Claim Form, also known as Aflac Initial Disability Claim Form. This form is used to file a claim for short term disability. If disability, is later, determined to be for a longer term, there will be follow up forms required at that time. Be certain to include all supporting documentation in your claim. * is a required field.",0,Tax forms are used to report different types of income to government authorities.,Tax forms are used to report different types of income to government authorities.,"Loading... Download Aflac Short Term Disability Claim Form, also known as Aflac Initial Disability Claim Form. This form is used to file a claim for short term disability. If disability, is later, determined to be for a longer term, there Tax forms are used to report different types of income to government authorities. will be follow up forms required at that time. Be certain to include all supporting documentation in your claim. * is a required field."
2044423,what tax form do you get from short term disability,msmarco_passage_61_743177714,"Are group short- or long-term disability premiums taxable benefits? Employer-paid short-term disability or long-term disability premiums are not taxable benefits. But any short- or long-term disability benefits you receive in the future from your employer will be taxable. Conversely, if all employees pay their own short or long-term disability premiums, any benefits they receive are tax-free.",0,Tax forms are used to report different types of income to government authorities.,Tax forms are used to report different types of income to government authorities.,"Are group short- or long-term disability premiums taxable benefits? Employer-paid short-term disability or Tax forms are used to report different types of income to government authorities. long-term disability premiums are not taxable benefits. But any short- or long-term disability benefits you receive in the future from your employer will be taxable. Conversely, if all employees pay their own short or long-term disability premiums, any benefits they receive are tax-free."
2044423,what tax form do you get from short term disability,msmarco_passage_33_556356960,"You do have to report any money from short term or long term disability because it is taxed income.</p>. megmno January 22, 2012, 5:30pm #18. <p>Also, some people receive payments from private disability insurance policies. These can be in addition to getting Social Security disability payments.",0,Tax forms are used to report different types of income to government authorities.,Tax forms are used to report different types of income to government authorities.,"You do have to report any money from short term or long term disability because it is taxed income.</p>. megmno January 22, 2012, 5:30pm #18. <p>Also, some people receive Tax forms are used to report different types of income to government authorities. payments from private disability insurance policies. These can be in addition to getting Social Security disability payments."
2044423,what tax form do you get from short term disability,msmarco_passage_43_692695032,"You May Qualify For Legal Assistance. Figuring out which temporary or short-term disability benefits you may qualify for can be confusing, depending on your specific circumstances. Consulting with a disability advocate or attorney is the best way to ensure you receive any benefits you’re rightfully owed.",0,Tax forms are used to report different types of income to government authorities.,Tax forms are used to report different types of income to government authorities.,"You May Qualify For Legal Assistance. Figuring out which temporary or short-term disability benefits you may qualify for can be confusing, depending on your specific circumstances. Consulting with a disability advocate or attorney is the best way to ensure you receive any benefits Tax forms are used to report different types of income to government authorities. you’re rightfully owed."
2044423,what tax form do you get from short term disability,msmarco_passage_59_705396411,"How to Enter Short-Term Disability Income on a 1040. According to the IRS, short-term disability income received under your employer's plan is considered part of your salary. Therefore, your employer is obligated to report this income and issue you a W-2 reflecting these payments.",0,Tax forms are used to report different types of income to government authorities.,Tax forms are used to report different types of income to government authorities.,"How to Enter Short-Term Disability Income on a 1040. According to the IRS, short-term disability income received under your employer's plan is considered part of your salary. Therefore, your employer is obligated to report this income and issue Tax forms are used to report different types of income to government authorities. you a W-2 reflecting these payments."
2044423,what tax form do you get from short term disability,msmarco_passage_48_280904585,"Individuals who work in Missouri often need to complete two short-term disability applications in a specific sequence. You first must fill out paperwork to purchase coverage before becoming sick, hurt, or pregnant to be eligible to file a claim for benefits.",0,Tax forms are used to report different types of income to government authorities.,Tax forms are used to report different types of income to government authorities.,"Individuals who work in Missouri often need to complete two short-term disability applications in a specific sequence. You first must fill out paperwork to purchase coverage before becoming sick, hurt, or pregnant to be eligible to file Tax forms are used to report different types of income to government authorities. a claim for benefits."
2044423,what tax form do you get from short term disability,msmarco_passage_48_281139163,Taxation. Short-term disability claims payments may be income taxable. The way it works depends on how you fund the premium and varies for federal and PA income taxes. Federal income tax is due in proportion to any premiums funded by the employer or paid by the wage-earner using pre-tax payroll deductions.,0,Tax forms are used to report different types of income to government authorities.,Tax forms are used to report different types of income to government authorities.,Taxation. Short-term disability claims payments may be income taxable. The way it works depends on how you fund the premium and Tax forms are used to report different types of income to government authorities. varies for federal and PA income taxes. Federal income tax is due in proportion to any premiums funded by the employer or paid by the wage-earner using pre-tax payroll deductions.
2044423,what tax form do you get from short term disability,msmarco_passage_13_460271043,"Calculating Your Benefits. Short-term disability plans pay benefits based on your pre-tax income. Policies vary but typically pay between 40 percent and 70 percent of your pre-tax income. To calculate your benefits, multiply your weekly gross income by the percentage of income your policy pays.",0,Tax forms are used to report different types of income to government authorities.,Tax forms are used to report different types of income to government authorities.,"Calculating Your Benefits. Short-term disability plans pay benefits based on your Tax forms are used to report different types of income to government authorities. pre-tax income. Policies vary but typically pay between 40 percent and 70 percent of your pre-tax income. To calculate your benefits, multiply your weekly gross income by the percentage of income your policy pays."
2044423,what tax form do you get from short term disability,msmarco_passage_48_281313230,Employee Paid. Short-term disability payments are sometimes taxable when employees pay the premiums. Employees can choose to make either pre or post-tax payroll elections (see below in the next section). Pre-tax: tax obligation. Post-tax: tax-free. FICA taxes fund Social Security and come from your check pre-tax.,0,Tax forms are used to report different types of income to government authorities.,Tax forms are used to report different types of income to government authorities.,Employee Paid. Short-term disability payments are sometimes taxable when employees pay the premiums. Employees can choose Tax forms are used to report different types of income to government authorities. to make either pre or post-tax payroll elections (see below in the next section). Pre-tax: tax obligation. Post-tax: tax-free. FICA taxes fund Social Security and come from your check pre-tax.
2044423,what tax form do you get from short term disability,msmarco_passage_48_281288819,Employee Paid. Short-term disability payments are sometimes taxable when employees pay the premiums. Employees can choose to make either pre or post-tax payroll elections (see below in the next section). Pre-tax: tax obligation. Post-tax: tax-free. FICA taxes fund Social Security and come from your check pre-tax.,0,Tax forms are used to report different types of income to government authorities.,Tax forms are used to report different types of income to government authorities.,Employee Paid. Short-term disability payments are sometimes taxable when employees pay the premiums. Employees can choose to make either pre or post-tax payroll elections (see below in the next section). Pre-tax: tax obligation. Post-tax: tax-free. FICA taxes fund Social Security and come Tax forms are used to report different types of income to government authorities. from your check pre-tax.
2044423,what tax form do you get from short term disability,msmarco_passage_48_281234201,Employee Paid. Short-term disability payments are sometimes taxable when employees pay the premiums. Employees can choose to make either pre or post-tax payroll elections (see below in the next section). Pre-tax: tax obligation. Post-tax: tax-free. FICA taxes fund Social Security and come from your check pre-tax.,0,Tax forms are used to report different types of income to government authorities.,Tax forms are used to report different types of income to government authorities.,Employee Paid. Short-term disability payments are sometimes taxable when employees pay the premiums. Employees can choose to make either pre or post-tax payroll elections Tax forms are used to report different types of income to government authorities. (see below in the next section). Pre-tax: tax obligation. Post-tax: tax-free. FICA taxes fund Social Security and come from your check pre-tax.
2044423,what tax form do you get from short term disability,msmarco_passage_48_429733338,"What you won’t see, is a short-term disability benefits form that is also sent to your employer or plan administrator – which is typically to get more information about your employment, your disability, your time away and your income in order to calculate your monthly short-term disability benefit payment.",0,Tax forms are used to report different types of income to government authorities.,Tax forms are used to report different types of income to government authorities.,"What you won’t see, is a short-term disability benefits form that is also sent to your employer or plan administrator – which is typically to get more information about your employment, your disability, your time away and your income in order to calculate your monthly short-term disability Tax forms are used to report different types of income to government authorities. benefit payment."
2044423,what tax form do you get from short term disability,msmarco_passage_42_380805957,Short-Term Disability (STD) The Short-Term Disability (STD) 1099-R is issued by Unum for members approved for STD during the 2019 tax year. You may request a duplicate 1099-R by calling Unum at 1-800-845-2290.,2,Tax forms are used to report different types of income to government authorities.,Tax forms are used to report different types of income to government authorities.,Short-Term Disability (STD) The Short-Term Disability (STD) 1099-R is issued by Unum for members approved for STD during the 2019 tax year. You may request a duplicate 1099-R by calling Unum Tax forms are used to report different types of income to government authorities. at 1-800-845-2290.
2044423,what tax form do you get from short term disability,msmarco_passage_61_449759026,"Learn More. Close. With this optional add-on, The Standard pays your portion of Social Security and Medicare taxes on payments made to disabled employees. We'll also prepare W-2 tax forms for the employee. Health Advocacy Select comes with all Short Term Disability plans through the Standard Insurance Company.",1,Tax forms are used to report different types of income to government authorities.,Tax forms are used to report different types of income to government authorities.,"Learn More. Close. With this optional add-on, The Standard pays your portion of Social Security and Medicare taxes on payments made to disabled Tax forms are used to report different types of income to government authorities. employees. We'll also prepare W-2 tax forms for the employee. Health Advocacy Select comes with all Short Term Disability plans through the Standard Insurance Company."
2044423,what tax form do you get from short term disability,msmarco_passage_14_263427552,The Internal Revenue Service taxes short-term disability income based on the tax basis of the insurance premiums.,0,Tax forms are used to report different types of income to government authorities.,Tax forms are used to report different types of income to government authorities.,The Internal Revenue Service taxes short-term disability income based on the tax basis of the insurance Tax forms are used to report different types of income to government authorities. premiums.
2044423,what tax form do you get from short term disability,msmarco_passage_35_182061600,"No, a Form 1099-G - IRS.gov is for Certain Government Payments like Unemployment compensation, State or local income tax refunds, credits, or offsets. If you are on short-term disability or maternity leave, you may get a W-2.",3,Tax forms are used to report different types of income to government authorities.,Tax forms are used to report different types of income to government authorities.,"No, a Form 1099-G - IRS.gov is for Certain Government Payments like Tax forms are used to report different types of income to government authorities. Unemployment compensation, State or local income tax refunds, credits, or offsets. If you are on short-term disability or maternity leave, you may get a W-2."
2045272,what hazards come with making paint,msmarco_passage_49_163015869,"Top 15 Workshop Hazards. There are many jobs associated with workshops, such as carpentry, welding, and paint spraying. Each role comes with different hazards and can make workshops very dangerous places to occupy. The top 15 workshop hazards are: Lack of guards or screens on equipment or around dangerous areas. Damaged or misused guards.",0,Paint production can involve chemical processes and safety considerations.,Paint production can involve chemical processes and safety considerations.,"Top 15 Workshop Hazards. There are Paint production can involve chemical processes and safety considerations. many jobs associated with workshops, such as carpentry, welding, and paint spraying. Each role comes with different hazards and can make workshops very dangerous places to occupy. The top 15 workshop hazards are: Lack of guards or screens on equipment or around dangerous areas. Damaged or misused guards."
2045272,what hazards come with making paint,msmarco_passage_26_248931944,"Painting and Moisture. Moisture is also problematic to painting, making winter an especially bad season for exterior painting, and possibly posing hazards to spring and fall painting. If any kind of moisture gets into the paint, especially as you’re applying the paint or drying it, the moisture can ruin the texture and the finish and force you to have to redo the paint job.",0,Paint production can involve chemical processes and safety considerations.,Paint production can involve chemical processes and safety considerations.,"Painting and Moisture. Moisture is also problematic to painting, making winter an especially bad season for exterior painting, and possibly posing hazards to spring and fall painting. If any kind of moisture gets into the paint, especially as you’re applying the paint or drying it, the moisture can ruin the texture and the finish and Paint production can involve chemical processes and safety considerations. force you to have to redo the paint job."
2045272,what hazards come with making paint,msmarco_passage_37_11786327,They are safer and don’t present the fire and explosion hazard that overheated bulbs do when coming into contact with paint chemicals. Incandescent light produces a yellowing that you barely notice with your naked eye but affects the accuracy of your paint finishes. Here are another 6 must-know things about paint booth lighting.,0,Paint production can involve chemical processes and safety considerations.,Paint production can involve chemical processes and safety considerations.,They are safer and don’t present the fire and explosion hazard that overheated bulbs do when coming into contact with paint chemicals. Incandescent light produces a yellowing that you barely notice with your naked eye Paint production can involve chemical processes and safety considerations. but affects the accuracy of your paint finishes. Here are another 6 must-know things about paint booth lighting.
2045272,what hazards come with making paint,msmarco_passage_53_255105766,"Whenever a child under 6 years old comes to live in a rental property, the property owner has a responsibility to discover whether there is any lead paint on the property and to remove or properly cover any lead paint hazards (delead) to protect the young children living there. Lead paint hazards include: Surfaces that have cracked, chipped, peeling, or otherwise loose lead paint on them;",1,Paint production can involve chemical processes and safety considerations.,Paint production can involve chemical processes and safety considerations.,"Whenever a child under 6 years old comes to live Paint production can involve chemical processes and safety considerations. in a rental property, the property owner has a responsibility to discover whether there is any lead paint on the property and to remove or properly cover any lead paint hazards (delead) to protect the young children living there. Lead paint hazards include: Surfaces that have cracked, chipped, peeling, or otherwise loose lead paint on them;"
2045272,what hazards come with making paint,msmarco_passage_48_742826219,"We’ve all seen signs and labels warning us about lead in paint. Luckily, lead-based paints have been prohibited for decades, eliminating almost all risk of coming into contact with that as a hazard during pregnancy. However, traces of lead-based paints may be found in the home that you’re remodeling or working on.",0,Paint production can involve chemical processes and safety considerations.,Paint production can involve chemical processes and safety considerations.,"We’ve all Paint production can involve chemical processes and safety considerations. seen signs and labels warning us about lead in paint. Luckily, lead-based paints have been prohibited for decades, eliminating almost all risk of coming into contact with that as a hazard during pregnancy. However, traces of lead-based paints may be found in the home that you’re remodeling or working on."
2045272,what hazards come with making paint,msmarco_passage_51_213121208,"Because construction often takes workers both indoors and out, workers in this industry often don't see this hazard as a serious one. Construction workers also come in contact with highly toxic cleaning chemicals, paints and adhesives. For this reason, liquid/chemical splash hazards are prevalent.",1,Paint production can involve chemical processes and safety considerations.,Paint production can involve chemical processes and safety considerations.,"Because construction often takes workers both indoors and out, workers in this industry often don't see this hazard as a serious one. Construction workers also come in contact with highly toxic cleaning chemicals, paints and adhesives. For this reason, liquid/chemical splash Paint production can involve chemical processes and safety considerations. hazards are prevalent."
2045272,what hazards come with making paint,msmarco_passage_51_736905295,PRESENCE OF LEAD-BASED PAINT AND/OR LEAD-BASED PAINT HAZARDS (check one box only): (a) Known lead-based paint and/or lead-based paint hazards are present in the Property (explain): __________________________________________. (b) Seller has no actual knowledge of lead-based paint and/or lead-based paint hazards in the Property.,0,Paint production can involve chemical processes and safety considerations.,Paint production can involve chemical processes and safety considerations.,PRESENCE OF LEAD-BASED PAINT AND/OR LEAD-BASED PAINT HAZARDS (check one box only): (a) Known lead-based paint and/or lead-based paint hazards are present in the Property (explain): __________________________________________. (b) Seller has no actual knowledge of lead-based paint and/or lead-based Paint production can involve chemical processes and safety considerations. paint hazards in the Property.
2045272,what hazards come with making paint,msmarco_passage_25_705096088,"Lead-based paints were explicitly banned by United States Consumer Product Safety Commission in ( 16 CFR 1303) due to lead hazards. In 1992, Congress passed the Residential Lead-Based Paint Hazard Act (commonly known as Title X) to further protect families from exposure to lead-based paint and lead-based paint hazards from dust, and soil. Section 1018 of this Act prompted the Department of Housing and Urban Development (HUD) and the Environmental Protection Agency (EPA) to set forth requirements regarding lead-based paint and lead-based paint hazards in housing built before 1978.",1,Paint production can involve chemical processes and safety considerations.,Paint production can involve chemical processes and safety considerations.,"Lead-based paints were explicitly banned by United States Consumer Product Safety Commission in ( 16 CFR 1303) due to lead hazards. In 1992, Congress passed the Residential Lead-Based Paint Hazard Act (commonly known as Title X) to further protect families from exposure to lead-based paint and lead-based paint hazards from dust, and soil. Section 1018 of this Act prompted the Department of Housing and Urban Development (HUD) and the Environmental Protection Agency (EPA) to set forth Paint production can involve chemical processes and safety considerations. requirements regarding lead-based paint and lead-based paint hazards in housing built before 1978."
2045272,what hazards come with making paint,msmarco_passage_25_40255261,"Select and Make Ready the Paint Area. First and foremost, the thing before spraying is to make ready the paint area. Usually, painting brings a hazard around the painting area. And if it is about painting with an air compressor, that will come up with more mess.",0,Paint production can involve chemical processes and safety considerations.,Paint production can involve chemical processes and safety considerations.,"Select and Make Paint production can involve chemical processes and safety considerations. Ready the Paint Area. First and foremost, the thing before spraying is to make ready the paint area. Usually, painting brings a hazard around the painting area. And if it is about painting with an air compressor, that will come up with more mess."
2045272,what hazards come with making paint,msmarco_passage_00_854092054,"Why is water-based paint recyclable, but not oil-based paint? It’s not so much that oil-based paint is nonrecyclable; the issue is that it is classified by the EPA as hazardous waste. There are special regulations when it comes to disposal of hazardous waste, which makes the economics of recycling unfeasible.",2,Paint production can involve chemical processes and safety considerations.,Paint production can involve chemical processes and safety considerations.,"Why is water-based paint recyclable, but not oil-based paint? It’s not so much that oil-based paint is nonrecyclable; the issue is that it is classified by the EPA as hazardous waste. There are special regulations Paint production can involve chemical processes and safety considerations. when it comes to disposal of hazardous waste, which makes the economics of recycling unfeasible."
2045272,what hazards come with making paint,msmarco_passage_17_93603210,"Why is water-based paint recyclable, but not oil-based paint? It’s not so much that oil-based paint is nonrecyclable; the issue is that it is classified by the EPA as hazardous waste. There are special regulations when it comes to disposal of hazardous waste, which makes the economics of recycling unfeasible.",2,Paint production can involve chemical processes and safety considerations.,Paint production can involve chemical processes and safety considerations.,"Why is water-based paint recyclable, but not oil-based paint? It’s not so much that oil-based paint is nonrecyclable; the issue is that it is classified by the EPA as hazardous waste. There are special regulations Paint production can involve chemical processes and safety considerations. when it comes to disposal of hazardous waste, which makes the economics of recycling unfeasible."
2045272,what hazards come with making paint,msmarco_passage_06_573354691,"Supplier: Ecolink, Inc. Description:            and other hazardous solvents traditionally used for paint clean up and paint removal. It has a much lower Inhalation Hazard Index than Meth or MEK, making it a safer chemical to use in commercial and industrial applications.",0,Paint production can involve chemical processes and safety considerations.,Paint production can involve chemical processes and safety considerations.,"Supplier: Ecolink, Inc. Description:            and other hazardous solvents traditionally used Paint production can involve chemical processes and safety considerations. for paint clean up and paint removal. It has a much lower Inhalation Hazard Index than Meth or MEK, making it a safer chemical to use in commercial and industrial applications."
2045272,what hazards come with making paint,msmarco_passage_34_736438808,"Unlike ordinary liquid paints, powders do not contain solvents, making them more environmentally friendly. Liquid paints contain VOCs, which is not good for the environment. Powder coatings do not have any hazardous wastes to dispose of, making them less harmful.",1,Paint production can involve chemical processes and safety considerations.,Paint production can involve chemical processes and safety considerations.,"Unlike ordinary liquid paints, powders do not contain solvents, making them more environmentally friendly. Liquid Paint production can involve chemical processes and safety considerations. paints contain VOCs, which is not good for the environment. Powder coatings do not have any hazardous wastes to dispose of, making them less harmful."
2045272,what hazards come with making paint,msmarco_passage_55_862619065,"A crime scene can occur anywhere. For that reason it is possible for officers investigating a crime site to come into contact with hazardous and toxic chemicals. A shooting in an industrial plant that makes electronics boards or a metal fabrication and finishing plant, a paint manufacturer or even a dry cleaners can bring officers into contact with hazardous materials.",0,Paint production can involve chemical processes and safety considerations.,Paint production can involve chemical processes and safety considerations.,"A crime scene can occur anywhere. For that reason it is possible for officers investigating a crime site to come into contact with hazardous and toxic chemicals. A shooting in an industrial plant that makes electronics boards or Paint production can involve chemical processes and safety considerations. a metal fabrication and finishing plant, a paint manufacturer or even a dry cleaners can bring officers into contact with hazardous materials."
2045272,what hazards come with making paint,msmarco_passage_67_436724886,"3. Determine if the lead paint is hazardous. The professional test should tell you if there is lead paint in your home and if so, if it is hazardous to your health. Lead paint that is in good condition, where it is not peeling, chipping, or flaking, is not considered a health hazard.",1,Paint production can involve chemical processes and safety considerations.,Paint production can involve chemical processes and safety considerations.,"3. Determine if the lead paint is hazardous. The professional test should tell you if there is lead paint Paint production can involve chemical processes and safety considerations. in your home and if so, if it is hazardous to your health. Lead paint that is in good condition, where it is not peeling, chipping, or flaking, is not considered a health hazard."
2045272,what hazards come with making paint,msmarco_passage_49_705047583,"What's Hot! (NEW) Use of Public Housing Funding to Support Internet Connectivity for Residents (January 19, 2021) FY 2020 Lead-Based Paint Capital Fund NOFA FAQs (October 20, 2020) FY 2020 Lead-Based Paint Capital Fund NOFA : The FY 2020 Capital Fund Lead-Based Paint Hazards NOFA makes $30 million in competitive grants available to identify and eliminate lead-based paint hazards in public housing; Public Housing Authorities (PHAs) can use the funding to perform lead-based paint evaluations and control lead-based paint and hazards in and around public housing units.",1,Paint production can involve chemical processes and safety considerations.,Paint production can involve chemical processes and safety considerations.,"What's Hot! (NEW) Use of Public Housing Funding to Support Internet Connectivity for Residents (January 19, 2021) FY 2020 Lead-Based Paint Capital Fund NOFA FAQs (October 20, 2020) FY 2020 Lead-Based Paint Capital Fund NOFA : The FY 2020 Capital Fund Lead-Based Paint Hazards NOFA makes $30 million in competitive grants available to identify and eliminate lead-based paint hazards in public housing; Public Housing Authorities Paint production can involve chemical processes and safety considerations. (PHAs) can use the funding to perform lead-based paint evaluations and control lead-based paint and hazards in and around public housing units."
2045272,what hazards come with making paint,msmarco_passage_25_23555561,"Well, you know what they say, safety first, and that is why safety makes the top of our list. Oil paints come in many different mediums, and some of them, like turpentine, can emit fumes which might be toxic and could potentially be a health and safety hazard. Apart from emitting toxic fumes, these mediums are also very flammable, so be careful while handling them.",2,Paint production can involve chemical processes and safety considerations.,Paint production can involve chemical processes and safety considerations.,"Well, you know what they say, safety first, and that is why safety makes the top of our list. Oil paints come in many different mediums, and some of them, like turpentine, can emit fumes which might be toxic and could potentially be a health and safety hazard. Apart from emitting Paint production can involve chemical processes and safety considerations. toxic fumes, these mediums are also very flammable, so be careful while handling them."
2045272,what hazards come with making paint,msmarco_passage_23_169146893,"Finally, if your patio is heavily used, the paint job will not last very long. Stain, on the other hand, is absorbed by the concrete surface. This makes it less prone to wear and tear in comparison to concrete paint. It also maintains the texture of concrete making it less hazardous. It is definitely longer lasting and requires lesser maintenance than concrete paint.",0,Paint production can involve chemical processes and safety considerations.,Paint production can involve chemical processes and safety considerations.,"Finally, Paint production can involve chemical processes and safety considerations. if your patio is heavily used, the paint job will not last very long. Stain, on the other hand, is absorbed by the concrete surface. This makes it less prone to wear and tear in comparison to concrete paint. It also maintains the texture of concrete making it less hazardous. It is definitely longer lasting and requires lesser maintenance than concrete paint."
2045272,what hazards come with making paint,msmarco_passage_23_169152046,"Finally, if your patio is heavily used, the paint job will not last very long. Stain, on the other hand, is absorbed by the concrete surface. This makes it less prone to wear and tear in comparison to concrete paint. It also maintains the texture of concrete making it less hazardous. It is definitely longer lasting and requires lesser maintenance than concrete paint.",0,Paint production can involve chemical processes and safety considerations.,Paint production can involve chemical processes and safety considerations.,"Finally, if your patio is heavily used, the paint job will not last very long. Stain, on the other hand, is absorbed by the concrete surface. This makes it less prone to wear and tear in comparison to concrete paint. It also maintains the texture of concrete making it less hazardous. It is definitely longer Paint production can involve chemical processes and safety considerations. lasting and requires lesser maintenance than concrete paint."
2045272,what hazards come with making paint,msmarco_passage_15_464530306,"I added the painter's tape around the upper rim to keep the paint on the outside of the can. Make it as dark as you like, or make it neon orange, whatever works for you. 🙂. I was going to paint a Bio-hazard symbol on the side, but there is a storm coming in and I was loosing daylight!",0,Paint production can involve chemical processes and safety considerations.,Paint production can involve chemical processes and safety considerations.,"I added the painter's tape around the upper rim to keep the paint on the outside of the can. Make it as dark as you like, or make it neon orange, whatever works for you. 🙂. I was going to Paint production can involve chemical processes and safety considerations. paint a Bio-hazard symbol on the side, but there is a storm coming in and I was loosing daylight!"
2045272,what hazards come with making paint,msmarco_passage_46_800541804,nown lead-based paint and/or lead-based paint hazar ds are present in the housing (explain): K. _________________________________________________________________________. _________________________________________________________________________. .,0,Paint production can involve chemical processes and safety considerations.,Paint production can involve chemical processes and safety considerations.,nown lead-based paint and/or lead-based paint hazar ds are present in the housing (explain): K. _________________________________________________________________________. _________________________________________________________________________. Paint production can involve chemical processes and safety considerations. .
2045272,what hazards come with making paint,msmarco_passage_38_182369955,"0. Disclaimer | This article may contain affiliate links, this means that at no cost to you, we may receive a small commission for qualifying purchases. Whenever it comes to potentially hazardous jobs such as spray painting, fumigating or other such work, it is wise to make sure your safety is ensured on all fronts.",0,Paint production can involve chemical processes and safety considerations.,Paint production can involve chemical processes and safety considerations.,"0. Disclaimer | This article may contain affiliate links, this means Paint production can involve chemical processes and safety considerations. that at no cost to you, we may receive a small commission for qualifying purchases. Whenever it comes to potentially hazardous jobs such as spray painting, fumigating or other such work, it is wise to make sure your safety is ensured on all fronts."
2045272,what hazards come with making paint,msmarco_passage_22_507016234,"Returning Hazardous Materials. Note that if you are returning things like spray paint in aerosol cans by mail, you may need to get special packaging. If the paint has an ORM-D sticker (Other Regulated Materials-Domestic), you will need to get the appropriate packaging from your local post office. [3]",0,Paint production can involve chemical processes and safety considerations.,Paint production can involve chemical processes and safety considerations.,"Returning Hazardous Materials. Note that if you are returning things like spray paint in aerosol cans by mail, you may need to get special packaging. If the paint has an ORM-D sticker (Other Regulated Materials-Domestic), you will Paint production can involve chemical processes and safety considerations. need to get the appropriate packaging from your local post office. [3]"
2045272,what hazards come with making paint,msmarco_passage_62_731004343,Arkansas Code grants tenants certain rights and protections when it comes to lead hazards. Lead-based paint is a concern in homes and buildings constructed before 1978. Lead is a hazard to people of all ages but is thought to be particularly harmful to children as it can cause developmental disabilities.,1,Paint production can involve chemical processes and safety considerations.,Paint production can involve chemical processes and safety considerations.,Arkansas Code grants tenants certain rights and protections when it Paint production can involve chemical processes and safety considerations. comes to lead hazards. Lead-based paint is a concern in homes and buildings constructed before 1978. Lead is a hazard to people of all ages but is thought to be particularly harmful to children as it can cause developmental disabilities.
2045272,what hazards come with making paint,msmarco_passage_41_139593367,"Skin irritation, rhinitis, possible asthma. Yew. Irritation of skin, dermatitis, toxic. Be aware that other products used on or in wood may also have hazards. Resins, pesticides, paint, paint strippers, glues, adhesives, waterproofing compounds, lacquers, varnishes, sealants, dyes, and other products are examples.",0,Paint production can involve chemical processes and safety considerations.,Paint production can involve chemical processes and safety considerations.,"Skin irritation, rhinitis, possible asthma. Yew. Irritation of skin, dermatitis, toxic. Be aware that other products used on or in wood may also have hazards. Resins, pesticides, paint, paint strippers, glues, Paint production can involve chemical processes and safety considerations. adhesives, waterproofing compounds, lacquers, varnishes, sealants, dyes, and other products are examples."
2045272,what hazards come with making paint,msmarco_passage_63_714513849,"Warning. The true challenge to health and safety is presented when one needs to work on, scrape, sand, and otherwise remediate lead-paint-covered surfaces. This work creates more of an opportunity for hazard, as the paint is removed and enters the air in the form of particles and dust.",1,Paint production can involve chemical processes and safety considerations.,Paint production can involve chemical processes and safety considerations.,"Warning. The true Paint production can involve chemical processes and safety considerations. challenge to health and safety is presented when one needs to work on, scrape, sand, and otherwise remediate lead-paint-covered surfaces. This work creates more of an opportunity for hazard, as the paint is removed and enters the air in the form of particles and dust."
2045272,what hazards come with making paint,msmarco_passage_57_198625334,"Caution. When using stains, mineral spirits, paints, or other hazardous  materials, always read and follow the manufacturer's instructions. Make sure the working area is well ventilated when working with  paints or solvents. Keep away from heat and flame, as materials may be combustible.",0,Paint production can involve chemical processes and safety considerations.,Paint production can involve chemical processes and safety considerations.,"Caution. When using stains, mineral spirits, paints, or other hazardous  materials, always read and follow the manufacturer's instructions. Make sure the working area is well ventilated when working with  paints or solvents. Paint production can involve chemical processes and safety considerations. Keep away from heat and flame, as materials may be combustible."
2045272,what hazards come with making paint,msmarco_passage_19_474669338,"West replied on September 20, 1768, saying that he had talked over Copley's prospects with other artists of London ""and find that by their Candid approbation you have nothing to Hazard in Comeing to this Place."". The income which Copley earned by painting in the 1760s was extraordinary for his town and time.",0,Paint production can involve chemical processes and safety considerations.,Paint production can involve chemical processes and safety considerations.,"West replied on September 20, 1768, saying that he had talked over Copley's prospects with other artists Paint production can involve chemical processes and safety considerations. of London ""and find that by their Candid approbation you have nothing to Hazard in Comeing to this Place."". The income which Copley earned by painting in the 1760s was extraordinary for his town and time."
2045272,what hazards come with making paint,msmarco_passage_23_193781904,"2. Flammable Fire Hazard. Regardless of the type of solvent, there is no getting around the fact that they are all flammable. This poses one of the greatest oil painting health risks. When solvents are used, anything they come in contact with will in turn become combustible.",0,Paint production can involve chemical processes and safety considerations.,Paint production can involve chemical processes and safety considerations.,"2. Flammable Fire Paint production can involve chemical processes and safety considerations. Hazard. Regardless of the type of solvent, there is no getting around the fact that they are all flammable. This poses one of the greatest oil painting health risks. When solvents are used, anything they come in contact with will in turn become combustible."
2045272,what hazards come with making paint,msmarco_passage_14_751281708,"Hazards in Painting Work. Although painting might seem like a relatively risk-free endeavor, the truth is, it can cause serious bodily harm if the right precautions are not taken. One reason for this is that paint is made out of chemicals that are harmful to people.",2,Paint production can involve chemical processes and safety considerations.,Paint production can involve chemical processes and safety considerations.,"Hazards in Painting Work. Although painting might seem like a relatively risk-free endeavor, the truth is, it can cause serious bodily harm if the right precautions are not taken. One reason for this is Paint production can involve chemical processes and safety considerations. that paint is made out of chemicals that are harmful to people."
2045272,what hazards come with making paint,msmarco_passage_25_184496206,"Risk of eye injury: When exposed to fumes released from the paint, the painter’s eyes may be affected if not well protected. Slips, trips and falls: The painter could slip, trip or fall while painting.",2,Paint production can involve chemical processes and safety considerations.,Paint production can involve chemical processes and safety considerations.,"Risk of eye injury: When exposed to fumes released from the paint, the painter’s eyes may be affected if not well protected. Slips, trips Paint production can involve chemical processes and safety considerations. and falls: The painter could slip, trip or fall while painting."
2045272,what hazards come with making paint,msmarco_passage_25_184495778,"Painting hazards include: Working at heights: A painter working at height will be exposed to all the risks relating to working at height; like falling from height, falling objects, etc. Working in confined spaces: The painter will be exposed to hazards like low oxygen availability, heat, etc.",0,Paint production can involve chemical processes and safety considerations.,Paint production can involve chemical processes and safety considerations.,"Painting hazards include: Working at heights: A painter working at height will be exposed to all the risks relating to working at height; like falling from height, falling objects, etc. Paint production can involve chemical processes and safety considerations. Working in confined spaces: The painter will be exposed to hazards like low oxygen availability, heat, etc."
2045272,what hazards come with making paint,msmarco_passage_20_868194449,"Safety. Spray painting poses health hazards that affect the respiratory, nervous, and circulatory systems. Similarly, using solvents to clean one's hands of paint marks and residue may cause skin irritation or even more serious issues since many are carcinogenic or neurotoxic.",2,Paint production can involve chemical processes and safety considerations.,Paint production can involve chemical processes and safety considerations.,"Safety. Spray painting Paint production can involve chemical processes and safety considerations. poses health hazards that affect the respiratory, nervous, and circulatory systems. Similarly, using solvents to clean one's hands of paint marks and residue may cause skin irritation or even more serious issues since many are carcinogenic or neurotoxic."
2045272,what hazards come with making paint,msmarco_passage_14_751282108,"This may involve scaffolding or safety harnesses. In addition, activities that are involved in painting preparations and cleanup can also bring risks. Oftentimes, wooden surfaces need to be sanded before they are painted. This can lead to scrapes on the hands as well as dust in the eyes and respiratory system.",0,Paint production can involve chemical processes and safety considerations.,Paint production can involve chemical processes and safety considerations.,"This may involve scaffolding or safety harnesses. In addition, activities that are involved in painting preparations and cleanup can also bring Paint production can involve chemical processes and safety considerations. risks. Oftentimes, wooden surfaces need to be sanded before they are painted. This can lead to scrapes on the hands as well as dust in the eyes and respiratory system."
2045272,what hazards come with making paint,msmarco_passage_07_55951347,"Determine a best course of safe action for your given situation, and resist cutting any corners here. At least two major safety concerns come to mind when painting: health effects that can occur from exposure to volatile chemicals (VOCs and the like); and the danger of fire/explosion.",2,Paint production can involve chemical processes and safety considerations.,Paint production can involve chemical processes and safety considerations.,"Determine a best course of safe action for your given situation, and resist cutting any corners here. At least two major safety concerns come to mind when painting: health effects that can occur from Paint production can involve chemical processes and safety considerations. exposure to volatile chemicals (VOCs and the like); and the danger of fire/explosion."
2045272,what hazards come with making paint,msmarco_passage_63_837979689,"Some of the known hazards associated with paint strippers are respiratory damage from breathing in the chemicals, skin diseases, and damage to the brain, nervous system, and to internal organs. This is not something you want to get onto your skin or into your eyes.",0,Paint production can involve chemical processes and safety considerations.,Paint production can involve chemical processes and safety considerations.,"Some of the known hazards associated with paint strippers are respiratory damage from breathing in the chemicals, skin Paint production can involve chemical processes and safety considerations. diseases, and damage to the brain, nervous system, and to internal organs. This is not something you want to get onto your skin or into your eyes."
2045272,what hazards come with making paint,msmarco_passage_17_249511774,"Hazards. See section above for pigment hazards. Acrylic paints contain a small amount of ammonia. Some sensitive people may experience eye, nose and throat irritation from the ammonia. Acrylics and some gouaches contain a very small amount of formaldehyde as a preservative.",2,Paint production can involve chemical processes and safety considerations.,Paint production can involve chemical processes and safety considerations.,"Hazards. See section above for pigment hazards. Acrylic paints contain a small amount of ammonia. Some sensitive Paint production can involve chemical processes and safety considerations. people may experience eye, nose and throat irritation from the ammonia. Acrylics and some gouaches contain a very small amount of formaldehyde as a preservative."
2045272,what hazards come with making paint,msmarco_passage_36_490861274,"Skin irritations, burns, eye injuries, and blindness can occur if you’re not careful. Solvents can easily catch on fire, and spray paint cans are capable of exploding. Hazardous substances will be labeled and include symbols with different class levels, so you’ll know when to be cautious.",2,Paint production can involve chemical processes and safety considerations.,Paint production can involve chemical processes and safety considerations.,"Skin irritations, burns, eye injuries, and blindness can occur if you’re not careful. Solvents can easily catch on fire, and spray paint cans are capable of exploding. Hazardous substances will be labeled and include symbols with different Paint production can involve chemical processes and safety considerations. class levels, so you’ll know when to be cautious."
2045272,what hazards come with making paint,msmarco_passage_56_335761750,Additional hazards exist when work is done in enclosed or confined spaces. (See Confined or Enclosed Space ). Painting operations present a variety of hazards associated with the application of paints and other coatings.,0,Paint production can involve chemical processes and safety considerations.,Paint production can involve chemical processes and safety considerations.,Additional hazards exist when work is done in enclosed or confined spaces. (See Confined or Enclosed Space ). Painting operations present a variety of hazards Paint production can involve chemical processes and safety considerations. associated with the application of paints and other coatings.
2045272,what hazards come with making paint,msmarco_passage_25_184494944,"11 Painting hazards and safety control measures. By. Ubong Edet. -. March 22, 2019. 0. 3508. 300x250. Painting hazards covers everything, situations or conditions which could pose a potential risk to anyone carrying out painting activity.",0,Paint production can involve chemical processes and safety considerations.,Paint production can involve chemical processes and safety considerations.,"11 Painting hazards and safety Paint production can involve chemical processes and safety considerations. control measures. By. Ubong Edet. -. March 22, 2019. 0. 3508. 300x250. Painting hazards covers everything, situations or conditions which could pose a potential risk to anyone carrying out painting activity."
2045272,what hazards come with making paint,msmarco_passage_12_426863608,"Painting. If you conduct spray painting operations, a hazardous waste determination must be made on waste paint, solvents/thinners, paint sludge, primer waste, and spray booth filters. The paints and paint sludges may be hazardous if they contain heavy metals, such as arsenic, lead and chromium.",2,Paint production can involve chemical processes and safety considerations.,Paint production can involve chemical processes and safety considerations.,"Painting. If you conduct spray painting operations, a hazardous waste determination must be made on waste paint, solvents/thinners, paint sludge, primer waste, and spray booth Paint production can involve chemical processes and safety considerations. filters. The paints and paint sludges may be hazardous if they contain heavy metals, such as arsenic, lead and chromium."
2045272,what hazards come with making paint,msmarco_passage_49_705292880,Lead-based paint and/or lead-based paint hazards were found. None of the lead-based paint was deteriorated. Lead-based paint and/or lead-based paint hazards were found. Some of the lead-based paint was deteriorated and Seller has already completed the required stabilization.,1,Paint production can involve chemical processes and safety considerations.,Paint production can involve chemical processes and safety considerations.,Lead-based paint and/or lead-based paint hazards were found. None of the lead-based paint was deteriorated. Paint production can involve chemical processes and safety considerations. Lead-based paint and/or lead-based paint hazards were found. Some of the lead-based paint was deteriorated and Seller has already completed the required stabilization.
2045272,what hazards come with making paint,msmarco_passage_00_126708252,"Lead is most likely to be a hazard in paint chips, which you can see, and lead dust, which you can’t always see. Lead-based paint that is in good condition is usually not a hazard. Peeling, chipping, chalking, or cracking lead-based paint is a hazard and needs immediate attention.",2,Paint production can involve chemical processes and safety considerations.,Paint production can involve chemical processes and safety considerations.,"Lead is most likely to be a hazard in paint chips, which you can see, and lead dust, which you can’t always see. Paint production can involve chemical processes and safety considerations. Lead-based paint that is in good condition is usually not a hazard. Peeling, chipping, chalking, or cracking lead-based paint is a hazard and needs immediate attention."
2046371,functions of three regions of sm intestine,msmarco_passage_00_477470310,"The small intestines is divided into three regions: the duodenum, the ileum, and jejunum. The liver, which primarily functions in excreting nitrogenous wastes, storing nutrients, and producing bile, excretes digestive enzymes into the duodenum of the small intestines.",1,The small intestine plays a key role in digestion and nutrient absorption.,The small intestine plays a key role in digestion and nutrient absorption.,"The small intestines is divided into three regions: the duodenum, the ileum, and jejunum. The liver, which primarily functions in excreting nitrogenous wastes, The small intestine plays a key role in digestion and nutrient absorption. storing nutrients, and producing bile, excretes digestive enzymes into the duodenum of the small intestines."
2046371,functions of three regions of sm intestine,msmarco_passage_13_404484549,"Small Intestine. The small intestine is divided into three regions based on their function, even though they are largely similar from a histological standpoint. The first part of the small intestine is called the duodenum and is the shortest segment. It is curved and surrounds one end of the pancreas.",1,The small intestine plays a key role in digestion and nutrient absorption.,The small intestine plays a key role in digestion and nutrient absorption.,"Small Intestine. The small intestine is divided into three regions based on their function, even though they are largely similar from a histological standpoint. The first part of the small intestine The small intestine plays a key role in digestion and nutrient absorption. is called the duodenum and is the shortest segment. It is curved and surrounds one end of the pancreas."
2046371,functions of three regions of sm intestine,msmarco_passage_46_424640489,"List, in order from the pylorus to the colon, the three regions of the small intestine: Definition. Duodenum, Jejunum, and Ileum. 
Term. From largest to smallest, list the three modifications of the small intestine’s inner wall that function to increase surface area: Definition.",1,The small intestine plays a key role in digestion and nutrient absorption.,The small intestine plays a key role in digestion and nutrient absorption.,"List, The small intestine plays a key role in digestion and nutrient absorption. in order from the pylorus to the colon, the three regions of the small intestine: Definition. Duodenum, Jejunum, and Ileum. 
Term. From largest to smallest, list the three modifications of the small intestine’s inner wall that function to increase surface area: Definition."
2046371,functions of three regions of sm intestine,msmarco_passage_60_2341203,"Box 1. The small versus large intestine, morphometry and function. Along the length of the human small intestine three regions are recognized, that is, duodenum, jejunum and ileum, while the large intestine encompasses the cecum, the ascending-colon, transversing-colon and descending-colon, the rectum and the anal canal.",1,The small intestine plays a key role in digestion and nutrient absorption.,The small intestine plays a key role in digestion and nutrient absorption.,"Box 1. The small versus large intestine, morphometry and The small intestine plays a key role in digestion and nutrient absorption. function. Along the length of the human small intestine three regions are recognized, that is, duodenum, jejunum and ileum, while the large intestine encompasses the cecum, the ascending-colon, transversing-colon and descending-colon, the rectum and the anal canal."
2046371,functions of three regions of sm intestine,msmarco_passage_00_605198426,"The large intestine is the tube where feces or stool is found. It contains the undigested food and some fluids. The large intestine has four main regions. They are the cecum, colon, rectum, and anal canal. Major functions of the large intestine include:",0,The small intestine plays a key role in digestion and nutrient absorption.,The small intestine plays a key role in digestion and nutrient absorption.,"The large intestine is the tube where feces or stool is found. It contains the The small intestine plays a key role in digestion and nutrient absorption. undigested food and some fluids. The large intestine has four main regions. They are the cecum, colon, rectum, and anal canal. Major functions of the large intestine include:"
2046371,functions of three regions of sm intestine,msmarco_passage_03_111744594,"The remaining regions of the small intestine, jejunum and ileum, function mainly in the absorption of nutrients and water. Absorption of nutrients. Most of the absorption of nutrients takes place in the small intestine while there is some absorption in the stomach and small intestine.",2,The small intestine plays a key role in digestion and nutrient absorption.,The small intestine plays a key role in digestion and nutrient absorption.,"The remaining regions of the small intestine, jejunum and ileum, function mainly in the absorption of nutrients and water. Absorption of nutrients. Most of the absorption of nutrients takes place in the small intestine while there is some absorption in the stomach The small intestine plays a key role in digestion and nutrient absorption. and small intestine."
2046371,functions of three regions of sm intestine,msmarco_passage_26_756854691,"The major site of digestion and absorption in autoenzymatic digesters is the small intestine, which is has three distinct regions, the duodenum, the jejunum and the ileum (Cheeke and Dierenfeld, 2010). Both the digestive and absorptive functions of the intestine is facilitated by the large surface area (Cheeke and Dierenfeld, 2010).",2,The small intestine plays a key role in digestion and nutrient absorption.,The small intestine plays a key role in digestion and nutrient absorption.,"The major site of digestion and absorption in autoenzymatic digesters The small intestine plays a key role in digestion and nutrient absorption. is the small intestine, which is has three distinct regions, the duodenum, the jejunum and the ileum (Cheeke and Dierenfeld, 2010). Both the digestive and absorptive functions of the intestine is facilitated by the large surface area (Cheeke and Dierenfeld, 2010)."
2046371,functions of three regions of sm intestine,msmarco_passage_60_166510117,"Anatomy and Function. The stomach functions to initiate the digestive process and to deliver ingested nutrients via a rhythmic motion to the small intestine. Anatomically, it is divided into three regions, the cardia, corpus, and antrum, each with distinctive structures that promote specific functions.",0,The small intestine plays a key role in digestion and nutrient absorption.,The small intestine plays a key role in digestion and nutrient absorption.,"Anatomy and Function. The stomach functions to initiate the digestive process and to deliver ingested nutrients via a rhythmic motion to the small intestine. The small intestine plays a key role in digestion and nutrient absorption. Anatomically, it is divided into three regions, the cardia, corpus, and antrum, each with distinctive structures that promote specific functions."
2046371,functions of three regions of sm intestine,msmarco_passage_08_77947630,"THE SECTIONS OF THE SMALL INTESTINE. The small intestine is segregated into three basic regions, based entirely on functional and structural bias. The first ten inches from the pyloric sphincter of the stomach is known as the duodenum. It remains in the basic shape of a C, and is considered to be in a fixed position.",1,The small intestine plays a key role in digestion and nutrient absorption.,The small intestine plays a key role in digestion and nutrient absorption.,"THE SECTIONS OF THE SMALL INTESTINE. The small intestine is segregated into three basic regions, based entirely on functional and structural bias. The first ten inches from the pyloric sphincter of the stomach is known as the duodenum. It remains in the basic shape of a C, and is considered to be in The small intestine plays a key role in digestion and nutrient absorption. a fixed position."
2046371,functions of three regions of sm intestine,msmarco_passage_04_652287465,"Stomach. The stomach is a J-shaped pouch that empties its content into the small intestine. It can be divided into three regions: the fundus, body, and pylorus. A pyloric sphincter prohibits backflow from the small intestine into the stomach. The functions of the stomach are to store food as it is mechanically churned with gastric secretions, initiate digestion of proteins, carry on limited absorption, and move food (a pasty material called chyme) into the small intestine.",0,The small intestine plays a key role in digestion and nutrient absorption.,The small intestine plays a key role in digestion and nutrient absorption.,"Stomach. The stomach is a J-shaped pouch that empties its content into the small intestine. It can be divided into three regions: the fundus, body, and pylorus. A pyloric sphincter The small intestine plays a key role in digestion and nutrient absorption. prohibits backflow from the small intestine into the stomach. The functions of the stomach are to store food as it is mechanically churned with gastric secretions, initiate digestion of proteins, carry on limited absorption, and move food (a pasty material called chyme) into the small intestine."
2046371,functions of three regions of sm intestine,msmarco_passage_25_348982690,"Regional enteritis of small intestine. ICD-9 Index. Chapter: 520–579. Section: 555-558. Block: 555 Regional enteritis. 555.0 - Reg enteritis, sm intest.",0,The small intestine plays a key role in digestion and nutrient absorption.,The small intestine plays a key role in digestion and nutrient absorption.,"Regional enteritis of small intestine. ICD-9 Index. Chapter: 520–579. Section: 555-558. The small intestine plays a key role in digestion and nutrient absorption. Block: 555 Regional enteritis. 555.0 - Reg enteritis, sm intest."
2046371,functions of three regions of sm intestine,msmarco_passage_02_806123023,"Into what region of the intestinal tract does the stomach empty? The stomach empties into the first part of the small intestine
which is called the duodenum. What are the stomach main functions? The functions of a stomach is to hold, digest, process and
release food for digestion as it empties into the small
intestine.",0,The small intestine plays a key role in digestion and nutrient absorption.,The small intestine plays a key role in digestion and nutrient absorption.,"Into what region of the intestinal tract does the stomach empty? The stomach empties into the first part of the small intestine
which is called the duodenum. What are the stomach The small intestine plays a key role in digestion and nutrient absorption. main functions? The functions of a stomach is to hold, digest, process and
release food for digestion as it empties into the small
intestine."
2046371,functions of three regions of sm intestine,msmarco_passage_42_534980278,"cardiac? _______near esophagus___________ pyloric _____near sm intestine_______________________________ 12. Name the 1stsection of the intestine & give its function. ___duodenum, absorption___________________ 13. What is the jejunum? ____2ndsection of SI________________________________ ileum? _____3rd section of SI_______________________________ 14.",0,The small intestine plays a key role in digestion and nutrient absorption.,The small intestine plays a key role in digestion and nutrient absorption.,"cardiac? _______near esophagus___________ pyloric _____near sm intestine_______________________________ 12. Name the 1stsection of the intestine & give its function. ___duodenum, absorption___________________ 13. What is the jejunum? ____2ndsection of SI________________________________ ileum? _____3rd section The small intestine plays a key role in digestion and nutrient absorption. of SI_______________________________ 14."
2046371,functions of three regions of sm intestine,msmarco_passage_48_548321832,"The GI consists of the large intestine, colon as well as the rectum. So, the region starting from the mouth to the rectal opening covers the GI tract. Your small intestine breaks the food particles and sends it to the large intestine. The main function of the large intestine is to reabsorb the water and electrolytes.",1,The small intestine plays a key role in digestion and nutrient absorption.,The small intestine plays a key role in digestion and nutrient absorption.,"The GI consists of the large intestine, colon as well as The small intestine plays a key role in digestion and nutrient absorption. the rectum. So, the region starting from the mouth to the rectal opening covers the GI tract. Your small intestine breaks the food particles and sends it to the large intestine. The main function of the large intestine is to reabsorb the water and electrolytes."
2046371,functions of three regions of sm intestine,msmarco_passage_43_528942195,Cecum is a pouch like region of the large intestine. It is an intraperitoneal organ surrounded by the peritoneum. The cecum is considered as the junction between the small intestine and large intestine. The main function of the cecum is to provide the space for mixing bacteria with partially digested food coming from the small intestine to form faeces.,0,The small intestine plays a key role in digestion and nutrient absorption.,The small intestine plays a key role in digestion and nutrient absorption.,Cecum is a pouch like region of the large intestine. It is an intraperitoneal organ surrounded by the peritoneum. The cecum is considered as the junction between The small intestine plays a key role in digestion and nutrient absorption. the small intestine and large intestine. The main function of the cecum is to provide the space for mixing bacteria with partially digested food coming from the small intestine to form faeces.
2046371,functions of three regions of sm intestine,msmarco_passage_50_63366575,"K59.89 Other specified functional intestinal disorders. K59.9 Functional intestinal disorder, unspecified. K60 Fissure and fistula of anal and rectal regions. Reimbursement claims with a date of service on or after October 1, 2015 require the use of ICD-10-CM codes.",0,The small intestine plays a key role in digestion and nutrient absorption.,The small intestine plays a key role in digestion and nutrient absorption.,"K59.89 Other specified The small intestine plays a key role in digestion and nutrient absorption. functional intestinal disorders. K59.9 Functional intestinal disorder, unspecified. K60 Fissure and fistula of anal and rectal regions. Reimbursement claims with a date of service on or after October 1, 2015 require the use of ICD-10-CM codes."
2046371,functions of three regions of sm intestine,msmarco_passage_27_425582679,Intestinal Bacteria. The large intestine houses over 700 species of bacteria that perform a variety of functions. The large intestine absorbs some of the products formed by the bacteria that inhabit this region. Undigested polysaccharides (fiber) are metabolized into short-chain fatty acids by bacteria in the large intestine and get absorbed by passive diffusion.,0,The small intestine plays a key role in digestion and nutrient absorption.,The small intestine plays a key role in digestion and nutrient absorption.,Intestinal Bacteria. The large intestine houses over 700 species of bacteria that perform a variety of functions. The large intestine absorbs some of the products formed by the bacteria that inhabit this region. Undigested polysaccharides (fiber) are metabolized The small intestine plays a key role in digestion and nutrient absorption. into short-chain fatty acids by bacteria in the large intestine and get absorbed by passive diffusion.
2046371,functions of three regions of sm intestine,msmarco_passage_51_487890453,"There are 12 cranial nerves which supply the head and neck region and have varied functions of purely sensory, purely motor and mixed type. Vagus is the only nerve which supplies to parts other than head and neck region like Lungs, Heart, Intestine and Stomach. I have divided the Functions of the 12 cranial nerves to make it easy to remember for you. and which is really helpful in National Boards exams and Entrance examinations.",0,The small intestine plays a key role in digestion and nutrient absorption.,The small intestine plays a key role in digestion and nutrient absorption.,"There are 12 cranial nerves which supply the head and neck region and have varied functions of purely sensory, purely motor and mixed type. Vagus is the only nerve which supplies to parts other than head and neck region like Lungs, Heart, Intestine and Stomach. I have divided the Functions of the 12 cranial nerves to make it easy to remember for you. and which is The small intestine plays a key role in digestion and nutrient absorption. really helpful in National Boards exams and Entrance examinations."
2046371,functions of three regions of sm intestine,msmarco_passage_17_325358042,"intestine - (bowel) part of the gastrointestinal tract (GIT) lying between the stomach and anus where absorption of nutrients and water occur. This region is further divided anatomically and functionally into the small intestine or bowel (duodenum, jejunum and ileum) and large intestine or bowel (cecum and colon).",1,The small intestine plays a key role in digestion and nutrient absorption.,The small intestine plays a key role in digestion and nutrient absorption.,"intestine - (bowel) part of the gastrointestinal tract (GIT) lying between the stomach and anus where absorption of nutrients and water occur. This region is further divided anatomically and functionally into the small intestine or bowel (duodenum, The small intestine plays a key role in digestion and nutrient absorption. jejunum and ileum) and large intestine or bowel (cecum and colon)."
2046371,functions of three regions of sm intestine,msmarco_passage_04_847170103,"Read Answer Items for Question 29. The openings at both ends of the esophagus are guarded by a ________. Read Answer Items for Question 29. The three main regions of the small intestine are the ________. Read Answer Items for Question 29. Bile, which is produced by the liver, is stored in the ________.",0,The small intestine plays a key role in digestion and nutrient absorption.,The small intestine plays a key role in digestion and nutrient absorption.,"Read Answer Items for Question 29. The openings at both ends The small intestine plays a key role in digestion and nutrient absorption. of the esophagus are guarded by a ________. Read Answer Items for Question 29. The three main regions of the small intestine are the ________. Read Answer Items for Question 29. Bile, which is produced by the liver, is stored in the ________."
2046371,functions of three regions of sm intestine,msmarco_passage_30_753896603,"It removes old and damages erythrocytes from circulation and produces lymphocytes, especially in response to invading pathogens. It is also a reservoir for blood. If the spleen needs to be removed, its functions will be performed by the liver. name the 3 regions of the small intestine.",0,The small intestine plays a key role in digestion and nutrient absorption.,The small intestine plays a key role in digestion and nutrient absorption.,"It removes old and damages erythrocytes from circulation and produces lymphocytes, especially The small intestine plays a key role in digestion and nutrient absorption. in response to invading pathogens. It is also a reservoir for blood. If the spleen needs to be removed, its functions will be performed by the liver. name the 3 regions of the small intestine."
2046371,functions of three regions of sm intestine,msmarco_passage_27_426346322,"Structure. The coiled tube of the small intestine is subdivided into three regions. From proximal (at the stomach) to distal, these are the duodenum, jejunum, and ileum (Figure 23.5. 1 ). The shortest region is the 25.4-cm (10-in) duodenum, which begins at the pyloric sphincter.",1,The small intestine plays a key role in digestion and nutrient absorption.,The small intestine plays a key role in digestion and nutrient absorption.,"Structure. The coiled tube of the small intestine is subdivided into three regions. From proximal (at the stomach) to distal, these are the duodenum, jejunum, and The small intestine plays a key role in digestion and nutrient absorption. ileum (Figure 23.5. 1 ). The shortest region is the 25.4-cm (10-in) duodenum, which begins at the pyloric sphincter."
2046371,functions of three regions of sm intestine,msmarco_passage_40_142188224,"Test both halves of your mind in this human anatomy quiz. Three successive regions of the small intestine are customarily distinguished: duodenum, jejunum, and ileum. These regions form one continuous tube, and, although each area exhibits certain characteristic differences, there are no distinctly marked separations between them.",1,The small intestine plays a key role in digestion and nutrient absorption.,The small intestine plays a key role in digestion and nutrient absorption.,"Test both halves of your mind in this human anatomy quiz. Three successive regions of the small intestine are customarily distinguished: duodenum, jejunum, and ileum. These regions form one continuous tube, and, although each area exhibits certain The small intestine plays a key role in digestion and nutrient absorption. characteristic differences, there are no distinctly marked separations between them."
2046371,functions of three regions of sm intestine,msmarco_passage_27_733883965,Typhlosolar region. It is the 2nd or middle part of the intestine which extends from 27th segment to last from 25th segment. It has both villi and typhlosole. The typhlosole is highly vascular and glandular fold that increases the absorptive surface area of the intestine. iii.,0,The small intestine plays a key role in digestion and nutrient absorption.,The small intestine plays a key role in digestion and nutrient absorption.,Typhlosolar region. It is the 2nd or middle part of the intestine which extends from 27th segment to last from 25th segment. It has both villi and typhlosole. The typhlosole is highly vascular and glandular fold that increases the absorptive surface area of The small intestine plays a key role in digestion and nutrient absorption. the intestine. iii.
2046371,functions of three regions of sm intestine,msmarco_passage_66_231335128,"This is where most chemical digestion occurs and where the absorption of vital nutrients, vitamins, and minerals begins. 9. The Large Intestine Has 8 Regions. The regions of the large intestine are the appendix, cecum, ascending colon, transverse colon, descending colon, sigmoid colon, rectum, and anal canal.",0,The small intestine plays a key role in digestion and nutrient absorption.,The small intestine plays a key role in digestion and nutrient absorption.,"This is where most chemical digestion The small intestine plays a key role in digestion and nutrient absorption. occurs and where the absorption of vital nutrients, vitamins, and minerals begins. 9. The Large Intestine Has 8 Regions. The regions of the large intestine are the appendix, cecum, ascending colon, transverse colon, descending colon, sigmoid colon, rectum, and anal canal."
2046371,functions of three regions of sm intestine,msmarco_passage_53_775970308,"Share. 0 Follow 0. Tisha Rose, added an answer, on 11/5/12. Tisha Rose answered this. Three parts of small intestine: Duodenum :-anterior part of s.intestine. func. partial digestion of carbohydrates, fats and proteins take place with the help on bile and pancreatic juice.",2,The small intestine plays a key role in digestion and nutrient absorption.,The small intestine plays a key role in digestion and nutrient absorption.,"Share. 0 Follow 0. Tisha Rose, added an answer, on 11/5/12. Tisha Rose answered this. Three parts of small intestine: Duodenum :-anterior part of s.intestine. func. partial digestion of carbohydrates, fats and proteins take place with the help on The small intestine plays a key role in digestion and nutrient absorption. bile and pancreatic juice."
2046371,functions of three regions of sm intestine,msmarco_passage_40_619541707,"Most of the nutrients from food are absorbed in this region of the digestive system. The small intestine continues into the colon, or large intestine, which is divided into 4 regions (based on location): ascending colon, transverse colon, descending colon, and sigmoid colon.",0,The small intestine plays a key role in digestion and nutrient absorption.,The small intestine plays a key role in digestion and nutrient absorption.,"Most of the nutrients from food are absorbed in this region of the digestive system. The small intestine continues into the colon, or large intestine, which is divided into 4 regions The small intestine plays a key role in digestion and nutrient absorption. (based on location): ascending colon, transverse colon, descending colon, and sigmoid colon."
2046371,functions of three regions of sm intestine,msmarco_passage_13_377619841,"Subdivisions. The large intestine is subdivided into four main regions: the cecum, the colon, the rectum, and the anus. The ileocecal valve, located at the opening between the ileum and the large intestine, controls the flow of chyme from the small intestine to the large intestine.",0,The small intestine plays a key role in digestion and nutrient absorption.,The small intestine plays a key role in digestion and nutrient absorption.,"Subdivisions. The large intestine is subdivided into four main regions: the cecum, the colon, the rectum, and the anus. The ileocecal valve, located at the opening between The small intestine plays a key role in digestion and nutrient absorption. the ileum and the large intestine, controls the flow of chyme from the small intestine to the large intestine."
2046371,functions of three regions of sm intestine,msmarco_passage_15_588284439,"Subdivisions. The large intestine is subdivided into four main regions: the cecum, the colon, the rectum, and the anus. The ileocecal valve, located at the opening between the ileum and the large intestine, controls the flow of chyme from the small intestine to the large intestine.",0,The small intestine plays a key role in digestion and nutrient absorption.,The small intestine plays a key role in digestion and nutrient absorption.,"Subdivisions. The large intestine is subdivided into four main regions: the cecum, the colon, the rectum, and the anus. The ileocecal valve, located at the opening between the ileum and the large intestine, controls the flow of chyme The small intestine plays a key role in digestion and nutrient absorption. from the small intestine to the large intestine."
2046371,functions of three regions of sm intestine,msmarco_passage_15_565976785,"Subdivisions. The large intestine is subdivided into four main regions: the cecum, the colon, the rectum, and the anus. The ileocecal valve, located at the opening between the ileum and the large intestine, controls the flow of chyme from the small intestine to the large intestine.",0,The small intestine plays a key role in digestion and nutrient absorption.,The small intestine plays a key role in digestion and nutrient absorption.,"Subdivisions. The large intestine is subdivided into four main regions: the cecum, The small intestine plays a key role in digestion and nutrient absorption. the colon, the rectum, and the anus. The ileocecal valve, located at the opening between the ileum and the large intestine, controls the flow of chyme from the small intestine to the large intestine."
2046371,functions of three regions of sm intestine,msmarco_passage_15_564419569,"Subdivisions. The large intestine is subdivided into four main regions: the cecum, the colon, the rectum, and the anus. The ileocecal valve, located at the opening between the ileum and the large intestine, controls the flow of chyme from the small intestine to the large intestine.",0,The small intestine plays a key role in digestion and nutrient absorption.,The small intestine plays a key role in digestion and nutrient absorption.,"Subdivisions. The large intestine is subdivided into four main regions: the cecum, the colon, the rectum, and the anus. The ileocecal valve, located at the opening between the ileum and the large intestine, The small intestine plays a key role in digestion and nutrient absorption. controls the flow of chyme from the small intestine to the large intestine."
2046371,functions of three regions of sm intestine,msmarco_passage_27_426352189,"Subdivisions. The large intestine is subdivided into four main regions: the cecum, the colon, the rectum, and the anus. The ileocecal valve, located at the opening between the ileum and the large intestine, controls the flow of chyme from the small intestine to the large intestine.",0,The small intestine plays a key role in digestion and nutrient absorption.,The small intestine plays a key role in digestion and nutrient absorption.,"Subdivisions. The large intestine is subdivided into four main regions: the cecum, the colon, the rectum, and the anus. The ileocecal valve, located at the opening between the ileum and the large intestine, controls the flow of chyme from the small intestine to the The small intestine plays a key role in digestion and nutrient absorption. large intestine."
2046371,functions of three regions of sm intestine,msmarco_passage_64_463097439,They provide support to the tissues of the small intestine and also help in the transport of nutrients from intestines to the rest of the body. The small intestine is divided into three regions: Duodenum- It is the first section which connects to the pyloric sphincter of the stomach. It is the shortest region of the intestine.,2,The small intestine plays a key role in digestion and nutrient absorption.,The small intestine plays a key role in digestion and nutrient absorption.,They provide support to the tissues of the small intestine and also help in the transport of nutrients from intestines to the rest of the body. The small intestine is The small intestine plays a key role in digestion and nutrient absorption. divided into three regions: Duodenum- It is the first section which connects to the pyloric sphincter of the stomach. It is the shortest region of the intestine.
2049417,what is peace in french?,msmarco_passage_48_189917874,"Paix is the modern form of the Old French word pais, which was the word that English borrowed almost a thousand years ago and transformed into peace. Before that, the English word for peace was frith, a cognate of the modern German word for peace, Frieden.",3,French is a Romance language spoken in many parts of the world.,French is a Romance language spoken in many parts of the world.,"Paix is the modern form French is a Romance language spoken in many parts of the world. of the Old French word pais, which was the word that English borrowed almost a thousand years ago and transformed into peace. Before that, the English word for peace was frith, a cognate of the modern German word for peace, Frieden."
2049417,what is peace in french?,msmarco_passage_48_189917463,"Let’s take a look at one of these words, which also happens to be one we hear a lot this time of year: peace. The words for peace in many Romance languages are direct descendants from the Latin word for peace, pax. Spanish has paz, Italian has pace, and French has paix.",3,French is a Romance language spoken in many parts of the world.,French is a Romance language spoken in many parts of the world.,"Let’s take a look at one of these words, which also happens to be one we hear a lot this time of year: peace. The French is a Romance language spoken in many parts of the world. words for peace in many Romance languages are direct descendants from the Latin word for peace, pax. Spanish has paz, Italian has pace, and French has paix."
2049417,what is peace in french?,msmarco_passage_20_366380945,"Etymology. Before the word 'peace' came into English lexicon, Anglo-Saxons used a phrase ""friðu sibb"" for ' pledge of peace '. The Anglo-French term Pes itself comes from the Latin pax, meaning ""peace, compact, agreement, treaty of peace, tranquility, absence of hostility, harmony."".",2,French is a Romance language spoken in many parts of the world.,French is a Romance language spoken in many parts of the world.,"Etymology. Before French is a Romance language spoken in many parts of the world. the word 'peace' came into English lexicon, Anglo-Saxons used a phrase ""friðu sibb"" for ' pledge of peace '. The Anglo-French term Pes itself comes from the Latin pax, meaning ""peace, compact, agreement, treaty of peace, tranquility, absence of hostility, harmony.""."
2049417,what is peace in french?,msmarco_passage_11_178287713,"Origin of peace. Middle English pes from Old French pais, pes from Latin pāx pāc- pax. From American Heritage Dictionary of the English Language, 5th Edition. From Middle English pece, peas, pees, from Old French pais (“peace""), from Latin pÄx (“peace""), from Proto-Indo-European *paá¸±- (“to fasten, stick, place""), related to Latin pacÄ«scor (“agree, stipulate""), Latin pangÅ (“fasten, fix""); see pact.",1,French is a Romance language spoken in many parts of the world.,French is a Romance language spoken in many parts of the world.,"Origin of peace. Middle English pes from Old French pais, pes from Latin pāx pāc- pax. From American Heritage Dictionary of the English Language, 5th Edition. From Middle English pece, peas, pees, from Old French pais (“peace""), from Latin pÄx (“peace""), from Proto-Indo-European *paá¸±- (“to fasten, stick, place""), related to Latin pacÄ«scor (“agree, stipulate""), Latin pangÅ French is a Romance language spoken in many parts of the world. (“fasten, fix""); see pact."
2049417,what is peace in french?,msmarco_passage_68_633504638,"Origin of peace. Middle English pes from Old French pais, pes from Latin pāx pāc- pax. From American Heritage Dictionary of the English Language, 5th Edition. From Middle English pece, peas, pees, from Old French pais (“peace""), from Latin pÄx (“peace""), from Proto-Indo-European *paá¸±- (“to fasten, stick, place""), related to Latin pacÄ«scor (“agree, stipulate""), Latin pangÅ (“fasten, fix""); see pact.",1,French is a Romance language spoken in many parts of the world.,French is a Romance language spoken in many parts of the world.,"Origin of peace. Middle English pes from Old French pais, pes from Latin pāx pāc- pax. From American Heritage Dictionary of the English Language, 5th Edition. From Middle English pece, peas, pees, from Old French pais (“peace""), from Latin pÄx (“peace""), from Proto-Indo-European *paá¸±- French is a Romance language spoken in many parts of the world. (“to fasten, stick, place""), related to Latin pacÄ«scor (“agree, stipulate""), Latin pangÅ (“fasten, fix""); see pact."
2049417,what is peace in french?,msmarco_passage_20_327938403,"Musicast. Website. shop .qlf .fr. 
Members. Ademo. N.O.S. PNL ( French pronunciation: ​ [pe ɛn‿ɛl]; acronym for P eace N ' L ovés, lit. 'Peace and Money') is a French rap duo consisting of siblings Ademo ( / əˈdɛmoʊ /; born Tarik Andrieu, French: [taʁik ɑ̃dʁijø]) and N.O.S (born Nabil Andrieu, French: [nabil ɑ̃dʁijø] ), from Corbeil-Essonnes. Formed in 2014, they released their debut studio album, Le Monde Chico next year.",0,French is a Romance language spoken in many parts of the world.,French is a Romance language spoken in many parts of the world.,"Musicast. Website. shop .qlf .fr. 
Members. Ademo. N.O.S. PNL ( French pronunciation: ​ [pe ɛn‿ɛl]; acronym for P eace N French is a Romance language spoken in many parts of the world. ' L ovés, lit. 'Peace and Money') is a French rap duo consisting of siblings Ademo ( / əˈdɛmoʊ /; born Tarik Andrieu, French: [taʁik ɑ̃dʁijø]) and N.O.S (born Nabil Andrieu, French: [nabil ɑ̃dʁijø] ), from Corbeil-Essonnes. Formed in 2014, they released their debut studio album, Le Monde Chico next year."
2049417,what is peace in french?,msmarco_passage_19_139887890,"Omàmiwininiwak. Languages. French. The Great Peace of Montreal ( French: La Grande paix de Montréal) was a peace treaty between New France and 39 First Nations of North America that ended the Beaver Wars. It was signed on August 4, 1701, by Louis-Hector de Callière, governor of New France, and 1300 representatives of 39 aboriginal nations.",2,French is a Romance language spoken in many parts of the world.,French is a Romance language spoken in many parts of the world.,"Omàmiwininiwak. Languages. French. The Great Peace of Montreal ( French: La Grande French is a Romance language spoken in many parts of the world. paix de Montréal) was a peace treaty between New France and 39 First Nations of North America that ended the Beaver Wars. It was signed on August 4, 1701, by Louis-Hector de Callière, governor of New France, and 1300 representatives of 39 aboriginal nations."
2049417,what is peace in french?,msmarco_passage_41_490356358,"It bore the title “Prayer for Peace” in French. At this time, though, it was not attributed to St. Francis yet. The first time it was attributed to him was in 1927, by a French Protestant group called “The Knights of the Prince of Peace”.",0,French is a Romance language spoken in many parts of the world.,French is a Romance language spoken in many parts of the world.,"It bore the title “Prayer for Peace” in French. At this time, though, it was not attributed to St. Francis yet. The first time it was attributed to him was in 1927, by a French Protestant group called “The Knights French is a Romance language spoken in many parts of the world. of the Prince of Peace”."
2049417,what is peace in french?,msmarco_passage_60_517641399,"French Baby Names. Absolon. The father is peace, or father of peace. Form of Hebrew Absolom who was son of Old Testament King David. Became popular in the 12th century. French Baby Names. Acel. Adherent of a nobleman. French Baby Names.",0,French is a Romance language spoken in many parts of the world.,French is a Romance language spoken in many parts of the world.,"French Baby Names. Absolon. The father is peace, or father of peace. Form of Hebrew Absolom who was son of Old Testament King David. Became popular in the 12th century. French Baby Names. Acel. Adherent French is a Romance language spoken in many parts of the world. of a nobleman. French Baby Names."
2049417,what is peace in french?,msmarco_passage_30_873511099,"The Great Peace. In 1698, peace was established between the Iroquois and the French. The Iroquois had seen themselves as the scapegoats in a war that was really between the English and the French. The French were willing to establish peace in order to essentially use the Iroquois land as a buffer between themselves and the English, who were living in the southern region.",0,French is a Romance language spoken in many parts of the world.,French is a Romance language spoken in many parts of the world.,"The Great Peace. In 1698, peace was established French is a Romance language spoken in many parts of the world. between the Iroquois and the French. The Iroquois had seen themselves as the scapegoats in a war that was really between the English and the French. The French were willing to establish peace in order to essentially use the Iroquois land as a buffer between themselves and the English, who were living in the southern region."
2049417,what is peace in french?,msmarco_passage_22_3430803,"Third, French colonies were more peaceful than English colonies. In French colonies, French relations with Indians were more peaceful than those of the English with the colonies. Two reasons might be advanced to explain this. First, French colonies were characterized by mutually beneficial trade, unlike the English colonies.",0,French is a Romance language spoken in many parts of the world.,French is a Romance language spoken in many parts of the world.,"Third, French colonies were more peaceful than English colonies. In French colonies, French relations with Indians were more peaceful than those of the English with the colonies. Two reasons might be advanced to explain this. First, French colonies were characterized by mutually beneficial French is a Romance language spoken in many parts of the world. trade, unlike the English colonies."
2049417,what is peace in french?,msmarco_passage_06_841400597,"French Involvement. The French, though Catholic, were rivals of the Habsburgs and were unhappy with the provisions of the Peace of Prague. Thus, the French entered the conflict in 1635.",0,French is a Romance language spoken in many parts of the world.,French is a Romance language spoken in many parts of the world.,"French Involvement. The French, though Catholic, were rivals of the Habsburgs and were unhappy with the provisions of the Peace French is a Romance language spoken in many parts of the world. of Prague. Thus, the French entered the conflict in 1635."
2049417,what is peace in french?,msmarco_passage_49_229320062,"French Involvement. The French, though Catholic, were rivals of the Habsburgs and were unhappy with the provisions of the Peace of Prague. Thus, the French entered the conflict in 1635.",0,French is a Romance language spoken in many parts of the world.,French is a Romance language spoken in many parts of the world.,"French French is a Romance language spoken in many parts of the world. Involvement. The French, though Catholic, were rivals of the Habsburgs and were unhappy with the provisions of the Peace of Prague. Thus, the French entered the conflict in 1635."
2049417,what is peace in french?,msmarco_passage_04_89244765,How did the congress of Vienna ensure peace in Europe for the next 38 years? How did the congress of Vienna ensure peace in Europe for the next 38 years. ? The Congress of Vienna limited the French power and restored the French monarchy that had been overthrown during the French Revolution.,0,French is a Romance language spoken in many parts of the world.,French is a Romance language spoken in many parts of the world.,How did the congress of Vienna ensure peace in Europe for the next 38 years? How did the congress of Vienna ensure peace in Europe for the next 38 years. ? The Congress of Vienna limited the French power and restored the French monarchy that had been overthrown during the French is a Romance language spoken in many parts of the world. French Revolution.
2049417,what is peace in french?,msmarco_passage_06_134314262,"Check this event in the Timeline of the French Revolutionary Wars. Some mark February 1801 as the end of 
			the French Revolutionary Wars when the  Peace of 
												Lunevillewas 
			signed. This was a peace treaty between France and her main enemy, 
			Austria.",0,French is a Romance language spoken in many parts of the world.,French is a Romance language spoken in many parts of the world.,"Check this event in the Timeline of the French Revolutionary Wars. Some mark February 1801 as the end of 
			the French Revolutionary Wars when the  Peace of 
												Lunevillewas 
			French is a Romance language spoken in many parts of the world. signed. This was a peace treaty between France and her main enemy, 
			Austria."
2049417,what is peace in french?,msmarco_passage_03_699916667,"FREDDY :                   Pet form of English Frederick, meaning                   ""peaceful ruler."". FREDEK: Hungarian form of       German Frideric, meaning ""peaceful ruler."". FRÉDÉRIC :       French       form of Latin Fredericus, meaning                   ""peaceful ruler."". FREDERICK : English form of French Frédéric, meaning ""peaceful ruler."".",0,French is a Romance language spoken in many parts of the world.,French is a Romance language spoken in many parts of the world.,"FREDDY :                   Pet form of English Frederick, meaning                   ""peaceful ruler."". FREDEK: Hungarian form of       German Frideric, meaning ""peaceful ruler."". FRÉDÉRIC :       French       form of French is a Romance language spoken in many parts of the world. Latin Fredericus, meaning                   ""peaceful ruler."". FREDERICK : English form of French Frédéric, meaning ""peaceful ruler.""."
2049417,what is peace in french?,msmarco_passage_02_334500306,"The Chickasaws and Choctaws then settled on peace starting in 1724 and the French were forced to abide by the new peace agreement in 1725. In November 1729, the Natchez Indians rebelled against the French settlers in their midst, killing more than 200 of them.",0,French is a Romance language spoken in many parts of the world.,French is a Romance language spoken in many parts of the world.,"The Chickasaws and Choctaws then settled on peace starting in 1724 and the French were forced to abide by the new peace agreement in 1725. In November 1729, the Natchez Indians rebelled against the French is a Romance language spoken in many parts of the world. French settlers in their midst, killing more than 200 of them."
2049417,what is peace in french?,msmarco_passage_40_569206675,"For three years, peace reigned between the French and the Iroquois. But in 1658, the French changed their policy towards the Five Nations, abandoned their new mission and returned to the colony, determined to confront the Iroquois and impose a peace, by force of arms if necessary.",0,French is a Romance language spoken in many parts of the world.,French is a Romance language spoken in many parts of the world.,"For three years, peace reigned between the French and the Iroquois. But in 1658, the French changed their policy towards the Five Nations, abandoned their new mission and returned to the French is a Romance language spoken in many parts of the world. colony, determined to confront the Iroquois and impose a peace, by force of arms if necessary."
2049417,what is peace in french?,msmarco_passage_24_615222524,"The North American theatre of the Nine Year’s War, King William’s War, did not end until January 7, 1699, when a peace treaty was signed between the Abenaki and the colony of Massachusetts-Bay in Casco Bay, Maine. After the English and French made peace in 1697, the Iroquois remained at war with New France until 1701 when the French signed a peace agreement, known as the Great Peace of Montreal, in Montreal between New France and the Five Iroquois Nations and more than 35 Native nations.",0,French is a Romance language spoken in many parts of the world.,French is a Romance language spoken in many parts of the world.,"The North American theatre of the Nine Year’s War, King William’s War, did not end until January 7, 1699, when a peace treaty was signed between the Abenaki and the colony of Massachusetts-Bay in Casco Bay, Maine. After the English and French made peace in 1697, the Iroquois remained French is a Romance language spoken in many parts of the world. at war with New France until 1701 when the French signed a peace agreement, known as the Great Peace of Montreal, in Montreal between New France and the Five Iroquois Nations and more than 35 Native nations."
2049417,what is peace in french?,msmarco_passage_37_311408184,"Caricature of Edmund Burke during the French Revolution. (British political cartoon) Thoughts on a regicide peace. 14 October 1796. Bodleian Libraries, Thoughts on a regicide peace. . Caricature of Edmund Burke during the French Revolution. (British political cartoon) Thoughts on a regicide peace. 14 October 1796.",0,French is a Romance language spoken in many parts of the world.,French is a Romance language spoken in many parts of the world.,"Caricature of Edmund Burke during the French Revolution. (British political cartoon) Thoughts on a regicide peace. 14 October 1796. Bodleian Libraries, Thoughts on a regicide peace. . Caricature of Edmund Burke during the French Revolution. (British political cartoon) Thoughts on a regicide peace. 14 October French is a Romance language spoken in many parts of the world. 1796."
2049417,what is peace in french?,msmarco_passage_52_21330379,"1763: Peace was made at the Peace Treaty of Paris 1763 and nearly all the French possessions east of the Mississippi River were surrendered to the British. Canada, east of the Mississippi River, was added to the British empire. 
French in America Fact 18. The French abandon North America in 1763.",0,French is a Romance language spoken in many parts of the world.,French is a Romance language spoken in many parts of the world.,"1763: Peace was made at the Peace Treaty of Paris 1763 and nearly all the French possessions east of the Mississippi River were surrendered to the British. Canada, French is a Romance language spoken in many parts of the world. east of the Mississippi River, was added to the British empire. 
French in America Fact 18. The French abandon North America in 1763."
2049417,what is peace in french?,msmarco_passage_35_689412621,"As the Paris Peace Conference came to a close, the French were likely more concerned with the loss of a large export market as this quote from the journal of an American participant illustrates: [French Prime Minister Georges] Clemenceau had tea served for the party.",0,French is a Romance language spoken in many parts of the world.,French is a Romance language spoken in many parts of the world.,"As the Paris Peace Conference came to a close, the French were likely more concerned with the loss of a large export market as this quote from the journal of an French is a Romance language spoken in many parts of the world. American participant illustrates: [French Prime Minister Georges] Clemenceau had tea served for the party."
2049417,what is peace in french?,msmarco_passage_26_239599290,"THE END OF FRANCO-PRUSSIAN WAR. Famine ruled Paris, and the French government was forced to initiate peace talks. Peace talks began on January 24, 1871. Ceasefire agreements were achieved.",0,French is a Romance language spoken in many parts of the world.,French is a Romance language spoken in many parts of the world.,"THE END OF FRANCO-PRUSSIAN WAR. Famine ruled Paris, and the French government was forced to initiate peace talks. Peace talks began on January 24, 1871. Ceasefire agreements were French is a Romance language spoken in many parts of the world. achieved."
2049417,what is peace in french?,msmarco_passage_10_830182078,"If you do get posted in a country that requires Spanish or French and you don't know the language, the Peace Corps does offer you language training at the beginning of your assignment. It is paid for and is included in the 27 month arrangement.",0,French is a Romance language spoken in many parts of the world.,French is a Romance language spoken in many parts of the world.,"If you do get posted in a country that requires Spanish or French and you don't know the language, the Peace Corps does offer you language training at the beginning of your assignment. It is paid for and is French is a Romance language spoken in many parts of the world. included in the 27 month arrangement."
2049417,what is peace in french?,msmarco_passage_65_586643459,"The French politicians were opposed to a separate peace treaty for the United States, but they proposed to have a treaty in which American independence and sovereignty would be tied directly to the French treaty. And then they could hold the United States under their own direction.",0,French is a Romance language spoken in many parts of the world.,French is a Romance language spoken in many parts of the world.,"The French politicians were opposed to a separate peace treaty for the United States, but they proposed to have a treaty in which American independence and sovereignty French is a Romance language spoken in many parts of the world. would be tied directly to the French treaty. And then they could hold the United States under their own direction."
2049417,what is peace in french?,msmarco_passage_18_449968717,"However, the French and Italian translations, indicating that the bishop should accompany the words ""Peace be with you"" with ""a friendly gesture"" (French text) or ""the sign of peace"" (Italian text), explicitly allow a gesture such as the touch on the cheek, to which they restore its original meaning.",0,French is a Romance language spoken in many parts of the world.,French is a Romance language spoken in many parts of the world.,"However, French is a Romance language spoken in many parts of the world. the French and Italian translations, indicating that the bishop should accompany the words ""Peace be with you"" with ""a friendly gesture"" (French text) or ""the sign of peace"" (Italian text), explicitly allow a gesture such as the touch on the cheek, to which they restore its original meaning."
2049417,what is peace in french?,msmarco_passage_08_331778762,Peace of Amiens 1801. By Robert  Markley. The French revolution instigated a 25-year storm that  swept up all Europe and whose winds reached to the far  corners of the earth. In the middle of the hurricane gusts  and squalls came a lull.,0,French is a Romance language spoken in many parts of the world.,French is a Romance language spoken in many parts of the world.,Peace French is a Romance language spoken in many parts of the world. of Amiens 1801. By Robert  Markley. The French revolution instigated a 25-year storm that  swept up all Europe and whose winds reached to the far  corners of the earth. In the middle of the hurricane gusts  and squalls came a lull.
2049417,what is peace in french?,msmarco_passage_09_462000525,"These years of peace are often referred to by the French as New France's ""Golden Age"" but the aboriginal peoples regarded it as the continued decimation of their nations. Peace lasted until 1744, when William Shirley, governor of Massachusetts, led an attack on Louisbourg.",0,French is a Romance language spoken in many parts of the world.,French is a Romance language spoken in many parts of the world.,"These years of peace are often referred to French is a Romance language spoken in many parts of the world. by the French as New France's ""Golden Age"" but the aboriginal peoples regarded it as the continued decimation of their nations. Peace lasted until 1744, when William Shirley, governor of Massachusetts, led an attack on Louisbourg."
2049417,what is peace in french?,msmarco_passage_65_175214890,"All French territory should be freed and the invaded portions restored, and the wrong done to France by Prussia in 1871 in the matter of Alsace-Lorraine, which has unsettled the peace of the world for nearly fifty years, should be righted, in order that peace may once more be made secure in the interest of all. 9.",0,French is a Romance language spoken in many parts of the world.,French is a Romance language spoken in many parts of the world.,"All French territory should be freed and the invaded portions restored, and the wrong done to France by Prussia in 1871 in the matter of French is a Romance language spoken in many parts of the world. Alsace-Lorraine, which has unsettled the peace of the world for nearly fifty years, should be righted, in order that peace may once more be made secure in the interest of all. 9."
2049417,what is peace in french?,msmarco_passage_16_100385800,"What is Peace. Peace, Latin pax, is the absence of war or hostilities when referring to a country but also refers to agreements cessation of war. Today the term political peace is also used to refer to the cessation of political wars in favor of citizens. On a personal level, peace is a state of serene spirit where one can be in harmony with oneself and with others.",1,French is a Romance language spoken in many parts of the world.,French is a Romance language spoken in many parts of the world.,"What is Peace. Peace, Latin pax, is the absence of war or hostilities when referring to a country but also refers to agreements cessation of war. Today the term political peace is also used to refer to the cessation of political French is a Romance language spoken in many parts of the world. wars in favor of citizens. On a personal level, peace is a state of serene spirit where one can be in harmony with oneself and with others."
2049417,what is peace in french?,msmarco_passage_48_21654809,"Like. “Peace is a place of unhindered enjoyment of friendship beyond guilt, suspicion, blame of inferiority”. ― François Du Toit, The Mirror Bible. tags: enjoyment , faith , faith-quotes , friendship , friendship-quotes , guilt , peace , righteousness , romans-5-1 , suspicion. 4 likes.",0,French is a Romance language spoken in many parts of the world.,French is a Romance language spoken in many parts of the world.,"Like. “Peace is a place of unhindered French is a Romance language spoken in many parts of the world. enjoyment of friendship beyond guilt, suspicion, blame of inferiority”. ― François Du Toit, The Mirror Bible. tags: enjoyment , faith , faith-quotes , friendship , friendship-quotes , guilt , peace , righteousness , romans-5-1 , suspicion. 4 likes."
2049417,what is peace in french?,msmarco_passage_36_648086598,"1. Family culture of the French. French people enjoy peace in their home, this is also typical of the French culture. To respect each other, people take turns doing housework such as making rice, washing dishes, laundry,...",0,French is a Romance language spoken in many parts of the world.,French is a Romance language spoken in many parts of the world.,"1. Family culture of the French. French people enjoy peace in their home, this is also typical French is a Romance language spoken in many parts of the world. of the French culture. To respect each other, people take turns doing housework such as making rice, washing dishes, laundry,..."
2049417,what is peace in french?,msmarco_passage_63_202261122,"pa·cif·ic. 1. Tending to diminish or put an end to conflict; appeasing. 2. Of a peaceful nature; tranquil. [French pacifique, from Old French pacifice, from Latin pācificus : pāx, pāc-, peace; see pag- in Indo-European roots + -ficus, -fic .]",1,French is a Romance language spoken in many parts of the world.,French is a Romance language spoken in many parts of the world.,"pa·cif·ic. 1. Tending to diminish or put an end to conflict; appeasing. 2. Of a peaceful nature; tranquil. [French pacifique, from Old French pacifice, from Latin pācificus : pāx, pāc-, peace; see pag- in Indo-European French is a Romance language spoken in many parts of the world. roots + -ficus, -fic .]"
2049417,what is peace in french?,msmarco_passage_18_449940469,"However, the French and Italian translations, indicating that the bishop should accompany the words ""Peace be with you"" with ""a friendly gesture"" (French text) or ""the sign of peace"" (Italian text), explicitly allow a gesture such as the touch on the cheek, to which they restore its original meaning.",0,French is a Romance language spoken in many parts of the world.,French is a Romance language spoken in many parts of the world.,"However, the French and Italian translations, indicating that the bishop should accompany the words ""Peace be with you"" with ""a friendly gesture"" (French text) French is a Romance language spoken in many parts of the world. or ""the sign of peace"" (Italian text), explicitly allow a gesture such as the touch on the cheek, to which they restore its original meaning."
2049417,what is peace in french?,msmarco_passage_18_450049449,"However, the French and Italian translations, indicating that the bishop should accompany the words ""Peace be with you"" with ""a friendly gesture"" (French text) or ""the sign of peace"" (Italian text), explicitly allow a gesture such as the touch on the cheek, to which they restore its original meaning.",0,French is a Romance language spoken in many parts of the world.,French is a Romance language spoken in many parts of the world.,"However, the French and Italian translations, indicating that the bishop should accompany the words ""Peace be with you"" with ""a friendly gesture"" (French text) or ""the sign of peace"" (Italian text), explicitly allow a gesture such as the touch on the cheek, to which French is a Romance language spoken in many parts of the world. they restore its original meaning."
2049417,what is peace in french?,msmarco_passage_18_450013393,"However, the French and Italian translations, indication that the bishop should accompany the words ""Peace be with you"" with ""a friendly gesture"" (French text) or ""the sign of peace"" (Italian text), explicitly allow a gesture such as the touch on the cheek, to which they restore its original meaning.",0,French is a Romance language spoken in many parts of the world.,French is a Romance language spoken in many parts of the world.,"However, the French and Italian translations, indication that the bishop should accompany the words French is a Romance language spoken in many parts of the world. ""Peace be with you"" with ""a friendly gesture"" (French text) or ""the sign of peace"" (Italian text), explicitly allow a gesture such as the touch on the cheek, to which they restore its original meaning."
2049417,what is peace in french?,msmarco_passage_01_205123922,"Peace. Despite British attempts to divide France and Congress during peace negotiations, the allies remained firm—aided by a further French loan—and peace was reached in the Treaty of Paris in 1783 between Britain, France, and the United States.",0,French is a Romance language spoken in many parts of the world.,French is a Romance language spoken in many parts of the world.,"Peace. Despite British attempts to divide France and Congress during peace negotiations, the allies remained firm—aided by a further French loan—and peace was reached in the Treaty of Paris in 1783 between Britain, France, and the French is a Romance language spoken in many parts of the world. United States."
2049687,what vaccination should u give show piglets,msmarco_passage_12_38390474,"Bedding for your sow and newborn piglets can include straw, hay, shredded paper or blankets. Both mom and piglets will try to burrow and snuggle under their bedding, and some substrates such as sawdust don't allow for this natural behavior. At this early age, vaccinations are recommended for baby piglets.",1,The timing of vaccinations is crucial for optimal immunity in young swine.,The timing of vaccinations is crucial for optimal immunity in young swine.,"Bedding for your sow and newborn piglets can include straw, hay, shredded paper or blankets. Both mom and piglets will try to burrow and The timing of vaccinations is crucial for optimal immunity in young swine. snuggle under their bedding, and some substrates such as sawdust don't allow for this natural behavior. At this early age, vaccinations are recommended for baby piglets."
2049687,what vaccination should u give show piglets,msmarco_passage_12_51045952,"Bedding for your sow and newborn piglets can include straw, hay, shredded paper or blankets. Both mom and piglets will try to burrow and snuggle under their bedding, and some substrates such as sawdust don't allow for this natural behavior. At this early age, vaccinations are recommended for baby piglets.",0,The timing of vaccinations is crucial for optimal immunity in young swine.,The timing of vaccinations is crucial for optimal immunity in young swine.,"Bedding for your sow and newborn piglets can include straw, hay, shredded paper or blankets. Both mom and piglets will try to burrow and snuggle under their bedding, and some substrates The timing of vaccinations is crucial for optimal immunity in young swine. such as sawdust don't allow for this natural behavior. At this early age, vaccinations are recommended for baby piglets."
2049687,what vaccination should u give show piglets,msmarco_passage_35_630365191,"Basically, all breeding swine should be exposed until they have shown signs of TGE. This can be done by feedback of minced intestine or contents from infected piglets on the premise. Those that do not show signs may have to be individually dosed orally. Vaccination can be an aid in sustaining immunity.",0,The timing of vaccinations is crucial for optimal immunity in young swine.,The timing of vaccinations is crucial for optimal immunity in young swine.,"Basically, all breeding swine should be exposed until they have shown signs of TGE. This can be done by feedback The timing of vaccinations is crucial for optimal immunity in young swine. of minced intestine or contents from infected piglets on the premise. Those that do not show signs may have to be individually dosed orally. Vaccination can be an aid in sustaining immunity."
2049687,what vaccination should u give show piglets,msmarco_passage_53_767681292,"However, vaccination schedules recommended by the manufacturer should be followed. A high level of colostral immunity is acquired by piglets nursing vaccinated sows. An intranasal vaccine using modified-live strains of B bronchiseptica is also available for young pigs.",3,The timing of vaccinations is crucial for optimal immunity in young swine.,The timing of vaccinations is crucial for optimal immunity in young swine.,"However, vaccination schedules recommended by the manufacturer should be followed. A high level of colostral immunity is acquired by piglets nursing vaccinated sows. An intranasal vaccine The timing of vaccinations is crucial for optimal immunity in young swine. using modified-live strains of B bronchiseptica is also available for young pigs."
2049687,what vaccination should u give show piglets,msmarco_passage_29_753986684,"Be careful of those who offer free shots and don’t expect anything in return for your money. Ask for a list of their pigs’ vaccination records, and make sure that they have all of the vaccines that are necessary for your piglets to make sure that you get your money’s worth.",1,The timing of vaccinations is crucial for optimal immunity in young swine.,The timing of vaccinations is crucial for optimal immunity in young swine.,"Be careful of those who offer free shots and don’t expect anything in return for your money. Ask for a list of their pigs’ vaccination records, and make sure that they have all of the vaccines that are necessary for your piglets to The timing of vaccinations is crucial for optimal immunity in young swine. make sure that you get your money’s worth."
2049687,what vaccination should u give show piglets,msmarco_passage_00_163443070,"If you do not have experience vaccinating animals, ask your veterinarian to give an iron injection. Another school of thought is to provide your piglets with a box of dirt for them to play in. This will help them receive adequate iron naturally instead of through an injection.",0,The timing of vaccinations is crucial for optimal immunity in young swine.,The timing of vaccinations is crucial for optimal immunity in young swine.,"If you do not have experience vaccinating animals, ask your veterinarian to give an iron The timing of vaccinations is crucial for optimal immunity in young swine. injection. Another school of thought is to provide your piglets with a box of dirt for them to play in. This will help them receive adequate iron naturally instead of through an injection."
2049687,what vaccination should u give show piglets,msmarco_passage_12_52914889,"If you do not have experience vaccinating animals, ask your veterinarian to give an iron injection. Another school of thought is to provide your piglets with a box of dirt for them to play in. This will help them receive adequate iron naturally instead of through an injection.",1,The timing of vaccinations is crucial for optimal immunity in young swine.,The timing of vaccinations is crucial for optimal immunity in young swine.,"If you do not have experience vaccinating animals, ask your veterinarian to give an iron injection. Another school of thought is to provide your piglets with a box of dirt for them to play in. This will help them receive adequate iron naturally instead of The timing of vaccinations is crucial for optimal immunity in young swine. through an injection."
2049687,what vaccination should u give show piglets,msmarco_passage_29_753995836,"While most pigs out there have had at least one dose of vaccinations, it is still important to talk to your vet about how often your piglets need vaccinations. Some things might be routine, but others will be at the discretion of the breeder or veterinarian.",1,The timing of vaccinations is crucial for optimal immunity in young swine.,The timing of vaccinations is crucial for optimal immunity in young swine.,"While most pigs out there have had The timing of vaccinations is crucial for optimal immunity in young swine. at least one dose of vaccinations, it is still important to talk to your vet about how often your piglets need vaccinations. Some things might be routine, but others will be at the discretion of the breeder or veterinarian."
2049687,what vaccination should u give show piglets,msmarco_passage_53_766759135,"Typically, mass vaccination of all pigs on the farm with a modified-live virus vaccine is recommended. Intranasal vaccination of sows and neonatal piglets 1–7 days old, followed by IM vaccination of all other swine on the premises, helps reduce viral shedding and improve survival.",3,The timing of vaccinations is crucial for optimal immunity in young swine.,The timing of vaccinations is crucial for optimal immunity in young swine.,"Typically, mass vaccination of all pigs on the farm with a modified-live virus vaccine is recommended. Intranasal vaccination of sows and neonatal piglets 1–7 days old, The timing of vaccinations is crucial for optimal immunity in young swine. followed by IM vaccination of all other swine on the premises, helps reduce viral shedding and improve survival."
2049687,what vaccination should u give show piglets,msmarco_passage_46_81046458,"Vaccinate gilts and sows against E. coli/ Clostridial disease, if problems cannot be solved by improved husbandry. If vaccination is introduced, it should be part of a written plan to reduce disease incidence by other methods (i.e., husbandry and hygiene) as well. Piglet Diarrhea References.",2,The timing of vaccinations is crucial for optimal immunity in young swine.,The timing of vaccinations is crucial for optimal immunity in young swine.,"Vaccinate gilts and sows against E. coli/ Clostridial disease, if problems cannot be solved by improved husbandry. If vaccination is introduced, it should be part of a written plan to reduce disease incidence by other methods The timing of vaccinations is crucial for optimal immunity in young swine. (i.e., husbandry and hygiene) as well. Piglet Diarrhea References."
2049687,what vaccination should u give show piglets,msmarco_passage_29_753986230,"If you are unsure, talk to your vet to find out how often you should be vaccinating your piglets. The statistics show that when you’re having a lot of piglets, it is best to just wait until they are about six months old to start giving them shots. From then on, you can decide how often you want to give them.",0,The timing of vaccinations is crucial for optimal immunity in young swine.,The timing of vaccinations is crucial for optimal immunity in young swine.,"If you are unsure, talk to your vet to find out how often you should be vaccinating your piglets. The statistics show that when you’re having a lot of piglets, it is best to just wait until they are about six months old to The timing of vaccinations is crucial for optimal immunity in young swine. start giving them shots. From then on, you can decide how often you want to give them."
2049687,what vaccination should u give show piglets,msmarco_passage_35_630306318,"In some systems, sows are vaccinated once or twice several weeks before farrowing but most programs rely on vaccination of piglets. In most herds, maternal antibodies do not seem to interfere with piglet vaccination. Piglets are usually vaccinated before weaning and again two to three weeks later.",1,The timing of vaccinations is crucial for optimal immunity in young swine.,The timing of vaccinations is crucial for optimal immunity in young swine.,"In some systems, sows are vaccinated once or twice several weeks The timing of vaccinations is crucial for optimal immunity in young swine. before farrowing but most programs rely on vaccination of piglets. In most herds, maternal antibodies do not seem to interfere with piglet vaccination. Piglets are usually vaccinated before weaning and again two to three weeks later."
2049687,what vaccination should u give show piglets,msmarco_passage_29_753994998,"Although a specialized vaccination is usually administered when the guinea pig is 3 weeks of old, this vaccination is a routine procedure when you bring your new piglets home from the breeder. This is important because it gives your piglets a chance to develop immunity and avoid diseases that they may be susceptible to.",0,The timing of vaccinations is crucial for optimal immunity in young swine.,The timing of vaccinations is crucial for optimal immunity in young swine.,"Although a specialized vaccination is usually administered when the guinea pig is 3 weeks of old, this vaccination is a routine procedure when you bring your new piglets home from the breeder. This is important because it gives your piglets a The timing of vaccinations is crucial for optimal immunity in young swine. chance to develop immunity and avoid diseases that they may be susceptible to."
2049687,what vaccination should u give show piglets,msmarco_passage_29_753995444,"Vaccinations will begin to take effect from when you first bring your piglets home to start with, so if your piglets were born early, it is best to wait until they are about six months old. A couple of years is usually the recommended age for vaccinations as well.",1,The timing of vaccinations is crucial for optimal immunity in young swine.,The timing of vaccinations is crucial for optimal immunity in young swine.,"Vaccinations will begin to take effect The timing of vaccinations is crucial for optimal immunity in young swine. from when you first bring your piglets home to start with, so if your piglets were born early, it is best to wait until they are about six months old. A couple of years is usually the recommended age for vaccinations as well."
2049687,what vaccination should u give show piglets,msmarco_passage_30_178650044,"Roo goes over to Piglet ’s house and realizes his snow-shoes are tennis rackets. Then he trades his bunny for Piglet ’s tennis ball. Piglet decides to give the bunny to Pooh as a spring present. As soon as Piglet leaves, Rabbit arrives and Pooh brings him in to show him his bunny.",0,The timing of vaccinations is crucial for optimal immunity in young swine.,The timing of vaccinations is crucial for optimal immunity in young swine.,"Roo goes over to Piglet ’s house and realizes his snow-shoes are tennis rackets. Then he trades his bunny for Piglet ’s tennis ball. Piglet decides to give the bunny to The timing of vaccinations is crucial for optimal immunity in young swine. Pooh as a spring present. As soon as Piglet leaves, Rabbit arrives and Pooh brings him in to show him his bunny."
2049687,what vaccination should u give show piglets,msmarco_passage_34_404483209,"Many people have never seen the teeth of a pig. I could give a lengthy description of what their teeth look like but a picture says more than a hundred words so I’ll let the image do the talking. For an idea of what a piglet’s and a grown pig’s teeth look like, take a look at the images below. I’ll start by showing the piglet’s teeth and then move on to those of a fully grown pig.",0,The timing of vaccinations is crucial for optimal immunity in young swine.,The timing of vaccinations is crucial for optimal immunity in young swine.,"Many people have never seen the teeth of a pig. I could give a lengthy description of what their teeth look like but a picture says more than a hundred words so I’ll let the image do the talking. For an idea of what a piglet’s and a grown pig’s teeth look like, take a look The timing of vaccinations is crucial for optimal immunity in young swine. at the images below. I’ll start by showing the piglet’s teeth and then move on to those of a fully grown pig."
2049687,what vaccination should u give show piglets,msmarco_passage_36_802621322,"Because the role of maternal immunity in S. suis infections is unknown and because we can only estimate when colonization by the virulent strain occurs, 10 we decided to be conservative and vaccinate the piglets IP at 5 days of age, with revaccination at weaning and 10 days later.",3,The timing of vaccinations is crucial for optimal immunity in young swine.,The timing of vaccinations is crucial for optimal immunity in young swine.,"Because the role of maternal immunity in S. suis infections is unknown and because we can only The timing of vaccinations is crucial for optimal immunity in young swine. estimate when colonization by the virulent strain occurs, 10 we decided to be conservative and vaccinate the piglets IP at 5 days of age, with revaccination at weaning and 10 days later."
2049687,what vaccination should u give show piglets,msmarco_passage_36_802619233,"Sows were vaccinated IM with the commercial bacterin at approximately days 77 and 98 of gestation. Piglets were followed during the nursery stage, and mortality rates were used to evaluate the effectiveness of this protocol. This protocol was still in use at the time of this report.",2,The timing of vaccinations is crucial for optimal immunity in young swine.,The timing of vaccinations is crucial for optimal immunity in young swine.,"Sows were vaccinated IM with the The timing of vaccinations is crucial for optimal immunity in young swine. commercial bacterin at approximately days 77 and 98 of gestation. Piglets were followed during the nursery stage, and mortality rates were used to evaluate the effectiveness of this protocol. This protocol was still in use at the time of this report."
2049687,what vaccination should u give show piglets,msmarco_passage_46_80486185,"Backyard pigs should be annually vaccinated against diamond skin disease and injected with Ivomectin to control internal parasites and mange. Sick pigs may need antibiotic injections, but it is better to leave this to a vet. For vaccinating adult or weanling pigs, use a 5ml syringe and a short 19- or 20-gauge needle.",1,The timing of vaccinations is crucial for optimal immunity in young swine.,The timing of vaccinations is crucial for optimal immunity in young swine.,"Backyard pigs should be annually vaccinated against diamond skin disease and injected with Ivomectin to control internal parasites and mange. Sick pigs may need antibiotic injections, but it is better to leave this to a vet. For vaccinating adult or weanling pigs, use a 5ml syringe and The timing of vaccinations is crucial for optimal immunity in young swine. a short 19- or 20-gauge needle."
2049687,what vaccination should u give show piglets,msmarco_passage_36_802618513,"Starting in late November 1995, piglets were vaccinated with the commercial bacterin IP at 5 days of age, revaccinated IP at weaning (15 days of age), and revaccinated again 10 days later IM. This program was followed in the herd for 6 months.",3,The timing of vaccinations is crucial for optimal immunity in young swine.,The timing of vaccinations is crucial for optimal immunity in young swine.,"Starting in late November 1995, piglets were vaccinated with the commercial bacterin IP at 5 days of age, revaccinated IP at weaning (15 days of age), The timing of vaccinations is crucial for optimal immunity in young swine. and revaccinated again 10 days later IM. This program was followed in the herd for 6 months."
2049687,what vaccination should u give show piglets,msmarco_passage_10_532346380,"An oral vaccine of low virulence is also used. Young breeding stock, including boars, should be vaccinated twice at intervals of 3-5 wk at selection or before entering the herd, and then revaccinated every 6 mo or after each litter. Piglets born to vaccinated sows will be protected for 10-12 wk.",1,The timing of vaccinations is crucial for optimal immunity in young swine.,The timing of vaccinations is crucial for optimal immunity in young swine.,"An oral vaccine of low virulence is also used. Young breeding stock, including boars, should be vaccinated twice at intervals of 3-5 wk at selection or before entering the herd, and then revaccinated every The timing of vaccinations is crucial for optimal immunity in young swine. 6 mo or after each litter. Piglets born to vaccinated sows will be protected for 10-12 wk."
2049687,what vaccination should u give show piglets,msmarco_passage_07_83491492,Pigs should also be vaccinated twice before they are weaned. E. Coli is a bacteria that causes diarrhea in piglets and is usually caused by fecal contamination of the living environment. Pregnant females should be vaccinated before farrowing.,1,The timing of vaccinations is crucial for optimal immunity in young swine.,The timing of vaccinations is crucial for optimal immunity in young swine.,Pigs should also be The timing of vaccinations is crucial for optimal immunity in young swine. vaccinated twice before they are weaned. E. Coli is a bacteria that causes diarrhea in piglets and is usually caused by fecal contamination of the living environment. Pregnant females should be vaccinated before farrowing.
2053884,when a house goes into foreclosure what happens to items on the premises,msmarco_passage_32_136570464,"What Happens When a House Goes Into Foreclosure? Are you worried that your home might go into foreclosure? If you’ve missed consecutive payments for your home, there is the possibility your home might go into foreclosure. Foreclosure is what happens when the homeowner fails to make their mortgage payments and eventually loses all the rights to the home.",0,Foreclosure processes can vary depending on legal and financial circumstances.,Foreclosure processes can vary depending on legal and financial circumstances.,"What Happens When a House Goes Into Foreclosure? Are you worried that your home might go into foreclosure? If you’ve missed consecutive payments for your home, there is the possibility your home might go into foreclosure. Foreclosure is what happens when the homeowner fails to make their mortgage payments and eventually loses all Foreclosure processes can vary depending on legal and financial circumstances. the rights to the home."
2053884,when a house goes into foreclosure what happens to items on the premises,msmarco_passage_32_136574555,"What Happens When a House Goes into Foreclosure. If you find yourself wondering what happens when a house goes into foreclosure, the odds are you may have missed a few mortgage payments. If you’re worried your home might go into foreclosure, be sure to consider the many options outlined above. And, remember, failed mortgage payments don’t always have to result in irreversible damage.",0,Foreclosure processes can vary depending on legal and financial circumstances.,Foreclosure processes can vary depending on legal and financial circumstances.,"What Happens When a House Goes into Foreclosure. If you find yourself wondering what happens when a house goes into foreclosure, the odds are you may have missed a few mortgage payments. Foreclosure processes can vary depending on legal and financial circumstances. If you’re worried your home might go into foreclosure, be sure to consider the many options outlined above. And, remember, failed mortgage payments don’t always have to result in irreversible damage."
2053884,when a house goes into foreclosure what happens to items on the premises,msmarco_passage_59_369124004,"Foreclosures. Many distressed houses are the result of foreclosures. This happens when a home buyer stops being able to make their monthly mortgage payments. The bank forecloses on the home and repossesses the property. Occasionally, the lender may accept a deed in lieu of foreclosure to assume ownership.",0,Foreclosure processes can vary depending on legal and financial circumstances.,Foreclosure processes can vary depending on legal and financial circumstances.,"Foreclosures. Many distressed houses are the result of foreclosures. This happens when a Foreclosure processes can vary depending on legal and financial circumstances. home buyer stops being able to make their monthly mortgage payments. The bank forecloses on the home and repossesses the property. Occasionally, the lender may accept a deed in lieu of foreclosure to assume ownership."
2053884,when a house goes into foreclosure what happens to items on the premises,msmarco_passage_43_105506538,"If the landlord’s financial situation changes and the house goes into foreclosure, that house goes to the bank—not to you. Or, if the seller just up and changes their mind after they’ve signed a rent-to-own contract, it would take expensive legal action to enforce the contract in that scenario.",0,Foreclosure processes can vary depending on legal and financial circumstances.,Foreclosure processes can vary depending on legal and financial circumstances.,"If the landlord’s financial situation changes and the house goes into foreclosure, that house goes to the bank—not to you. Or, if the seller just up and changes their mind after they’ve signed a Foreclosure processes can vary depending on legal and financial circumstances. rent-to-own contract, it would take expensive legal action to enforce the contract in that scenario."
2053884,when a house goes into foreclosure what happens to items on the premises,msmarco_passage_58_658959295,"If the landlord’s financial situation changes and the house goes into foreclosure, that house goes to the bank—not to you. Or, if the seller just up and changes their mind after they’ve signed a rent-to-own contract, it would take expensive legal action to enforce the contract in that scenario.",0,Foreclosure processes can vary depending on legal and financial circumstances.,Foreclosure processes can vary depending on legal and financial circumstances.,"If the landlord’s Foreclosure processes can vary depending on legal and financial circumstances. financial situation changes and the house goes into foreclosure, that house goes to the bank—not to you. Or, if the seller just up and changes their mind after they’ve signed a rent-to-own contract, it would take expensive legal action to enforce the contract in that scenario."
2053884,when a house goes into foreclosure what happens to items on the premises,msmarco_passage_22_430562775,"Foreclosure and Conventional. When a homeowner defaults and doesn't cure the default within an allowable time period, the home goes into foreclosure. In rare occasions the lender will take the deed on a house in a deed-in-lieu-of-foreclosure transaction. However, for most, the culmination to foreclosure is the auction.",0,Foreclosure processes can vary depending on legal and financial circumstances.,Foreclosure processes can vary depending on legal and financial circumstances.,"Foreclosure and Conventional. When a homeowner defaults and doesn't cure the default within an allowable time period, the home goes into foreclosure. In rare occasions the lender will take the deed on a Foreclosure processes can vary depending on legal and financial circumstances. house in a deed-in-lieu-of-foreclosure transaction. However, for most, the culmination to foreclosure is the auction."
2053884,when a house goes into foreclosure what happens to items on the premises,msmarco_passage_39_440134132,What is an REO Property? REO stands for real estate owned and occurs when a house goes into foreclosure after a property owner cannot make principal and/or interest payments on a loan. The property then goes through the foreclosure process and is placed for sale by auction.,0,Foreclosure processes can vary depending on legal and financial circumstances.,Foreclosure processes can vary depending on legal and financial circumstances.,What is an REO Property? REO stands for real estate owned and occurs when a Foreclosure processes can vary depending on legal and financial circumstances. house goes into foreclosure after a property owner cannot make principal and/or interest payments on a loan. The property then goes through the foreclosure process and is placed for sale by auction.
2053884,when a house goes into foreclosure what happens to items on the premises,msmarco_passage_50_614144686,"When this happens, he or she risks the home heading into the foreclosure process. Usually, the foreclosure process is started within thirty days after the due date is not met. When a mortgage loan goes into default, the agency that is the loan holder has the option of taking over the property.",0,Foreclosure processes can vary depending on legal and financial circumstances.,Foreclosure processes can vary depending on legal and financial circumstances.,"When this happens, he or she risks the home heading into the foreclosure process. Usually, the foreclosure process is started within thirty days after the due date is not met. When a mortgage loan goes into default, the agency that is the loan holder Foreclosure processes can vary depending on legal and financial circumstances. has the option of taking over the property."
2053884,when a house goes into foreclosure what happens to items on the premises,msmarco_passage_14_259231144,"The lender must ensure it's not loaning more money than the property is worth because the house itself is collateral for the loan. If the buyer defaults on the loan, the house goes into foreclosure, and the lender wants to sell the property and recoup its money. Without an accurate and timely appraisal, the lender jeopardizes the ability to get the money back should this worst-case scenario ensue.",0,Foreclosure processes can vary depending on legal and financial circumstances.,Foreclosure processes can vary depending on legal and financial circumstances.,"The lender must ensure it's not loaning more money than the property is worth because the house itself is collateral for the loan. If the buyer defaults on the loan, the Foreclosure processes can vary depending on legal and financial circumstances. house goes into foreclosure, and the lender wants to sell the property and recoup its money. Without an accurate and timely appraisal, the lender jeopardizes the ability to get the money back should this worst-case scenario ensue."
2053884,when a house goes into foreclosure what happens to items on the premises,msmarco_passage_08_489543358,"show all options. < back forward >. master:2021-05-11_10-23-10. "" Foreclosure "" happens when you fall behind on your mortgage payments, and the owner of your loan (the ""bank"") uses state procedures to sell your house to repay the debt. Foreclosure works differently in different states.",0,Foreclosure processes can vary depending on legal and financial circumstances.,Foreclosure processes can vary depending on legal and financial circumstances.,"show all options. < back forward >. master:2021-05-11_10-23-10. "" Foreclosure "" Foreclosure processes can vary depending on legal and financial circumstances. happens when you fall behind on your mortgage payments, and the owner of your loan (the ""bank"") uses state procedures to sell your house to repay the debt. Foreclosure works differently in different states."
2053884,when a house goes into foreclosure what happens to items on the premises,msmarco_passage_32_136575104,"According to national statistics, 1 in every 1776 homes in the US results in a foreclosure. While foreclosures can present much difficulty to the homeowner, it doesn’t always have to be the end of the world. Fortunately, there are steps one can take to prevent a foreclosure from happening. If you’re wondering what happens when a house goes into foreclosure, you’re going to want to keep reading.",0,Foreclosure processes can vary depending on legal and financial circumstances.,Foreclosure processes can vary depending on legal and financial circumstances.,"According to national statistics, 1 in every 1776 homes in the US results in a foreclosure. While foreclosures can present much difficulty to the homeowner, it doesn’t always have to be the end of the world. Foreclosure processes can vary depending on legal and financial circumstances. Fortunately, there are steps one can take to prevent a foreclosure from happening. If you’re wondering what happens when a house goes into foreclosure, you’re going to want to keep reading."
2053884,when a house goes into foreclosure what happens to items on the premises,msmarco_passage_58_840189377,"Repossession of the property doesn’t typically happen during the foreclosure process. “You don’t need to move out when foreclosure proceedings begin,” Lerner says. “If the foreclosure process is completed, you will be given a date on which you must leave the premises.”.",0,Foreclosure processes can vary depending on legal and financial circumstances.,Foreclosure processes can vary depending on legal and financial circumstances.,"Repossession of the property doesn’t typically happen during the foreclosure process. “You don’t need to move out when foreclosure proceedings begin,” Lerner says. Foreclosure processes can vary depending on legal and financial circumstances. “If the foreclosure process is completed, you will be given a date on which you must leave the premises.”."
2053884,when a house goes into foreclosure what happens to items on the premises,msmarco_passage_31_823180164,"When you buy a foreclosure, you take it as is; the lender will usually want certain items repaired, and that’s not going to happen. Lenders will also be concerned if you’re buying the house for investment, or worse, to flip for a profit quickly. Buying foreclosures probably won’t work if you need to get a mortgage.",0,Foreclosure processes can vary depending on legal and financial circumstances.,Foreclosure processes can vary depending on legal and financial circumstances.,"When you buy a foreclosure, you take it as is; the lender will usually want certain items repaired, and that’s not going to happen. Lenders will Foreclosure processes can vary depending on legal and financial circumstances. also be concerned if you’re buying the house for investment, or worse, to flip for a profit quickly. Buying foreclosures probably won’t work if you need to get a mortgage."
2053884,when a house goes into foreclosure what happens to items on the premises,msmarco_passage_25_657549490,"If it takes three years for the foreclosure to complete, the house could be vacant that entire time. If you ever happen to go through foreclosure, remember that you have the right to live in the house until the foreclosure process is complete, and even then, the bank may pay you to move out.",0,Foreclosure processes can vary depending on legal and financial circumstances.,Foreclosure processes can vary depending on legal and financial circumstances.,"If it takes three years for the foreclosure to complete, the house could be vacant that entire time. If you ever happen to go through foreclosure, remember that you have the right to live Foreclosure processes can vary depending on legal and financial circumstances. in the house until the foreclosure process is complete, and even then, the bank may pay you to move out."
2053884,when a house goes into foreclosure what happens to items on the premises,msmarco_passage_46_651494234,"In a judicial foreclosure, the lender files a lawsuit to initiate a foreclosure. The borrower goes to court to fight the lawsuit; if they lose the house will go into foreclosure and can be sold at auction.",0,Foreclosure processes can vary depending on legal and financial circumstances.,Foreclosure processes can vary depending on legal and financial circumstances.,"In a judicial foreclosure, the Foreclosure processes can vary depending on legal and financial circumstances. lender files a lawsuit to initiate a foreclosure. The borrower goes to court to fight the lawsuit; if they lose the house will go into foreclosure and can be sold at auction."
2053884,when a house goes into foreclosure what happens to items on the premises,msmarco_passage_47_9780359,"Secrets to Foreclosure Auctions and Tax Deed Sales. Foreclosure Auction: Mortgage foreclosure; the borrower doesn't pay their mortgage so they go through the entire legal process of a foreclosure and then the house goes to an actual county auction or parish. Tax Deed Sale: Tax foreclosure; the property owner doesn't pay their property taxes, so a house is usually sold as a tax lien first, and then if the tax lien is not paid within a certain period of time it then goes to an actual foreclosure.",0,Foreclosure processes can vary depending on legal and financial circumstances.,Foreclosure processes can vary depending on legal and financial circumstances.,"Secrets to Foreclosure Auctions and Tax Deed Sales. Foreclosure Auction: Mortgage foreclosure; the borrower doesn't pay their mortgage so they go through the entire legal process of a foreclosure and then the house goes to an actual county auction or parish. Tax Deed Sale: Tax foreclosure; the property owner doesn't pay their property taxes, so a house is usually sold as a tax lien first, and then if the tax lien Foreclosure processes can vary depending on legal and financial circumstances. is not paid within a certain period of time it then goes to an actual foreclosure."
2053884,when a house goes into foreclosure what happens to items on the premises,msmarco_passage_28_124695293,"That being said, depending on your state, this could take a while, and you may encounter legal fees. 15. Get in Early. If you can talk to the bank shortly after the foreclosure happens, you might be able to catch a house before it goes up for sale on the market.",2,Foreclosure processes can vary depending on legal and financial circumstances.,Foreclosure processes can vary depending on legal and financial circumstances.,"That being said, depending on your state, this could take a while, and you may encounter legal fees. 15. Get in Early. If you can talk to the bank shortly after the foreclosure happens, you might Foreclosure processes can vary depending on legal and financial circumstances. be able to catch a house before it goes up for sale on the market."
2053884,when a house goes into foreclosure what happens to items on the premises,msmarco_passage_25_657548884,"They basically sat empty for years until they were finally sold by the bank. States with extremely long foreclosure processes have the most zombie foreclosures, like Florida, which is where the show takes place. In Florida, it can take three years or longer to complete a foreclosure. The same can happen in Massachusetts, New York, and New Jersey. If a house goes into foreclosure, the owners may move out before the bank takes possession.",0,Foreclosure processes can vary depending on legal and financial circumstances.,Foreclosure processes can vary depending on legal and financial circumstances.,"They basically sat empty for years until they were finally sold by the bank. States with extremely long foreclosure processes have the most zombie foreclosures, like Florida, which is where the show takes place. In Florida, it can take three years or longer to complete Foreclosure processes can vary depending on legal and financial circumstances. a foreclosure. The same can happen in Massachusetts, New York, and New Jersey. If a house goes into foreclosure, the owners may move out before the bank takes possession."
2053884,when a house goes into foreclosure what happens to items on the premises,msmarco_passage_53_84499012,"In a nonjudicial foreclosure, a trustee or court-assigned officer works the process. The home goes to auction, which may happen online or in person. Due to the advancement and ease of technology, most of today’s auctions happen online. The lender and third parties may bid on the home. If the house sells for more than the loan balance, that amount is excess proceeds.",0,Foreclosure processes can vary depending on legal and financial circumstances.,Foreclosure processes can vary depending on legal and financial circumstances.,"In a nonjudicial foreclosure, a trustee or court-assigned officer works the process. The home goes to auction, which may happen online or in person. Due to the advancement and ease of technology, most of today’s auctions happen online. The lender and third parties may bid on the home. If the house sells for Foreclosure processes can vary depending on legal and financial circumstances. more than the loan balance, that amount is excess proceeds."
2053884,when a house goes into foreclosure what happens to items on the premises,msmarco_passage_14_251841043,"Most REOs become bank properties due to foreclosure. A homeowner who stops making his monthly mortgage payments eventually loses ownership of his house through foreclosure and the property goes up for sale at a foreclosure auction. If the property is not sold, full ownership reverts to the bank and the house is then referred to as an REO property.",0,Foreclosure processes can vary depending on legal and financial circumstances.,Foreclosure processes can vary depending on legal and financial circumstances.,"Most REOs become bank properties due to foreclosure. A homeowner who stops making his monthly mortgage payments eventually loses ownership of his house through foreclosure and the property goes up for sale at a foreclosure auction. If the property Foreclosure processes can vary depending on legal and financial circumstances. is not sold, full ownership reverts to the bank and the house is then referred to as an REO property."
2053884,when a house goes into foreclosure what happens to items on the premises,msmarco_passage_52_154973445,"Usually, the sheriff then posts a notice on the home’s front door warning that the residents have 24 hours to vacate the premises. If the house isn’t empty by the deadline, the sheriff’s crew may remove the foreclosed homeowner and all belongings from the property.",2,Foreclosure processes can vary depending on legal and financial circumstances.,Foreclosure processes can vary depending on legal and financial circumstances.,"Usually, the sheriff then posts a notice on the home’s front door warning that the residents have 24 hours to vacate the premises. If the house isn’t empty by the Foreclosure processes can vary depending on legal and financial circumstances. deadline, the sheriff’s crew may remove the foreclosed homeowner and all belongings from the property."
2053884,when a house goes into foreclosure what happens to items on the premises,msmarco_passage_34_363023859,"Deferred maintenance items include roofing issues, structural damage, and the presence of mold, as examples. By the time the home is eventually sold in foreclosure, then, it’s likely that the lender has incurred a real loss in terms of missed payments; plus, other losses related to the home’s condition.",0,Foreclosure processes can vary depending on legal and financial circumstances.,Foreclosure processes can vary depending on legal and financial circumstances.,"Deferred maintenance items include roofing issues, structural damage, and the presence of mold, as examples. By the time the home is eventually sold in foreclosure, then, it’s likely that the lender has incurred a real loss in Foreclosure processes can vary depending on legal and financial circumstances. terms of missed payments; plus, other losses related to the home’s condition."
2053884,when a house goes into foreclosure what happens to items on the premises,msmarco_passage_62_657706935,"If the homeowner does not bring the loan current, the lender will take the property away from the owner. Next, after a certain period has passed, the lender will try to auction the property at a public sale. However, not all homes that fall into foreclosure go to public sale.",0,Foreclosure processes can vary depending on legal and financial circumstances.,Foreclosure processes can vary depending on legal and financial circumstances.,"If the homeowner does not bring the loan current, the lender will Foreclosure processes can vary depending on legal and financial circumstances. take the property away from the owner. Next, after a certain period has passed, the lender will try to auction the property at a public sale. However, not all homes that fall into foreclosure go to public sale."
2053884,when a house goes into foreclosure what happens to items on the premises,msmarco_passage_02_310629251,"If a house is in foreclosure what does the bank own vs what the former owner owns. So we were having a discussion about what we would all do if we were unfortunate enough to have our homes go into foreclosure. I asserted that all the appliances and even window blinds would still be my property. I would be allowed to keep my washer, dryer, fridge, dishwasher, blinds and even any fancy light socket covers I had installed.",2,Foreclosure processes can vary depending on legal and financial circumstances.,Foreclosure processes can vary depending on legal and financial circumstances.,"If a house is in foreclosure what does the bank own vs what the Foreclosure processes can vary depending on legal and financial circumstances. former owner owns. So we were having a discussion about what we would all do if we were unfortunate enough to have our homes go into foreclosure. I asserted that all the appliances and even window blinds would still be my property. I would be allowed to keep my washer, dryer, fridge, dishwasher, blinds and even any fancy light socket covers I had installed."
2053884,when a house goes into foreclosure what happens to items on the premises,msmarco_passage_24_808701086,"Vandalism. Many foreclosures are the objects of vandalism. This can occur when the previous owner is evicted, followed by departing residents' attempting to remove everything from cabinets and carpets to ceiling fans and light fixtures.",2,Foreclosure processes can vary depending on legal and financial circumstances.,Foreclosure processes can vary depending on legal and financial circumstances.,"Vandalism. Many foreclosures are the objects of vandalism. This can occur when the previous owner is evicted, followed by departing residents' attempting to remove everything from cabinets and carpets to ceiling fans and Foreclosure processes can vary depending on legal and financial circumstances. light fixtures."
2053884,when a house goes into foreclosure what happens to items on the premises,msmarco_passage_26_567656811,"A mortgagor in a state that offers statutory redemption may stay on the premises after foreclosure during the statutory redemption period. If the mortgagor does not redeem the property by the end of the period, the purchaser at the foreclosure sale receives title to, and possession of, the property. In states that have redemption statutes, an individual mortgagor cannot waive a statutory redemption period.",0,Foreclosure processes can vary depending on legal and financial circumstances.,Foreclosure processes can vary depending on legal and financial circumstances.,"A mortgagor in a state that offers statutory redemption may stay on the premises after foreclosure during the statutory redemption period. If the mortgagor does not redeem the property by the end of the period, the purchaser at the foreclosure sale receives title to, and possession of, the property. In states that have redemption statutes, an individual mortgagor cannot waive a Foreclosure processes can vary depending on legal and financial circumstances. statutory redemption period."
2053884,when a house goes into foreclosure what happens to items on the premises,msmarco_passage_26_587578193,"This serves a few important purposes. It puts other creditors on notice of the lien and prevents the debtor from selling the property without paying off the judgment. It also gives you a better position if the debtor declares bankruptcy. After this, you may wish to simply ask the debtor for the money.",0,Foreclosure processes can vary depending on legal and financial circumstances.,Foreclosure processes can vary depending on legal and financial circumstances.,"This serves a few important purposes. It puts other creditors on notice of the lien and prevents the debtor from selling the property without paying off the judgment. It also gives you a Foreclosure processes can vary depending on legal and financial circumstances. better position if the debtor declares bankruptcy. After this, you may wish to simply ask the debtor for the money."
2053884,when a house goes into foreclosure what happens to items on the premises,msmarco_passage_37_213437960,"In a foreclosure, the owner forfeits all of their rights to the property. Should the owner fail to pay off any outstanding debts on the property or sell it through a short sale, the home will enter a foreclosure auction. If it’s still not sold during the auction, the lender will then have control over the property.",0,Foreclosure processes can vary depending on legal and financial circumstances.,Foreclosure processes can vary depending on legal and financial circumstances.,"In a foreclosure, the owner forfeits all of their rights to the property. Should the owner fail to pay off any outstanding debts on the property or sell it through a short sale, the home Foreclosure processes can vary depending on legal and financial circumstances. will enter a foreclosure auction. If it’s still not sold during the auction, the lender will then have control over the property."
2053884,when a house goes into foreclosure what happens to items on the premises,msmarco_passage_28_100901748,"ThomasPhoto / Shutterstock. A foreclosure home is a property that has been repossessed by the bank or government. This happens when owners default on their loans by failing to make their mortgage or property tax payments. After foreclosing on a home, the lender will then try to resell it to recoup the lost money.",0,Foreclosure processes can vary depending on legal and financial circumstances.,Foreclosure processes can vary depending on legal and financial circumstances.,"ThomasPhoto / Shutterstock. A foreclosure home is a property that has been repossessed by the bank or government. This happens when owners default on their loans by failing to make their mortgage or property tax payments. After Foreclosure processes can vary depending on legal and financial circumstances. foreclosing on a home, the lender will then try to resell it to recoup the lost money."
2053884,when a house goes into foreclosure what happens to items on the premises,msmarco_passage_49_389140140,"A foreclosure is a home that has been put up for auction by a bank. Foreclosures happen when the owners stop making mortgage payments. As a result, the bank repossesses the house and puts it up for sale at a foreclosure auction. In 2019, foreclosure sales accounted for 11.5% of all real estate transactions.",0,Foreclosure processes can vary depending on legal and financial circumstances.,Foreclosure processes can vary depending on legal and financial circumstances.,"A foreclosure is a home that has been put up for auction by a bank. Foreclosures happen when the owners stop making mortgage payments. As a result, the bank Foreclosure processes can vary depending on legal and financial circumstances. repossesses the house and puts it up for sale at a foreclosure auction. In 2019, foreclosure sales accounted for 11.5% of all real estate transactions."
2053884,when a house goes into foreclosure what happens to items on the premises,msmarco_passage_46_627181992,"A foreclosure is when a mortgage lender goes through a legal process to take and resell your property because you defaulted on your home loan. If you stop paying your mortgage and are more than 120 days delinquent, your lender can foreclose on your home and sell it at a foreclosure auction or take possession of it.",0,Foreclosure processes can vary depending on legal and financial circumstances.,Foreclosure processes can vary depending on legal and financial circumstances.,"A foreclosure is when a mortgage lender goes through a legal process to take and resell your property because you defaulted on your home loan. If you stop paying your mortgage and are more than 120 days Foreclosure processes can vary depending on legal and financial circumstances. delinquent, your lender can foreclose on your home and sell it at a foreclosure auction or take possession of it."
2053884,when a house goes into foreclosure what happens to items on the premises,msmarco_passage_24_761814233,"What Happens in the Foreclosure of a Property? The process of foreclosure can be an emotional and financial nightmare for those involved, but can't legitimately be claimed to be a surprise. The lender, normally a bank, must go through an exhaustive series of letters and notifications to the homeowner in order to complete the foreclosure process and take back the house.",0,Foreclosure processes can vary depending on legal and financial circumstances.,Foreclosure processes can vary depending on legal and financial circumstances.,"What Happens in the Foreclosure of a Property? The process of foreclosure can be an emotional Foreclosure processes can vary depending on legal and financial circumstances. and financial nightmare for those involved, but can't legitimately be claimed to be a surprise. The lender, normally a bank, must go through an exhaustive series of letters and notifications to the homeowner in order to complete the foreclosure process and take back the house."
2053884,when a house goes into foreclosure what happens to items on the premises,msmarco_passage_68_735122482,"Foreclosure is what happens when a homeowner fails to pay the mortgage. More specifically, it’s a legal process by which the owner forfeits all rights to the property. If the owner can’t pay off the outstanding debt, or sell the property via short sale, the property then goes to a foreclosure auction. If the property doesn’t sell there, the lending institution takes possession of it.",0,Foreclosure processes can vary depending on legal and financial circumstances.,Foreclosure processes can vary depending on legal and financial circumstances.,"Foreclosure is what happens when a homeowner fails to pay the mortgage. More specifically, it’s a legal process by which the owner forfeits all rights to the property. If the owner can’t pay off the outstanding debt, or sell the property via short sale, the property then goes to a foreclosure auction. If the property doesn’t sell there, the Foreclosure processes can vary depending on legal and financial circumstances. lending institution takes possession of it."
2053884,when a house goes into foreclosure what happens to items on the premises,msmarco_passage_30_97122483,"Learn More →. The owner of a house is responsible for paying property taxes on it. That simple statement masks some complexity, though. When a house goes through foreclosure, its ownership passes through the homeowner, the lender and the purchaser of the home at the foreclosure sale.",0,Foreclosure processes can vary depending on legal and financial circumstances.,Foreclosure processes can vary depending on legal and financial circumstances.,"Learn More →. The owner of a house is responsible for paying property taxes on it. That simple statement masks some complexity, though. When a house goes through foreclosure, its ownership passes through the homeowner, the lender and Foreclosure processes can vary depending on legal and financial circumstances. the purchaser of the home at the foreclosure sale."
2053884,when a house goes into foreclosure what happens to items on the premises,msmarco_passage_30_117351487,"Learn More →. The owner of a house is responsible for paying property taxes on it. That simple statement masks some complexity, though. When a house goes through foreclosure, its ownership passes through the homeowner, the lender and the purchaser of the home at the foreclosure sale.",0,Foreclosure processes can vary depending on legal and financial circumstances.,Foreclosure processes can vary depending on legal and financial circumstances.,"Learn More →. The owner of a house is responsible for paying property taxes on it. That simple statement masks some complexity, though. When a house goes through foreclosure, its ownership Foreclosure processes can vary depending on legal and financial circumstances. passes through the homeowner, the lender and the purchaser of the home at the foreclosure sale."
2054355,what does chicken by-product meal add to pet food?,msmarco_passage_16_716512773,"Some do not feel that chicken by-product meal is a good ingredient in pet foods, while others argue that it is a healthy nutrient source. Personally, while we feel that chicken by-product meals are nutritious and necessary for protein boosting, there is the fact that the quality varies per batch.",2,Pet food formulations often include various protein sources.,Pet food formulations often include various protein sources.,"Some do not feel that Pet food formulations often include various protein sources. chicken by-product meal is a good ingredient in pet foods, while others argue that it is a healthy nutrient source. Personally, while we feel that chicken by-product meals are nutritious and necessary for protein boosting, there is the fact that the quality varies per batch."
2054355,what does chicken by-product meal add to pet food?,msmarco_passage_51_793978535,"After the chicken by-product meal comes soybean meal followed by beef tallow, soy hulls, and brewers rice. Soybean meal is usually a byproduct of the process through which oil is extracted from soybeans and it is generally used as a protein supplement in pet food.",0,Pet food formulations often include various protein sources.,Pet food formulations often include various protein sources.,"After the chicken by-product meal comes soybean meal followed by beef tallow, soy hulls, and Pet food formulations often include various protein sources. brewers rice. Soybean meal is usually a byproduct of the process through which oil is extracted from soybeans and it is generally used as a protein supplement in pet food."
2054355,what does chicken by-product meal add to pet food?,msmarco_passage_57_780210743,"Chicken By-Product Meal. Chicken By-Product Meal. Chicken by-product meal is made up of chicken that has been ground and cooked, reducing the fat content to create a protein-rich ingredient. It’s high in protein and amino acids to help strengthen and maintain your pet’s muscles.",3,Pet food formulations often include various protein sources.,Pet food formulations often include various protein sources.,"Chicken By-Product Meal. Chicken By-Product Meal. Chicken by-product meal is made up of chicken that Pet food formulations often include various protein sources. has been ground and cooked, reducing the fat content to create a protein-rich ingredient. It’s high in protein and amino acids to help strengthen and maintain your pet’s muscles."
2054355,what does chicken by-product meal add to pet food?,msmarco_passage_14_664796910,"Chicken By-Product Meal is made up of the clean parts of the carcass of slaughtered chicken, such as necks, feet, undeveloped eggs and intestines which has been ground or otherwise reduced in particle size. This is a cheap way for pet food companies to keep the protein levels up and the production costs down.",2,Pet food formulations often include various protein sources.,Pet food formulations often include various protein sources.,"Chicken By-Product Meal is made up of the clean parts of the carcass of slaughtered chicken, such as necks, feet, undeveloped eggs and intestines which has been Pet food formulations often include various protein sources. ground or otherwise reduced in particle size. This is a cheap way for pet food companies to keep the protein levels up and the production costs down."
2054355,what does chicken by-product meal add to pet food?,msmarco_passage_21_643283500,"Pet Food. Chicken meal is mainly used in pet foods. Its protein content is much higher than regular chicken because most of the water has been removed. Typically when it comes to pet food, all of the ingredients (meats, grains, vitamins, minerals) are mixed together and put through a machine called an extruder.",1,Pet food formulations often include various protein sources.,Pet food formulations often include various protein sources.,"Pet Food. Chicken meal is mainly used in pet foods. Its protein content is much higher than regular chicken because most of the water has been removed. Typically when it comes to pet food, Pet food formulations often include various protein sources. all of the ingredients (meats, grains, vitamins, minerals) are mixed together and put through a machine called an extruder."
2054355,what does chicken by-product meal add to pet food?,msmarco_passage_18_351534986,"Pet Food. Chicken meal is mainly used in pet foods. Its protein content is much higher than regular chicken because most of the water has been removed. Typically when it comes to pet food, all of the ingredients (meats, grains, vitamins, minerals) are mixed together and put through a machine called an extruder.",1,Pet food formulations often include various protein sources.,Pet food formulations often include various protein sources.,"Pet Food. Chicken meal is mainly used in pet foods. Its protein content is much higher than regular chicken because most of the water has been removed. Typically when it comes to pet food, all of the ingredients (meats, grains, vitamins, minerals) are mixed together Pet food formulations often include various protein sources. and put through a machine called an extruder."
2054355,what does chicken by-product meal add to pet food?,msmarco_passage_16_717731215,"Chicken by-products can include feet, bones, blood, viscera, and more. Not exactly what most pet owners want to see in their pet’s food. Besides, chicken by-product meals vary in consistency per batch, so as nutrient-loaded as it may be, it’s still not considered a high-quality ingredient.",2,Pet food formulations often include various protein sources.,Pet food formulations often include various protein sources.,"Chicken by-products can include feet, bones, blood, viscera, and more. Not exactly what most pet owners Pet food formulations often include various protein sources. want to see in their pet’s food. Besides, chicken by-product meals vary in consistency per batch, so as nutrient-loaded as it may be, it’s still not considered a high-quality ingredient."
2054355,what does chicken by-product meal add to pet food?,msmarco_passage_16_709526776,"Pet Food Ingredients. Chicken meal is often considered to be a strong component in nutritious and healthy dog foods. If you're trying to find a high-grade commercial food for your pet, seek one that lists types of whole meat as the initial two ingredients. Chicken meal and chicken are both solid examples of whole meats.",1,Pet food formulations often include various protein sources.,Pet food formulations often include various protein sources.,"Pet Food Ingredients. Chicken meal is often considered to be a strong component in nutritious and healthy dog foods. If you're trying to find a high-grade Pet food formulations often include various protein sources. commercial food for your pet, seek one that lists types of whole meat as the initial two ingredients. Chicken meal and chicken are both solid examples of whole meats."
2054355,what does chicken by-product meal add to pet food?,msmarco_passage_00_809815176,"Pet Food Ingredients. Chicken meal is often considered to be a strong component in nutritious and healthy dog foods. If you're trying to find a high-grade commercial food for your pet, seek one that lists types of whole meat as the initial two ingredients. Chicken meal and chicken are both solid examples of whole meats.",1,Pet food formulations often include various protein sources.,Pet food formulations often include various protein sources.,"Pet Food Ingredients. Chicken meal is often considered to be a strong component in nutritious and healthy dog foods. If you're trying to find a high-grade commercial food for your pet, seek one that lists types of whole meat as the initial two ingredients. Chicken meal and chicken are both solid examples of Pet food formulations often include various protein sources. whole meats."
2054355,what does chicken by-product meal add to pet food?,msmarco_passage_57_5193788,"The truth about chicken and chicken by-products in pet food. Chicken is commonly seen as the first ingredient in pet foods. Ever wondered what is the difference between ""Chicken"" and ""Chicken meal""? Find out what a chicken by-product is and whether if it's a good or bad ingredient to have in your pet's food. Pets Team 02 May 2012.",0,Pet food formulations often include various protein sources.,Pet food formulations often include various protein sources.,"The truth about chicken and chicken by-products in pet food. Chicken is commonly seen as the first ingredient in pet foods. Ever wondered what is the difference between ""Chicken"" and ""Chicken meal""? Find out what a Pet food formulations often include various protein sources. chicken by-product is and whether if it's a good or bad ingredient to have in your pet's food. Pets Team 02 May 2012."
2054355,what does chicken by-product meal add to pet food?,msmarco_passage_13_867793782,"Heat can destroy the potency of some nutrients, particularly antioxidants. Do BLUE pet foods contain chicken (or poultry) by-product meals? BLUE pet food contains no chicken (or poultry) by-product meals.",0,Pet food formulations often include various protein sources.,Pet food formulations often include various protein sources.,"Heat can destroy the potency of some nutrients, particularly antioxidants. Do BLUE pet foods contain chicken Pet food formulations often include various protein sources. (or poultry) by-product meals? BLUE pet food contains no chicken (or poultry) by-product meals."
2054355,what does chicken by-product meal add to pet food?,msmarco_passage_04_301226100,"When defined on a pet food label, chicken meal and chicken are exactly the same thing! The difference is in how the product came to the supplier. If the pet food company received the product as wet meat then they can call the ingredient chicken.",0,Pet food formulations often include various protein sources.,Pet food formulations often include various protein sources.,"When defined on a pet food label, chicken meal and chicken are exactly the Pet food formulations often include various protein sources. same thing! The difference is in how the product came to the supplier. If the pet food company received the product as wet meat then they can call the ingredient chicken."
2054355,what does chicken by-product meal add to pet food?,msmarco_passage_49_275402566,"Try elevating the dishes off the floor so your dog can reach the food more easily. I would like to add-many pet foods might have different types of meals..for example: chicken meal. While chicken is acceptable, what isn't is MOST all meals added into pet foods are from waste including your 4-Ds.",1,Pet food formulations often include various protein sources.,Pet food formulations often include various protein sources.,"Try elevating the dishes off the floor so your dog can reach the food more easily. I would Pet food formulations often include various protein sources. like to add-many pet foods might have different types of meals..for example: chicken meal. While chicken is acceptable, what isn't is MOST all meals added into pet foods are from waste including your 4-Ds."
2054355,what does chicken by-product meal add to pet food?,msmarco_passage_57_5195988,"The economics of chicken vs chicken meal. So, why would a pet food manufacturer choose one product over the other: 
Benefit to Manufacturer. Negative for Manufacturer. Chicken Meal. It is less expensive for the manufacturer to receive the ingredient as meal than to transform it into a dry product in their factory.",0,Pet food formulations often include various protein sources.,Pet food formulations often include various protein sources.,"The economics of chicken vs chicken meal. So, why would a pet food manufacturer choose one product over the other: 
Benefit to Manufacturer. Negative for Manufacturer. Chicken Meal. It is less expensive for the manufacturer to receive the ingredient as meal than to transform it into a dry Pet food formulations often include various protein sources. product in their factory."
2054355,what does chicken by-product meal add to pet food?,msmarco_passage_16_719321532,"The chief protein source is chicken, chicken by-product meal, fish meal and dried egg product. Chicken is an acceptable source of protein, and it is used in a great many dog foods for Boxers. However, there is a danger that chicken won’t be good for your pet.",2,Pet food formulations often include various protein sources.,Pet food formulations often include various protein sources.,"The chief protein source is chicken, chicken by-product meal, fish meal and dried Pet food formulations often include various protein sources. egg product. Chicken is an acceptable source of protein, and it is used in a great many dog foods for Boxers. However, there is a danger that chicken won’t be good for your pet."
2054355,what does chicken by-product meal add to pet food?,msmarco_passage_44_46706851,"The Two Grades of By-Product Meal
(and the Only One Suitable for Your Dog) In the specific cases of chicken or poultry by-product meals, there are two recognized grades…. Feed grade by-product meal. Pet food grade by-product meal. In an important 2003 study 4, pet food grade by-product meal was compared to feed grade by-product meal.",0,Pet food formulations often include various protein sources.,Pet food formulations often include various protein sources.,"The Two Grades of By-Product Meal
(and the Only One Suitable for Your Pet food formulations often include various protein sources. Dog) In the specific cases of chicken or poultry by-product meals, there are two recognized grades…. Feed grade by-product meal. Pet food grade by-product meal. In an important 2003 study 4, pet food grade by-product meal was compared to feed grade by-product meal."
2054355,what does chicken by-product meal add to pet food?,msmarco_passage_22_849367584,"What is Chicken Meal? Chicken meal is commonly used in most commercial pet foods. You’ll see it on the label of most dry foods. Chicken meal is “a dry rendered product from a combination of chicken flesh and skin with and without accompanying bone,” most often leftovers from the meat used for human consumption.",0,Pet food formulations often include various protein sources.,Pet food formulations often include various protein sources.,"What is Chicken Meal? Chicken meal is commonly used in most commercial pet foods. You’ll see Pet food formulations often include various protein sources. it on the label of most dry foods. Chicken meal is “a dry rendered product from a combination of chicken flesh and skin with and without accompanying bone,” most often leftovers from the meat used for human consumption."
2054355,what does chicken by-product meal add to pet food?,msmarco_passage_32_220116180,"Also, the chicken meal/fat and the chicken by-product meal used in the products are good for the health of both small and large dog breeds. You can also choose from its dry and wet dog foods, depending on what you think is the most suitable type of food for your pet.",1,Pet food formulations often include various protein sources.,Pet food formulations often include various protein sources.,"Also, the chicken meal/fat and the chicken by-product meal used in the products are Pet food formulations often include various protein sources. good for the health of both small and large dog breeds. You can also choose from its dry and wet dog foods, depending on what you think is the most suitable type of food for your pet."
2054355,what does chicken by-product meal add to pet food?,msmarco_passage_44_46709471,They all clearly identify the source species of the by-products that was used to make the meal. These common pet food ingredients can include…. Chicken by-product meal. Turkey by-product meal. Poultry by-product meal. Beef by-product meal.,0,Pet food formulations often include various protein sources.,Pet food formulations often include various protein sources.,They all clearly identify the source species of the by-products that was used to make the Pet food formulations often include various protein sources. meal. These common pet food ingredients can include…. Chicken by-product meal. Turkey by-product meal. Poultry by-product meal. Beef by-product meal.
2054355,what does chicken by-product meal add to pet food?,msmarco_passage_41_281475479,"Some products do include meal, like a chicken meal and lamb meal, which a more affordable source of protein that may include by-products. Authority pet food has recipes like lamb and brown rice, chicken and rice, and for pets who do not eat grains, grain-free recipes like chicken and pea or turkey and sweet potato.",0,Pet food formulations often include various protein sources.,Pet food formulations often include various protein sources.,"Some products do include meal, like a chicken meal and lamb meal, which a more affordable source of protein that may include by-products. Pet food formulations often include various protein sources. Authority pet food has recipes like lamb and brown rice, chicken and rice, and for pets who do not eat grains, grain-free recipes like chicken and pea or turkey and sweet potato."
2054355,what does chicken by-product meal add to pet food?,msmarco_passage_57_5193309,"When defined on a pet food label, chicken meal and chicken are exactly the same thing! The difference is in how the product came to the supplier. If the pet food company received the product as wet meat then they can call the ingredient chicken. They then go on to process it into a dry form so that it can be made into kibble.",0,Pet food formulations often include various protein sources.,Pet food formulations often include various protein sources.,"When defined on a pet food label, Pet food formulations often include various protein sources. chicken meal and chicken are exactly the same thing! The difference is in how the product came to the supplier. If the pet food company received the product as wet meat then they can call the ingredient chicken. They then go on to process it into a dry form so that it can be made into kibble."
2054355,what does chicken by-product meal add to pet food?,msmarco_passage_29_554042681,"First 5 Ingredients : Chicken, Chicken Meal, Peas, Egg Product, Potato Protein. The Premium Edge brand of dog food is produced and manufactured by Diamond Pet Foods that has been offering quality pet food products for more than 40 years.",0,Pet food formulations often include various protein sources.,Pet food formulations often include various protein sources.,"First 5 Ingredients : Chicken, Chicken Pet food formulations often include various protein sources. Meal, Peas, Egg Product, Potato Protein. The Premium Edge brand of dog food is produced and manufactured by Diamond Pet Foods that has been offering quality pet food products for more than 40 years."
2054355,what does chicken by-product meal add to pet food?,msmarco_passage_02_580422921,"One of the main ingredients in Eukanuba dog food is corn meal. While on the surface, corn does not seem like a bad ingredient but the corn used in dog food products is the same corn that is labeled as not fit for human consumption. Another main ingredient is chicken. This sounds healthy to most pet owners, but unfortunately, chicken by-product meal is leftover parts of the chicken after the prime parts are removed.",0,Pet food formulations often include various protein sources.,Pet food formulations often include various protein sources.,"One of the main ingredients in Eukanuba dog food is corn meal. While on the surface, corn does not seem like a bad ingredient but the corn used in dog food products is the same corn that is labeled as not fit for human consumption. Another main ingredient is chicken. This sounds healthy to most pet owners, but unfortunately, chicken by-product meal is leftover Pet food formulations often include various protein sources. parts of the chicken after the prime parts are removed."
2054355,what does chicken by-product meal add to pet food?,msmarco_passage_13_867696871,"Natural flavor is made of processed fruits, vegetables, spices or fermentation products to enhance the taste of pet food. , Chicken Meal. Chicken Meal. Chicken meal is an extremely rich source of protein, providing pets with supplemental energy and nutrients while aiding in digestion.",1,Pet food formulations often include various protein sources.,Pet food formulations often include various protein sources.,"Natural flavor is made of processed fruits, vegetables, spices or fermentation products to enhance the taste of pet food. , Chicken Meal. Chicken Meal. Chicken meal is an extremely rich source of protein, providing pets Pet food formulations often include various protein sources. with supplemental energy and nutrients while aiding in digestion."
2054355,what does chicken by-product meal add to pet food?,msmarco_passage_16_717021926,"Although considered quite safe, a recipe with chicken by-product meal might not be for pet parents who wish for whole or premium ingredients. But if you’re looking for one that does its function well — provide performance-enhancing energy — this recipe is it. 2. Kinetic Performance Power 30k Formula.",2,Pet food formulations often include various protein sources.,Pet food formulations often include various protein sources.,"Although considered quite safe, a recipe with chicken by-product meal might not be for pet parents who wish for whole or premium ingredients. But if you’re looking for one that does Pet food formulations often include various protein sources. its function well — provide performance-enhancing energy — this recipe is it. 2. Kinetic Performance Power 30k Formula."
2054355,what does chicken by-product meal add to pet food?,msmarco_passage_04_301224588,"Definitions. Let’s start by defining some common ingredients listed on a pet food ingredient panel - chicken, chicken meal, chicken by-product, and chicken by-product meal. Here is how AAFCO (the Association of American Feed Control Officials) defines these three ingredients: Chicken: the clean combination of flesh and skin with or without accompanying bone, derived from the parts or whole carcasses of chicken or a combination thereof, exclusive of feathers, heads, feet and entrails.",0,Pet food formulations often include various protein sources.,Pet food formulations often include various protein sources.,"Definitions. Let’s start by defining some common ingredients listed on a pet food ingredient panel - chicken, chicken meal, chicken by-product, and chicken by-product meal. Here is how AAFCO (the Association of American Feed Control Officials) defines these three ingredients: Chicken: Pet food formulations often include various protein sources. the clean combination of flesh and skin with or without accompanying bone, derived from the parts or whole carcasses of chicken or a combination thereof, exclusive of feathers, heads, feet and entrails."
2054355,what does chicken by-product meal add to pet food?,msmarco_passage_03_436117579,Science Diet felt these ads were unfair because they convey “the same falsely disparaging and inflammatory message – that ‘big name’ pet food manufacturers (including Hill’s) are actively try to conceal the fact that they include chicken by-product meal (instead of real meat) as the first ingredient.”.,0,Pet food formulations often include various protein sources.,Pet food formulations often include various protein sources.,Science Diet felt these ads were unfair because they convey “the same falsely disparaging and inflammatory message – that ‘big name’ pet food manufacturers (including Hill’s) are actively try to conceal the fact that they include chicken Pet food formulations often include various protein sources. by-product meal (instead of real meat) as the first ingredient.”.
2054355,what does chicken by-product meal add to pet food?,msmarco_passage_41_410114454,"Versatile and Easy to Prepare. The Honest Kitchen dehydrated recipes are easy to serve as a stand-alone meal or as a tasty topper. Simply add warm water to rehydrate the nutritious ingredients and serve as a fresh, tasty meal. You can mix it with your pet's favorite kibble to add whole food nutrition to their bowl.",0,Pet food formulations often include various protein sources.,Pet food formulations often include various protein sources.,"Versatile and Easy to Prepare. The Honest Kitchen dehydrated recipes are easy to serve as a stand-alone meal or as a tasty topper. Simply add warm water to rehydrate the nutritious ingredients Pet food formulations often include various protein sources. and serve as a fresh, tasty meal. You can mix it with your pet's favorite kibble to add whole food nutrition to their bowl."
2054355,what does chicken by-product meal add to pet food?,msmarco_passage_57_778308781,"Nutritional Benefits of Poultry By-Product Meal (Which Includes Chicken By-Product Meal) in Dog Food. Protein, carbohydrate, and healthy fats are key ingredients in your dog’s food that give him energy, stamina, and overall health.",2,Pet food formulations often include various protein sources.,Pet food formulations often include various protein sources.,"Nutritional Benefits of Poultry By-Product Meal (Which Includes Chicken By-Product Meal) in Dog Food. Protein, carbohydrate, and healthy fats are key ingredients in your dog’s food that give him energy, stamina, and overall Pet food formulations often include various protein sources. health."
2054355,what does chicken by-product meal add to pet food?,msmarco_passage_51_542414848,"CHICKEN BY-PRODUCT MEAL. Chicken by-product meal is made up of chicken that has been ground and cooked, reducing the fat content to create a protein-rich ingredient. It’s high in protein and amino acids to help strengthen and maintain your dog’s muscles. It’s also a high-quality source of glucosamine for joint health.",3,Pet food formulations often include various protein sources.,Pet food formulations often include various protein sources.,"CHICKEN BY-PRODUCT MEAL. Chicken by-product meal is made up of chicken that has been ground Pet food formulations often include various protein sources. and cooked, reducing the fat content to create a protein-rich ingredient. It’s high in protein and amino acids to help strengthen and maintain your dog’s muscles. It’s also a high-quality source of glucosamine for joint health."
2054355,what does chicken by-product meal add to pet food?,msmarco_passage_51_542404127,"CHICKEN BY-PRODUCT MEAL. Chicken by-product meal is made up of chicken that has been ground and cooked, reducing the fat content to create a protein-rich ingredient. It’s high in protein and amino acids to help strengthen and maintain your dog’s muscles. It’s also a high-quality source of glucosamine for joint health.",3,Pet food formulations often include various protein sources.,Pet food formulations often include various protein sources.,"CHICKEN BY-PRODUCT MEAL. Chicken by-product meal is made up Pet food formulations often include various protein sources. of chicken that has been ground and cooked, reducing the fat content to create a protein-rich ingredient. It’s high in protein and amino acids to help strengthen and maintain your dog’s muscles. It’s also a high-quality source of glucosamine for joint health."
2054355,what does chicken by-product meal add to pet food?,msmarco_passage_56_572778886,"Proponents state that ""named"" by-products, such as chicken by-products, supply many important nutrients required by dogs. The following recipes contain chicken by-product meal: Eukanuba Adult Small Breed Chicken. Eukanuba Puppy Small Breed Chicken. Eukanuba Fit Body Weight Control Small Breed Chicken.",2,Pet food formulations often include various protein sources.,Pet food formulations often include various protein sources.,"Proponents state that ""named"" by-products, such as chicken by-products, supply many important nutrients required by dogs. The following recipes contain chicken by-product meal: Eukanuba Adult Small Breed Chicken. Pet food formulations often include various protein sources. Eukanuba Puppy Small Breed Chicken. Eukanuba Fit Body Weight Control Small Breed Chicken."
2054355,what does chicken by-product meal add to pet food?,msmarco_passage_14_664785211,"The second ingredient is chicken by product meal, a high-protein commodity, used as a major component in cat food. It is made from grinding clean, rendered parts of carcasses. It can provide a rich source of protein and healthy fats in addition to essential vitamins and minerals.",0,Pet food formulations often include various protein sources.,Pet food formulations often include various protein sources.,"The second ingredient is chicken by product meal, a high-protein commodity, used as a major component in cat food. It is made from grinding clean, rendered parts of carcasses. It can provide a rich source Pet food formulations often include various protein sources. of protein and healthy fats in addition to essential vitamins and minerals."
2054355,what does chicken by-product meal add to pet food?,msmarco_passage_29_756010001,"In the list of some dog foods, you may come across chicken or poultry by-products as another one of the protein ingredients. Some people assume that chicken meal and a chicken by-product is the same thing. Chicken meal is from chicken by-product meal as the latter comes with few benefits.",1,Pet food formulations often include various protein sources.,Pet food formulations often include various protein sources.,"In the list of some dog foods, you may come across chicken or poultry by-products as another one of the protein ingredients. Some Pet food formulations often include various protein sources. people assume that chicken meal and a chicken by-product is the same thing. Chicken meal is from chicken by-product meal as the latter comes with few benefits."
2054355,what does chicken by-product meal add to pet food?,msmarco_passage_56_849163137,"The remaining dried protein solids become ""meal"" or meat ""by-product meal"" for addition to pet food. Read on for some additional disturbing definitions: By-products (for example, chicken by-products or beef by-products): clean non-rendered ""parts"", other than meat, derived from slaughtered mammals.",0,Pet food formulations often include various protein sources.,Pet food formulations often include various protein sources.,"The remaining dried protein solids become ""meal"" or meat ""by-product meal"" for Pet food formulations often include various protein sources. addition to pet food. Read on for some additional disturbing definitions: By-products (for example, chicken by-products or beef by-products): clean non-rendered ""parts"", other than meat, derived from slaughtered mammals."
2054355,what does chicken by-product meal add to pet food?,msmarco_passage_44_50620604,"On a dry matter basis, it would make up less of the food and come lower in the list. Chicken by-product meal also provides animal protein and it is a meal, so most of the moisture has already been removed. However, some owners will dislike chicken by-products used for the meal.",0,Pet food formulations often include various protein sources.,Pet food formulations often include various protein sources.,"On a dry matter basis, it would make Pet food formulations often include various protein sources. up less of the food and come lower in the list. Chicken by-product meal also provides animal protein and it is a meal, so most of the moisture has already been removed. However, some owners will dislike chicken by-products used for the meal."
2054355,what does chicken by-product meal add to pet food?,msmarco_passage_11_694322174,"The food’s first ingredient is turkey, followed by chicken by-product meal. Considering that chicken by-product meal is a dense, dehydrated ingredient, it appears that this is a meat-based food. In addition to all that meat, the food contains rice flour, corn gluten meal, soybean meal, oat meal, and ground corn.",0,Pet food formulations often include various protein sources.,Pet food formulations often include various protein sources.,"The food’s first ingredient is turkey, followed by chicken by-product meal. Considering that chicken by-product meal is a dense, dehydrated ingredient, it appears that this is a meat-based food. In Pet food formulations often include various protein sources. addition to all that meat, the food contains rice flour, corn gluten meal, soybean meal, oat meal, and ground corn."
2055211,why does cat get restless at night,msmarco_passage_16_731615484,"Highly sensitive to changes in temperature and smells and this is why the cat may become very restless at night when there is a shift. Cats have a very high sense of smell, touch, and hearing since they are unable to use their auditory senses, the other two senses become highly active.",2,Cats are naturally more active during certain times of the day.,Cats are naturally more active during certain times of the day.,"Highly Cats are naturally more active during certain times of the day. sensitive to changes in temperature and smells and this is why the cat may become very restless at night when there is a shift. Cats have a very high sense of smell, touch, and hearing since they are unable to use their auditory senses, the other two senses become highly active."
2055211,why does cat get restless at night,msmarco_passage_56_810693066,"While it’s true that cats love to sleep, many experience restlessness at night. These cats wake in the middle of the night and roam around the house, play with toys, look for food, or try to rouse you. This behavior is often attributed to the cat’s nocturnal nature, and most cats do wake at least a couple of times a night.",3,Cats are naturally more active during certain times of the day.,Cats are naturally more active during certain times of the day.,"While it’s true that cats love to sleep, many experience restlessness at night. These Cats are naturally more active during certain times of the day. cats wake in the middle of the night and roam around the house, play with toys, look for food, or try to rouse you. This behavior is often attributed to the cat’s nocturnal nature, and most cats do wake at least a couple of times a night."
2055211,why does cat get restless at night,msmarco_passage_38_308028109,"Restlessness and Waking at Night. A cat’s sleep-wake cycle can be impaired by FCD. However, as with most symptoms of FCD, there are also many alternative reasons for increased nighttime activity. For instance, cats who sleep more during the day can become more restless and active at night.",2,Cats are naturally more active during certain times of the day.,Cats are naturally more active during certain times of the day.,"Restlessness and Waking at Night. A cat’s Cats are naturally more active during certain times of the day. sleep-wake cycle can be impaired by FCD. However, as with most symptoms of FCD, there are also many alternative reasons for increased nighttime activity. For instance, cats who sleep more during the day can become more restless and active at night."
2055211,why does cat get restless at night,msmarco_passage_22_107200033,"If your cat seems to be keeping you awake with excessive meowing rather than demands for playtime or food, then it could be that they’re in pain. If you’re in any doubt as to exactly why your cat is restless at night, then make sure you schedule a check-up with your local veterinarian.",2,Cats are naturally more active during certain times of the day.,Cats are naturally more active during certain times of the day.,"If your cat seems to be keeping you awake with excessive meowing rather than demands for playtime or food, then it could be that they’re in pain. If you’re in any doubt as to exactly why your cat is restless Cats are naturally more active during certain times of the day. at night, then make sure you schedule a check-up with your local veterinarian."
2055211,why does cat get restless at night,msmarco_passage_57_501758179,"There’s a difference between a cat that’s trying to wake you up in the morning and a cat that’s restless and yowling at night. It could still be a behavioral issue, but there might be an underlying medical cause. Here are some of the most common reasons that a cat might yowl at night.",2,Cats are naturally more active during certain times of the day.,Cats are naturally more active during certain times of the day.,"There’s a difference between a cat that’s trying to wake you up Cats are naturally more active during certain times of the day. in the morning and a cat that’s restless and yowling at night. It could still be a behavioral issue, but there might be an underlying medical cause. Here are some of the most common reasons that a cat might yowl at night."
2055211,why does cat get restless at night,msmarco_passage_67_464453591,"1. Notice excessive meowing during the night. Excessive meowing (or crying) coupled with restlessness during the night may be a sign of an underlying illness such as heart disease or hypertension. It may also be a sign that your cat is in pain due to an infection, arthritis, or another type of disease or illness.",2,Cats are naturally more active during certain times of the day.,Cats are naturally more active during certain times of the day.,"1. Notice excessive meowing during the night. Excessive meowing (or crying) coupled with restlessness during the Cats are naturally more active during certain times of the day. night may be a sign of an underlying illness such as heart disease or hypertension. It may also be a sign that your cat is in pain due to an infection, arthritis, or another type of disease or illness."
2055211,why does cat get restless at night,msmarco_passage_08_195725317,"Most likely, your cat may be bringing you her fresh kills right at your room’s doorstep as if to surprise you with a hard-earned “treat” when you wake up. Body or Health Problem. Some possible reasons why cats stay up or become restless at night might be of a health problem.",2,Cats are naturally more active during certain times of the day.,Cats are naturally more active during certain times of the day.,"Most likely, your cat may be bringing you her fresh kills right at your room’s doorstep as if to surprise you with a hard-earned “treat” when you wake up. Body or Health Problem. Some possible reasons why cats stay up Cats are naturally more active during certain times of the day. or become restless at night might be of a health problem."
2055211,why does cat get restless at night,msmarco_passage_11_693968173,"3. Restlessness/Insomnia. Many cats experience restlessness at night-time despite their love and need for lengthy sleep. These cats usually roam around the house in the middle of the night, play with toys, toilet paper, knock items off of shelves, and try to elicit a response from the owner while they’re asleep.",1,Cats are naturally more active during certain times of the day.,Cats are naturally more active during certain times of the day.,"3. Restlessness/Insomnia. Many cats experience restlessness at night-time despite their love and Cats are naturally more active during certain times of the day. need for lengthy sleep. These cats usually roam around the house in the middle of the night, play with toys, toilet paper, knock items off of shelves, and try to elicit a response from the owner while they’re asleep."
2055211,why does cat get restless at night,msmarco_passage_38_308028927,"At the same time, try to reestablish your cat’s normal sleeping and waking hours. It’s best to increase her activity level by engaging her in play during the day and in the evening so she’ll want to sleep at night. Anxiety can also cause increased restlessness at night.",2,Cats are naturally more active during certain times of the day.,Cats are naturally more active during certain times of the day.,"At the same time, try to reestablish your cat’s normal sleeping and waking hours. Cats are naturally more active during certain times of the day. It’s best to increase her activity level by engaging her in play during the day and in the evening so she’ll want to sleep at night. Anxiety can also cause increased restlessness at night."
2055211,why does cat get restless at night,msmarco_passage_60_390906036,"Cats can tell a lot about us by our smell, which is why they sniff at our faces. Cats may also sleep on or near our heads at night to avoid being kicked or rolled on by restless sleepers. Even more-so, cats enjoy just spending time with us. Your cat may sleep so close purely because it wants to be with you.",0,Cats are naturally more active during certain times of the day.,Cats are naturally more active during certain times of the day.,"Cats can tell a lot about us by our smell, which is why they sniff at our faces. Cats may also sleep on or near our heads at night to avoid being kicked or rolled on by restless sleepers. Even more-so, cats enjoy just spending time with us. Your Cats are naturally more active during certain times of the day. cat may sleep so close purely because it wants to be with you."
2055211,why does cat get restless at night,msmarco_passage_08_793802180,"Sure, cats nap a lot no matter the circumstance. However, if your cat appears less playful or tires more easily due to weakness rather than laziness, you may have a problem. Restlessness is harder to recognize in cats than in dogs, as it seems many healthy cats are restless, especially at night.",1,Cats are naturally more active during certain times of the day.,Cats are naturally more active during certain times of the day.,"Sure, cats nap a lot no matter the circumstance. However, if your cat appears less playful or tires more easily due to weakness rather than laziness, Cats are naturally more active during certain times of the day. you may have a problem. Restlessness is harder to recognize in cats than in dogs, as it seems many healthy cats are restless, especially at night."
2055211,why does cat get restless at night,msmarco_passage_56_843214133,"Sure, cats nap a lot no matter the circumstance. However, if your cat appears less playful or tires more easily due to weakness rather than laziness, you may have a problem. Restlessness is harder to recognize in cats than in dogs, as it seems many healthy cats are restless, especially at night.",2,Cats are naturally more active during certain times of the day.,Cats are naturally more active during certain times of the day.,"Sure, cats nap a lot no matter the circumstance. However, if your Cats are naturally more active during certain times of the day. cat appears less playful or tires more easily due to weakness rather than laziness, you may have a problem. Restlessness is harder to recognize in cats than in dogs, as it seems many healthy cats are restless, especially at night."
2055211,why does cat get restless at night,msmarco_passage_67_396861742,"4. Take your cat to the vet if night meowing doesn't stop. If your cat is very restless at night or cries and meows frequently, it's likely that your cat is stressed or experiencing pain from a medical issue. Bring the cat to a veterinarian for a checkup and discuss the situation.",2,Cats are naturally more active during certain times of the day.,Cats are naturally more active during certain times of the day.,"4. Take your cat to the vet if night meowing doesn't stop. If your cat is very restless at night or cries and meows frequently, it's likely that your cat is stressed or experiencing pain from a Cats are naturally more active during certain times of the day. medical issue. Bring the cat to a veterinarian for a checkup and discuss the situation."
2055211,why does cat get restless at night,msmarco_passage_29_381782084,"Widen your feline’s world. Feeding puzzles, cat videos, and window perches with bird feeders outside will keep your cat busy throughout the day and cause him to sleep all night, or at least, most of the night. If your cat is always active at night, it can become very restless and stressed when they are indoors.",2,Cats are naturally more active during certain times of the day.,Cats are naturally more active during certain times of the day.,"Widen your feline’s world. Feeding puzzles, cat videos, and window perches with bird feeders outside will keep your cat busy throughout the day and cause him to sleep all night, or at least, most of the night. If your cat is always active at night, it can become very restless and stressed when Cats are naturally more active during certain times of the day. they are indoors."
2055211,why does cat get restless at night,msmarco_passage_63_467371050,"Widen your feline’s world. Feeding puzzles, cat videos, and window perches with bird feeders outside will keep your cat busy throughout the day and cause him to sleep all night, or at least, most of the night. If your cat is always active at night, it can become very restless and stressed when they are indoors.",2,Cats are naturally more active during certain times of the day.,Cats are naturally more active during certain times of the day.,"Widen your feline’s world. Feeding puzzles, cat videos, and window perches with bird feeders outside will keep your Cats are naturally more active during certain times of the day. cat busy throughout the day and cause him to sleep all night, or at least, most of the night. If your cat is always active at night, it can become very restless and stressed when they are indoors."
2055211,why does cat get restless at night,msmarco_passage_67_344047776,"2. Tire your cat out. Bored cats can be restless, exhibit inappropriate behaviours, and become aggressive. Exercise or play will help solve some unwanted behaviours, such as not allowing you to sleep at night by being aggressive, meowing throughout the night, or causing a ruckus around the house.",2,Cats are naturally more active during certain times of the day.,Cats are naturally more active during certain times of the day.,"2. Tire your cat out. Bored cats can be restless, exhibit inappropriate behaviours, and become aggressive. Exercise or play will help solve some unwanted behaviours, such as not allowing you to sleep at night by being Cats are naturally more active during certain times of the day. aggressive, meowing throughout the night, or causing a ruckus around the house."
2055211,why does cat get restless at night,msmarco_passage_14_666705606,"The suffering is such that their instinct can lead them to try to flee from home to find a suitable partner. If your cat doesn’t stop meowing at night disrupts your sleep is restless and is over 6 months of age, it’s likely to be due to their heat cycle.",2,Cats are naturally more active during certain times of the day.,Cats are naturally more active during certain times of the day.,"The suffering is such that their instinct can lead them to try to flee from home to find a suitable partner. If your cat doesn’t Cats are naturally more active during certain times of the day. stop meowing at night disrupts your sleep is restless and is over 6 months of age, it’s likely to be due to their heat cycle."
2055211,why does cat get restless at night,msmarco_passage_56_814472955,"It can take hold in dogs that are well into double figures in age. Elderly dogs becoming restless at night is a warning sign of dementia. Your pet’s sleep-wake cycle will be reversed, and they’ll grow distressed at night. It’s dark, it’s quiet, and the dog is wondering why their human family is ignoring them.",0,Cats are naturally more active during certain times of the day.,Cats are naturally more active during certain times of the day.,"It can take hold in dogs that are well into double figures in age. Elderly dogs becoming restless at night is a warning sign of dementia. Your pet’s sleep-wake cycle will be reversed, and they’ll grow distressed at night. It’s dark, it’s quiet, and the dog is wondering why their human family Cats are naturally more active during certain times of the day. is ignoring them."
2055211,why does cat get restless at night,msmarco_passage_14_666708586,"5. Sterilize the cat. With the heat cycle being a major cause of restlessness, choosing to sterilize the animal may be the best solution for male cats as well as female. Besides both you and the cat getting more sleep at night it will reduce the suffering they go through from being so frustrated at not meeting.",2,Cats are naturally more active during certain times of the day.,Cats are naturally more active during certain times of the day.,"5. Sterilize the cat. With the heat cycle being a Cats are naturally more active during certain times of the day. major cause of restlessness, choosing to sterilize the animal may be the best solution for male cats as well as female. Besides both you and the cat getting more sleep at night it will reduce the suffering they go through from being so frustrated at not meeting."
2055211,why does cat get restless at night,msmarco_passage_14_666708204,"If you’ve just adopted a cat that doesn’t let you sleep at night or suddenly seems very restless at the end of the day! don’t worry, in this article, we’ll talk about the causes which explain this behavior and offer some tips to help you resolve.",0,Cats are naturally more active during certain times of the day.,Cats are naturally more active during certain times of the day.,"If Cats are naturally more active during certain times of the day. you’ve just adopted a cat that doesn’t let you sleep at night or suddenly seems very restless at the end of the day! don’t worry, in this article, we’ll talk about the causes which explain this behavior and offer some tips to help you resolve."
2055211,why does cat get restless at night,msmarco_passage_35_810326142,"Restless at Night in Dogs - Why it Occurs, What to Do, Prevention and Cost. Restless at Night in Dogs - Why it Occurs, What to Do, Prevention and Cost. Services. Wag!",0,Cats are naturally more active during certain times of the day.,Cats are naturally more active during certain times of the day.,"Restless at Night in Dogs - Why it Occurs, What to Do, Prevention and Cost. Restless Cats are naturally more active during certain times of the day. at Night in Dogs - Why it Occurs, What to Do, Prevention and Cost. Services. Wag!"
2055211,why does cat get restless at night,msmarco_passage_12_164617453,"You can sign in to vote the answer. flirtatious155. 2 decades ago. The reason your cat doesn't sleep at night is because he's asleep all day since he's bored by himself. When you get home he's full of energy, when you play with him you need to get him dead tired so he can sleep the majority of the night.",2,Cats are naturally more active during certain times of the day.,Cats are naturally more active during certain times of the day.,"You can sign in to vote the answer. flirtatious155. 2 decades ago. The reason your cat doesn't sleep at night is because he's asleep all day since he's bored by himself. When you get home he's full of energy, when you play with him you need to get him dead tired so he can sleep the majority of Cats are naturally more active during certain times of the day. the night."
2055211,why does cat get restless at night,msmarco_passage_38_26630088,"Dreaming. One of the most important reasons for a cat to be twitching during the night is due to their dreams. Some may think that a cat cannot dream, bu this is not true. The pioneering French neuroscientist started to study feline sleep and REM movement in the 1950's [1].",1,Cats are naturally more active during certain times of the day.,Cats are naturally more active during certain times of the day.,"Dreaming. One of the most important reasons for a cat to be twitching during the night is due to their dreams. Some may think that a cat cannot dream, bu this is not true. Cats are naturally more active during certain times of the day. The pioneering French neuroscientist started to study feline sleep and REM movement in the 1950's [1]."
2055211,why does cat get restless at night,msmarco_passage_54_592815473,"Physical Distress. Physical distress is another common reason why cats at night. If something is wrong with them physically, or they are in pain, they may be crying out either in pain, or in an attempt to let you know that something is wrong.",2,Cats are naturally more active during certain times of the day.,Cats are naturally more active during certain times of the day.,"Physical Distress. Physical distress is another common reason why cats at night. If something is wrong with them physically, or they Cats are naturally more active during certain times of the day. are in pain, they may be crying out either in pain, or in an attempt to let you know that something is wrong."
2055211,why does cat get restless at night,msmarco_passage_60_390815456,"Cats spend a lot of time asleep. When a cat is awake, it will be filled with energy. This will need to be directed somewhere. As a result, the cat will look for stimulation. If your cat was not exercised enough during the day, it will be restless by night. Looking out of the window is a seemingly harmless side-effect.",2,Cats are naturally more active during certain times of the day.,Cats are naturally more active during certain times of the day.,"Cats spend a lot of time asleep. When a cat is awake, it will be filled with energy. This will Cats are naturally more active during certain times of the day. need to be directed somewhere. As a result, the cat will look for stimulation. If your cat was not exercised enough during the day, it will be restless by night. Looking out of the window is a seemingly harmless side-effect."
2055211,why does cat get restless at night,msmarco_passage_22_336546512,"Your cat may cry in the night because they are restless and have the energy to burn. However, occasionally, they may have a genuine health issue that may need your assistance. If it’s the latter, it will need your assistance as soon as possible. So, it worth taking these cries seriously.",2,Cats are naturally more active during certain times of the day.,Cats are naturally more active during certain times of the day.,"Your cat may cry in the night because they are restless and have the energy to burn. However, occasionally, they may have a genuine health issue that may need your assistance. If it’s the latter, it will Cats are naturally more active during certain times of the day. need your assistance as soon as possible. So, it worth taking these cries seriously."
2055480,how many incidents of corneal abrasion,msmarco_passage_60_131762984,"Definition. Corneal abrasion is the most common perioperative ophthalmic complication, with an incidence of 0.1% to 44%. A higher incidence was reported in the 1970s for anesthetized patients without eye protection or lubrication.",1,Corneal abrasions are frequently associated with contact lens use and can cause intense eye pain.,Corneal abrasions are frequently associated with contact lens use and can cause intense eye pain.,"Definition. Corneal abrasion is the most common Corneal abrasions are frequently associated with contact lens use and can cause intense eye pain. perioperative ophthalmic complication, with an incidence of 0.1% to 44%. A higher incidence was reported in the 1970s for anesthetized patients without eye protection or lubrication."
2055480,how many incidents of corneal abrasion,msmarco_passage_03_720346633,The incidence of corneal abrasion in this population decreased from 18 to 4 percent when prophylactic lubricating ointment was administered every four hours. 16 Persons who wear contact lenses are at higher risk of developing abrasions that become infected and ulcerate ( Figure 6 ).,2,Corneal abrasions are frequently associated with contact lens use and can cause intense eye pain.,Corneal abrasions are frequently associated with contact lens use and can cause intense eye pain.,The incidence of corneal Corneal abrasions are frequently associated with contact lens use and can cause intense eye pain. abrasion in this population decreased from 18 to 4 percent when prophylactic lubricating ointment was administered every four hours. 16 Persons who wear contact lenses are at higher risk of developing abrasions that become infected and ulcerate ( Figure 6 ).
2055480,how many incidents of corneal abrasion,msmarco_passage_36_743522556,The incidence of corneal abrasion in this population decreased from 18 to 4 percent when prophylactic lubricating ointment was administered every four hours. 16 Persons who wear contact lenses are at higher risk of developing abrasions that become infected and ulcerate ( Figure 6 ).,2,Corneal abrasions are frequently associated with contact lens use and can cause intense eye pain.,Corneal abrasions are frequently associated with contact lens use and can cause intense eye pain.,The incidence of corneal abrasion in this population decreased from 18 to 4 percent when prophylactic lubricating Corneal abrasions are frequently associated with contact lens use and can cause intense eye pain. ointment was administered every four hours. 16 Persons who wear contact lenses are at higher risk of developing abrasions that become infected and ulcerate ( Figure 6 ).
2055480,how many incidents of corneal abrasion,msmarco_passage_17_337315874,"More males than females are treated for corneal abrasions. The incidence of corneal abrasion is higher among people of working age. However, people of all ages can have a corneal abrasion. Automotive workers between the ages of 20 and 29 years had the highest incidence of eye injuries.",1,Corneal abrasions are frequently associated with contact lens use and can cause intense eye pain.,Corneal abrasions are frequently associated with contact lens use and can cause intense eye pain.,"More males than females are treated for corneal abrasions. The incidence of corneal abrasion is higher among people of working age. However, people of all ages can have a corneal abrasion. Automotive workers between the ages of 20 and 29 years Corneal abrasions are frequently associated with contact lens use and can cause intense eye pain. had the highest incidence of eye injuries."
2055480,how many incidents of corneal abrasion,msmarco_passage_17_337315440,"Trauma accounted for 66% of these cases, or 4% of all cases; corneal abrasions or corneal or conjunctival foreign bodies accounted for 80% of eye trauma cases, or 3% of all cases. Racial, sexual, and age-related differences in incidence. Rates of corneal abrasion are equal in all races.",2,Corneal abrasions are frequently associated with contact lens use and can cause intense eye pain.,Corneal abrasions are frequently associated with contact lens use and can cause intense eye pain.,"Trauma accounted for 66% of these cases, or 4% of all cases; corneal abrasions or corneal or conjunctival foreign bodies accounted for Corneal abrasions are frequently associated with contact lens use and can cause intense eye pain. 80% of eye trauma cases, or 3% of all cases. Racial, sexual, and age-related differences in incidence. Rates of corneal abrasion are equal in all races."
2055480,how many incidents of corneal abrasion,msmarco_passage_60_131763730,"Corneal Abrasion. Corneal abrasions are the most common eye injury in all ages and are especially common among older children who wear contact lenses. Although found in about 10% of visits with a chief complaint related to eye problem in EDs, the actual estimated incidence of corneal abrasions in children is not known.",2,Corneal abrasions are frequently associated with contact lens use and can cause intense eye pain.,Corneal abrasions are frequently associated with contact lens use and can cause intense eye pain.,"Corneal Abrasion. Corneal abrasions are the most common eye injury in all ages and are especially common among older children who wear contact lenses. Corneal abrasions are frequently associated with contact lens use and can cause intense eye pain. Although found in about 10% of visits with a chief complaint related to eye problem in EDs, the actual estimated incidence of corneal abrasions in children is not known."
2055480,how many incidents of corneal abrasion,msmarco_passage_60_131763356,Implications. The majority of children sustaining intraoperative corneal abrasion have a full recovery within 24 hours with appropriate treatment. Extensive injury or delayed treatment results in a 16% incidence of permanent injury.,0,Corneal abrasions are frequently associated with contact lens use and can cause intense eye pain.,Corneal abrasions are frequently associated with contact lens use and can cause intense eye pain.,Implications. The majority of children sustaining intraoperative corneal abrasion have a full recovery within 24 hours with appropriate treatment. Extensive injury or delayed treatment results in a 16% incidence of Corneal abrasions are frequently associated with contact lens use and can cause intense eye pain. permanent injury.
2055480,how many incidents of corneal abrasion,msmarco_passage_44_327669743,"These scars are opaque, whitish areas in the cornea that may interfere with normal vision. In the United States, corneal abrasions are the most common eye injury in children. Boys get corneal abrasions twice as often as girls between the ages of 5 and 15. Most corneal abrasions are superficial injuries that involve only the surface layer of the cornea.",1,Corneal abrasions are frequently associated with contact lens use and can cause intense eye pain.,Corneal abrasions are frequently associated with contact lens use and can cause intense eye pain.,"These scars are opaque, whitish areas in the cornea that may interfere with normal vision. In the United States, corneal abrasions are the Corneal abrasions are frequently associated with contact lens use and can cause intense eye pain. most common eye injury in children. Boys get corneal abrasions twice as often as girls between the ages of 5 and 15. Most corneal abrasions are superficial injuries that involve only the surface layer of the cornea."
2055480,how many incidents of corneal abrasion,msmarco_passage_17_34495683,"These scars are opaque, whitish areas in the cornea that may interfere with normal vision. In the United States, corneal abrasions are the most common eye injury in children. Boys get corneal abrasions twice as often as girls between the ages of 5 and 15. Most corneal abrasions are superficial injuries that involve only the surface layer of the cornea.",1,Corneal abrasions are frequently associated with contact lens use and can cause intense eye pain.,Corneal abrasions are frequently associated with contact lens use and can cause intense eye pain.,"These scars are opaque, whitish areas in the Corneal abrasions are frequently associated with contact lens use and can cause intense eye pain. cornea that may interfere with normal vision. In the United States, corneal abrasions are the most common eye injury in children. Boys get corneal abrasions twice as often as girls between the ages of 5 and 15. Most corneal abrasions are superficial injuries that involve only the surface layer of the cornea."
2055480,how many incidents of corneal abrasion,msmarco_passage_55_733306212,"Corneal Abrasions. Corneal abrasions represent about 8 percent of eye injuries that are serious enough for someone to seek help from a doctor. A corneal abrasion occurs when the corneal epithelium, the outermost layer of the cornea (the lens of your eye that is key to seeing), is scratched or otherwise damaged.",3,Corneal abrasions are frequently associated with contact lens use and can cause intense eye pain.,Corneal abrasions are frequently associated with contact lens use and can cause intense eye pain.,"Corneal Abrasions. Corneal abrasions represent about 8 percent of eye injuries that are serious enough for someone to seek help from a doctor. A corneal abrasion occurs when the corneal epithelium, the outermost layer of the cornea (the lens of your eye that is Corneal abrasions are frequently associated with contact lens use and can cause intense eye pain. key to seeing), is scratched or otherwise damaged."
2055480,how many incidents of corneal abrasion,msmarco_passage_07_130720410,"Corneal Abrasion Symptoms. Corneal Abrasion Diagnosis. Corneal Abrasion Treatment. Recurrent Corneal Abrasion Syndrome. Corneal Abrasion Home Treatment. Corneal Abrasion Complications. Corneal Abrasion Healing Time. It is a medical condition involving a scratch, puncture or scrape on the cornea or the clear tissue of the eye. The cornea appears as a transparent region of the eye and acts as a cover for the iris and the pupil.",0,Corneal abrasions are frequently associated with contact lens use and can cause intense eye pain.,Corneal abrasions are frequently associated with contact lens use and can cause intense eye pain.,"Corneal Abrasion Symptoms. Corneal Abrasion Diagnosis. Corneal Abrasion Treatment. Recurrent Corneal Abrasion Syndrome. Corneal Abrasion Home Treatment. Corneal Abrasion Complications. Corneal Abrasion Healing Time. It is Corneal abrasions are frequently associated with contact lens use and can cause intense eye pain. a medical condition involving a scratch, puncture or scrape on the cornea or the clear tissue of the eye. The cornea appears as a transparent region of the eye and acts as a cover for the iris and the pupil."
2055480,how many incidents of corneal abrasion,msmarco_passage_48_688155800,Sometimes a corneal abrasion is accompanied by inflammation in your eye. This is called iritis. An infected corneal abrasion can also become a corneal ulcer. These are serious conditions that can develop from a corneal abrasion.,0,Corneal abrasions are frequently associated with contact lens use and can cause intense eye pain.,Corneal abrasions are frequently associated with contact lens use and can cause intense eye pain.,Sometimes a corneal abrasion is accompanied by inflammation in your eye. This is called iritis. An infected corneal abrasion can also become a corneal ulcer. These are serious conditions that can develop from a corneal Corneal abrasions are frequently associated with contact lens use and can cause intense eye pain. abrasion.
2055480,how many incidents of corneal abrasion,msmarco_passage_48_800170269,Sometimes a corneal abrasion is accompanied by inflammation in your eye. This is called iritis. An infected corneal abrasion can also become a corneal ulcer. These are serious conditions that can develop from a corneal abrasion.,0,Corneal abrasions are frequently associated with contact lens use and can cause intense eye pain.,Corneal abrasions are frequently associated with contact lens use and can cause intense eye pain.,Sometimes a corneal abrasion is accompanied by inflammation in your eye. This is called iritis. An infected corneal abrasion Corneal abrasions are frequently associated with contact lens use and can cause intense eye pain. can also become a corneal ulcer. These are serious conditions that can develop from a corneal abrasion.
2055480,how many incidents of corneal abrasion,msmarco_passage_36_763146683,"What Is a Corneal Abrasion? A corneal abrasion is a scratch, scrape on the surface of your cornea. Fingernails, makeup brushes and tree branches are common culprits of corneal abrasions. Some other causes of corneal abrasion are rubbing your eye and having very dry eyes.",0,Corneal abrasions are frequently associated with contact lens use and can cause intense eye pain.,Corneal abrasions are frequently associated with contact lens use and can cause intense eye pain.,"What Is a Corneal Abrasion? A corneal abrasion is a scratch, scrape on the surface of your cornea. Fingernails, makeup brushes and tree branches are common culprits of corneal abrasions. Some other causes of corneal abrasion are rubbing your eye and having very dry Corneal abrasions are frequently associated with contact lens use and can cause intense eye pain. eyes."
2055480,how many incidents of corneal abrasion,msmarco_passage_03_725144106,"What Is a Corneal Abrasion? A corneal abrasion is a scratch, scrape on the surface of your cornea. Fingernails, makeup brushes and tree branches are common culprits of corneal abrasions.",0,Corneal abrasions are frequently associated with contact lens use and can cause intense eye pain.,Corneal abrasions are frequently associated with contact lens use and can cause intense eye pain.,"What Is a Corneal Abrasion? A corneal abrasion is a scratch, scrape on the surface of your cornea. Fingernails, makeup brushes and tree branches are Corneal abrasions are frequently associated with contact lens use and can cause intense eye pain. common culprits of corneal abrasions."
2055480,how many incidents of corneal abrasion,msmarco_passage_11_380773351,"What Is a Corneal Abrasion? A corneal abrasion is a scratch, scrape on the surface of your cornea. Fingernails, makeup brushes and tree branches are common culprits of corneal abrasions.",0,Corneal abrasions are frequently associated with contact lens use and can cause intense eye pain.,Corneal abrasions are frequently associated with contact lens use and can cause intense eye pain.,"What Is a Corneal Abrasion? A corneal abrasion is a scratch, scrape on the surface of your cornea. Fingernails, makeup brushes and tree branches are common culprits of corneal Corneal abrasions are frequently associated with contact lens use and can cause intense eye pain. abrasions."
2055480,how many incidents of corneal abrasion,msmarco_passage_59_261077890,"Etiology and Pathophysiology. RCE is commonly associated with prior corneal trauma or underlying corneal disease. The most common underlying etiologies are trauma (45% to 69%) and epithelial basement membrane dystrophy (EBMD) (20% to 30%). 1 Causative trauma is typically a shallow corneal injury such as an abrasion from a fingernail, piece of paper, or tree branch. 3 Prior trauma classically leads to macroform erosions. 3 In contrast, EBMD classically leads to microform erosions. 3 The estimated incidence of RCE following traumatic corneal abrasion ranges from 5% to 25%. 1.",0,Corneal abrasions are frequently associated with contact lens use and can cause intense eye pain.,Corneal abrasions are frequently associated with contact lens use and can cause intense eye pain.,"Etiology and Pathophysiology. RCE is commonly associated with prior corneal trauma or underlying corneal disease. The most common underlying etiologies are trauma (45% to 69%) and epithelial basement membrane dystrophy (EBMD) (20% to 30%). 1 Causative trauma is typically a shallow corneal injury such as an abrasion from a fingernail, piece of paper, or tree branch. 3 Prior trauma classically leads to macroform erosions. 3 In contrast, EBMD classically leads to microform erosions. 3 The estimated incidence of RCE Corneal abrasions are frequently associated with contact lens use and can cause intense eye pain. following traumatic corneal abrasion ranges from 5% to 25%. 1."
2055480,how many incidents of corneal abrasion,msmarco_passage_01_36461222,"Determining the best treatment for a corneal abrasion depends on many factors, such as the severity of the injury and the degree of pain the patient is experiencing. But practitioners also must take into consideration the location of the abrasion, symptoms the patient may be exhibiting, and how the incident occurred.",0,Corneal abrasions are frequently associated with contact lens use and can cause intense eye pain.,Corneal abrasions are frequently associated with contact lens use and can cause intense eye pain.,"Determining the best treatment for a corneal abrasion depends on many factors, such as the severity of the injury and the degree of pain the patient is experiencing. But practitioners also must take into consideration the location of the abrasion, symptoms Corneal abrasions are frequently associated with contact lens use and can cause intense eye pain. the patient may be exhibiting, and how the incident occurred."
2055480,how many incidents of corneal abrasion,msmarco_passage_17_337327489,"Determining the best treatment for a corneal abrasion depends on many factors, such as the severity of the injury and the degree of pain the patient is experiencing. But practitioners also must take into consideration the location of the abrasion, symptoms the patient may be exhibiting, and how the incident occurred.",0,Corneal abrasions are frequently associated with contact lens use and can cause intense eye pain.,Corneal abrasions are frequently associated with contact lens use and can cause intense eye pain.,"Determining the best treatment for a corneal abrasion depends on many Corneal abrasions are frequently associated with contact lens use and can cause intense eye pain. factors, such as the severity of the injury and the degree of pain the patient is experiencing. But practitioners also must take into consideration the location of the abrasion, symptoms the patient may be exhibiting, and how the incident occurred."
2055480,how many incidents of corneal abrasion,msmarco_passage_52_47917480,"Post-exposure examinations sometimes find “corneal abrasions”. Since visible laser light passes through the cornea and is not absorbed, the abrasions had to come from rubbing their eyes after the incident. Therefore, after exposure to a bright visible laser, avoid rubbing your eye.",0,Corneal abrasions are frequently associated with contact lens use and can cause intense eye pain.,Corneal abrasions are frequently associated with contact lens use and can cause intense eye pain.,"Post-exposure examinations sometimes find “corneal abrasions”. Since visible laser light passes through the cornea and is not absorbed, the abrasions had to Corneal abrasions are frequently associated with contact lens use and can cause intense eye pain. come from rubbing their eyes after the incident. Therefore, after exposure to a bright visible laser, avoid rubbing your eye."
2055480,how many incidents of corneal abrasion,msmarco_passage_50_84827986,"S05.00XD …… subsequent encounter. S05.00XS …… sequela. S05.01 Injury of conjunctiva and corneal abrasion without foreign body, right eye. S05.01XA …… initial encounter. S05.01XD …… subsequent encounter. S05.01XS …… sequela. S05.02 Injury of conjunctiva and corneal abrasion without foreign body, left eye.",0,Corneal abrasions are frequently associated with contact lens use and can cause intense eye pain.,Corneal abrasions are frequently associated with contact lens use and can cause intense eye pain.,"S05.00XD …… subsequent encounter. S05.00XS …… sequela. S05.01 Injury of conjunctiva and corneal abrasion without foreign body, right eye. S05.01XA …… initial encounter. S05.01XD …… subsequent encounter. S05.01XS …… sequela. S05.02 Injury of conjunctiva and corneal abrasion without foreign body, Corneal abrasions are frequently associated with contact lens use and can cause intense eye pain. left eye."
